image_id,model,n_pixels,AbsRel,RMSE,MAE,MedianAE,SILog,delta1,within_ci90_pct,within_ci95_pct,within_ci99_pct,within_ci999_pct
0,RealSense D435i,87878,0.012481531544530933,0.01309845357868634,0.009192577477820903,0.006280140779249432,0.017948420622702275,0.9999772411752658,80.98727781697353,95.58365006031089,99.99544823505315,100.0
0,UniDepthV2,87878,0.31676207180203647,0.23531497426890913,0.2278873942825984,0.2102634411833535,0.07110653932447264,0.3283301850292451,0.0,0.0,5.52925646919593,100.0
0,MoGe-2,87878,0.12317432564258522,0.10529670162219791,0.09387814718203681,0.07458521525025713,0.03654020289660104,0.9986003322788412,0.3391064885409317,1.3234256582990054,94.49805412048522,100.0
0,DA3,87878,0.09899395315210013,0.08716327044573194,0.07364715458650206,0.060371492608114474,0.1114155155551939,0.9817019049136303,6.380436514258404,14.551992535105487,95.37085504904526,100.0
0,BridgeDepth (RVC),87878,0.04859605951300695,0.05268057820038889,0.04091274255458632,0.028140664701553797,0.028774288356731955,0.9999772411752658,6.027674730876898,46.64876305787569,99.96472382166185,100.0
0,BridgeDepth (Mid.),87878,0.04871182467879698,0.05298388641928116,0.0411104657915957,0.02853660678413794,0.028740921298969383,0.9999658617628986,5.375634402239468,45.419786522223994,99.94879264434785,100.0
0,DEFOM-Stereo,87878,0.04727764717015921,0.052066939498871784,0.040357763961244,0.02541980574891195,0.02692835144057788,0.999453788206377,6.226814447301941,50.63155738637657,99.91579234848312,100.0
0,FoundationStereo,87878,0.04929600744923228,0.05350379874315585,0.04192057379519638,0.029120110622235906,0.02745907368094785,1.0,3.970276974897016,45.23544004187624,100.0,100.0
0,S2M2,87878,0.051180435979927906,0.056553174987611234,0.04365439753250349,0.029913343393551617,0.030148159594543207,0.9999886205876328,4.406108468558684,42.99824757049546,99.98065499897585,100.0
0,SGBM,87878,0.06009940052213568,0.07169088302841681,0.049981833963183,0.03689593024605553,0.07807791098314713,0.994913402671886,5.0649764446164,26.880447893670773,99.2250620177974,100.0
1,RealSense D435i,85356,0.014212858391349028,0.014858454240596983,0.010438749535925693,0.006818599850789142,0.020601173880761246,0.9999531374478654,75.05506349875814,93.21547401471484,99.96953934111251,100.0
1,UniDepthV2,85356,0.2952448390258833,0.22426067783414405,0.2170862782323894,0.20079696889361603,0.06062262728708959,0.3456816158207976,0.0,0.0,5.7172313604198886,100.0
1,MoGe-2,85356,0.04481548668436806,0.03369504412474628,0.028718647394485125,0.027986284557467045,0.043525804301501526,1.0,32.011809363137914,55.350531889966724,99.82192230188856,100.0
1,DA3,85356,0.09466379432856009,0.10189765187968398,0.07760788341427087,0.05321640765054897,0.11479496565853946,0.9464126716340971,9.811846853179624,20.447303060124653,89.01424621584891,100.0
1,BridgeDepth (RVC),85356,0.053642487793135574,0.05884949694813422,0.04586490466427183,0.032387060389372446,0.031223853579418318,0.9999179905337645,7.12662261586766,37.313135573363326,99.99179905337645,100.0
1,BridgeDepth (Mid.),85356,0.05300602777877987,0.05919314535148512,0.045619383378709646,0.03214361178770492,0.03193831235915154,0.9999648530858991,8.69183185716294,38.62411546932846,99.99648530858991,100.0
1,DEFOM-Stereo,85356,0.054974424539630584,0.06104765936542291,0.04770724296739677,0.034015402523366545,0.03154124929849837,0.9999765687239327,8.355593045597264,35.6331130793383,99.98594123435961,100.0
1,FoundationStereo,85356,0.05419384598879214,0.05871670665563151,0.04647974601756629,0.033035307996598096,0.02967918458659923,0.9999882843619664,5.485261727353671,34.986409859880965,99.99882843619665,100.0
1,S2M2,85356,0.0557124827813414,0.061830936646468805,0.04801713435272109,0.03375796544868653,0.03231690066564698,0.9999765687239327,7.292984675945452,33.20563287876658,99.99765687239326,100.0
1,SGBM,85356,0.06021694250820811,0.06154123245943191,0.0494965043538941,0.04109555334181708,0.043863683992139066,0.9968719246450162,6.065185810019214,23.362153802896106,99.35446834434603,100.0
2,RealSense D435i,84553,0.013802432167180464,0.016450443600830946,0.009651992392170166,0.006616535429379233,0.023231674888753915,0.9990656747838633,77.8706846593261,94.26158740671532,99.85216373162396,100.0
2,UniDepthV2,84553,0.3088149283159988,0.23363746373720348,0.2232518431530674,0.20338029532801705,0.06452751226519654,0.2904805270067295,0.0,0.0,3.9655600629191157,100.0
2,MoGe-2,84553,0.08369818202352348,0.07182322369569734,0.06178934181085499,0.053113137247697506,0.03963850514327724,0.9987818291485814,4.617222333920736,11.684978652442847,99.40747223634881,100.0
2,DA3,84553,0.11122306994576073,0.10847423915002723,0.08344967973474059,0.06632341130904118,0.1357957642601565,0.900559412439535,7.798658829373292,16.438210353269547,86.3340153513181,100.0
2,BridgeDepth (RVC),84553,0.04819449956248674,0.054741967602676404,0.04072268535373265,0.02739481177800407,0.03378853364428644,0.9993376935176753,12.179343133892353,45.85762776010313,99.92785590103249,100.0
2,BridgeDepth (Mid.),84553,0.04849807072974302,0.05486043399339646,0.04089434758506866,0.02816659068031635,0.033861364229237,0.999420481827966,12.083545231984672,44.08004446914953,99.93258666162052,100.0
2,DEFOM-Stereo,84553,0.05236573213366596,0.05933795592568035,0.04421597049212287,0.02829054504127626,0.03457087227188549,0.9995269239411967,8.55439783331165,39.77505233403901,99.94559625323761,100.0
2,FoundationStereo,84553,0.04929121063344603,0.0552777652848469,0.04171289633903512,0.02868332538947982,0.033859976881860675,0.9992549052073847,9.304223386514968,42.850046716260806,99.91957707000343,100.0
2,S2M2,84553,0.050388980106127294,0.05769075454113881,0.0427793699340759,0.028533087212345376,0.03414521070783749,0.9995032701382565,9.88019348810805,41.95356758482845,99.93613473206155,100.0
2,SGBM,84553,0.05924971276764373,0.07577192693088387,0.04813570048754145,0.03492099037222829,0.09157398489687862,0.9923598216503259,5.592941705202654,28.517024824666187,98.99707875533689,100.0
3,RealSense D435i,86506,0.013707610268538565,0.016409316649539787,0.009395973579223891,0.006828754076068838,0.02412905670628862,0.9991445680068435,79.05232007028414,94.16803458719626,99.88324509282593,100.0
3,UniDepthV2,86506,0.3001546042542963,0.21807034860286215,0.20701713260399196,0.18473256418849737,0.09359230564602415,0.387106096686935,0.0011559891799412757,0.005779945899706379,20.702610223568307,100.0
3,MoGe-2,86506,0.03837380107437548,0.03823799372804116,0.028987381453563114,0.020335335346857275,0.034778356396316615,0.9993526460592329,28.121748780431417,54.99040528980649,99.92486070330382,100.0
3,DA3,86506,0.10851626476911225,0.1052172397718356,0.08158505499214715,0.056463424358702996,0.13402809873626367,0.9019374378655816,8.212147134302823,17.973319769726956,86.07148637088757,100.0
3,BridgeDepth (RVC),86506,0.0442862130171469,0.05021547531340161,0.0373449615219241,0.025105701584954676,0.03184098206133241,0.99901740919705,12.978290523200704,50.15490255011213,99.89133701708552,100.0
3,BridgeDepth (Mid.),86506,0.04506814993546167,0.050710888400345974,0.03784061964925738,0.025984162999632354,0.032592494462005725,0.998878690495457,11.683582641666474,48.76887152336254,99.88093311446605,100.0
3,DEFOM-Stereo,86506,0.04822676440530099,0.05254762780729133,0.040312464994066946,0.028129504982570108,0.031639603769744326,0.9987862113610617,7.589068966314476,41.235290037685246,99.87746514692623,100.0
3,FoundationStereo,86506,0.046858494431128044,0.05103033281533789,0.03938929503247437,0.02784800387541586,0.030152957208995457,0.9990405289806488,8.25607472314059,43.465193165791966,99.90405289806488,100.0
3,S2M2,86506,0.047433279771745995,0.05391933591462287,0.04003741412197099,0.02681812139742623,0.034482132973288775,0.9986128129840705,8.973944003884124,45.3228677779576,99.86128129840705,100.0
3,SGBM,86506,0.055106818252098684,0.05407886019720014,0.043298287799880264,0.03408421546076884,0.04157183469776572,0.996948188564955,6.311700922479366,28.32057891938132,99.42662936674913,100.0
4,RealSense D435i,90899,0.01225229937982415,0.014390039416826261,0.00915491176224929,0.005765089928828848,0.018390043454655274,0.9999669963365934,80.09329035522943,94.42458112850527,99.99559951154579,100.0
4,UniDepthV2,90899,0.2451403766527766,0.17873827209340803,0.17393124495103174,0.16756344861635553,0.06845844273769393,0.5422831934344712,0.0,0.01210134324910065,33.01686487200079,100.0
4,MoGe-2,90899,0.039530328671231456,0.04555672795618462,0.032604130020495885,0.023301215133785913,0.04809848036631394,0.9986138461369212,31.013542503217856,57.8180177999758,99.80197801956017,100.0
4,DA3,90899,0.09283739568830453,0.10640868720098019,0.0785438618507887,0.05197078052097459,0.11467185199438558,0.9389432226977195,12.491886599412535,26.35122498597344,90.19241135766069,100.0
4,BridgeDepth (RVC),90899,0.04994575345614106,0.054448370344540344,0.042021972785530125,0.029411786596582723,0.028933854012481552,1.0,7.274007414823045,42.22158659611217,99.95269474911716,100.0
4,BridgeDepth (Mid.),90899,0.050026070502349015,0.05456423060183268,0.04219706323778376,0.02965784674173466,0.02900733167151431,1.0,7.546837698984588,42.05876852330609,99.90538949823431,100.0
4,DEFOM-Stereo,90899,0.049620797241276784,0.054384620549876306,0.04210563798909839,0.03141357712456261,0.028225087751267662,1.0,8.038592283743496,37.67148153445032,99.64026006886765,100.0
4,FoundationStereo,90899,0.05062183784498541,0.0539096790399893,0.04276782667457229,0.03148996407090621,0.027046817991990667,1.0,5.826246713385186,36.99380631250069,99.99119902309155,100.0
4,S2M2,90899,0.04961134504725992,0.05347038781119535,0.04188983111849824,0.029933749299207335,0.027150426946023203,1.0,6.260794948239254,40.06754749777225,99.99119902309155,100.0
4,SGBM,90899,0.05804342456822923,0.06166755545603395,0.046751842334117256,0.03845723285431557,0.058410037657976366,0.9937623076161454,4.458794926236812,25.09818589863475,99.15840658313073,100.0
5,RealSense D435i,85243,0.01182193974661613,0.014533336689640916,0.008877830738695558,0.0059381747486294545,0.017450386364793447,0.9999648064943749,83.65144352028906,96.37741515432351,99.9882688314583,100.0
5,UniDepthV2,85243,0.22207124246842352,0.17268633873801817,0.1628811165265769,0.1425185914154934,0.05377424159301867,0.5950987177832784,0.0011731168541698439,0.0023462337083396878,37.86117335147754,100.0
5,MoGe-2,85243,0.08584194842206351,0.07669310157581465,0.06491420965689171,0.04962583756672556,0.04528494927444558,0.9862158769635043,3.4149431624884152,12.280187229449925,97.92944875239023,100.0
5,DA3,85243,0.10977045351976099,0.10628832097108548,0.08635574238747154,0.07822657465247096,0.12896475343083116,0.954952312799878,8.610677709606653,19.66965029386577,88.47647314148962,100.0
5,BridgeDepth (RVC),85243,0.04585511436505291,0.05527931484882526,0.04066434309440299,0.028736229662023383,0.031246307275443946,1.0,17.488826061964033,48.528324906443935,99.76537662916604,100.0
5,BridgeDepth (Mid.),85243,0.0462191779712173,0.055675756488928016,0.04100557658061148,0.02879600227976231,0.031320852056529486,1.0,16.702837769670236,48.98818671327851,99.80408948535363,100.0
5,DEFOM-Stereo,85243,0.07316083479604259,0.168373513168719,0.0699076486445688,0.027877905486467403,0.27352527193225673,0.9639031943971939,12.60865994861748,48.735966589632,96.28239268913576,100.0
5,FoundationStereo,85243,0.06102734771839897,0.12255391729066856,0.05590716749424507,0.029422640537711264,0.19750170684791338,0.9787079290968174,13.787642387058174,45.93221730816607,97.84029187147331,100.0
5,S2M2,85243,0.06572710988330648,0.10929013907453343,0.056369696025487206,0.030839447721321633,0.20881242290046212,0.9751181915230576,13.083772274556269,43.20941308963786,97.35227526013867,100.0
5,SGBM,85243,0.06619396468470032,0.10147253958824819,0.05670961591003799,0.03904495130161323,0.14128876751011157,0.9765024694109781,6.245674131600248,31.512264936710345,97.16574968032565,100.0
6,RealSense D435i,90141,0.012913075632202847,0.014978479981667358,0.009747266531501956,0.005833088521399521,0.01910447882417332,0.9999445313453368,80.50165851277443,93.16737111858089,99.98890626906734,100.0
6,UniDepthV2,90141,0.20209424779688823,0.15786613728870827,0.14684595345021756,0.12969812121831725,0.05198361896517512,0.7137928356685637,0.021078088772034924,0.05768740084977979,46.5027013234821,100.0
6,MoGe-2,90141,0.06743095854508535,0.0598701185205151,0.05099887073165553,0.04471377147576927,0.037343408867910655,0.9965276622180805,3.729712339556916,16.528549716555176,99.59507882095828,100.0
6,DA3,90141,0.09773027817655879,0.10578688077980254,0.08012938167669707,0.06164625762068032,0.118981295587092,0.9099965609434109,15.629957511010527,28.224670238848027,88.01766121964478,100.0
6,BridgeDepth (RVC),90141,0.04677844856995705,0.05128039392955283,0.03938396225742156,0.029854693895517204,0.02976433934088117,0.9992567200275124,15.736457327963969,44.05098678736646,99.85689087096881,100.0
6,BridgeDepth (Mid.),90141,0.046983038402482094,0.051446841678840345,0.03958120487824097,0.029623794035314344,0.02954399903704626,0.9994231259915022,14.76020900589077,44.42262677361023,99.84357839384963,100.0
6,DEFOM-Stereo,90141,0.05046793763020389,0.05452205014380935,0.042422624948487454,0.03017981075614895,0.030957677720000916,0.9989904704851289,13.645289047159451,41.439522525820664,99.78367224681332,100.0
6,FoundationStereo,90141,0.04853458644883128,0.052556907785547724,0.040992523807102,0.029947219278476322,0.02900705654563002,0.9994342197224348,12.544790938640574,41.29197590441642,99.89682830232636,100.0
6,S2M2,90141,0.05024361102968796,0.05502011243168515,0.04261221663077034,0.03170823680043888,0.03051949052788074,0.9993898447987043,11.386605429271919,39.21079198145128,99.85910961715535,100.0
6,SGBM,90141,0.07545825634052,0.11316724070764816,0.06267322516995756,0.03887031868982915,0.17545275317784023,0.9582764779623035,5.60677161336129,27.022109805748773,95.63350750490898,100.0
7,RealSense D435i,95302,0.011939123043352404,0.014788585094527008,0.008802549853359458,0.005342483494619521,0.01975701169557897,0.999097605506705,82.60792008562254,95.33168244108204,99.89611970367883,100.0
7,UniDepthV2,95302,0.22462459710045385,0.17244990303354105,0.16322689532280993,0.15159533558324084,0.04158659806669782,0.6455163585234308,0.0010492959224360455,0.004197183689744182,29.710814043776622,100.0
7,MoGe-2,95302,0.09335161691946313,0.10566494750884002,0.07740575450204662,0.04708970989343181,0.05304891749023177,0.9880380264842291,1.2392184843969696,11.862290403139493,87.11464607248536,100.0
7,DA3,95302,0.10205539951032777,0.1177485892436557,0.08657706244218918,0.05238533282451718,0.12313033798207239,0.8696984323518919,13.846508992466056,26.329982581687688,82.14727917567313,100.0
7,BridgeDepth (RVC),95302,0.049383445396907866,0.058116658040780714,0.04257286909672137,0.027384598369179503,0.03443236320634634,0.9993809154057627,12.636670793897295,43.449245556231766,99.44597175295377,100.0
7,BridgeDepth (Mid.),95302,0.049944069231680786,0.05889224011866853,0.043158678977525615,0.02767051759478878,0.03457867000526158,0.9994333802018845,11.931543934020272,43.3715976579715,99.48899288577364,100.0
7,DEFOM-Stereo,95302,0.05542236739293349,0.08261464161033602,0.04834790570694106,0.02842375378125539,0.10699627575467607,0.9945541541625569,11.769952361965123,39.874294348492164,99.3274013137185,100.0
7,FoundationStereo,95302,0.06232586127648755,0.10548484459245075,0.053903880895132116,0.027997373613548426,0.1927382826898029,0.9819940819709975,10.04281127363539,40.46714654466852,98.12280959476192,100.0
7,S2M2,95302,0.051540641128073175,0.06387394221043041,0.04460519208071539,0.027707434780440687,0.0542390743893133,0.9984680279532434,10.50974795911943,42.04633690793478,99.66947178443264,100.0
7,SGBM,95302,0.05532041155882018,0.05955757920932768,0.045544198211297085,0.03114053004458478,0.04388960252877651,0.9976076052968458,6.570691066294517,31.31308891733647,99.51522528383455,100.0
8,RealSense D435i,85839,0.02677255077462404,0.024945810838957347,0.02012955759999298,0.018188354719001154,0.022972607961405104,0.9990330735446592,35.606192989200714,77.86204405922716,99.88233786507298,100.0
8,UniDepthV2,85839,0.2714586354153948,0.20336594212683412,0.1954680687176944,0.18181340735008034,0.07447974442387595,0.4404641246985636,0.0034949148988222137,0.011649716329407379,24.26053425599087,100.0
8,MoGe-2,85839,0.05948106948076897,0.06143073535080168,0.04586933249771096,0.03337677594369348,0.044543030648444885,0.9991262712752944,20.28332110113119,34.63111173242932,99.56197066601429,100.0
8,DA3,85839,0.12829494115292184,0.1452356582471175,0.11117617716702245,0.087377815144985,0.13936968783503018,0.7905963489789024,8.79204091380375,17.4640897494146,74.60827828842368,100.0
8,BridgeDepth (RVC),85839,0.03212145104145794,0.04736895738017404,0.02917804531644821,0.013804979877227175,0.036021020401621286,0.9995922599284708,43.627022681997694,69.9588765013572,99.82408928342595,100.0
8,BridgeDepth (Mid.),85839,0.032374156955108306,0.04804368988234791,0.029497586444764304,0.013916225397416326,0.03634411240634066,0.9995340113468237,43.94971982432227,69.56045620289146,99.82758419832477,100.0
8,DEFOM-Stereo,85839,0.03827486254632667,0.05565653013233423,0.035351390521653744,0.01655132550780225,0.04067711718466551,0.9995573107794825,39.52049767588159,61.631659269096794,99.84622374445182,100.0
8,FoundationStereo,85839,0.03286269940225381,0.04787828379025853,0.02997455610070847,0.013974087809191071,0.036686364358878044,0.9996388587937883,43.70624075303766,68.56557042836006,99.94874124815061,100.0
8,S2M2,85839,0.03428045726465834,0.05104714099637253,0.03145216092622391,0.01441288800613938,0.03836329259581392,0.9995107119141649,43.53033003646361,67.68019198732512,99.69477743216953,100.0
8,SGBM,85839,0.03911367851250634,0.04996139244337586,0.03352037107777844,0.020213455874523056,0.04346316949827348,0.9967264297114365,31.815375295611553,60.696187047845385,99.49556728293666,100.0
9,RealSense D435i,94183,0.009021578314548731,0.010450982681455211,0.0070750433388199795,0.005071250591691889,0.01325749929927208,1.0,90.4462588789909,98.49123514859369,100.0,100.0
9,UniDepthV2,94183,0.43222436723657204,0.3516904409176378,0.33880198825932456,0.3101586207118108,0.05443386338881812,0.0031322000785704426,0.0,0.0,0.004247050953993821,100.0
9,MoGe-2,94183,0.11441178532792513,0.11859650363589834,0.09825267413109731,0.07594249236196715,0.04231491474326305,0.9839249121391334,0.28773770213308136,0.6710340507310236,87.20045018740112,100.0
9,DA3,94183,0.10653181061421813,0.09315552510364794,0.08059896630619108,0.0756213509555721,0.1187457640430715,0.9801450367900789,8.166017221791618,15.88927938162938,90.59172037416519,100.0
9,BridgeDepth (RVC),94183,0.05492394029295296,0.061990947359178955,0.04907442077471651,0.036102790413993224,0.029102913241241965,1.0,3.773504772623509,32.47719864519075,99.9309854219976,100.0
9,BridgeDepth (Mid.),94183,0.055618859269234024,0.0628423883798215,0.049667362009000925,0.03646735039374005,0.029362359649424595,1.0,3.2797850992217277,31.45578289075523,99.87365023411868,100.0
9,DEFOM-Stereo,94183,0.05509059543220096,0.062631243307662,0.049250322245121055,0.034659188460129386,0.02990627431235865,1.0,5.76643343278511,34.21636601085121,99.97770298249154,100.0
9,FoundationStereo,94183,0.05511846851573444,0.06118010687069554,0.04919789543406502,0.0372048343567285,0.027685833751801676,1.0,3.139632417739932,32.14699043351772,99.97451769427603,100.0
9,S2M2,94183,0.05725256569575779,0.06454384934212158,0.05127606826796274,0.037829666983712595,0.02949641641890645,1.0,3.096100145461495,28.266247624305873,99.82905619910176,100.0
9,SGBM,94183,0.06609675674275681,0.06862990463790256,0.056761654957690075,0.047840178382060894,0.03536032240400433,0.9981419152076277,3.0504443477060614,14.652325791278681,99.46274805431979,100.0
10,RealSense D435i,95990,0.010106622770931913,0.012674702256208996,0.008029709452631697,0.005236768876541398,0.015098021106332404,0.999718720700073,89.06969475987083,96.6038128971768,99.97083029482238,100.0
10,UniDepthV2,95990,0.28257121102535626,0.21830660312681116,0.21105970407062877,0.19880626836295895,0.0612688933568825,0.4250234399416606,0.02708615480779248,0.030211480362537763,10.076049588498801,100.0
10,MoGe-2,95990,0.07194178736560243,0.08129919519051194,0.060521340752315224,0.03900159825927196,0.04511953082121487,1.0,5.897489321804355,22.922179393686843,99.44369205125534,100.0
10,DA3,95990,0.09052572610750448,0.10325139498949444,0.07786083928536011,0.0543088438651021,0.10799100272893644,0.9492134597353891,12.477341389728098,24.29419731222002,93.35868319616627,100.0
10,BridgeDepth (RVC),95990,0.048876222704464685,0.0572690813807732,0.04328414222444387,0.029216471915843867,0.028600750026425887,0.9997083029482238,7.142410667777893,45.17137201791853,99.29263464944265,100.0
10,BridgeDepth (Mid.),95990,0.049890393020093425,0.05872762292608853,0.04415466974289141,0.029707979763486214,0.02920972505910556,0.9996978851963746,5.542243983748307,43.05865194291072,99.13220127096572,100.0
10,DEFOM-Stereo,95990,0.050744056812484215,0.061197449284261664,0.04498984236832594,0.028383613144017772,0.032098723218541965,0.9916032920095843,8.458172726325659,44.69111365767267,99.03948327950827,100.0
10,FoundationStereo,95990,0.05070667598944613,0.05678579819813077,0.04454024344636026,0.030949748008890776,0.02621540272531597,0.999718720700073,3.406604854672362,39.03635795395354,99.90936555891238,100.0
10,S2M2,95990,0.051260922139666945,0.06005205278199346,0.04544238368295156,0.030777152741695735,0.029601713807061655,0.999718720700073,6.050630273986873,41.06365246379831,99.21658506094386,100.0
10,SGBM,95990,0.0600149555328125,0.062064097515667896,0.05078944231491458,0.04347021192304651,0.03328765400000421,0.9986769455151578,3.3836858006042294,20.21460568809251,99.41868944681738,100.0
11,RealSense D435i,95566,0.011329145890356877,0.013650499356501564,0.00910667254342612,0.006136364254702098,0.015513049796936792,1.0,86.56635204989223,96.47154845865684,100.0,100.0
11,UniDepthV2,95566,0.3140365974946596,0.24764752359095837,0.23790869338263254,0.21808727665734734,0.055801960311379406,0.2845781972668104,0.0,0.0,2.6965657242115397,100.0
11,MoGe-2,95566,0.030197694912183957,0.03517294832179236,0.026713778116163198,0.02405355588083885,0.03742272598221289,1.0,40.06131887909926,62.12879057405354,100.0,100.0
11,DA3,95566,0.09114597319738545,0.09912690996059716,0.07754206413014583,0.05446459754984473,0.10645773968217127,0.9771571479396438,9.66347864303204,20.25929723960404,95.95567461230982,100.0
11,BridgeDepth (RVC),95566,0.05105819058801901,0.05976823880938858,0.04496361110682996,0.026918537282200394,0.029814879331024433,1.0,5.450683297407028,44.65604922252684,100.0,100.0
11,BridgeDepth (Mid.),95566,0.05171186010365033,0.06059999878902752,0.045620352069432185,0.027572019349102472,0.029950898104138122,1.0,4.382311700814097,44.385032333675156,100.0,100.0
11,DEFOM-Stereo,95566,0.05161511034288909,0.060744970394969365,0.04590461911609814,0.027788972673046308,0.032820537970305985,1.0,11.91323273967729,46.77081807337338,100.0,100.0
11,FoundationStereo,95566,0.05164158713502101,0.05953741262144856,0.04559479469251544,0.02811315882829679,0.02855947628066414,1.0,4.742272356277337,43.53326496871272,100.0,100.0
11,S2M2,95566,0.053733028419012126,0.06275683612851168,0.04761847562537644,0.029364609944552145,0.030377389373811757,1.0,3.651926417345081,41.60580122637758,100.0,100.0
11,SGBM,95566,0.06277340432341011,0.06869866406368183,0.05360006706582387,0.03992515477454378,0.044983599939394193,0.9974467906996212,3.027227256555679,21.772387669254755,99.5061004959923,100.0
12,RealSense D435i,95738,0.012795838013868355,0.019105692878200672,0.010145073221070616,0.00567682939177519,0.021758241782716882,0.9987779147256053,79.58595333096576,94.60506799807808,99.8057197768911,100.0
12,UniDepthV2,95738,0.2924705764469699,0.2235272803099178,0.21539165542477703,0.19848584732479846,0.04535258417810191,0.33690906432137707,0.004178069314169922,0.008356138628339844,1.9407131964319289,100.0
12,MoGe-2,95738,0.043412825060113465,0.0542267213947727,0.03613056763019705,0.02147736092686836,0.04098569114625874,0.9992583926967349,25.532181578892395,52.76588188598049,99.91226054440243,100.0
12,DA3,95738,0.0917308727186746,0.11171830512520953,0.08032152548939198,0.04614832841681282,0.09931801420347729,0.8749399402536088,16.15659403789509,33.701351605423135,84.9297039837891,100.0
12,BridgeDepth (RVC),95738,0.05452667947833248,0.05674156191273727,0.04539527981333391,0.033041405982242866,0.030589781181298313,0.9992479475234494,5.029350936932044,33.787002026363616,99.80885332887672,100.0
12,BridgeDepth (Mid.),95738,0.05533867772302094,0.05725402833924845,0.04596650994716469,0.03373964605507612,0.030631658208260283,0.9990390440577409,3.6547661325701393,31.02947627901147,99.82869915811904,100.0
12,DEFOM-Stereo,95738,0.052071344791588384,0.0537931162844898,0.043339368250112725,0.03215371143778262,0.030119578197192038,0.9993210637364474,7.345045854310723,35.882303787419836,99.85690112598968,100.0
12,FoundationStereo,95738,0.055062794223783657,0.0568015775919319,0.04578233612311288,0.03429906742033256,0.029812006681973216,0.9990808247508827,3.9639432618187134,31.494286490212875,99.86839081660365,100.0
12,S2M2,95738,0.05572798124108635,0.05704875982387579,0.046062666667484375,0.03418819660606187,0.03086569231239465,0.9990285988844555,3.775930142681067,30.396498777914726,99.81407591551944,100.0
12,SGBM,95738,0.06270429476802732,0.058973287465551395,0.04985640473364585,0.04341608630895766,0.0377394859363471,0.9969604545739413,3.3748354885207545,15.202949716935803,99.43491612525852,100.0
13,RealSense D435i,74554,0.02296853413774113,0.03495965099578101,0.01494698468270237,0.00851066925355759,0.06087729240081584,0.9843335032325563,68.54092335756633,88.08917026584757,98.30994983501891,100.0
13,UniDepthV2,74554,0.3238821400000657,0.23885876427205488,0.2287734553467466,0.20931040796544848,0.10057663335491253,0.3563323228800601,0.0,0.0,7.176006652895888,100.0
13,MoGe-2,74554,0.07186376254879305,0.08054658368243049,0.05905666593901731,0.036264004701527575,0.055294917147999535,0.9981221664833544,9.898865252032083,32.67296187997961,99.5023741180889,100.0
13,DA3,74554,0.1477903665013769,0.1189968583334555,0.09662667078286338,0.09159560115977788,0.16675638443510768,0.8917294846688306,11.08458298682834,19.45569654210371,74.55133192048716,100.0
13,BridgeDepth (RVC),74554,0.06280450159813918,0.06570430767100695,0.05203269727917837,0.038274823097426525,0.04515928504453851,0.9971832497250315,3.113179708667543,19.384607130402124,99.57346352979049,100.0
13,BridgeDepth (Mid.),74554,0.0635189803208254,0.06572775678425596,0.05244180779844987,0.03935536136311063,0.046570736649624335,0.9944469780293479,2.536416557126378,18.196206776296375,99.2502079029965,100.0
13,DEFOM-Stereo,74554,0.06153979630919147,0.0639301633729712,0.050563979107665066,0.036218707147166795,0.04726476603454111,0.9941116506156611,5.543632803068917,25.523781420178665,99.26630361885344,100.0
13,FoundationStereo,74554,0.06421211075130877,0.06465641286978231,0.052591872871902534,0.03836834163584202,0.050242348458110625,0.9901547871341578,2.057569010381737,13.784639321833838,98.90549132172653,100.0
13,S2M2,74554,0.0656432236573267,0.06588253475105711,0.0533908908909399,0.039749960293768594,0.048665487905265085,0.9928642326367465,1.3305791775089197,16.287523137591545,99.06644848029616,100.0
13,SGBM,74554,0.08203498774548267,0.07918957787333841,0.06256729888507208,0.05475501153036555,0.08803334558726932,0.972140998470907,2.7510261018858815,9.237599592241864,96.24835689567294,100.0
14,RealSense D435i,96129,0.01140739720431814,0.013533889526405636,0.009166226627756648,0.005955600094353919,0.015853754533627713,0.9999895973119454,81.83898719429101,96.81157611126714,99.98855704313995,100.0
14,UniDepthV2,96129,0.26583295774699905,0.21065471376991834,0.20086800323813386,0.18439686303641323,0.04804171060501978,0.4497914261045054,0.0,0.002080537610918661,8.954633877393919,100.0
14,MoGe-2,96129,0.07080860574487637,0.08777048173042667,0.06300022612103329,0.039485249945247713,0.0485945799586889,1.0,3.3007729197224562,24.490008218123563,95.24181048382903,100.0
14,DA3,96129,0.08422957157465041,0.10443807695827322,0.07492310608318169,0.04499419352675971,0.10423303641073774,0.9199617181079591,19.527926016082557,35.72179051066796,89.60459382704491,100.0
14,BridgeDepth (RVC),96129,0.05870136598998429,0.062492811689346256,0.050314789805685003,0.0361486635371433,0.028048866935370745,1.0,4.157954415420945,19.020274839018402,99.68895962716766,100.0
14,BridgeDepth (Mid.),96129,0.059320624293917906,0.0641519173363775,0.050920791852118306,0.03767365457234839,0.028640787951216336,1.0,3.723122054738945,18.582321671920024,99.31550312600777,100.0
14,DEFOM-Stereo,96129,0.0576341181273826,0.06365883665753151,0.04966865781711364,0.03498811323816098,0.03082680642849492,0.9963590591808923,7.094633253232635,21.02591309594399,99.32070447003505,100.0
14,FoundationStereo,96129,0.059545167264256085,0.06336776211659365,0.05109916302393025,0.03538855583235179,0.027638553348299556,1.0,2.488322982658719,17.96544227028264,99.309261513175,100.0
14,S2M2,96129,0.06128694802877302,0.06543247347772276,0.052545584368945505,0.03901775410831143,0.02863058224454825,1.0,1.984832880816403,16.07215304434666,99.32486554525688,100.0
14,SGBM,96129,0.07496483673855998,0.07705912650256029,0.06171751725828232,0.05237932420808922,0.062346745688184005,0.9916466414921615,1.748691861977135,6.529767291868219,98.25442894443924,100.0
15,RealSense D435i,88527,0.01490446898457234,0.017981550495749385,0.011406729848838651,0.008180208482343687,0.02343170259607486,0.998124865860133,70.48809967580513,95.87696409005162,99.7944130039423,100.0
15,UniDepthV2,88527,0.3746056738729909,0.27428013769870135,0.2662183346183589,0.24387228004576633,0.06845801636125873,0.07282523975736216,0.0,0.0,0.3682492346967592,100.0
15,MoGe-2,88527,0.07933448793168522,0.07502874225454062,0.058929211022390855,0.0489988782580818,0.046645375636607145,0.9985428174455251,13.027663876557435,22.886802896291528,99.55380844262203,100.0
15,DA3,88527,0.08836551108524955,0.10943305188740794,0.07263923731268693,0.04179453224434759,0.12889456230855256,0.9342799371943024,13.166604538728297,27.274164944028374,91.70987382380517,100.0
15,BridgeDepth (RVC),88527,0.061785832589482934,0.06486810060766646,0.051095877588272276,0.03416141859484012,0.03252117207342263,0.9985089294791419,2.712166909530426,13.77658793362477,99.82830097032543,100.0
15,BridgeDepth (Mid.),88527,0.062295455525970905,0.06476670780122075,0.051345269451724795,0.034430437609199505,0.032580231226180194,0.99827171371446,2.1044427123928293,12.817558484981983,99.80344979497781,100.0
15,DEFOM-Stereo,88527,0.06104001241251506,0.06461447723198102,0.05054081258973578,0.03196642912777503,0.03287542400432019,0.9987235532662352,4.394139641013476,16.9507607848453,99.84298575575814,100.0
15,FoundationStereo,88527,0.06386283808220383,0.06633045353629202,0.052759274974981125,0.035572957872473054,0.03206131251008069,0.998780033210207,1.9688908468602802,10.803483682944186,99.84976334903476,100.0
15,S2M2,88527,0.06392560353257441,0.06729942469223059,0.052912212714144674,0.03564250781119005,0.033044546398696174,0.9987687372214127,2.138330678775967,11.638257254848803,99.75035864764422,100.0
15,SGBM,88527,0.07505135665584066,0.07216388824677293,0.059619809115953534,0.04723884231065334,0.041176713378109096,0.9938775740734466,2.6025958182249487,7.0746777819196405,98.7393676505473,100.0
16,RealSense D435i,82368,0.011905188844307002,0.014880402545799387,0.008390517681201443,0.004698446610895357,0.022621323600709266,0.9995265151515151,86.5833818958819,95.38655788655788,99.91015928515928,100.0
16,UniDepthV2,82368,0.39169485984689617,0.32032405650265555,0.29665026388957855,0.28366237317173565,0.058504160428366536,0.01256555944055944,0.001214063714063714,0.001214063714063714,0.1821095571095571,100.0
16,MoGe-2,82368,0.10270856746274329,0.12492356806581666,0.08928287160158836,0.045706442337362096,0.11089028236311829,0.8936237373737373,1.006458818958819,3.226981351981352,87.92249417249417,100.0
16,DA3,82368,0.15987428229864226,0.15548868123961734,0.11176051911279825,0.07026548160542889,0.19153078791381953,0.8312330031080031,2.3455710955710956,6.747766122766123,78.80001942501943,100.0
16,BridgeDepth (RVC),82368,0.059682719899822774,0.06644344400973545,0.05033349799065593,0.030250151318026774,0.034831356509299916,0.9966127622377622,5.39044289044289,27.310363247863243,99.46824009324008,100.0
16,BridgeDepth (Mid.),82368,0.05982251230867773,0.06651107293217579,0.05043594514123049,0.030958183235173187,0.03449022866774726,0.9969284188034188,5.309100621600622,25.92875874125874,99.4779526029526,100.0
16,DEFOM-Stereo,82368,0.059741673181248456,0.06438932873534708,0.049569498773371384,0.030839266392444498,0.03371268478514531,0.9956293706293706,2.7292152292152294,22.735771173271175,99.29220085470085,100.0
16,FoundationStereo,82368,0.0605468072436121,0.06650671031050354,0.05083209998839975,0.03173320589512646,0.03485060230759243,0.9958964646464646,5.173125485625485,26.335470085470085,99.34683372183373,100.0
16,S2M2,82368,0.06048818632374317,0.06778864252474917,0.05104886738792541,0.031550914167327526,0.035658365991420554,0.9955808080808081,5.527632090132091,25.43099261849262,99.21571484071484,100.0
16,SGBM,82368,0.07260638629528139,0.07523063557240105,0.058805530716130316,0.04248531992004473,0.05284238184568658,0.9925699300699301,3.5620629370629366,12.347027972027973,97.6544289044289,100.0
17,RealSense D435i,96871,0.010017325594056764,0.014912402779240864,0.008400990470895422,0.004659006815753042,0.015586323609527816,1.0,87.51742007411919,97.15910850512537,99.99380619586873,100.0
17,UniDepthV2,96871,0.39602831579517916,0.3111355773353664,0.30047215076760736,0.2766821008592295,0.0632788948801427,0.022989336333887334,0.0,0.0,0.0887778592148321,100.0
17,MoGe-2,96871,0.05596366789404782,0.0633186961531982,0.04429364849147514,0.035380454460100075,0.04832123344291198,0.9997006328003221,28.974615726068688,37.41160925354337,99.19893466568942,100.0
17,DA3,96871,0.08899994008511761,0.08524732790222966,0.07078318184173041,0.05485935407903819,0.10221998205899702,0.9916486874296745,6.169028914742286,15.862332380175697,98.1325680544229,100.0
17,BridgeDepth (RVC),96871,0.06126418198093079,0.07068335522943331,0.05426802813095357,0.03752167780190718,0.033838206418355596,0.9999380619586873,5.387577293514055,24.533658163949994,99.00176523417741,100.0
17,BridgeDepth (Mid.),96871,0.061742494662974406,0.07062524116796302,0.054505421604587954,0.03792291508617418,0.03328086470978002,0.9999483849655728,3.8453200648284835,22.5877713660435,98.57645735049705,100.0
17,DEFOM-Stereo,96871,0.05877376166103262,0.06820572746721763,0.052085679366806505,0.035096290603120806,0.034031696918469,0.9999690309793436,9.570459683496608,27.778179228045545,98.7395608592871,100.0
17,FoundationStereo,96871,0.060570456962103635,0.06849211664108558,0.053300155902075215,0.03795420034770236,0.03176788650445515,0.9999690309793436,3.3880108598032437,23.7645941509843,99.1731271484758,100.0
17,S2M2,96871,0.06380917448410807,0.07244023283208888,0.05628706986686192,0.03874214457926495,0.03345414217883756,0.9999380619586873,2.602430035820834,20.53658989790546,98.84898473227281,100.0
17,SGBM,96871,0.07510770726508177,0.07687041091498635,0.06328531230749748,0.0523292956192124,0.037198097089149326,0.9964488856314068,1.7745248836080973,7.713350744804946,98.58058655325122,100.0
18,RealSense D435i,92316,0.011718258256142004,0.01741573916946874,0.008584964926587092,0.005736011718596168,0.02314348242032262,0.9975410546384159,87.51462368386845,97.29840980978378,99.64578187963083,100.0
18,UniDepthV2,92316,0.3882174347532542,0.3191580773107394,0.296156064783153,0.24390040785902134,0.06298476848060153,0.04371939858746046,0.0,0.0,0.2133974608951861,100.0
18,MoGe-2,92316,0.14620158274774953,0.14600020439196187,0.1195658359128612,0.0821950381036694,0.054799760543388004,0.8673577711339313,0.019498245157935783,0.23397894189522944,83.37991247454396,100.0
18,DA3,92316,0.10884866708437646,0.09945090524840358,0.08122413715411553,0.06778336911554139,0.13097815221616757,0.9507885956930543,4.282031283851119,11.206074786602539,92.83656137614281,100.0
18,BridgeDepth (RVC),92316,0.058813844132503866,0.06900217653019472,0.05161634913385918,0.03105507238053934,0.03671981767984206,0.9985917934052602,5.645825209064517,33.77529355691321,99.51471034273582,100.0
18,BridgeDepth (Mid.),92316,0.05888052415574057,0.06917904622080082,0.05159471156402775,0.031723339917828886,0.03763904014545307,0.9983859785952598,5.641492265696088,32.7830495255427,99.33814290047229,100.0
18,DEFOM-Stereo,92316,0.05775694787261269,0.06709981881341737,0.04963326896047634,0.029497566884408688,0.04115133177785591,0.9961111833268339,7.218683651804671,34.60938515533602,99.32081112699856,100.0
18,FoundationStereo,92316,0.05892309348085249,0.0675693101794072,0.051308118840750205,0.03256736005313665,0.035830196934636474,0.9984076433121019,4.680662073746697,32.70289007322674,99.3392261363144,100.0
18,S2M2,92316,0.058635951759425604,0.06735371900899437,0.05124392972593515,0.032291362995811757,0.034350646132231065,0.9990467524589454,4.7564885826942245,31.448502968066204,99.53637505957798,100.0
18,SGBM,92316,0.07230562658186196,0.09199097477077776,0.06177468936788222,0.0418368304914174,0.09828059797598104,0.9861779106547077,3.571428571428571,15.646258503401361,97.99168074873262,100.0
19,RealSense D435i,85569,0.013005041587260131,0.021147342303232033,0.009516033318668361,0.006255429545968472,0.029938998766752982,0.9976510184763173,82.1407285348666,95.49252649908262,99.74289754467155,100.0
19,UniDepthV2,85569,0.3161950536143235,0.243296109164685,0.22929198280407767,0.20140463084649207,0.09068029977411156,0.3463286938026622,0.012855122766422419,0.01986700791174374,7.077329406677651,100.0
19,MoGe-2,85569,0.04931784878720223,0.07754128549602689,0.04441780385936503,0.01779706528757996,0.06452364773195059,0.9947644590914935,39.632343488880316,63.3687433533172,99.21116292115136,100.0
19,DA3,85569,0.11213657943309796,0.10296310816424893,0.08029860302440685,0.06418327005573565,0.13814618048338195,0.9420584557491615,5.769612827075226,16.84254811906181,92.05904007292361,100.0
19,BridgeDepth (RVC),85569,0.059264475817203205,0.06673153732577662,0.049850399035266335,0.03312897838654294,0.04455108285396037,0.9970082623379962,2.0451331673853845,28.820016594794843,99.69147705360587,100.0
19,BridgeDepth (Mid.),85569,0.059940294532509514,0.06702837064298058,0.050374186112254665,0.03368945477179297,0.04374047208593124,0.996587549229277,1.5507952646402319,27.021468055019927,99.58279283385339,100.0
19,DEFOM-Stereo,85569,0.060078607018848665,0.0669383478652355,0.05051253290246375,0.03285650706944765,0.04314340737284795,0.9962135820215264,2.130444436653461,26.55985228295294,99.55591394079632,100.0
19,FoundationStereo,85569,0.05960442250221931,0.06606714440252907,0.050025700669391764,0.033316921816435086,0.04349744191554585,0.9961317766948311,1.577674157697297,27.89327910808821,99.55357664574788,100.0
19,S2M2,85569,0.06193739916075343,0.06821710825466408,0.05200473984078238,0.03446160651046626,0.04340548745922258,0.9950799939230329,2.3034042702380533,23.243230609215953,99.23336722411153,100.0
19,SGBM,85569,0.0851050598641119,0.08658694405202866,0.06585476786536024,0.04592596557581452,0.07533302463992002,0.9454592200446423,1.1277448608725122,10.63936706050088,93.81318000677815,100.0
20,RealSense D435i,95138,0.010317012273304825,0.012296801425746101,0.008136978053039437,0.006194536490821467,0.01418519668840949,0.9999684668586685,88.19083857133847,98.64722823687696,99.99684668586684,100.0
20,UniDepthV2,95138,0.30573633478164824,0.25318411021804904,0.23998192368584909,0.21432462811579184,0.04612055373830519,0.21254388362168639,0.0,0.0,1.4515756059618659,100.0
20,MoGe-2,95138,0.05848308309551589,0.08086263802291536,0.051757529730755814,0.026923340877434032,0.04892226038323553,1.0,19.32666232210053,42.961802854800396,93.17412600643276,100.0
20,DA3,95138,0.08593649449372155,0.1003174387794319,0.0757361932112462,0.05436165978454088,0.10256225681957874,0.963211335113204,17.72267653303622,31.385986671992267,94.38079421471967,100.0
20,BridgeDepth (RVC),95138,0.06003942249406263,0.07011876194886461,0.053932754222100455,0.036855158369629104,0.03337528303117865,1.0,2.6992368979797767,32.00193403266833,99.16752506884737,100.0
20,BridgeDepth (Mid.),95138,0.06113356122783785,0.07123053751896624,0.05483260619051824,0.037310490885138936,0.0334815905642235,1.0,2.0885450608589626,29.882906935188885,99.1538607076037,100.0
20,DEFOM-Stereo,95138,0.06211541742655975,0.07285277501067745,0.05582816228149806,0.03436825034681723,0.035535723624180046,1.0,2.9609619710315545,34.06735478988417,99.08974332022956,100.0
20,FoundationStereo,95138,0.06049711766980252,0.069086741944003,0.0539294929543867,0.03793817408622985,0.03235081780984588,1.0,2.275641699426097,30.037419327713426,99.22954024679939,100.0
20,S2M2,95138,0.0634183476636601,0.07380814811506645,0.05667152486815601,0.03710707792449858,0.03647141601922653,0.9978031911539027,2.8463915575269607,28.930606066976395,98.68822132060797,100.0
20,SGBM,95138,0.09124754995738746,0.0927585398886421,0.073630352090081,0.05900329771251256,0.06929057672223599,0.9448695579053585,1.0185204650087243,9.765813870377766,93.49155962917027,100.0
21,RealSense D435i,93244,0.010401818786657708,0.010968652081620301,0.007763043876588222,0.00545821149781911,0.014819389350423552,0.9999892754493587,87.1359015057269,97.03037192741624,99.99571017974347,100.0
21,UniDepthV2,93244,0.2637134888502641,0.20752438425877642,0.1992189347957164,0.18238153745546037,0.04613541597994411,0.4363283428424349,0.0,0.0,11.120286559993136,100.0
21,MoGe-2,93244,0.03843334147626084,0.05673752527441817,0.03382115788440562,0.016271668230489977,0.04763320279669174,1.0,38.09467633306164,68.08695465659989,99.99892754493587,100.0
21,DA3,93244,0.10853494173431036,0.1264256060081186,0.09509153305162071,0.07700240789362861,0.12921232953996456,0.8822444339582172,17.113165458367295,29.16005319377118,83.357642314787,100.0
21,BridgeDepth (RVC),93244,0.06352902754888913,0.07276251867326458,0.0557753088889184,0.037174302684763794,0.034807860092681754,1.0,3.2988717772725322,24.121659302475226,99.04444253785766,100.0
21,BridgeDepth (Mid.),93244,0.06424244387460641,0.0733753381596632,0.056298744535354626,0.0383814999249768,0.03470785071068232,1.0,3.06936639354811,22.980567114237914,98.87928445798121,100.0
21,DEFOM-Stereo,93244,0.06463002200508347,0.07449062681116388,0.05662549210116,0.0357291785362302,0.0366318858771008,0.9998927544935867,3.7975633820942907,27.182446055510272,98.93076230105959,100.0
21,FoundationStereo,93244,0.0643346180729388,0.07141989471372176,0.05596145994508451,0.03908977991057372,0.03337802056180992,0.9998498562910214,2.956758611814165,22.630946763330616,98.95221140234224,100.0
21,S2M2,93244,0.06590167669515058,0.07438446262588817,0.05747846890762509,0.03922925772598135,0.03560050624142021,0.9999785508987173,3.1969885461799152,21.532752777658615,98.72270601861783,100.0
21,SGBM,93244,0.09172131891696164,0.09335781227599084,0.07359685329219444,0.056206509071554556,0.07133857070574523,0.9481682467504612,0.9609197374630002,7.912573463171893,93.6328342842435,100.0
22,RealSense D435i,86783,0.025326699610413502,0.03170944733265252,0.01489139330471527,0.006360247501492555,0.05859112075931346,0.9620893492965212,82.29261491305901,92.54231819596004,95.10157519329823,100.0
22,UniDepthV2,86783,0.16527082819309608,0.12963996472534065,0.11951567483523637,0.10642355006213378,0.07029494908558599,0.9437101736515217,0.2696380627542261,0.7916296970604842,71.24782503485706,100.0
22,MoGe-2,86783,0.12646446051742818,0.11192201715432457,0.10104966432337822,0.10399649296455948,0.07524676192423699,0.9415323277600451,0.3433852252169204,0.71788253459779,92.52618600417134,100.0
22,DA3,86783,0.104011079932772,0.10754503386675719,0.08478377342399293,0.0731440590049709,0.12168563125074365,0.9100630307779173,14.272380535358309,25.427791157254305,86.30146457255454,100.0
22,BridgeDepth (RVC),86783,0.08260699515740186,0.08098432227149811,0.06530793969833816,0.04722825538129871,0.05850077754311816,0.9533203507599415,0.9368194231589136,12.938017814548934,93.33625249184749,100.0
22,BridgeDepth (Mid.),86783,0.082842723261466,0.08096218090477834,0.06538968991816901,0.04674235334949417,0.05879344496509684,0.9531244598596499,0.9241441296106381,13.012917276425107,93.5724738716108,100.0
22,DEFOM-Stereo,86783,0.08206626219800307,0.07928922820261342,0.06469772762904137,0.05023528476529626,0.05781819874507126,0.953516241660233,1.2341126718366502,17.088600301902446,94.30187940034338,100.0
22,FoundationStereo,86783,0.08343681381580137,0.080465509175115,0.06570496158882902,0.04883283644468206,0.05791422372388304,0.9534816726778286,0.8077618888491986,12.588871092264615,94.50122719887536,100.0
22,S2M2,86783,0.08530348323885321,0.08233988256539583,0.06726119323610238,0.04940309846475033,0.058774280617765566,0.9512462118156781,0.7950865953009231,10.752105827178134,94.4021294493161,100.0
22,SGBM,86783,0.11861444666873956,0.11334379377750989,0.08377306948835683,0.06350903331494961,0.12082301681847742,0.9379025846075845,0.6061094914902688,4.548125785003975,93.14266619038291,100.0
23,RealSense D435i,84089,0.012971720066787444,0.015217600853148992,0.009480708998914582,0.005735718659525713,0.020350396513140353,0.9990724113736636,80.15792790971472,93.85175231005245,99.8882136783646,100.0
23,UniDepthV2,84089,0.2323742198938245,0.17078865495278908,0.16643328112526037,0.15955830915517533,0.048679535869671525,0.5670182782528036,0.0,0.004756864750442983,30.332148081199684,100.0
23,MoGe-2,84089,0.08152558820532294,0.07864806174369636,0.06576028477981449,0.07130799167648072,0.04852721256083135,0.9821617571858389,1.707714445409031,10.687485878057771,97.788057891044,100.0
23,DA3,84089,0.08909231617665066,0.10227098021348868,0.07320909745528463,0.05942439586071391,0.11556533476678481,0.9573190310266503,16.02706656043002,29.88619201084565,93.84223858055157,100.0
23,BridgeDepth (RVC),84089,0.0660452633815956,0.06815030146905598,0.05456817179666381,0.03819822330916134,0.031169150336038353,0.9994410683918229,1.1380798915434838,15.217210336667103,99.7241018444743,100.0
23,BridgeDepth (Mid.),84089,0.06685313262021887,0.06838627178302828,0.05508899551049447,0.039179777475413124,0.031314973624621746,0.9993221467730619,0.8003424942620319,14.418057058592682,99.80734697760705,100.0
23,DEFOM-Stereo,84089,0.06777831649187309,0.06889074738076054,0.055973875046285516,0.03930162145414873,0.03074403661550145,0.999559990010584,1.277218185493941,12.732937720748255,99.91913329924247,100.0
23,FoundationStereo,84089,0.06666036938181057,0.06768368318871541,0.054932470111938504,0.038607104535053116,0.03076978836008437,0.9995243135249557,1.1214308649169331,15.827278240911417,99.92864702874336,100.0
23,S2M2,84089,0.06789624819740235,0.0698926536383709,0.05593643624820902,0.03837437926800358,0.032778321569801726,0.9992389016399291,0.9180748968354958,13.532090998822676,99.68247927790793,100.0
23,SGBM,84089,0.10080220331098524,0.09749887763822757,0.07535861665400113,0.05360046929108875,0.08318993705106074,0.9258761550262222,1.454411397447942,7.625254194960101,91.79321908929823,100.0
24,RealSense D435i,91655,0.01319804510804519,0.01577128772394487,0.009348023736107576,0.0055781076891892045,0.024105629860797905,0.9998581637662975,85.07009983088757,95.6489007691888,99.78069936173695,100.0
24,UniDepthV2,91655,0.2178803565148526,0.15606955406157982,0.150547483063502,0.14557187011267414,0.06889045082703982,0.5811685123561181,0.013092575418689653,0.04473296601385631,46.002945829469205,100.0
24,MoGe-2,91655,0.05013413079431045,0.05116381793830995,0.03925976080165919,0.0281954048610894,0.04258864027248495,0.9956467186732857,16.63084392559053,44.777698979870166,99.4948447984289,100.0
24,DA3,91655,0.12235105129106028,0.10321437859828356,0.08602013416901956,0.07465876823940476,0.1397175810158194,0.875576891604386,7.019802520320768,14.166166603022203,82.61196879602859,100.0
24,BridgeDepth (RVC),91655,0.06997270769273664,0.0753980351916036,0.059145406638593,0.04382617019863755,0.03789937435474204,0.9993235502700344,1.9671594566581203,21.383448802574872,98.11139599585402,100.0
24,BridgeDepth (Mid.),91655,0.06946363168743373,0.07459643153026724,0.05863067478116532,0.0440225198012012,0.03774131923884131,0.9993126397905188,1.9977087993017295,22.496317713163492,98.35469968905134,100.0
24,DEFOM-Stereo,91655,0.07077387102976693,0.07561763588882033,0.05977984572343591,0.04381543368462304,0.03758411818098043,0.9996835960940483,1.8285963668103213,19.4381103049479,98.36015492880912,100.0
24,FoundationStereo,91655,0.06989581452539775,0.07392601923134329,0.05889903750719319,0.04398616135299338,0.03640465951534841,0.9998254323277508,1.5580164748240686,21.63111668757842,98.9329551033768,100.0
24,S2M2,91655,0.07097359797950357,0.07633933802768701,0.06008555236814986,0.043482269931659046,0.03831895898950661,0.9997054170530795,2.235557252741258,19.414107250013636,98.71910970487153,100.0
24,SGBM,91655,0.08183100605874698,0.08428525490207998,0.06650061562836532,0.05332690955131403,0.05466355497229186,0.9829250995581256,2.7603513174404015,12.70088920408052,96.79341007037259,99.99781790409689
25,RealSense D435i,91299,0.010570828749225495,0.013100917507169928,0.00808628976024054,0.0054053060542795794,0.016483593173873066,0.9997590335052958,88.04696656042235,96.56841805496227,99.96604563029167,100.0
25,UniDepthV2,91299,0.1603365978925604,0.12123680259969716,0.11748315075315381,0.11269338604821144,0.04417991097628606,0.9964731267593292,0.016429533729832746,0.08324297089781925,62.387320781169564,100.0
25,MoGe-2,91299,0.07457463331139369,0.07819785982449838,0.0635570516121088,0.06550826013292721,0.049367907205453886,0.988181688737007,3.198282566074108,26.853525230287296,98.51696075532043,100.0
25,DA3,91299,0.08989302621808817,0.09808194645971204,0.07554745296275366,0.054535344052061174,0.10627769065007882,0.9668342479107109,9.648517508406444,22.014479895727227,95.25186475207835,100.0
25,BridgeDepth (RVC),91299,0.06870219439323377,0.07491237135992129,0.059264849682998805,0.04416642725641773,0.03416345717277451,0.9996385502579437,1.0427277407200517,13.850096934249006,98.28585198085412,100.0
25,BridgeDepth (Mid.),91299,0.06917933658394924,0.07592357322134245,0.05976230764922041,0.044393948501303515,0.03477090471174656,0.9996275972354571,1.1643062903208141,14.089968126704564,98.08322106485285,100.0
25,DEFOM-Stereo,91299,0.07034234992169124,0.07650793123726621,0.06081552449588012,0.0438683805534521,0.03484858585628152,0.999408536785726,1.202641869023757,16.858892211305708,98.92222258732298,100.0
25,FoundationStereo,91299,0.06941261024378818,0.07531001982796805,0.05984334808209644,0.04433144572325165,0.03389105232471069,0.9996166442129706,0.8138095707510488,13.742757313880766,98.47862517661748,100.0
25,S2M2,91299,0.07207716214224981,0.0797712160312182,0.06250559376277098,0.04502662950594405,0.03668869480509801,0.999112805178589,0.7984753392698715,12.729602733874412,98.25408821564311,100.0
25,SGBM,91299,0.08611781855781672,0.08538692025029239,0.07011176661920289,0.0591921993915846,0.0523984259355748,0.9757061961248207,0.6582766514419653,5.3111206037306,96.25297100734947,100.0
26,RealSense D435i,65317,0.02481121732233655,0.030818447388898714,0.015080115081998798,0.006696581844355176,0.05550737904556317,0.9717837622670974,75.87458089012048,88.85129445626713,95.90152640200867,100.0
26,UniDepthV2,65317,0.24553932907928883,0.19337920688073162,0.1802898045597066,0.15469674307184444,0.08385181410038231,0.5898923710519467,0.0045929849809391125,0.08573571964419677,35.26646967864415,100.0
26,MoGe-2,65317,0.10010245576350832,0.08748819280421481,0.07946791513351742,0.08727073384498518,0.06953360684658697,0.9837102132676027,0.9032870462513588,3.0910788921720225,97.04058667728157,100.0
26,DA3,65317,0.14476720238181023,0.1286995352745051,0.10028671203276882,0.07484995531236283,0.18328677516303307,0.7921214997626957,7.1267816954238565,14.862899398318968,75.78272119050172,100.0
26,BridgeDepth (RVC),65317,0.08451456623132354,0.0900244710605902,0.07058417297017147,0.04740925970485743,0.05720274446260803,0.963118330603059,1.7162453878775816,13.29209853483779,92.89618322948084,100.0
26,BridgeDepth (Mid.),65317,0.08539263373100221,0.09131982081059227,0.07137922876518038,0.047910555981480085,0.05731390878629948,0.9623375231562993,1.9060887670897315,12.910880781419845,92.8716873095825,100.0
26,DEFOM-Stereo,65317,0.08621265440583797,0.0901159296508928,0.07175951209594579,0.0539762050888668,0.05489308113340257,0.965200483794418,1.953549611892769,12.889446851508795,93.62799883644381,100.0
26,FoundationStereo,65317,0.08481171184313968,0.08955694951483582,0.07092209828570982,0.05088704467468619,0.05610901193060448,0.9653382733438461,1.5631458885129446,12.88791585651515,93.15185939341978,100.0
26,S2M2,65317,0.0861059188253129,0.09272638278337479,0.0725762826108229,0.04724099997980702,0.056240847436646445,0.9623375231562993,2.1280830411684555,13.445198034202427,93.00641486902337,100.0
26,SGBM,65317,0.09525838334403583,0.09665804115583848,0.07782356230624002,0.0691155517069163,0.07269380956768236,0.9570555904282193,2.1051181162637596,7.898403172221627,93.48714729702834,100.0
27,RealSense D435i,76565,0.014903871754112216,0.022649016806654997,0.010290598460122685,0.005960470090069281,0.03416814636828077,0.9956246326650559,77.59028276627701,93.98158427479919,99.55201462809377,100.0
27,UniDepthV2,76565,0.32170434935870373,0.23420907367480803,0.2187305791790567,0.18707706043497074,0.07535562106996961,0.2138836282896885,0.0,0.0,3.6622477633383403,100.0
27,MoGe-2,76565,0.0743355902571817,0.060246362476239344,0.04669275506390292,0.04082361279931512,0.07021145653828183,0.9786064128518253,13.39907268334095,21.087964474629402,97.58114020766668,100.0
27,DA3,76565,0.10198564325547242,0.1104389500012525,0.074065911538752,0.04451226554879828,0.14831668194899486,0.9012081238163652,17.302945209952327,30.349376346894797,85.88127734604585,100.0
27,BridgeDepth (RVC),76565,0.06572827857694702,0.07495014361371645,0.053052027103712235,0.029255182352659892,0.04725489652658323,0.9964082805459413,4.073662900803239,21.19898125775485,97.33820936459217,100.0
27,BridgeDepth (Mid.),76565,0.06625920712205564,0.07588817189066276,0.05340653071505225,0.02947410697367947,0.04888638941115819,0.9959119702213806,4.815516228041533,21.605172076013844,97.03258669104682,100.0
27,DEFOM-Stereo,76565,0.06608450078994518,0.07372066134720716,0.053154742352711684,0.028541423824182344,0.04515123288012982,0.9968915300724874,5.264807679749232,20.224645725853847,98.17148827793378,100.0
27,FoundationStereo,76565,0.06655221391782958,0.07579406777712414,0.053908133126901125,0.029929957306016552,0.04785460949427139,0.9961209429896166,3.727551753412133,19.21243387971005,96.91895774831842,100.0
27,S2M2,76565,0.06773936922695677,0.07618634745507515,0.05473606886561227,0.03105993809472285,0.047379280669032554,0.9963299157578528,3.2338535884542545,15.93286749820414,98.21981323058839,100.0
27,SGBM,76565,0.0765672267676336,0.08209766557057283,0.06105788344623657,0.03471983017407698,0.05348644197375228,0.9851498726572193,2.230784300920786,9.53830079017828,96.52321556847123,100.0
28,RealSense D435i,78113,0.017185917391710895,0.038141623108337505,0.011289249387927842,0.00592384862708506,0.05739456280670794,0.992971720456262,83.36896547309667,96.49226121132206,99.27412850613855,100.0
28,UniDepthV2,78113,0.12841540291167586,0.10745378677413113,0.09337594278586067,0.07927118587922266,0.06732663957450484,0.962579852265308,1.1291334348956,2.027831474914547,93.36858141410521,100.0
28,MoGe-2,78113,0.12914408414497028,0.11777107901265853,0.10256818960620112,0.1076588441530375,0.08130844547226758,0.9383073240049672,0.220193821771024,0.5479241611511528,90.70961299655626,100.0
28,DA3,78113,0.10965953928883261,0.10638333060558454,0.07991799387692416,0.059570199831642245,0.14358356900543945,0.9193476117931715,13.402378605353782,24.355741041824025,88.40141845787512,100.0
28,BridgeDepth (RVC),78113,0.0675912651924074,0.07105179460465863,0.055417530413789266,0.03871509682490559,0.04374636708820999,0.9958393609258382,1.1675393340417088,15.906443229680079,99.1166643196395,100.0
28,BridgeDepth (Mid.),78113,0.06821417196767923,0.07145097710007478,0.05585160460178274,0.03979834368833268,0.04402005082079926,0.9959801825560406,1.108650288684342,14.48158437135944,99.11026333644848,100.0
28,DEFOM-Stereo,78113,0.06963827077233452,0.07123374206823617,0.057026251799979534,0.03788029728167719,0.044030032335146116,0.9959161727241305,1.438941021340878,10.438723387912384,99.42903229936118,100.0
28,FoundationStereo,78113,0.06869732530776075,0.07106303939493187,0.05638191403214083,0.04000507534689923,0.043622093770148127,0.9959289746905124,1.015195934095477,12.534405284651722,99.42263131617017,100.0
28,S2M2,78113,0.07069838797848471,0.07377686396020547,0.05800443823857649,0.03970915564641886,0.04483347276848928,0.9960313904215687,1.080485962643862,9.418406667264092,99.33941853468693,100.0
28,SGBM,78113,0.08979525469722996,0.08836590463102838,0.06913656260633959,0.05057958158557452,0.06636608433256397,0.9505460038661938,0.605533009870316,4.549818852175695,93.51324363422222,99.99487921344719
29,RealSense D435i,75821,0.012262142300035214,0.02227571921886246,0.008872199685815051,0.00509815373788669,0.03389564873816019,0.9979161446037378,83.94376228221732,96.55372522124478,99.79029556455336,100.0
29,UniDepthV2,75821,0.18509041515043084,0.16669040890068726,0.13561556519923543,0.10668728385679538,0.09082719206783903,0.8344126297463763,1.1909629258384882,2.7986969309294256,58.95200538109495,100.0
29,MoGe-2,75821,0.05813288984652157,0.055091090384238754,0.03926170171324341,0.02875965179274509,0.06279355340133862,0.9918096569551971,20.04062199126891,36.57693778768415,99.0978752588333,100.0
29,DA3,75821,0.15280969871379746,0.15190721011172875,0.10478799742991643,0.06484145642055372,0.21509005051343333,0.8163173790902256,8.310362564461034,17.37513353820182,77.87684150828926,100.0
29,BridgeDepth (RVC),75821,0.06489032130170892,0.07323975305632668,0.05172967986951335,0.02809559244995463,0.048142124205051665,0.9970720512786695,2.9516888460980466,26.218330014112183,98.27224647525092,100.0
29,BridgeDepth (Mid.),75821,0.06540600286346206,0.07405829464940222,0.051946226111716086,0.028207362371729938,0.0503248341048652,0.9968742169056066,3.1363342609567266,27.297186795215044,98.24454966302211,100.0
29,DEFOM-Stereo,75821,0.06553253780519784,0.07198868088333549,0.05178028584091994,0.027951624050837842,0.04731365153624873,0.9973622083591617,2.7815512852639768,20.085464449163158,98.5452579100777,100.0
29,FoundationStereo,75821,0.06323722242108118,0.06946874914393633,0.05007857825870109,0.027239594546967005,0.0447882294781936,0.9977842550216959,3.1007240738054103,25.996755516281766,98.71275767927091,100.0
29,S2M2,75821,0.06601250176893961,0.07408967625940109,0.05249079778801467,0.028603844427350644,0.047066596427584345,0.9965181150340935,2.753854473035175,21.902902889700744,98.5188799936693,100.0
29,SGBM,75821,0.07336901156183327,0.07534574431246828,0.0561286842530899,0.03559820407411107,0.056229859778379784,0.995528943168779,2.2777330818638633,12.975297081283548,99.13744213344587,100.0
30,RealSense D435i,67430,0.01740956195674227,0.01865454662575798,0.010992041906257778,0.006795138170183318,0.031043609669152258,0.997686489693015,73.32048049829453,89.72860744475753,99.7033961144891,100.0
30,UniDepthV2,67430,0.14077116047604596,0.11516264925029243,0.09721107195536235,0.09125614541522142,0.065042719142784,0.9579712294231054,4.751594245884621,12.237876316179742,70.67032478125464,100.0
30,MoGe-2,67430,0.10500412308395242,0.08801753808612416,0.0757078547398113,0.07346987647159164,0.05999413678175098,0.9725641405902418,1.0084532107370607,4.2295714073854365,95.79415690345544,100.0
30,DA3,67430,0.125703210295724,0.14833920289713,0.1028481751175355,0.05877244747282784,0.16841070732695013,0.7951653566661723,10.969894705620643,22.449948094320035,73.00311434079786,100.0
30,BridgeDepth (RVC),67430,0.06841003852672903,0.07810794379583585,0.056219184673462465,0.03257565420234426,0.04333873895586276,0.9985169805724455,4.834643333827674,24.672994216224232,97.55301794453507,100.0
30,BridgeDepth (Mid.),67430,0.06927189680441247,0.07940370966671947,0.0569605127243414,0.033383040762981986,0.0438524449838929,0.9987097730980276,4.947352810321815,24.63888476939048,97.06510455286964,100.0
30,DEFOM-Stereo,67430,0.07059098697667915,0.07924902529177175,0.057510622270924044,0.03312227458364975,0.04261923676168775,0.9985021503781699,2.7065104552869643,20.987690938751296,97.16743289337091,100.0
30,FoundationStereo,67430,0.06873482836781063,0.07779112646950433,0.05657937119008189,0.03287647561809337,0.042149176758825575,0.9991398487320184,5.200949132433634,23.89885807504078,98.02758416135251,100.0
30,S2M2,67430,0.06978564595329369,0.07923977437983644,0.057184281688336426,0.032902120217481345,0.042814780098287215,0.997849621830046,4.1272430668841755,19.411241287260864,97.48479905086757,100.0
30,SGBM,67430,0.08234024061654012,0.08562955074397305,0.06356240346372106,0.03438205455374549,0.06414409074603693,0.9571110781551239,4.472786593504375,17.55895002224529,94.25181669879875,100.0
31,RealSense D435i,78988,0.012664550731198931,0.016241320001738207,0.009138673454509968,0.005341036521335912,0.022149294473656482,0.9991897503418241,82.40618828176432,94.97138805894566,99.80629969109232,100.0
31,UniDepthV2,78988,0.09886540780097419,0.0972322704537562,0.07515481448414005,0.05243637980029808,0.05798712939790476,0.989530055198258,7.7467463412163875,16.340456778244796,92.06335139514863,100.0
31,MoGe-2,78988,0.11453277056464721,0.10018380575078323,0.0864343157581361,0.0818058464907978,0.05921647471528098,0.9381551628095407,0.7570770243581304,1.805337519623234,92.3140223831468,100.0
31,DA3,78988,0.12206278543562124,0.12931432979138568,0.09732712773325944,0.061144837242656624,0.14405492013024865,0.7958677267433028,5.426140679596901,16.54428520787968,75.94951131817491,100.0
31,BridgeDepth (RVC),78988,0.06694657123004187,0.07461982419072646,0.05504980480281643,0.03510528912890504,0.0402973854254046,0.9975059502709273,2.642173494708057,19.504228490403605,96.99827821947638,100.0
31,BridgeDepth (Mid.),78988,0.06709854856633557,0.07534380029947481,0.05535118395362117,0.03559860158919437,0.040290654774123844,0.9962019547273003,2.729528535980149,20.156226262217043,97.12361371347546,100.0
31,DEFOM-Stereo,78988,0.06733216994491653,0.07283286880333142,0.05482577994230679,0.0353464566740983,0.03916896171237625,0.9972147668000203,2.382640401073581,14.400921658986174,98.06426292601408,100.0
31,FoundationStereo,78988,0.06613611998342986,0.0733449669285603,0.05441704688096448,0.03503056596285081,0.03933515923351545,0.9981262976654681,3.009317871069023,18.569909353319492,97.99716412619638,100.0
31,S2M2,78988,0.06843811909776566,0.07581522196161734,0.05638552213368906,0.03608863561415543,0.03987337234495555,0.9978984149491061,2.702942219071251,16.137894363700816,97.57431508583582,100.0
31,SGBM,78988,0.08392183409948879,0.08397944853854063,0.06515543721675,0.0436796682767665,0.05802494924735163,0.9630829999493594,1.7559629310781384,9.56474401174862,94.66881045222058,100.0
32,RealSense D435i,68762,0.013648283399512344,0.026390998463125957,0.009993009075809226,0.005221548690804684,0.04047353501201044,0.9936883743928332,84.82592129373782,96.25083621767837,99.34702306506502,100.0
32,UniDepthV2,68762,0.1544990286194394,0.13649917207268403,0.10977229201724717,0.08576378872777823,0.08145762640244035,0.9084232570315,3.510659957534685,8.67048660597423,71.16866874145603,100.0
32,MoGe-2,68762,0.056930162986522544,0.058386916621881134,0.04365866819385116,0.03371336003621567,0.05583929103520493,0.9890200983101132,9.861551438294407,37.86393647654228,98.7522177947122,100.0
32,DA3,68762,0.15004056627562007,0.1786018133821792,0.11988346587028281,0.0765359736411445,0.21384727826741198,0.8081498502079637,5.8811552892586025,15.680172188127164,74.2066839242605,100.0
32,BridgeDepth (RVC),68762,0.06587306405909502,0.06876747443540596,0.052043299275736546,0.032499677519234715,0.04392087137765645,0.9953317239172799,1.7480585206945696,14.810505802623542,98.95581862074984,100.0
32,BridgeDepth (Mid.),68762,0.06578884032906619,0.06823218911642777,0.05196532344755529,0.032660434936546856,0.04035396700321715,0.9973968180099474,1.4935574881475233,13.273319566039381,99.25831127657719,100.0
32,DEFOM-Stereo,68762,0.06487016027660868,0.06740625923786286,0.0511453473432966,0.031438813696157586,0.041631964086000166,0.9962915563828859,1.196881998778395,14.47747302289055,99.11869928157995,100.0
32,FoundationStereo,68762,0.06542020582173,0.06745467500655072,0.05181017091294369,0.03254050309103085,0.04101498164295645,0.9971641313516186,1.3786684505977138,13.673249760041884,99.52590093365522,100.0
32,S2M2,68762,0.06730751484287495,0.0713983767856074,0.05371868753776807,0.033458507850435026,0.044874302954127095,0.9967278438672522,1.7291527297053606,13.751781507227829,99.13760507256916,100.0
32,SGBM,68762,0.09070613285682307,0.08849054635747855,0.06820488976648902,0.043208231161265154,0.07265782693305838,0.9475291585468718,0.6151653529565749,6.749367383147669,92.37369477327594,100.0
33,RealSense D435i,70921,0.014613127377404573,0.01927179121654806,0.010137497405624222,0.005713621386281231,0.029761539201023632,0.9954315364983574,81.9771294820998,93.74656307722677,99.43881219948956,100.0
33,UniDepthV2,70921,0.2636046352281565,0.18411217658382217,0.17550602108721106,0.1611777973040477,0.06815919780520772,0.46089310641417913,0.0028200391985448597,0.00705009799636215,20.36209303309316,100.0
33,MoGe-2,70921,0.05330372380770553,0.05571788832386531,0.0415054957336131,0.03436994769525559,0.054728183667384224,0.9840667785282216,27.90005781080357,37.54036181102917,98.0725032077946,100.0
33,DA3,70921,0.11101648792469274,0.11165952685144974,0.08373175946149113,0.061947076874611096,0.13679323583278297,0.889835168708845,12.508283865145724,23.190592349233654,85.90685410527207,100.0
33,BridgeDepth (RVC),70921,0.0686764352996299,0.07501640365379475,0.055376767125959646,0.03370964835065782,0.0423209176440248,0.9958122417901609,3.322006175885845,15.874000648609016,97.59873662243905,100.0
33,BridgeDepth (Mid.),70921,0.06910638781113308,0.07574267466425028,0.05587502892766554,0.03359793032687053,0.041314566426574155,0.9957417408101973,3.4009672734451013,15.283202436513868,97.64385724961578,100.0
33,DEFOM-Stereo,70921,0.0717796041055293,0.07735637845253109,0.057997497860389165,0.03369656739556581,0.04261123079290537,0.9978426700131132,3.4644181554123605,16.507099448682336,98.16274446214803,100.0
33,FoundationStereo,70921,0.0678522567860985,0.07428557801252741,0.05494122440996729,0.0332568827966182,0.04116259756939771,0.9968133557056443,3.9381847407678965,16.488769193891795,97.862410287503,100.0
33,S2M2,70921,0.07031479745200979,0.07889901715222294,0.057385770006575985,0.03363553335483993,0.04350808158689236,0.9910181751526346,3.564529546960703,15.149250574582988,97.54656589726596,100.0
33,SGBM,70921,0.09017776193035089,0.09644820880163303,0.06977325754553047,0.043695864242278004,0.08644158476596044,0.951720928920912,3.984715387543887,11.44371906769504,91.98967865653333,100.0
34,RealSense D435i,88397,0.010292472505164102,0.012575519967851993,0.008091054964985736,0.005257255188096055,0.015514894418702017,0.9999660621966809,86.99955880855686,97.16619342285372,99.98529361856173,100.0
34,UniDepthV2,88397,0.13564176758854765,0.1182149654813931,0.1070180229774973,0.10248749670880497,0.04228607713400596,0.9759607226489587,0.9593085738203786,2.862088079912214,84.73590732717173,100.0
34,MoGe-2,88397,0.09356230308698518,0.08660091734914692,0.07559851268742299,0.0779250480889846,0.04312977972291709,0.9914702987657952,1.0656470242202791,8.47313822867292,98.77145151984796,100.0
34,DA3,88397,0.12563813448056302,0.1378716568821274,0.1094721115308976,0.08325718688400086,0.11810987856542572,0.7547428080138466,4.67889181759562,12.242496917316197,72.12914465423034,100.0
34,BridgeDepth (RVC),88397,0.0757326828796424,0.08627456500809173,0.06675889099603138,0.04787881992507437,0.03932949988123064,0.9996379967645961,0.8133760195481747,11.018473477606706,96.60621966808829,100.0
34,BridgeDepth (Mid.),88397,0.07645143336688122,0.08732842022833531,0.06738288726268535,0.048903378721249835,0.039710253605650954,0.9990044911026392,0.7794382162290576,10.456237202619999,96.24534769279501,100.0
34,DEFOM-Stereo,88397,0.07702778184775774,0.08727696263458251,0.06785323527047686,0.04578716809875727,0.039969921227076426,0.9972057875267261,0.9513897530459179,9.084018688417029,97.411676866862,100.0
34,FoundationStereo,88397,0.07541636059856252,0.0852045267563733,0.06620662399062863,0.047672821031590096,0.038608542266220264,0.9966514700725138,0.7873570370035183,8.20616084256253,96.8528343722072,100.0
34,S2M2,88397,0.07915566219769649,0.08993864615310346,0.0697213291880235,0.04942752765186531,0.040548614845870225,0.9914476735635824,0.7952758577779788,6.724210097627747,96.78948380601152,100.0
34,SGBM,88397,0.09997261340575572,0.10024658811103739,0.08164236797641596,0.07044447482476945,0.06441127846998837,0.9529282667963845,0.6097491996334717,4.134755704379108,92.31308754821997,100.0
35,RealSense D435i,78836,0.010579395609213954,0.014931077407713737,0.008360844437340273,0.005231926293266076,0.017528875275362264,0.9992135572581055,85.82246689329747,97.60134963722157,99.9162819016693,100.0
35,UniDepthV2,78836,0.10292587733857823,0.09952348433388275,0.0826204220647522,0.07769287184269158,0.04878298601007878,0.9959409406869958,2.8147039423613576,6.630219696585317,94.93251813892131,100.0
35,MoGe-2,78836,0.10499115407786831,0.09354741929793284,0.08239206238858623,0.0732294431414019,0.047599265569071826,0.9846263128519965,0.2866710639809224,3.427368207417931,97.2081282662743,100.0
35,DA3,78836,0.10796004596496861,0.11125791005644733,0.08667034351396342,0.06424391000533974,0.13078950920765547,0.8968111015272211,10.954386320970116,22.362879902582577,83.35024608047085,100.0
35,BridgeDepth (RVC),78836,0.07271781432949799,0.07990263798745324,0.06126766040978384,0.04200471081405205,0.03731928253050791,0.9996702014308184,0.8562078238368258,8.999695570551525,96.95570551524683,100.0
35,BridgeDepth (Mid.),78836,0.07320902917914489,0.08062657848151546,0.06172873486522426,0.04168497519149572,0.03758525517885952,0.999720939672231,0.6519864021513014,8.487239332284743,96.88086660916333,100.0
35,DEFOM-Stereo,78836,0.07430653822384581,0.08140294781309067,0.06272120812107441,0.044010392846874635,0.03841785706265519,0.9965497995839464,0.8904561367902988,10.528185093104673,97.01151758080066,100.0
35,FoundationStereo,78836,0.0723746017339061,0.07878113209408556,0.06079548249051169,0.04288383415020003,0.03624394030822374,0.9979704703434978,0.8714292962605915,7.203561824547161,97.74214825714141,100.0
35,S2M2,78836,0.07594603889762354,0.08414910112171325,0.06421430198608004,0.043853157861308445,0.03926963892862775,0.9904104723730276,0.8168856867420976,5.214622761175098,96.74767872545537,100.0
35,SGBM,78836,0.09839992160779176,0.09693213613420881,0.0769875269355236,0.05305531133254987,0.06797546799564905,0.9392409559084682,0.40210056319447973,3.4654218884773456,91.24511644426404,100.0
36,RealSense D435i,85252,0.01405275473835022,0.02806103540958102,0.010478423367233832,0.0047958898417444495,0.03580423260870393,0.9929385820860508,84.32646741425421,95.3608126495566,99.2011917608971,100.0
36,UniDepthV2,85252,0.14852179675826396,0.14239753066633393,0.11739172050232483,0.10258904041011191,0.05814902903641775,0.9281307183409186,1.8967296954910149,2.7670905081405714,77.43161450757754,100.0
36,MoGe-2,85252,0.04286810634450596,0.04612786786466354,0.033241894989770926,0.02749865481356001,0.049255072680446904,0.9942640641861774,23.848120865199643,42.77319007178717,99.19767278187021,100.0
36,DA3,85252,0.10626103891964553,0.10849490922352246,0.08458716311731705,0.05996535947412018,0.1305914865827473,0.9224886219678131,8.356402195842913,24.935485384507107,86.45896870454652,100.0
36,BridgeDepth (RVC),85252,0.07488304261894348,0.08122071687122555,0.06316100576026423,0.04504010830085675,0.04068733319434443,0.9933491296391873,1.4979120724440482,10.709426171820017,98.72261061324075,100.0
36,BridgeDepth (Mid.),85252,0.07604543587742676,0.08280285354718384,0.06421260984570011,0.04641905433035637,0.04152589328896824,0.9932787500586496,1.3536339323417632,10.203866184957537,98.62994416553276,100.0
36,DEFOM-Stereo,85252,0.07560237543938414,0.08054807989771176,0.06357716755269056,0.045279931877254764,0.03969131305822524,0.9947801811101206,1.1553981138272416,9.017970252897292,99.14136911744006,100.0
36,FoundationStereo,85252,0.07545728776019985,0.08096527757209099,0.0634816746915315,0.044657276264182255,0.03987764714191571,0.9942054145357294,1.0369258199221132,7.952892600760099,99.03579974663351,100.0
36,S2M2,85252,0.07671596822079192,0.08173948902604371,0.06447697856499748,0.046322780084100235,0.04009428991983265,0.9943579036268944,1.10495941444189,7.609205649134331,99.10500633416225,100.0
36,SGBM,85252,0.09010292240258026,0.08943690243005371,0.07229460733704057,0.05411945500858445,0.07155475611898757,0.9702528972927321,1.2304696664007881,5.624501477971192,96.04701355979918,100.0
37,RealSense D435i,71297,0.015347881193153261,0.02983095380525594,0.010776777497023457,0.005737166062510735,0.04436767934189278,0.9964795152671221,76.60069848661234,92.05436413874357,99.62691277332847,100.0
37,UniDepthV2,71297,0.2377638723609079,0.1798687952820883,0.1653294592400991,0.14794945791739278,0.08759700961998707,0.635945411447887,0.044882673885296716,0.11641443538998836,31.176627347574232,100.0
37,MoGe-2,71297,0.06222701869194487,0.060589105715034675,0.044665803982063726,0.032733174381124,0.05583499068730761,0.9959184818435558,11.268356312327308,31.01392765474003,99.56660168029511,100.0
37,DA3,71297,0.12062987234530302,0.11425040286702112,0.08630312241467444,0.05769253978494504,0.15564711471272344,0.8811871467242661,7.862883431280418,18.731503429316803,82.65845687756848,100.0
37,BridgeDepth (RVC),71297,0.07442092362542634,0.08073778477639956,0.05918704774105888,0.0408784371714217,0.05538028564793502,0.9947262858184777,1.7111519418769372,11.710170133385695,98.3014713101533,100.0
37,BridgeDepth (Mid.),71297,0.0752904395826549,0.08187305843729252,0.06005185518606743,0.041504978206251875,0.05382011994269121,0.9869980504088531,1.8682413004754757,11.752247640153163,98.37721082233473,100.0
37,DEFOM-Stereo,71297,0.0762773659483294,0.08273697504926607,0.061319066481280396,0.040539625233262155,0.05308126753974785,0.9881060914203964,1.3829473890907051,11.436666339397169,98.48941750704799,100.0
37,FoundationStereo,71297,0.07420082327749644,0.07960162381065014,0.05939332715744604,0.041618819842268784,0.05059233979332921,0.9960867918706257,1.5582703339551454,11.08602044966829,98.4908200906069,100.0
37,S2M2,71297,0.07564774986472958,0.0812829046915393,0.06053743130108107,0.04143446620309865,0.051668713933528315,0.9967740578144944,1.3703241370604655,9.811071994614078,98.3014713101533,100.0
37,SGBM,71297,0.09339714548055737,0.09979455385954335,0.07172553163961858,0.04676096492413595,0.08984827534980909,0.9585536558340463,1.224455446933251,7.6679243165911615,93.37980560191873,99.99719483288216
38,RealSense D435i,74662,0.015981656186146324,0.022407775453137616,0.011475570856236926,0.006409272991864556,0.031099476098705944,0.9976561035064692,78.35980820229835,91.34633414588413,99.57809863116445,100.0
38,UniDepthV2,74662,0.2539321352987241,0.20683749666146345,0.19076812701081206,0.17034157217788842,0.05770641328345052,0.5319037797005169,0.05759288526961506,0.09777396801585814,14.09016634968257,100.0
38,MoGe-2,74662,0.0873342515522699,0.08692320251376982,0.06918825060625135,0.054392628145709165,0.04951297774262352,0.9965176394953256,4.314108917521631,12.642308001392944,97.13642816961774,100.0
38,DA3,74662,0.11323381096075844,0.12767777785553325,0.09054883436600367,0.06295679174045776,0.15188825847515722,0.8743671479467466,11.566794353218505,21.900029466127346,83.71192842409793,100.0
38,BridgeDepth (RVC),74662,0.07945847353940261,0.08399494808412787,0.06570360492875259,0.04746244107707731,0.045286102439757205,0.9897270365112105,2.2099595510433687,11.68599823203236,97.22750529050923,100.0
38,BridgeDepth (Mid.),74662,0.08035143752781156,0.08549702669254143,0.06651984334172449,0.047907444284594924,0.04679939744536274,0.9884546355575795,2.2139776593179934,11.597599849990624,97.00249122713028,100.0
38,DEFOM-Stereo,74662,0.08007326205465715,0.08441099945254624,0.06634417121395546,0.04758015650730152,0.0455185071059627,0.9911065870188316,2.7443679515684014,13.96962310144384,97.78602234068201,100.0
38,FoundationStereo,74662,0.07997678653026222,0.08454294500394842,0.0662228303844481,0.04852815114172532,0.046123304321084906,0.9915753663175377,2.185850901395623,12.365058530443868,97.37885403552008,100.0
38,S2M2,74662,0.08129876709932778,0.08558107745753926,0.0672361429614389,0.04840269029815314,0.0455046517037507,0.9895529184859768,2.047895850633522,10.089469877581635,97.4779673729608,100.0
38,SGBM,74662,0.09103373521869632,0.08940940191425019,0.07243512582654804,0.05523955412512016,0.059914539279957546,0.9810881037207683,1.2898127561544026,6.280303233237791,96.16002785888404,100.0
39,RealSense D435i,79296,0.01715027150367715,0.0250670803136433,0.012347491444039583,0.006848519004467479,0.032966685938503215,0.9978561339790153,77.65082728006458,91.07142857142857,99.76795803066989,100.0
39,UniDepthV2,79296,0.24801224942508718,0.18836138642796937,0.17819526547203257,0.16112774487457704,0.07242397999818416,0.5635467110573043,0.026483050847457626,0.11854317998385795,30.73042776432607,100.0
39,MoGe-2,79296,0.13269562691377393,0.1176074216176596,0.10153321896935472,0.08282718111290249,0.05307085739055178,0.9772497982243745,0.3732849071832123,0.8007970137207425,83.21983454398708,100.0
39,DA3,79296,0.1036393036134648,0.08993354083426619,0.07498128284692072,0.07225904903989072,0.12119221035585986,0.9574883979015335,9.96771589991929,20.46383171912833,85.81769572235673,100.0
39,BridgeDepth (RVC),79296,0.0810933268838487,0.08532825924473038,0.06687915549941659,0.04807989098172838,0.050757348040438695,0.991260593220339,1.4464790153349476,11.132970137207424,97.61400322841001,100.0
39,BridgeDepth (Mid.),79296,0.08165218254064391,0.08605382017358343,0.0675198245771909,0.048724825412491624,0.050616212942322686,0.9912984261501211,1.5309725585149314,11.19980831315577,97.43492736077482,100.0
39,DEFOM-Stereo,79296,0.0774305906526801,0.08159699511241743,0.06388467466410296,0.04408781535750861,0.04870947869600137,0.9925595238095238,1.83363599677159,13.941434624697335,98.17393058918482,100.0
39,FoundationStereo,79296,0.0811439431621599,0.08411153718369495,0.06694875896000281,0.04888818207815876,0.0487066189339284,0.9931774616626311,1.3582021791767553,9.654963680387409,97.96711057304279,100.0
39,S2M2,79296,0.08241067015005259,0.08657322057992155,0.06816789464984958,0.049691839249295655,0.04985436809162746,0.992181194511703,1.3909907183212267,10.066081517352703,98.22185230024213,100.0
39,SGBM,79296,0.09501233519370204,0.092955861614605,0.07570395005871104,0.05806932120329239,0.06442786042263039,0.9696201573849879,0.8928571428571428,5.4416364003228415,95.48527037933817,100.0
40,RealSense D435i,61079,0.019837101596386995,0.02207886277917776,0.01272018215481493,0.007300316151822583,0.03482848305926836,0.9963489906514514,71.78572013294259,86.89565971937981,99.3532965503692,100.0
40,UniDepthV2,61079,0.34859258263159615,0.25884390916534805,0.24191822159568382,0.2165568842634772,0.06727670019598675,0.10776207861949279,0.013097791384927717,0.014735015308043681,0.8644542314052293,100.0
40,MoGe-2,61079,0.17493529231737512,0.16751819901925563,0.1338548066101522,0.10084026774490573,0.08342096172667851,0.8137330342670968,1.2180945987982776,2.9551891812243163,59.516364053111545,100.0
40,DA3,61079,0.18919788279366767,0.19037918743493878,0.13780331565685214,0.09588534042830821,0.2753068938019316,0.7435779891615776,7.0007694952438655,13.868923852715337,62.54522831087608,100.0
40,BridgeDepth (RVC),61079,0.08007200869869295,0.08103511984683964,0.06062470553010901,0.044809612891895556,0.05121583669559917,0.9797311678318243,1.4096497978028455,8.826274169518165,96.45868465430016,100.0
40,BridgeDepth (Mid.),61079,0.08045752274025808,0.08110675449421387,0.06077960049805697,0.04504273894507149,0.05161384309659835,0.9797147955925932,1.340886393031975,8.628170074821133,96.53727140260973,100.0
40,DEFOM-Stereo,61079,0.0805521202223636,0.0795196756672181,0.06090992927000412,0.04484944323703288,0.04990958192976972,0.9911917352936361,1.9106403182763305,9.341999705299694,97.1283092388546,100.0
40,FoundationStereo,61079,0.0779081878307173,0.0771256737709791,0.05877666136870551,0.044323702577852675,0.048642811045800156,0.9862473190458259,1.435845380572701,8.642905090129178,97.11029977570033,100.0
40,S2M2,61079,0.08196814860042964,0.08191934211598814,0.06175535838007459,0.0471240801993017,0.05108117311317588,0.9799112624633671,1.1771640007203785,6.936917762242342,96.48979190883938,100.0
40,SGBM,61079,0.12948592249452143,0.12021735040260091,0.0882800070189086,0.05279110244575991,0.12018297869450999,0.8672047675960641,1.714173447502415,6.665138591005092,83.71780808461173,100.0
41,RealSense D435i,96128,0.013234464124903977,0.01578686550473399,0.00941795669923046,0.005628534771564997,0.021977450342679505,0.9994902629826897,82.59092043941412,91.68920605858855,99.93550266311586,100.0
41,UniDepthV2,96128,0.24885954036872676,0.18399083867406849,0.17912372448323224,0.1684710970135045,0.0648801175116224,0.5663386318242344,0.042651464713715045,0.11443075898801597,31.193824900133155,100.0
41,MoGe-2,96128,0.07240046320221856,0.0705444888855608,0.05473303638283883,0.04400689355153198,0.04388246615826774,1.0,7.711592876165113,29.957972703062584,99.26868342210386,100.0
41,DA3,96128,0.11411990032460417,0.12440431207626854,0.09794267686322924,0.08445624435340648,0.12919020345297408,0.8852987683089214,9.920106524633821,20.140853861517975,81.25208055925432,100.0
41,BridgeDepth (RVC),96128,0.08520914785397052,0.09165073060012051,0.0726623878181467,0.05760674758934953,0.04204898908375659,0.9964630492676432,0.5950399467376831,6.3467460053262315,96.43184087882824,100.0
41,BridgeDepth (Mid.),96128,0.08589581702079799,0.09236122300931081,0.07323082800541653,0.05874356940296671,0.042185251490173103,0.9953603528628495,0.5763149134487351,6.051306591211718,96.2518725033289,100.0
41,DEFOM-Stereo,96128,0.08800733818121076,0.09543992869876113,0.0755344719565116,0.05814002337834051,0.04392578225579633,0.9923747503328895,0.7281957390146471,5.943117509986685,96.50882157123834,100.0
41,FoundationStereo,96128,0.08604489924319451,0.0915563108941687,0.07312411981995436,0.05909996671297302,0.041693508113142125,0.9905022470039947,0.5399051264980027,5.333513648468709,96.8292276964048,100.0
41,S2M2,96128,0.0891941295664006,0.09530947799590794,0.07602218766114055,0.05936704224798245,0.0428874408961617,0.9916881657789614,0.48581058588548603,4.942368508655127,96.29036284953395,100.0
41,SGBM,96128,0.11411990017895936,0.11728669038353609,0.09078312163345206,0.07712644626418053,0.10627300827987805,0.9318824900133156,0.8134986684420772,4.013398801597869,90.46479693741678,100.0
42,RealSense D435i,96887,0.011860247438241232,0.013546667239389127,0.009050247843063838,0.005798424362458476,0.017385620389418287,1.0,83.70472818850826,94.85379875525096,100.0,100.0
42,UniDepthV2,96887,0.19252299156858496,0.14350309182620283,0.13818481433837962,0.13047175591141824,0.058629746519787244,0.6594899212484647,0.05367077110448254,0.09598810985993993,53.768823474769576,100.0
42,MoGe-2,96887,0.049770755314132144,0.04342207584981841,0.0384876380886339,0.03372161939136442,0.05317439656312274,1.0,5.330952552974083,25.953946349871497,99.99896786978645,100.0
42,DA3,96887,0.0995851579773891,0.11286463574825577,0.08683383173635295,0.07353426333535806,0.1043159169063536,0.9046208469660533,13.470331417011568,24.366530081435073,85.68641819851992,100.0
42,BridgeDepth (RVC),96887,0.0859054582781586,0.09623987367820758,0.07473120762322105,0.05104065643805933,0.043109720006965495,0.9900193008349933,0.6657239877382931,4.469123824661719,96.26472075717074,100.0
42,BridgeDepth (Mid.),96887,0.08666549180823717,0.0971834353342037,0.07534361809006049,0.053308074857258525,0.04357185615388334,0.9896580552602516,0.6347600813318608,4.371071454374683,96.15221856389402,100.0
42,DEFOM-Stereo,96887,0.08909748267224334,0.09958764450204842,0.0776336359836343,0.04996564764443556,0.04487167731553792,0.9900502647413998,0.7699691393066149,5.051245265102645,96.00152755271606,100.0
42,FoundationStereo,96887,0.08657957028045339,0.09631388699237492,0.0752527051190853,0.051914689202581576,0.04264305686314815,0.987655722645969,0.9103388483491077,4.627039747334524,96.79213929629363,100.0
42,S2M2,96887,0.0895942917243553,0.10138554632562362,0.0782393561309468,0.051987159450098686,0.045621821500503625,0.9891316688513423,0.7968045248588561,4.2379266568270255,95.51436209192151,100.0
42,SGBM,96887,0.11784601574879819,0.12337265680793268,0.09494505576618072,0.07561718404562612,0.1062815958813956,0.92163035288532,0.6017319144983331,3.4978892937132953,89.45059708732855,100.0
43,RealSense D435i,85566,0.013800182787553301,0.018011627858985337,0.009925020755112576,0.005935552789478549,0.02502776554306126,0.9991468573966295,81.95194352897178,92.6489493490405,99.90416754318304,100.0
43,UniDepthV2,85566,0.11441655567690445,0.08974766986150759,0.08231181397125338,0.07773100292143753,0.03965434808509828,0.9981184115185938,0.2933408129397191,2.648248135941846,95.60339387139751,100.0
43,MoGe-2,85566,0.041641154264548036,0.05176442942153387,0.03398009707480596,0.02120753789229962,0.05575167564760027,0.9943786083257369,31.54991468573966,57.876960474955006,99.4191618166094,100.0
43,DA3,85566,0.10834303576888647,0.12075000680644225,0.09123397218767222,0.06185933048031672,0.1216994900529995,0.8666643292896711,8.314049973120165,20.33868592665311,84.22270528013463,100.0
43,BridgeDepth (RVC),85566,0.06623388366891673,0.06818922839502209,0.054588406922993445,0.03839719074502823,0.03345821291559299,0.9991585442816072,0.7538040810602342,15.871958488184559,99.10478461070986,100.0
43,BridgeDepth (Mid.),85566,0.06714030913930756,0.06941381716853816,0.05551729980461261,0.039095423931087836,0.033994297039895004,0.9989014328120983,0.9618306336629036,14.891428838557372,99.17490592057592,100.0
43,DEFOM-Stereo,85566,0.06927849807820406,0.06927800567436448,0.05705435022932317,0.04145406519929756,0.03226838889177122,0.9991351705116518,0.6521281817544352,11.601570717341,99.75106934997547,100.0
43,FoundationStereo,85566,0.0679154876707068,0.0686170445441793,0.056093756006430275,0.042524454366751396,0.03172466874329515,0.9992403524764509,0.9653366991562069,13.485496575742701,99.74055115349555,100.0
43,S2M2,85566,0.06829941967988878,0.07050762752172783,0.056687396242323725,0.04017672963176827,0.03359845166702918,0.9991351705116518,0.611224084332562,14.478881798845336,99.42500525909824,100.0
43,SGBM,85566,0.09115212931019803,0.11780168623223329,0.07087246436558164,0.04951772937759519,0.09604277057715933,0.9533693289390646,0.7444545730780918,7.328845569501905,94.07474931631722,99.96844541056026
44,RealSense D435i,91025,0.014355200272474035,0.017873920701203486,0.010837434485025051,0.0067407941796397974,0.022270859471079364,0.999154078549849,76.50755287009063,92.27025542433397,99.90881625926943,100.0
44,UniDepthV2,91025,0.13715746233817422,0.10353215338783593,0.09852862821317138,0.09563610155317337,0.040373137453308484,0.9898709145839055,0.28234001647898926,0.9667673716012084,88.18126888217522,100.0
44,MoGe-2,91025,0.04368973188403223,0.05099126521279137,0.03621913062522505,0.02619361881794957,0.049247463047639495,0.9955396868992035,27.355122219170557,53.63251853886295,99.53639110134579,100.0
44,DA3,91025,0.09362621967021292,0.10372140953977324,0.07746194167637747,0.05427207239708853,0.11462058190302456,0.904454820104367,19.517714913485307,28.964570173029387,86.61466630046691,100.0
44,BridgeDepth (RVC),91025,0.06093944390195483,0.06263104548392218,0.050708566349071046,0.04035815324873249,0.030935079328066724,0.9994067563856084,6.190606976105466,22.29497390826696,99.86597088711892,100.0
44,BridgeDepth (Mid.),91025,0.061444441650919335,0.06335352633101293,0.05119588627652886,0.04072628398807532,0.031541433272436914,0.9992859104641582,5.960999725350178,22.67069486404834,99.84509750068662,100.0
44,DEFOM-Stereo,91025,0.06395521222479471,0.06451823774512912,0.052995623301688714,0.04162454856318831,0.03135804412158429,0.999373798407031,4.310903597912661,19.80335072782203,99.85059049711617,100.0
44,FoundationStereo,91025,0.062135641612985584,0.06328199723184597,0.051643713378582395,0.04088530443789706,0.031119132822723772,0.99926393847844,4.774512496566877,22.185113979675915,99.84399890140071,100.0
44,S2M2,91025,0.06361049226267794,0.06485863654917792,0.05282429443668374,0.040885448866567864,0.03140670171596145,0.9993298544355946,4.143916506454271,20.570173029387533,99.84619609997254,100.0
44,SGBM,91025,0.0738213663729582,0.08894818470262253,0.058621831569761695,0.05009134023302064,0.052660244720453026,0.9838396045042571,3.8780554792639386,12.291128810766274,97.99066190606976,99.97033781928042
45,RealSense D435i,83928,0.012804310132452694,0.013726838451542388,0.009092089821457344,0.006049589374304776,0.01810721413808161,1.0,81.08259460489944,95.29001048517777,100.0,100.0
45,UniDepthV2,83928,0.09956282717802055,0.08201202092192612,0.07243094554636666,0.06942410810726962,0.039533249655970285,0.9997855304546754,4.788628348107902,7.378943856639024,98.636926889715,100.0
45,MoGe-2,83928,0.03078350661376661,0.027469927603332542,0.021132952623266827,0.016814752436118297,0.036464014713511,1.0,32.743542083690784,65.4370412734725,99.99761700505195,100.0
45,DA3,83928,0.13376959223468332,0.1601030280405771,0.10356128878501983,0.05180451501117678,0.2177685210401881,0.8000667238585454,4.421647126108093,16.746496997426366,74.26842055094843,100.0
45,BridgeDepth (RVC),83928,0.05849252107303746,0.05516159827522035,0.044562981276944816,0.03602869564016786,0.028155203794399893,0.9997497855304547,5.030502335335049,25.0047659898961,99.89276522733772,100.0
45,BridgeDepth (Mid.),83928,0.058566858769925886,0.05564257837998551,0.044729520123834146,0.03570503237809597,0.028719659535096163,0.9997736154799352,5.547612239062053,26.12358211800591,99.89395672481174,100.0
45,DEFOM-Stereo,83928,0.05895609986952089,0.05520665609695036,0.04488311034179232,0.03563326534300737,0.027677624772777458,1.0,4.7790963683157,24.012248594032982,99.9201696692403,100.0
45,FoundationStereo,83928,0.05889881431549329,0.05538004056015033,0.04499552906750055,0.03732303786765445,0.02791370544049784,0.9997378705557144,4.861309694023449,25.463492517395864,99.8689352778572,100.0
45,S2M2,83928,0.060053753011457496,0.056460033271491655,0.04575690814709566,0.03705566528215237,0.028564946341374988,0.9998689352778573,4.32990182060814,22.974454294156896,99.90229720712992,100.0
45,SGBM,83928,0.0692712522845615,0.06220590325828951,0.0508625640330505,0.04313018943239261,0.042091622554307276,0.9827113716518922,1.908778953388619,12.969450004765989,98.10075302640358,100.0
46,RealSense D435i,87386,0.01570602432978681,0.015119378322049576,0.009705147996467005,0.007947736191213028,0.021755297697883216,0.9993362781223537,65.73821893667177,95.32076076259355,99.92561737578102,100.0
46,UniDepthV2,87386,0.1102431402693864,0.09738137114410367,0.07276833373638576,0.06682136267633809,0.05881280615051308,0.9672487583823496,4.179159133041907,11.081866660563477,95.1124894147804,100.0
46,MoGe-2,87386,0.034030268186541764,0.03290887659848742,0.021723464298144465,0.013226164539272778,0.044634244633748404,0.9993019476804065,34.42198979241526,74.07708328565217,99.92561737578102,100.0
46,DA3,87386,0.28961020083232836,0.22579264426163864,0.1638432954800858,0.1026050001961924,0.2756920003285381,0.6743070972466986,1.103151534570755,2.359645709839105,47.921863914128124,99.99656695580528
46,BridgeDepth (RVC),87386,0.053128831518470504,0.04507068121251786,0.03508413956087438,0.02525330417595756,0.033404340064578125,0.999691026022475,15.739363284736685,39.88739615041311,99.96566955805277,100.0
46,BridgeDepth (Mid.),87386,0.0528829611976214,0.04532131148094802,0.03497002404627497,0.025181765642733278,0.03477717558823793,0.999530817293388,16.796740896711142,40.47787975190534,99.94964868514408,100.0
46,DEFOM-Stereo,87386,0.054012632986623295,0.04612196979670444,0.03583038893238242,0.027982930153086005,0.03428521599286868,0.9994850433707917,15.216396219073994,40.47444670771061,99.92103998352138,100.0
46,FoundationStereo,87386,0.053517844996169614,0.04534961272991824,0.03538462513599494,0.025056013932518995,0.033328610548503466,0.9996452520998786,14.433662142677317,41.34529558510516,99.9542260774037,100.0
46,S2M2,87386,0.05452522330210581,0.047291272446952144,0.036248795690276794,0.02583250021448613,0.034435297006176854,0.9996109216579315,14.304350811342777,41.32469731993683,99.90044171835305,100.0
46,SGBM,87386,0.07428403045703698,0.23429193516281224,0.04702125056462687,0.02966622360226323,0.11240541740780768,0.9918751287391573,17.38035840981393,39.39875952669764,98.67942233309684,99.6006225253473
47,RealSense D435i,78387,0.028228665556774758,0.04478879322503295,0.01545324224882673,0.006085336373696348,0.07699443468812665,0.9773559391225586,77.35721484429816,91.52538048400882,97.69094365137076,100.0
47,UniDepthV2,78387,0.15385842457418744,0.15403841716607752,0.12121245794111536,0.05685812772484089,0.09148617011865785,0.8054141630627527,3.989181879648411,8.410833429012463,51.59784147881664,100.0
47,MoGe-2,78387,0.1226767896635482,0.13036075173058717,0.09861050197393521,0.08501681225824309,0.08169978913107896,0.9318892163241353,9.220916733642058,21.203771033462182,71.89585007718117,100.0
47,DA3,78387,0.12072733110657997,0.11099645518384814,0.08123106693950298,0.060775025567839314,0.14723933072742698,0.8619541505606797,11.829767691071224,23.778177503922844,79.98009874086264,100.0
47,BridgeDepth (RVC),78387,0.07446781329145906,0.0640748950928114,0.05444113123403077,0.04475501740114152,0.041074400638851434,0.9963131641726307,0.9746514090346613,6.064781149935576,99.58156326941968,100.0
47,BridgeDepth (Mid.),78387,0.07520179051618565,0.06465709781008139,0.05503578633828695,0.045260601167265935,0.04160542221140213,0.9959687193029456,0.8521821220355417,5.67696174110503,99.55094594766989,100.0
47,DEFOM-Stereo,78387,0.08132508748421195,0.0709227109941802,0.06014333019634105,0.047330173794658426,0.04103339743006545,0.9922180973885976,0.8904537742227665,5.3580313062114895,98.73703547782158,100.0
47,FoundationStereo,78387,0.07594456142676526,0.06568545302525125,0.055948906799360244,0.04542181279395474,0.038885932138404466,0.9971168688685624,0.746297217650886,5.518772245397834,99.52160434765969,100.0
47,S2M2,78387,0.07657253701303929,0.06671102137431878,0.05655492228549975,0.044550451253688506,0.04042902284674868,0.9965300368683583,0.575350504547948,3.9075356883156642,99.59814765203414,100.0
47,SGBM,78387,0.09273762645089986,0.08260734894418909,0.06570544081426996,0.05097834836549986,0.08451692267820479,0.9475423220687104,1.0078201742635895,4.782680801663542,93.96966333703293,100.0
48,RealSense D435i,75423,0.02693792025904448,0.02290341267016014,0.017898176818869717,0.018463389142496733,0.023591092752209518,0.9986608859366506,33.49508770534187,78.19365445553743,99.8568076051072,100.0
48,UniDepthV2,75423,0.16227405001822268,0.13829879543012366,0.1158588372903832,0.0875990606455993,0.05242731710820265,0.9225302626519762,0.023865399148800762,0.05303422033066836,67.44096628349443,100.0
48,MoGe-2,75423,0.08836562534916,0.09294425253649928,0.06773896002970413,0.03812973698284072,0.10051459803769396,0.9913951977513491,2.5058669106240803,18.067433011150445,93.26067645148032,100.0
48,DA3,75423,0.17525224586561125,0.17234758298699177,0.11857465767530978,0.06707640044891627,0.23265216040500544,0.7231215942086632,5.40286119618684,12.002969916338516,66.28614613579413,100.0
48,BridgeDepth (RVC),75423,0.03715033984246092,0.03951544750904929,0.028198669359425173,0.018211328447938935,0.03204523304391131,0.9987139201569812,30.363416994815907,57.1828222160349,99.83957148349972,100.0
48,BridgeDepth (Mid.),75423,0.0379548325041468,0.04057182415041255,0.02886395477080989,0.01854683647832578,0.033005537077331816,0.9984620076104106,30.54638505495671,56.229532105591126,99.81570608435094,100.0
48,DEFOM-Stereo,75423,0.04201621244901305,0.043877135764718966,0.03165622706679475,0.020236335576001574,0.03480990017999468,0.9983691977248319,27.595030693555017,51.35833896821924,99.78255969664426,100.0
48,FoundationStereo,75423,0.03721866348811987,0.039831354956533116,0.02821732610850604,0.018336739843852867,0.0327899033080531,0.9984752661654933,29.534757302149213,57.98363894302799,99.75339087546239,100.0
48,S2M2,75423,0.03866304764474939,0.04235247015417473,0.029685174358153436,0.01888302898245975,0.033439288047100786,0.9985017832756586,30.99319836124259,55.96436100393779,99.76002015300372,100.0
48,SGBM,75423,0.04281001044726394,0.04765789353562686,0.03243865758103201,0.019257850982798308,0.04762191016556456,0.9943916312000318,24.35066226482638,54.1797594898108,99.3105551357013,100.0
49,RealSense D435i,74397,0.03442098648962472,0.061870406041562846,0.016963853460385873,0.009330906605993672,0.09552420275371738,0.9861419143245024,53.008857884054464,93.70807962686666,98.6074707313467,99.96370821404089
49,UniDepthV2,74397,0.326634962317517,0.20786379439037161,0.18580621956350668,0.1598434674227649,0.12605728725358054,0.17523556057367903,0.0,0.0,0.6545962874847104,99.62901729908464
49,MoGe-2,74397,0.03448156792903017,0.04173301283521731,0.019577163225004246,0.015585292959984898,0.05542597709227602,0.9957928411091845,33.67608908961383,66.32525505060688,99.5698751293735,99.96774063470302
49,DA3,74397,0.22503189524190437,0.18667855672537773,0.12815554933306794,0.08501967332347737,0.29021070863852944,0.6214094654354342,13.828514590642097,25.01444950737261,57.09370001478554,100.0
49,BridgeDepth (RVC),74397,0.0521216379222478,0.053565058529425814,0.03259056227092568,0.022288049270933863,0.05489184022460311,0.996559001034988,12.594593868032314,43.06490853125798,99.5712192695942,99.99193515867574
49,BridgeDepth (Mid.),74397,0.052053063015617296,0.05172257912936969,0.032583171726112754,0.022523734313569133,0.05022098455929201,0.9968815946879579,12.789494200034948,42.355202494724246,99.56853098915279,99.98924687823434
49,DEFOM-Stereo,74397,0.05597794899152387,0.06048157329948044,0.03501696815154115,0.021414923353725968,0.06566125045106302,0.9944755836928908,10.50311168461094,41.79335188246838,99.29029396346627,99.97849375646868
49,FoundationStereo,74397,0.05232209806703893,0.053097402974420026,0.032373589752003835,0.022193992548182884,0.055560320723444634,0.9964514698173313,11.136201728564323,42.69392583034262,99.46906461282042,99.96370821404089
49,S2M2,74397,0.051015588713895124,0.04359264113230008,0.03181379603155144,0.022727909074536035,0.03412221740326764,0.9996908477492372,11.806927698697528,42.61730983776227,99.44755836928908,99.99327929889647
49,SGBM,74397,0.09072718962357701,0.3209981493911494,0.052419218129299366,0.019933358854826166,0.15172571892006959,0.9893678508542011,6.481444144253129,44.57572213933357,98.60478245090528,99.62767315886393
50,RealSense D435i,83326,0.019780537351509146,0.015698913320451816,0.011914088531871139,0.010545908830112527,0.021895157868599618,0.9995919640928401,51.89136644024674,88.21616302234597,99.95199577562826,100.0
50,UniDepthV2,83326,0.1955725070611613,0.12240535601378781,0.12002248063655829,0.11856044958871953,0.04149000604921876,0.8689844706334158,0.009600844874348943,0.014401267311523415,44.34750258022706,100.0
50,MoGe-2,83326,0.04077992943010921,0.04001056238374579,0.028001871069330636,0.015389967217899925,0.05284594292837983,0.9984398627079183,33.73856899407148,56.497371768715645,99.8307851090896,100.0
50,DA3,83326,0.12283639999010532,0.13874358922990268,0.08581118123754178,0.041912127470639826,0.2006920488029762,0.820044163886422,12.09466433046108,28.140076326716752,76.97597388570195,100.0
50,BridgeDepth (RVC),83326,0.07835792089519024,0.062153716834380375,0.05326792934030073,0.04149817890822849,0.026301540737689033,0.9980798310251302,0.5340469961356599,2.913856419364904,99.71557497059742,100.0
50,BridgeDepth (Mid.),83326,0.07844890212367087,0.062014776490927626,0.0533242606729223,0.04156135501060948,0.025948425333570353,0.9982598468665242,0.5508484746657706,2.7710438518589635,99.73957708278328,100.0
50,DEFOM-Stereo,83326,0.08089746399711893,0.06267684097527407,0.05471028985100875,0.04173815187588298,0.025513631648309384,0.9982118426421525,0.41283632959700456,2.3678083671363077,99.6783716967093,100.0
50,FoundationStereo,83326,0.07874202214474801,0.062069904033102315,0.05334214154595049,0.04167557895423535,0.026871543137130572,0.9977197993423421,0.3504308379137364,2.5166214626887164,99.67357127427213,100.0
50,S2M2,83326,0.07970021316633165,0.06274083570400744,0.0540038334536798,0.04208091100268524,0.026755830610609224,0.9982358447543384,0.8052708638360175,3.0566689868708448,99.68197201353719,100.0
50,SGBM,83326,0.08298301054913089,0.06435239615236929,0.05580680771244028,0.04494436568249266,0.027370800467712484,0.9971197465376953,0.540047524182128,1.8073590475961885,99.39394666730672,100.0
51,RealSense D435i,72983,0.014703563632571937,0.017978080550793227,0.00975987001199014,0.00596587892609457,0.0264890344847151,0.9994108216982037,80.56533713330502,92.59279558253291,99.88216433964074,100.0
51,UniDepthV2,72983,0.1428778172262225,0.0957964211998269,0.09277446956659652,0.08975927271458473,0.030274117452897355,0.9928065439896963,0.10276365729005384,0.30966115396736227,94.73164983626324,100.0
51,MoGe-2,72983,0.0691413865074212,0.05276792428012817,0.04450311060291326,0.04081294892272458,0.04598339762108776,0.9967252647876903,13.899127194004082,19.035939876409575,99.59442609922858,100.0
51,DA3,72983,0.16158016572956174,0.15938084713837697,0.1127165505758081,0.0629931123747085,0.23159974868340474,0.7380896921200828,6.5453598783278295,11.980872257923078,65.99345052957538,100.0
51,BridgeDepth (RVC),72983,0.06973467800263945,0.062209663351648334,0.05123123659227734,0.04342971172494725,0.03402684116630868,0.9986572215447433,1.7963087294301412,6.46862968088459,99.70541084910185,100.0
51,BridgeDepth (Mid.),72983,0.06991024856210822,0.06225769087686821,0.051329515083366466,0.04291188709395943,0.03411813645684638,0.9985065015140512,1.822342189276955,6.459038406204185,99.73555485524027,100.0
51,DEFOM-Stereo,72983,0.07349401491189751,0.06605168082511988,0.05407673911230442,0.04440316694073709,0.03503385074093201,0.9990819779948755,1.4743159365879726,6.174040529986435,99.62731046956141,100.0
51,FoundationStereo,72983,0.069127770854375,0.06167244644258628,0.05074423412453664,0.042209486956247155,0.033879127004653065,0.9990408725319595,1.7469821739309155,6.137045613362016,99.7931025033227,100.0
51,S2M2,72983,0.07161472779783014,0.06315971889582334,0.052446449709657623,0.045175527733476106,0.03296487157848747,0.9991641889207076,1.767534905388926,6.021950317197156,99.7739199539619,100.0
51,SGBM,72983,0.07802509286822507,0.0749680459146656,0.05641581202433434,0.0471618107653089,0.06642904107751206,0.9879698011865777,0.7933354342792157,3.8159571407039996,98.21191236315306,99.9972596358056
52,RealSense D435i,80986,0.02049236955738466,0.020418933800586472,0.01392221712031549,0.010221091309094099,0.031115406338210177,0.9988640011853901,62.48240436618675,89.20554169856518,99.88022621193787,100.0
52,UniDepthV2,80986,0.2489205665881338,0.16930308406993688,0.16557179389752522,0.15889109727261808,0.05741149508358571,0.5082483392191243,0.009878250561825501,0.02593040772479194,23.807818635319684,100.0
52,MoGe-2,80986,0.05843638388284512,0.0481640128013671,0.04103979384533455,0.03604077801832056,0.040937270567667154,0.9981478280196577,11.95762230508977,21.48272540933001,99.76168720519595,100.0
52,DA3,80986,0.1559233899613597,0.11353444651014527,0.09688195036165073,0.09279477597597191,0.12638348831636576,0.8447632924209123,6.494949744400266,13.287481786975528,63.51221198725706,100.0
52,BridgeDepth (RVC),80986,0.0703958496667174,0.06802113774954001,0.0546407401682176,0.04448102908444168,0.04052544258225062,0.9986787839873559,2.7338058429852072,16.080557133331688,99.66043513693725,100.0
52,BridgeDepth (Mid.),80986,0.0706525580050062,0.06840796528251014,0.0548790615464743,0.04372128512637308,0.041393278497497805,0.998641740547749,2.5856320845578247,15.679253204257526,99.64561776109451,100.0
52,DEFOM-Stereo,80986,0.07073013171476468,0.0686091054801187,0.054769878071858895,0.04238194091361552,0.043473278045841175,0.9984935667893217,3.315387844812684,13.08003852517719,99.53942656755488,100.0
52,FoundationStereo,80986,0.0701517468860329,0.06814637819881919,0.0544703490100624,0.042131186612698934,0.04178207757913982,0.9989257402514015,2.1781542488825227,15.46440125453782,99.66413948089793,100.0
52,S2M2,80986,0.07352349518986112,0.07108402070082655,0.05696374031617771,0.04361757101133945,0.04286537689777071,0.9990492183834243,2.2114933445286837,12.728125848912159,99.49373965870645,100.0
52,SGBM,80986,0.08245438218598272,0.07675350644390688,0.062277731053116986,0.045278441109552925,0.06380198709887233,0.9817128886474206,1.5978070283752748,7.682809374459783,97.06986392709851,100.0
53,RealSense D435i,72913,0.01527115201672573,0.017924413810810343,0.010384473834536768,0.005806056027808371,0.02782988391488532,0.9993691111324455,79.37816301619739,91.21281527299658,99.90673816740498,100.0
53,UniDepthV2,72913,0.2392659635600129,0.19701637906902564,0.1765304398804276,0.1438087205766838,0.06214717737391357,0.5961762648636045,0.4594516752842429,0.9024453801105426,21.372046137177183,100.0
53,MoGe-2,72913,0.043112267416151706,0.04116425714260345,0.030066496923768702,0.02468595437115606,0.0563073199618861,0.9868473386090272,22.178486689616392,53.22370496344959,98.54346961447204,100.0
53,DA3,72913,0.24716533296933224,0.17535777641940747,0.15768446078723683,0.1502410060239544,0.18508784559304303,0.480408157667357,3.5617791066065037,6.548900744723163,34.76060510471384,100.0
53,BridgeDepth (RVC),72913,0.07902628469595567,0.07873218603147274,0.06236728045715904,0.04835844619837382,0.04338452643484371,0.9914967152633961,1.9063815780450675,12.911277824256306,98.602444008613,100.0
53,BridgeDepth (Mid.),72913,0.07944370748138573,0.07884907428299133,0.06266176616931825,0.0483392985072616,0.04306885688869429,0.9913458505341983,2.1313071743036223,12.162440168419899,98.62164497414727,100.0
53,DEFOM-Stereo,72913,0.08260037678444422,0.08046114897157083,0.06490249172996111,0.05035773685091294,0.04300710633025581,0.9987382222648911,2.4453801105427013,11.094043586191763,98.797196659032,100.0
53,FoundationStereo,72913,0.07939641565190315,0.07866022551532045,0.06257901545243184,0.04773157654497284,0.044088531357099635,0.9978193189143225,2.1710806029103176,11.387544059358413,98.60518700368934,100.0
53,S2M2,72913,0.08209462744157908,0.08173112339791345,0.06470973810585985,0.048726604706063714,0.04466485351199129,0.9909892611742762,2.0119868884835355,10.737454226269664,98.51466816617064,100.0
53,SGBM,72913,0.0846351195942549,0.07950100324153231,0.06515442918458174,0.05558077441104159,0.07253798467728928,0.9803327253027581,2.5523569185193313,13.003168159313155,97.1980305295352,100.0
54,RealSense D435i,78351,0.01803189476808842,0.02124183995608338,0.012339690308938264,0.007539714065857073,0.03110683490440046,0.9981748797079808,72.31177649296117,89.70657681459076,99.7740935023165,100.0
54,UniDepthV2,78351,0.1736789338343611,0.13966822851559063,0.12667903358934612,0.11375398352117172,0.04230024316059445,0.9443274495539304,0.1391175607203482,0.49520746384857883,66.46245740322395,100.0
54,MoGe-2,78351,0.03986175676487716,0.047804116746237794,0.029006758290763986,0.01850893184183644,0.0591924428817017,0.9842758867149111,40.365789843141755,61.37892305139692,98.20295848170413,100.0
54,DA3,78351,0.14989429690466494,0.11063914743590691,0.09469143535029416,0.09820706382297328,0.11405177831602342,0.8618651963599698,9.154956541716123,17.25568276090924,61.19385840640196,100.0
54,BridgeDepth (RVC),78351,0.07556242588598928,0.07677710742233058,0.059641953813086575,0.043339933167021005,0.04349378518047063,0.9990044798407167,4.292223455986522,14.779645441666348,98.81303365623924,100.0
54,BridgeDepth (Mid.),78351,0.07651139262723025,0.07839671033843516,0.06053915224463829,0.04358421494548814,0.044718865663434755,0.9990300059986471,4.384117624535743,14.861329147043435,98.52586437952291,100.0
54,DEFOM-Stereo,78351,0.07562939105848465,0.07657045731097331,0.05963066418160888,0.044536850168712006,0.043733437274473326,0.998800270577274,5.084810659723551,14.130004722339217,98.67391609551889,100.0
54,FoundationStereo,78351,0.07617917713634587,0.07694385798923559,0.0601194511697182,0.04346388153446101,0.043130351825891484,0.9991448737093337,4.312644382330793,12.898367602200356,98.74028410613776,100.0
54,S2M2,78351,0.07754207051661065,0.07841321429891432,0.0611651104156616,0.044573645871937684,0.043367270254593956,0.9991831629462291,4.338170540261133,12.235963803908055,98.70199486924226,100.0
54,SGBM,78351,0.08835973249168462,0.08583012858188153,0.06668980630626262,0.04769692892775068,0.06602114711545558,0.9708236014856224,4.132684968921903,10.608671235848936,96.05237967607306,100.0
55,RealSense D435i,74579,0.014759461425306564,0.018826817964352725,0.009868569814122367,0.006267314130947721,0.02786246480744471,0.9977473551535955,76.7964172220062,93.95406213545368,99.71171509406133,100.0
55,UniDepthV2,74579,0.28781188978352695,0.2020953956627379,0.19158835089535653,0.18126845519252743,0.07565828793908475,0.35527427291865005,0.0,0.002681720055243433,11.552849997988709,100.0
55,MoGe-2,74579,0.06276837247697745,0.06499597686624468,0.04385181907024445,0.035294030690287914,0.08617347142487271,0.9837085506643961,6.320814170208772,25.34895882218855,98.3212432454176,100.0
55,DA3,74579,0.17116721664700915,0.13458695016732908,0.10942158764782484,0.09931158203860502,0.13711399723584697,0.8182732404564288,8.824199841778517,15.403799997318279,60.17243459955215,100.0
55,BridgeDepth (RVC),74579,0.07551792986693132,0.0772740345342434,0.05705495694274456,0.043233555301536164,0.054264214150793064,0.9908017002105151,3.338741468778074,15.637109642124457,98.88842703710161,100.0
55,BridgeDepth (Mid.),74579,0.07510088196387626,0.07627920966842848,0.05685550408655049,0.04303344271545395,0.05231720618890693,0.9919280226337173,3.2636533072312583,15.057858110191876,99.0117861596428,100.0
55,DEFOM-Stereo,74579,0.07376590401151917,0.07633936101698266,0.05584122125500698,0.04263188856167288,0.05133812217145916,0.9909894206143821,4.387294010378256,15.022995749473713,98.81065715549954,100.0
55,FoundationStereo,74579,0.07195140764003152,0.07160427807859515,0.0548347310015115,0.04104202113097266,0.04477152900768408,0.9952131297013904,3.419193070435377,15.870419286930638,99.33225170624439,100.0
55,S2M2,74579,0.0754237047698828,0.07540674024151217,0.0569122955692643,0.0434495796638148,0.05001826476902736,0.9932286568605103,2.9445286206572896,13.994556108287856,99.14587216240497,100.0
55,SGBM,74579,0.08231275931186362,0.07675320549403014,0.06006429518273112,0.047426806582653414,0.05840337648487994,0.984995776290913,2.426956649995307,9.955885705091246,98.20056584293165,100.0
56,RealSense D435i,83465,0.015680798815238147,0.023954112996056553,0.011599262682972154,0.005742209394684394,0.03044935150056391,0.9961660576289463,77.34259869406338,92.57652908404721,99.53393638051878,100.0
56,UniDepthV2,83465,0.2141256570290644,0.14878372048289035,0.1441103372047508,0.13980580500157636,0.06354329702269006,0.6359551907985384,0.011981069909542922,0.029952674773857303,38.667705026058826,100.0
56,MoGe-2,83465,0.04318352134531969,0.05112756471199596,0.034818199163407955,0.024794856698724388,0.05437313767967782,0.9940214461151381,31.705505301623433,48.85161444917031,99.30629605223746,100.0
56,DA3,83465,0.10977265232601857,0.09799421002012647,0.07761277929031754,0.06408487069910607,0.13048828977859248,0.9149823279218834,8.374767866770503,15.914455160845865,85.36871742646618,100.0
56,BridgeDepth (RVC),83465,0.07919909121121753,0.08420451687437844,0.0650259256262077,0.04529843094769359,0.043950767341243965,0.9952674773857305,2.0799137362966515,10.490624812795783,96.79626190618822,100.0
56,BridgeDepth (Mid.),83465,0.07908961872133968,0.084051421209343,0.06493770117635705,0.04521355392150195,0.04393507783195602,0.9957587012520218,1.9589049302102677,10.366021685736536,96.85736536272688,100.0
56,DEFOM-Stereo,83465,0.07965681631717146,0.08385819805988479,0.0653028805071045,0.04410932040091964,0.04302276618260606,0.997771520996825,2.5232133229497395,10.773378062660996,96.50871622835919,100.0
56,FoundationStereo,83465,0.07790844687066305,0.08174893717827608,0.0638463065721456,0.04472045600154473,0.042081691169729166,0.9982387827232971,2.6777691247828432,11.270592463907027,97.12574132870066,100.0
56,S2M2,83465,0.08090116004820772,0.08696619871847124,0.06644789242662104,0.0456562556088681,0.04538078772968926,0.9878511951117235,2.102677769124783,9.473431977475588,96.4691786976577,100.0
56,SGBM,83465,0.08861574653765655,0.0884882401289896,0.07089041154172518,0.05066479625772613,0.04852982219505435,0.9890373210327682,1.3874078955250704,6.919067872761038,95.76588989396753,100.0
57,RealSense D435i,33588,0.023701595832074065,0.031097018368275074,0.01474994916175006,0.005505651138214107,0.058679580536212,0.9889543884720734,74.51470763367868,86.5457901631535,98.00226271287364,100.0
57,UniDepthV2,33588,0.46713383991369184,0.3195793355002926,0.30240481388728574,0.3063978471096226,0.1570150574073662,0.044777896867929025,0.6162915326902465,1.0390615696081933,3.0070263189234248,100.0
57,MoGe-2,33588,0.126980043848307,0.09564792027823801,0.08264860687895588,0.07135766766396145,0.12009670695889828,0.8983267833750149,0.9050851494581399,3.0010718113612005,85.60497796832202,100.0
57,DA3,33588,0.2927015223947951,0.19517356066416164,0.15364791485393953,0.10794825395686325,0.3475517275847337,0.6395141121829224,7.044182446111706,14.11218292247231,59.04191973323806,99.80350125044659
57,BridgeDepth (RVC),33588,0.09494300197956887,0.10635127254133737,0.08019928279106228,0.05145786957944881,0.06936430182898164,0.982583065380493,2.0691913778730497,18.619745147076337,90.57996903656068,100.0
57,BridgeDepth (Mid.),33588,0.09555188908259184,0.10778101596846641,0.08085412590699834,0.05121337751389243,0.07001013113355567,0.9814219364058593,2.0781231392163866,18.771585089913064,90.37156127188281,100.0
57,DEFOM-Stereo,33588,0.09740660158127785,0.10843443993612539,0.0822359543767262,0.055765988822503776,0.06700430040065043,0.9823746576158152,1.7625342384184828,13.951411218292249,89.44265809217578,100.0
57,FoundationStereo,33588,0.09542914036348266,0.10513932813817159,0.08008111940215579,0.052685291763219955,0.06950478762619086,0.9832678337501488,1.923305942598547,11.727402643801357,91.37489579611766,100.0
57,S2M2,33588,0.09827953686841069,0.1104506175931022,0.08337732831390987,0.0540196082776519,0.06875395979755934,0.9841610098844825,1.8280338216029535,15.594855305466238,89.30868167202573,100.0
57,SGBM,33588,0.1304030065007251,0.19218772185825309,0.09532982087772877,0.06492264064977349,0.12127069816475634,0.9224723115398357,1.637489579611766,6.49339049660593,86.00095272120996,99.9791592235322
58,RealSense D435i,83838,0.01437011138773533,0.02117982343170403,0.01009330041031207,0.005824021507367272,0.02876253384373903,0.997614446909516,79.91960686085069,94.31522698537655,99.68033588587514,100.0
58,UniDepthV2,83838,0.27440472869756477,0.19165122679169627,0.18060203271611833,0.16634913994543538,0.061580310667027106,0.3134378205586965,0.03578329635726043,0.06798826307879481,10.485698609222547,100.0
58,MoGe-2,83838,0.19807380357469975,0.13734604445198406,0.12899278546105192,0.11968255612777595,0.05453943529433438,0.9134759894081442,0.10377155943605526,0.2647963930437272,32.895584341229515,100.0
58,DA3,83838,0.17191709414205059,0.1252852915687923,0.10546786278188144,0.09790118020587607,0.13724694091052392,0.8022495765643265,4.568334168276915,8.356592475965554,60.16126338891672,100.0
58,BridgeDepth (RVC),83838,0.07192678666245284,0.0787656296961211,0.055040805195654754,0.0324890075744797,0.05178427986289585,0.9850306543572127,1.6341038669815597,13.261289630000716,97.03833583816407,100.0
58,BridgeDepth (Mid.),83838,0.07332886631081328,0.07950850322302486,0.055914245629129895,0.033640833599278885,0.051370953157210575,0.9848159545790691,1.1641499081562061,11.237147832725016,96.91905818363988,100.0
58,DEFOM-Stereo,83838,0.0744766605854527,0.08141640840959469,0.0566262006437757,0.031421985814361286,0.05534038151596423,0.9837186001574465,1.644838855888738,12.594527541210429,97.01925141344022,100.0
58,FoundationStereo,83838,0.07426674745616259,0.07914823776618152,0.056361873830353695,0.03399970849860523,0.0502396874184152,0.9842672773682578,0.7323647987785968,9.849948710608555,97.11825186669529,100.0
58,S2M2,83838,0.0746461253485897,0.08061247870321868,0.056977668316795974,0.03439447786237282,0.051117677923110394,0.9869033135332427,1.264343137956535,9.085378945108422,96.75445502039648,100.0
58,SGBM,83838,0.0759221499217138,0.07742238291199911,0.05711553370749955,0.03677707354648574,0.05032565247106694,0.9852334263699039,1.1104749636203153,7.861590209690117,97.14330017414538,100.0
59,RealSense D435i,83630,0.016023911639127544,0.02503085963207893,0.011681646921590771,0.0049310013237516825,0.03375433299946621,0.9957072820758102,80.27621666865957,90.29774004543823,99.35310295348559,100.0
59,UniDepthV2,83630,0.25455875636678116,0.18620672326641835,0.17326715251066177,0.15229396484009344,0.06060392391414401,0.48058113117302403,0.03228506516800191,0.1709912710749731,12.102116465383235,100.0
59,MoGe-2,83630,0.03256067872522225,0.04184893799861038,0.02479163062843648,0.0157104313926672,0.05349615661525874,0.9937103910080115,43.92203754633505,72.00884849934234,99.14743513093389,100.0
59,DA3,83630,0.12344303542255185,0.10067334176067873,0.07868236316959251,0.06766465280228717,0.12032923901976393,0.9251823508310415,6.736816931723066,13.92921200526127,85.02331699151023,100.0
59,BridgeDepth (RVC),83630,0.08111534122578634,0.08665765521500436,0.06298567692183862,0.038824484181598784,0.052485921298862384,0.9788473035991869,1.3751046275260075,10.712662920004783,96.44266411574793,100.0
59,BridgeDepth (Mid.),83630,0.08144914475856622,0.08766929511111902,0.06334671832626662,0.03879910055963409,0.052776134333430355,0.9763721152696401,1.2997728088006695,9.64964725576946,96.4115747937343,100.0
59,DEFOM-Stereo,83630,0.08413936532382232,0.09005137325366165,0.06550918139969622,0.0385171285597416,0.05466033417116399,0.975487265335406,1.3751046275260075,8.109530072940332,96.30395790984096,100.0
59,FoundationStereo,83630,0.08209394196363495,0.08594538499204865,0.06358110760396857,0.03901642602485167,0.05061650813190767,0.9790266650723425,1.1168241061819921,8.01984933636255,96.56821714695684,100.0
59,S2M2,83630,0.08451634435842767,0.09025825982882812,0.06553618649337437,0.04060987004254224,0.05320747756650629,0.9780820279803898,1.268683486787038,6.189166567021403,96.27286858782733,100.0
59,SGBM,83630,0.08535402588042228,0.08557694044986519,0.0653449014665868,0.042592823357892495,0.056206341074926,0.9826975965562598,1.0032285065168,6.154490015544662,96.79062537366974,100.0
60,RealSense D435i,90077,0.013432100322202921,0.010984470341271618,0.006723450043525163,0.004972467371536504,0.01915803902085857,0.9991562774071072,83.47080830844722,94.27045749747438,99.88121274021115,100.0
60,UniDepthV2,90077,0.32376382778310153,0.15997756472343103,0.15760063973675542,0.15487370974120218,0.04063976201136383,0.09471896266527527,0.0,0.0,1.4820653440944969,100.0
60,MoGe-2,90077,0.06916609479721647,0.035524534207312296,0.03340645315738521,0.035444508219616755,0.02587105307375663,0.9999222887085494,3.9344116700156535,12.806820831066753,99.94338177337167,100.0
60,DA3,90077,0.2019732308862167,0.10047950383857793,0.09573254251861762,0.09687981602032758,0.06180106021873889,0.7876816501437659,1.0291195310678642,1.9860785772172695,40.67742042918836,100.0
60,BridgeDepth (RVC),90077,0.03268295189834099,0.020534966549019155,0.016708243280053436,0.014762060541926747,0.022491707614230857,0.9991340741809785,15.362412158486627,72.81214960533765,99.88121274021115,100.0
60,BridgeDepth (Mid.),90077,0.032780626101815785,0.020378365086031674,0.016735765502752794,0.014844081489670202,0.021623207969131635,0.9992006838593648,14.191191980194723,72.92427589728787,99.88676354674334,100.0
60,DEFOM-Stereo,90077,0.03572556857295743,0.022134966933826924,0.018241240450674132,0.016337484274042913,0.02353767131189738,0.9991895822463004,11.97642017385126,59.222665053232234,99.89231435327554,100.0
60,FoundationStereo,90077,0.03309383842977527,0.020743493942318277,0.016941431573158097,0.0148789286646267,0.02097332289917773,0.999089667728721,13.680517779233323,74.02000510674202,99.88676354674334,100.0
60,S2M2,90077,0.03436920287243207,0.021433140997485993,0.01760477317192156,0.015538028277816918,0.021702364365851115,0.9991562774071072,13.381884387801549,69.86356117543879,99.8912041919691,100.0
60,SGBM,90077,0.04069506812743562,0.02652489940723859,0.02064488466294384,0.017499101725850785,0.030765956850359485,0.9960478257490814,8.125270601818444,52.17869156388423,99.19735337544545,100.0
61,RealSense D435i,68496,0.01589630129076379,0.01277847454065476,0.007287562362690442,0.004517768598699512,0.027071645253835704,0.9988320485867788,75.80004671805652,91.2943821537024,99.7693295958888,100.0
61,UniDepthV2,68496,0.3932843508659135,0.18274718604327034,0.179428356956529,0.17629471203864233,0.0838835521568867,0.10972903527213268,0.0,0.0,1.2920462508759636,100.0
61,MoGe-2,68496,0.13628188672557612,0.06714079535402245,0.06417780164951949,0.059462578639737196,0.036544502402671035,0.9668739780425134,0.06277738846064004,0.173732772716655,91.60534921747255,100.0
61,DA3,68496,0.1984914954430176,0.09558981674440485,0.08634396385747281,0.08766638194670129,0.1138545137099289,0.7802353422097641,5.585727633730437,10.680915673907966,42.52657089465078,100.0
61,BridgeDepth (RVC),68496,0.033520523253329174,0.02021831275960227,0.016781304917433248,0.012836694943077875,0.023075497478615984,0.9997226115393599,15.341041812660594,68.39377481896753,99.96204157907032,100.0
61,BridgeDepth (Mid.),68496,0.034065074804853476,0.02047150520823993,0.017052211789667364,0.01315190933107041,0.023124392565662767,0.9997080121466947,14.486977341742582,66.1016701705209,99.9503620649381,100.0
61,DEFOM-Stereo,68496,0.0347223863193726,0.021400171195084,0.017475100677345538,0.013121533854913325,0.023086064985570393,0.9995766176127073,13.45480028030834,66.00969399672974,99.93722261153935,100.0
61,FoundationStereo,68496,0.03444248063393027,0.02081479023742506,0.017314359113481895,0.01300249097053785,0.02343318911544521,0.9997226115393599,13.828544732539127,65.66806820836253,99.95912170053725,100.0
61,S2M2,68496,0.03491805255849515,0.020949854097861553,0.017555834767306936,0.013646350444679711,0.023070776242654627,0.9998248072880168,13.954099509460407,63.11025461340808,99.96934127540294,100.0
61,SGBM,68496,0.038083297417409415,0.029403497977510726,0.01933958064086238,0.01395757987163121,0.046148368779604224,0.9964815463676711,14.457778556412054,61.4371642139687,99.45690259285213,100.0
62,RealSense D435i,69657,0.025571551679801807,0.02260786713191785,0.011697800712051802,0.009168063325515563,0.0437870859890737,0.99305166745625,42.132161878920996,89.24874743385446,99.25922735690598,100.0
62,UniDepthV2,69657,0.5017016196109805,0.22176957474519352,0.21402821433364705,0.19944214637430346,0.11978593942737077,0.02251030047231434,0.0,0.0,0.49097721693440716,100.0
62,MoGe-2,69657,0.16432214939237488,0.07776567265497861,0.06954477171390483,0.061993561770307126,0.07800324024261314,0.9354551588497926,0.04450378282153983,0.1665302841064071,80.99832034109996,100.0
62,DA3,69657,0.25762602155304254,0.12510036563228377,0.10538568692699932,0.08260306712026944,0.15234598657024206,0.7478932483454642,1.1398710825904073,2.5568141033923366,51.598547166831764,100.0
62,BridgeDepth (RVC),69657,0.024569082005773287,0.02360836435472217,0.010797402754698763,0.00692885810822641,0.04720575533440912,0.9955209095998966,57.085432906958374,88.23233845844639,99.49323111819344,100.0
62,BridgeDepth (Mid.),69657,0.025225859486620855,0.024263727358989486,0.011046529578477989,0.007138561136209254,0.04849106620066804,0.9953486368922003,55.57086868512856,88.00551272664629,99.4716970297314,100.0
62,DEFOM-Stereo,69657,0.025151065839660088,0.02239952060006409,0.011163931708275947,0.007390167866637154,0.045140247568273326,0.9958798110742639,53.18776289532997,85.89373645146934,99.52481444793774,100.0
62,FoundationStereo,69657,0.023869693938363808,0.022499481604815172,0.010620543139217566,0.006851023079509244,0.04497566904048581,0.995549621717846,57.19741016696097,88.26966421178058,99.51045838896306,100.0
62,S2M2,69657,0.02489040168704107,0.02361271370203411,0.010929339893568705,0.007285292992295411,0.04716636923177272,0.9953342808332256,55.36127022409808,88.3098611769097,99.46882581793646,100.0
62,SGBM,69657,0.028647781735282776,0.025346401446525075,0.01318240676641183,0.008161010643896183,0.05043292993640442,0.9927789023357309,49.25707394805978,79.4019265831144,98.97641299510458,100.0
63,RealSense D435i,73384,0.02154284720683615,0.034080852664948515,0.009810411472413004,0.00568878503329337,0.06550908748996391,0.9924915512918348,70.49493077510084,92.61146843998692,99.19737272429957,99.99863730513464
63,UniDepthV2,73384,0.4605170462372383,0.20635008473503577,0.19898523006633734,0.18762437826961698,0.0991515750355529,0.023165812711217704,0.0027253897307314948,0.0027253897307314948,0.48239398233947456,99.66886514771612
63,MoGe-2,73384,0.14241416849519126,0.06952683760982292,0.06179655508707372,0.05669745305768015,0.06265778792712043,0.9761800937534068,0.24255968603510303,1.2141611250408808,91.70663904938407,100.0
63,DA3,73384,0.31798041568527885,0.14974882272123502,0.13332367041275184,0.1096492688995983,0.1397101315335932,0.4630437152512809,0.03270467676877793,0.14172026599803772,10.280170064319199,100.0
63,BridgeDepth (RVC),73384,0.03198466988072936,0.025665360472036224,0.014190242226317944,0.01141867160640836,0.04435021830224083,0.9978741960100295,21.890330317235364,74.39768886950834,99.78333151640685,100.0
63,BridgeDepth (Mid.),73384,0.032500360682179076,0.025783402940593895,0.01434319802377077,0.011849009160903201,0.044200974192774106,0.9979423307532977,21.521040008721247,72.90144990733674,99.79287038046441,100.0
63,DEFOM-Stereo,73384,0.03351991505962777,0.023051662631189566,0.014846416994890812,0.012736178460109104,0.03699769212610767,0.9984601548021367,19.985282895454052,67.01052000436061,99.79014499073368,100.0
63,FoundationStereo,73384,0.03099277776233764,0.02414529516375034,0.013817667588526195,0.01126231166330921,0.04124260921151877,0.998092227188488,24.427668156546385,74.85827973400197,99.8010465496566,100.0
63,S2M2,73384,0.031934674657667535,0.024781159738584014,0.014183300163632707,0.0117174951894512,0.04243214303643167,0.998092227188488,22.15741851084705,73.97797885097569,99.80786002398344,100.0
63,SGBM,73384,0.03841275832056186,0.030898282195757288,0.01699764683488063,0.013099231840057124,0.055122605885261834,0.9957483920200588,19.111795486754605,63.56699007958137,99.5625749482176,100.0
64,RealSense D435i,71558,0.025912652241945392,0.02381198014727805,0.011977458582676057,0.010037999503744816,0.04502452062786437,0.9909583834092625,41.67109198132983,89.16263730121021,99.0413370971799,100.0
64,UniDepthV2,71558,0.35951435758976014,0.17504706871801629,0.16867229652279353,0.15495339947448367,0.07174944057299021,0.06607227703401436,0.0,0.0,1.1333463763660248,100.0
64,MoGe-2,71558,0.03368938970020454,0.023971574898961675,0.016049264527722297,0.014484411417912013,0.0413121387785675,0.9882333212219458,25.89228318287263,68.7260683641242,98.77442074960172,100.0
64,DA3,71558,0.2279990548772524,0.11253816669967491,0.10320460793845215,0.09301365457679056,0.09074214597778217,0.7728136616450991,0.033539226920819475,0.4667542413147377,38.59247044355627,100.0
64,BridgeDepth (RVC),71558,0.02442232288540992,0.018437607987165063,0.012093530551978161,0.008900988380766084,0.030869802693970574,0.9970094189328936,49.0245674837195,81.97266553005953,99.6436457139663,100.0
64,BridgeDepth (Mid.),71558,0.02505558827455408,0.01875563399723146,0.012424765632346601,0.009040192104344424,0.031435111569302135,0.9968836468319405,48.31605131501719,80.49554207775512,99.61988876156404,100.0
64,DEFOM-Stereo,71558,0.02454221620691844,0.01814391219460584,0.012123522170267907,0.008678132514473913,0.02778644993743903,0.9968976215098242,50.03353922692082,81.88043265602728,99.65342798848486,100.0
64,FoundationStereo,71558,0.023955144683791677,0.017182788467663995,0.011884837199875466,0.009300192518532147,0.02754826798104881,0.9977780262164957,46.82774812040583,83.43581430448029,99.74007099136365,100.0
64,S2M2,71558,0.024598589990354,0.017444659117560355,0.012039853054975212,0.009461236977618748,0.02843326387655373,0.997805975572263,46.3218647810168,82.77900444394757,99.75823807261243,100.0
64,SGBM,71558,0.04483274130470547,0.03529589857976907,0.022167371626586364,0.012541338057188656,0.05817402338207611,0.9819586908521759,29.000251544201905,65.60971519606473,96.27295340842393,100.0
65,RealSense D435i,54162,0.017547065301981,0.011701689125984755,0.007624474976655942,0.006103451208100519,0.025323140914339463,0.9972674568885935,72.79827185111333,93.96255677412208,99.62150585281194,100.0
65,UniDepthV2,54162,0.5098814640817345,0.22592304900723653,0.22227163801672734,0.21690864608329513,0.07339929005346915,0.008585355045973192,0.012924190391787601,0.02215575495735017,0.12370296517853845,100.0
65,MoGe-2,54162,0.12838923944024802,0.0577745325572616,0.054822059747345844,0.0484030629516819,0.0459340775218248,0.9472323769432444,0.5483549351944167,2.1361840404711794,86.9576455817732,100.0
65,DA3,54162,0.2619284208828944,0.1261737374047863,0.10689858168136288,0.0911656688973137,0.1640868494911189,0.6638602710387357,2.93748384476201,5.21398766662974,34.41342638750415,100.0
65,BridgeDepth (RVC),54162,0.035205568662948564,0.01939331427143,0.016017593691391843,0.013067772640667552,0.027504286385570568,0.9966397104981353,13.705180754034194,68.56836896717256,99.61412060115948,100.0
65,BridgeDepth (Mid.),54162,0.03422482797275319,0.018866343435944583,0.015582814851809772,0.012765448011920089,0.02755660958912092,0.9959196484620213,14.62833721059045,69.88479007422178,99.56057752667921,100.0
65,DEFOM-Stereo,54162,0.03576390979092644,0.01977638402643161,0.01631331798435321,0.013493229190813916,0.028117572901724435,0.996307374173775,11.201580443853624,67.10793545290056,99.58827222037591,100.0
65,FoundationStereo,54162,0.03333082155564169,0.018270885881550913,0.015207893275496792,0.012504599334396238,0.025289425932454795,0.9969720468224955,16.10354122816735,71.23813743953326,99.66581736272664,100.0
65,S2M2,54162,0.035227503990929755,0.019239488719103887,0.01603034016242144,0.012950471063764901,0.02687611423255376,0.9962889110446439,13.983974003914184,66.88822421624016,99.60304272368082,100.0
65,SGBM,54162,0.038009837055915215,0.02147302496059224,0.01735687996504452,0.01443809981623384,0.031320004372096644,0.996159669140726,13.038661792400577,60.29319449060226,99.54580702337432,100.0
66,RealSense D435i,73809,0.016227701157930846,0.012881760946012621,0.007401135205864407,0.004665730139666313,0.027938903516584068,0.9974799821160021,77.88887534040563,91.90342641141325,99.61793277242613,100.0
66,UniDepthV2,73809,0.5074629889584558,0.232378917383769,0.22911889636618316,0.2223508119930766,0.06655205194424033,0.009687165521819831,0.0,0.0,0.22896936687937783,100.0
66,MoGe-2,73809,0.12987070712213153,0.06000327700423064,0.05837130195535396,0.05607680618216959,0.030868844296670396,0.9940386673711878,0.04606484304082158,0.29400208646642007,94.64699426899159,100.0
66,DA3,73809,0.38141140792393735,0.17795642201708167,0.1703283712148488,0.15516237643239672,0.09264885086535957,0.08920321370022626,0.0013548483247300465,0.06909726456123237,6.048042921594927,100.0
66,BridgeDepth (RVC),73809,0.03959072582456515,0.021145873418827645,0.018409223982329418,0.01635364965646735,0.022379182665993914,0.9998374182010324,10.315815144494573,53.84302727309678,99.97425788183013,100.0
66,BridgeDepth (Mid.),73809,0.03867263739589605,0.02083755035231863,0.018070101481356956,0.016111302248244308,0.022302605073426032,0.9998509666842796,10.77646357490279,54.79819534203146,99.97561273015486,100.0
66,DEFOM-Stereo,73809,0.04011643102374758,0.021712127959546208,0.01873496692540683,0.01639385414493033,0.022742547040400164,0.9998780636507743,10.260266363180643,52.939343440501844,99.97832242680433,100.0
66,FoundationStereo,73809,0.038093449263455426,0.020534826208240344,0.01780429182480577,0.01543895438727294,0.022298978395205168,0.999864515167527,10.882141744231735,56.73427359807069,99.98103212345379,100.0
66,S2M2,73809,0.03932753594892743,0.02085633902051353,0.018322069521637112,0.01596914446779174,0.021524454206959368,0.9999458060670108,8.142638431627578,55.04884228210651,99.99187091005162,100.0
66,SGBM,73809,0.047157889776595616,0.02909381981152519,0.02197557502222886,0.01809793853872832,0.03906000626203518,0.9922096221328023,9.990651546559363,43.4323727458711,98.41482746006585,100.0
67,RealSense D435i,74389,0.023916981218716896,0.016023770624935176,0.011002147013083967,0.00983000970838993,0.030621602705277057,0.9955504174004222,43.42308674669642,91.84960141956472,99.44615467340601,100.0
67,UniDepthV2,74389,0.49909123941098976,0.23016217711365264,0.22686915220727383,0.22000203005175167,0.0738888830124002,0.01239430560970036,0.0,0.0,0.3347269085483069,100.0
67,MoGe-2,74389,0.1278301364194543,0.0600285561918996,0.057596364115463865,0.05590603461019206,0.03689523986270844,0.9836131686136391,1.9196386562529408,3.448090443479547,94.01793275887565,100.0
67,DA3,74389,0.27857282286733936,0.1332419258665573,0.12449350808801829,0.11595939296712032,0.09561802313134148,0.4077215717377569,2.0769199747274465,3.6241917487800617,16.607294089179852,100.0
67,BridgeDepth (RVC),74389,0.02645151961764514,0.015042518336706789,0.012474984997140028,0.01128066228548752,0.021118169961934632,0.9999865571522671,29.71003777440213,84.75043353183939,99.99327857613358,100.0
67,BridgeDepth (Mid.),74389,0.02680349683807727,0.01528190385047136,0.012653035948899525,0.011535393114240233,0.021801463215973472,0.9999193429136028,27.532296441678206,84.52593797470055,99.97849144362742,100.0
67,DEFOM-Stereo,74389,0.028588237341923353,0.016379737444017682,0.013510044646780564,0.011735676838481313,0.022932974180477936,0.9999462286090686,24.54260710588931,81.17194746535105,99.89783435723024,100.0
67,FoundationStereo,74389,0.02626670877668193,0.015227799950440898,0.01247955491366853,0.011181150524137484,0.021610983634530918,0.9999865571522671,30.1765045907325,85.90114129777253,99.92740862224252,100.0
67,S2M2,74389,0.027236194829258473,0.015702141965801563,0.012931615880409194,0.011459458124811639,0.021185624994535784,0.9999865571522671,28.22729166946726,82.76089206737555,99.91262148973638,100.0
67,SGBM,74389,0.036524377561417395,0.026574912885782308,0.01740017595647872,0.013584908445793964,0.04501395166662003,0.9954294317708263,22.95635107341139,69.97674387342214,98.85198080361344,100.0
68,RealSense D435i,66972,0.02424144985403309,0.01603164876567931,0.011104102736564833,0.00915612465372137,0.029207071353562694,0.9995968464432897,45.97145075553963,88.12488801290091,99.88502657827152,100.0
68,UniDepthV2,66972,0.5706486046845561,0.2580742823430467,0.2538832673755414,0.24621694128745258,0.08995685293908007,0.011303231201098966,0.0,0.0,0.7017858209400943,100.0
68,MoGe-2,66972,0.144304830708688,0.0664497886819226,0.06332389661306913,0.06096373509286329,0.047345172579378335,0.9575942184793645,1.6484500985486472,4.195783312429075,86.62874036910948,100.0
68,DA3,66972,0.37324253067491314,0.17403318841813525,0.16827010699983097,0.1531811814681407,0.07352891094736137,0.05842740249656573,0.0014931613211491368,0.02389058113838619,1.5095860956817775,100.0
68,BridgeDepth (RVC),66972,0.025369609874629936,0.015302115130446176,0.01172564291425604,0.009756690835284965,0.02503585747261881,0.9993728722451174,42.45953532819686,82.5270262199128,99.90593083676761,100.0
68,BridgeDepth (Mid.),66972,0.026103061386396554,0.015515125569227139,0.012081422683973803,0.010492649163494905,0.02539504114485961,0.9994027354715403,38.19805291763722,81.91184375559935,99.90742399808875,100.0
68,DEFOM-Stereo,66972,0.027155700410916358,0.016102464965209593,0.012582580867082397,0.010850881593996164,0.024867283120034604,0.9992683509526369,36.3286149435585,79.20324911903482,99.87009496506003,100.0
68,FoundationStereo,66972,0.02511064039380149,0.01501914911497846,0.011616779348883909,0.009852556604880547,0.023536046682787474,0.9995669832168668,41.1664576240817,83.0526190049573,99.89249238487726,100.0
68,S2M2,66972,0.02629443349843275,0.015719601932514593,0.012130928026878391,0.010341184599034436,0.024397460643078975,0.9994027354715403,38.69378247625874,81.40416890640864,99.88801290091381,100.0
68,SGBM,66972,0.033380544037676346,0.02087440643547202,0.015479464946266197,0.012114946206081834,0.03614169171051948,0.9997013677357701,32.977960938899834,68.86609329271934,99.54607895837067,100.0
69,RealSense D435i,75579,0.02129946865385382,0.01474784413187423,0.010080315296040098,0.006965781837915963,0.02867956107324001,0.9992458222522129,61.59250585480094,84.4745233464322,99.91267415551938,100.0
69,UniDepthV2,75579,0.3388901859662805,0.16286610519434094,0.1601912891726815,0.16016098300394466,0.061048637339007214,0.1395625769062835,0.0,0.0,5.586207809047487,100.0
69,MoGe-2,75579,0.08856809469744022,0.04519335275013968,0.04170039171997174,0.04087202455986694,0.03521683686861331,0.9979756281506768,6.860371267150928,10.690800354595853,98.76949946413687,100.0
69,DA3,75579,0.2333145392697522,0.11311468933532522,0.1085989683360706,0.11178651540256601,0.0702007696539946,0.5057754138054221,0.3863507058839095,1.4170602945262571,28.865160957408804,100.0
69,BridgeDepth (RVC),75579,0.038924991407780246,0.02260854420831311,0.01944273691792776,0.017804819298230856,0.026775931579821957,0.999920612868654,12.66886304396724,52.882414427288005,99.9563370777597,100.0
69,BridgeDepth (Mid.),75579,0.03883728587616721,0.02255279970993994,0.019387631702723684,0.017822497581695962,0.027396495714021016,0.9999073816800963,13.16635573373556,52.82022784106696,99.9404596514905,100.0
69,DEFOM-Stereo,75579,0.040869853539809514,0.02429014240942948,0.02042914942273699,0.01874457891400305,0.02624589764342276,0.999801532171635,14.347900871935327,49.317932229852204,99.86107252014449,100.0
69,FoundationStereo,75579,0.03791358698201837,0.02226603479041083,0.01903058496108702,0.01754634232714436,0.025188718546091452,0.9998676881144233,14.428611122137102,54.62099260376559,99.9563370777597,100.0
69,S2M2,75579,0.03913208521641089,0.022616474697906883,0.019572399413795852,0.01821498651972364,0.024658636135003815,0.9999073816800963,12.039058468622237,50.72308445467656,99.960306434327,100.0
69,SGBM,75579,0.0560874307275805,0.03654620470341597,0.027636490474629828,0.02265211936089262,0.052615549846814,0.9868085050080049,11.876314849362918,41.48506860371267,96.3243758186798,100.0
70,RealSense D435i,78918,0.021384739829330462,0.013584860034591915,0.010619576877439132,0.009388959857361101,0.023497084301792637,0.999442459261512,46.104817658835756,90.21769431561874,99.94044451202514,100.0
70,UniDepthV2,78918,0.29925585450651143,0.14788492235530595,0.14529619963532212,0.1434715128304757,0.05631105519475739,0.17211536024734533,0.0,0.0,8.441673635925898,100.0
70,MoGe-2,78918,0.07240613671984573,0.03685224293580081,0.03402189531505338,0.03554655782730859,0.034594082395465825,0.9988722471426037,11.471400694391647,14.466915025722901,99.18396310094022,100.0
70,DA3,78918,0.10015917131790995,0.05272535867545569,0.04621469059926598,0.049669738331379665,0.06872288536858966,0.9731113307483718,8.543044679287362,19.295978103854633,95.47885146607872,100.0
70,BridgeDepth (RVC),78918,0.038058358524025226,0.022157378104477224,0.019532786596053137,0.018553633560687066,0.019222532304643696,0.9999366430978991,9.41483565219595,53.59740490128995,99.98732861957981,100.0
70,BridgeDepth (Mid.),78918,0.03879869717787584,0.02252881212764215,0.019905552290076834,0.01925706990884235,0.018882979433479812,0.9999113003370588,8.393522390329203,52.3264654451456,99.97972579132771,100.0
70,DEFOM-Stereo,78918,0.03971717416235088,0.022934131226929073,0.020315132851378037,0.018820273016216083,0.01851551184974075,0.9998479434349578,8.132491953673433,51.61686814161535,99.9442459261512,100.0
70,FoundationStereo,78918,0.03716424082246255,0.021674355728473874,0.019002761475087834,0.017811126042666825,0.019508920756780828,0.9997465723915964,11.509414835652196,56.227983476519924,99.96071872069743,100.0
70,S2M2,78918,0.04084897329350489,0.0238054596156337,0.020792014568581856,0.01979439367771152,0.023142466057556,0.999581844446134,8.208520236194532,50.078562558605135,99.94678020223523,100.0
70,SGBM,78918,0.055602152546498376,0.039155963009306446,0.028156322206349154,0.020937808857027562,0.0499569908286844,0.9746952533008946,8.280747104589574,43.248688512126506,94.30168022504371,100.0
71,RealSense D435i,84826,0.01990496521014371,0.01846513820093208,0.010165703772493193,0.008085103048075165,0.01996708958012979,0.9999882111616721,54.961922052200975,92.9078348619527,99.99646334850163,99.9988211161672
71,UniDepthV2,84826,0.3504568592774044,0.17001706345669199,0.16770010902783125,0.1656245697562233,0.051169113296312664,0.0850564685355905,0.0,0.0,1.5655577299412915,100.0
71,MoGe-2,84826,0.037649115650730786,0.019843116202953787,0.01707834873892483,0.01851197378457481,0.03039445902393446,0.9999764223233443,28.240162214415392,48.80579067738665,99.99410558083606,100.0
71,DA3,84826,0.09380356956163617,0.04950448263909207,0.043001946491960805,0.04278858326053275,0.07569118343672894,0.9755853158229788,8.64121849432957,19.113243580977528,94.59010209133993,100.0
71,BridgeDepth (RVC),84826,0.03346965452133038,0.019199932639779836,0.01658918227115556,0.014976502643972878,0.020088365175610225,0.9999764223233443,19.218164242095582,64.96946690873081,99.99528446466886,100.0
71,BridgeDepth (Mid.),84826,0.03347779208730834,0.019191550852757873,0.016579321892592994,0.014891838856818496,0.01981897930474911,0.9999764223233443,18.787871643128288,65.66029283474406,99.96817013651474,100.0
71,DEFOM-Stereo,84826,0.03410847636639598,0.019419235559511958,0.016863260043887326,0.015853414189205828,0.01866174092292026,0.9999764223233443,18.284488246528188,59.1599273807559,99.9728856718459,100.0
71,FoundationStereo,84826,0.03231448025382612,0.018583801567283672,0.016055511285198883,0.014811189885989895,0.01886464353006883,0.999728856718459,19.299507226557893,66.1047320397048,99.96699125268196,100.0
71,S2M2,84826,0.0349335638470113,0.02024689324674601,0.017305652799234742,0.015585897005491178,0.02169087113860706,0.9997524343951147,17.377926579114895,61.23240515879566,99.96581236884917,100.0
71,SGBM,84826,0.04162619782976141,0.02610178705538931,0.0205008691860122,0.018285012514501486,0.023086678570479517,0.9998231674250819,8.66951170631646,44.76104024709405,99.889184919718,99.99292669700328
72,RealSense D435i,74208,0.013636353450522816,0.012138106895710115,0.006449435536052241,0.004046724857985851,0.023611178660308638,0.998099935316947,83.0678633031479,94.86982535575679,99.65232858990944,100.0
72,UniDepthV2,74208,0.2753267351244168,0.12847959181912616,0.12398291407416567,0.1259164826151225,0.06528163223883111,0.2917744717550668,0.10376239758516602,0.31263475636050025,12.04991375592928,100.0
72,MoGe-2,74208,0.10593337613777219,0.05094191515915933,0.04794032462026938,0.045890238810998796,0.03425800511206905,0.9900954075032341,0.9945019404915912,3.8216903837861147,97.82772746873653,100.0
72,DA3,74208,0.21832202429343156,0.10250228701129996,0.0970202744714068,0.0974817742819365,0.0707966881244676,0.70623113410953,1.5833872358775334,3.4430250107805085,31.258085381630014,100.0
72,BridgeDepth (RVC),74208,0.03550487907720662,0.01908712182205175,0.01670841525190023,0.015438340408937323,0.019687522281943433,0.9990836567485986,11.82487063389392,60.55411815437689,99.87871927554981,100.0
72,BridgeDepth (Mid.),74208,0.03786900446583889,0.021723274508291125,0.01769923826832078,0.015440767196149952,0.027508789148013878,0.9983559724018973,12.444749892194912,60.07169038378611,99.21437041828375,100.0
72,DEFOM-Stereo,74208,0.035801023125627704,0.01908226246825164,0.016790114363933226,0.015317222163424293,0.0192192723432397,0.9994879258300992,10.812850366537301,60.718520914187145,99.92588400172488,100.0
72,FoundationStereo,74208,0.034953184252404644,0.018756887686309426,0.016471638404996984,0.014983765306510688,0.020125171534394283,0.9993262181974989,11.532449331608452,63.90955153083225,99.91779862009487,100.0
72,S2M2,74208,0.03679599514605929,0.019730096966888995,0.01735065382891737,0.015569742388616414,0.020845607775658494,0.9990567054764985,10.245526088831394,58.41553471323846,99.84368262181975,100.0
72,SGBM,74208,0.0479895553503122,0.03810230465204397,0.023155379321746078,0.017729851995104795,0.0694370413078157,0.9862683268650281,8.682352307028891,41.7502156101768,98.38427123760242,100.0
73,RealSense D435i,75644,0.016624884721403926,0.017309014559071512,0.007783605789318228,0.00447021773482581,0.032326644698770786,0.9968140235841574,76.90100999418328,92.62862884035746,99.67082650309344,100.0
73,UniDepthV2,75644,0.23222036380401218,0.10674790656948019,0.10288809740889632,0.10220445997270411,0.05945356239214278,0.6857384590978796,0.1269102638675903,0.2273808894294326,17.637882713764476,100.0
73,MoGe-2,75644,0.18352363160535376,0.08676136695714094,0.08313128647964223,0.07771732285093885,0.04422811398791105,0.9223864417534768,0.006609909576436995,0.007931891491724394,70.87938237004919,100.0
73,DA3,75644,0.15082142871745666,0.07290313298868566,0.06594298706734361,0.06269821325260422,0.07897245331512995,0.8833615356141928,2.904394267886415,6.344191211464227,79.20390249061393,100.0
73,BridgeDepth (RVC),75644,0.031120799519481143,0.017077447906684275,0.014470427401403013,0.013580167580468316,0.019672859057996903,0.9995108666913437,19.529638834540744,73.89085717307388,99.94051081381207,100.0
73,BridgeDepth (Mid.),75644,0.031493952250750926,0.01785765160330227,0.014663282174340589,0.013749201629966235,0.021703849332155183,0.9992332504891334,19.656549098408334,72.69049759399292,99.89952937443816,100.0
73,DEFOM-Stereo,75644,0.033151326066955256,0.01787635591325515,0.015349137643600505,0.014077322913867485,0.01868605571805246,0.9994051081381207,14.989952937443816,68.64787689704404,99.92729099465919,100.0
73,FoundationStereo,75644,0.03096479930677379,0.01677351056494325,0.014345139789368336,0.01357825715343497,0.019538464542352644,0.999471207233885,18.72455184813072,75.0211517106446,99.93522288615092,100.0
73,S2M2,75644,0.03203857168022416,0.01771565005155474,0.01488761378168829,0.013892707211366817,0.021455932792481633,0.9993390090423563,18.10189836603035,71.22706361376976,99.92332504891334,100.0
73,SGBM,75644,0.03754805146988192,0.02477894101677481,0.017719549056484492,0.015488673648094309,0.032921425047950814,0.9944080164983343,15.521389667389352,55.78367087938238,99.35222886150918,100.0
74,RealSense D435i,59380,0.020739555161674632,0.021417137706179274,0.009705667349186313,0.005173223999390575,0.053166144695799576,0.9827888177837656,72.73997979117549,92.66082856180532,98.16268103738632,100.0
74,UniDepthV2,59380,0.3098508335708461,0.15040925770771854,0.1448354559934539,0.14883355159602174,0.08470485907462011,0.23763893566857527,0.1330414280902661,0.21892893230043786,13.964297743347927,100.0
74,MoGe-2,59380,0.1787877224772439,0.08918151104914789,0.08487517013985536,0.08453742352494764,0.059627802337966676,0.9007578309195016,0.44122600202088247,0.7308858201414618,68.36645335129673,100.0
74,DA3,59380,0.15208475400593266,0.0790046033075922,0.0699934931757431,0.06173630933804691,0.08619345143209288,0.8496631862579993,3.339508251936679,8.147524418996294,75.62310542270124,100.0
74,BridgeDepth (RVC),59380,0.03681818427060171,0.023694766550504936,0.018049050247736478,0.015420899380104602,0.0454481004824466,0.9896934994947794,18.647692825867296,65.07409902324015,98.86998989558774,100.0
74,BridgeDepth (Mid.),59380,0.03698665894749897,0.02376058169801371,0.0181489233827169,0.015555391376605499,0.04502530797756387,0.9900639946109802,18.403502862916806,64.15628157628831,98.89019872010778,100.0
74,DEFOM-Stereo,59380,0.040350550285198586,0.02521059728920491,0.019779493454292335,0.017643814048258988,0.04558130382147584,0.9889019872010778,10.276187268440552,57.9016503873358,98.76726170427753,100.0
74,FoundationStereo,59380,0.0382608607274224,0.024137308649641073,0.018892747606264245,0.016401044105141815,0.04400926834793772,0.9907713034691815,12.35938026271472,63.40518693162681,98.96429774334793,100.0
74,S2M2,59380,0.038940684918069034,0.024342836975423485,0.019128740141522736,0.016713674075359175,0.04443632521418929,0.9907039407207814,12.718086897945435,60.261030650050515,98.94408891882789,100.0
74,SGBM,59380,0.050868234262534166,0.03220209230459135,0.02496804990766153,0.02061771528656664,0.054115033256044755,0.9921185584371842,11.151902997642303,39.63792522734927,98.53991242842707,100.0
75,RealSense D435i,75455,0.020299238301204045,0.016088501358669426,0.009447094434971966,0.007258088973675247,0.029134441522872204,0.9983566364058047,57.64892982572394,91.36836525081175,99.83433834735935,100.0
75,UniDepthV2,75455,0.39734035011775015,0.181178348113178,0.1749656977485534,0.16565078330120253,0.08607562040257248,0.021098668080312768,0.0,0.0,0.5592737393148234,100.0
75,MoGe-2,75455,0.19097310226865732,0.08974113050321475,0.0838254504165928,0.07728294494193455,0.06541526806872897,0.8607381883241667,0.02385527798025313,0.13120402889139224,71.39089523557087,100.0
75,DA3,75455,0.15094244359688147,0.09494213359947655,0.0612114123576873,0.03517016964881592,0.17225000665298335,0.8706248757537606,7.906699357232788,14.340997945795507,82.36432310648732,100.0
75,BridgeDepth (RVC),75455,0.03317738420565861,0.030151379606458258,0.014743504739647901,0.01118200872875108,0.053231358104982196,0.9954542442515406,26.098999403618052,82.01709628255252,99.53747266582731,100.0
75,BridgeDepth (Mid.),75455,0.03264413555618037,0.028952065169263262,0.014546925946928963,0.011138981091211031,0.05095730126982771,0.9958120734212444,26.62116493274137,81.80239878073023,99.57458087601881,100.0
75,DEFOM-Stereo,75455,0.03313047752780969,0.02824921165689287,0.014814628084905584,0.011806939700645835,0.04805773197971799,0.9964084553707507,23.20986018156517,78.82579020608308,99.63421907096945,100.0
75,FoundationStereo,75455,0.032832950547828296,0.02933276714387594,0.014657611736405169,0.010964296130294926,0.05105017909555986,0.9955337618448081,26.37200980716984,81.83553111125836,99.53879795904844,100.0
75,S2M2,75455,0.032864274072743616,0.02892905071349208,0.014615636013184333,0.011206297446496372,0.05037754287508802,0.9959578556755683,25.1646676827248,81.4167384533828,99.58650851500894,100.0
75,SGBM,75455,0.03875793572005874,0.03390981050720984,0.017282910426829615,0.012824773996365724,0.05798090573941652,0.9949241269630906,22.939500364455636,67.85368762838779,99.4685574183288,99.99734941355774
76,RealSense D435i,74978,0.02490175818149265,0.01812746795712201,0.011754000178443177,0.009581877889514034,0.03502726810558931,0.9983061698098109,43.43807516871615,88.02048600922937,99.82394835818506,100.0
76,UniDepthV2,74978,0.20542868893099103,0.09807075747467964,0.09246189378462297,0.08957832743465888,0.07298170202233441,0.814799007708928,0.2680786364000107,1.6951639147483262,44.73578916482168,100.0
76,MoGe-2,74978,0.22506122081658264,0.10749680676790546,0.10360672360459641,0.0978493175460261,0.061693244929842475,0.7354957454186561,0.0,0.008002347355224199,32.18277361359332,100.0
76,DA3,74978,0.09069264723194034,0.05767488337188634,0.041262056093183896,0.024874212355188607,0.11486836885403613,0.8993838192536477,10.256341860279015,25.54082530875724,85.32902984875564,100.0
76,BridgeDepth (RVC),74978,0.0326936673049674,0.021225216974956076,0.016066192841417852,0.012343516809582511,0.02846207450440722,0.9992531142468457,31.25583504494652,67.90258475819574,99.91330790365174,100.0
76,BridgeDepth (Mid.),74978,0.032714427958407545,0.021330995438033712,0.016109941380773058,0.012446064421416048,0.028740558896727837,0.9991864280188856,30.88372589292859,67.75454133212409,99.90797300541492,100.0
76,DEFOM-Stereo,74978,0.033766218359648825,0.021281406221853073,0.016572950284805165,0.013533908314998844,0.027490221144739847,0.9992664514924378,29.085865187121556,64.05212195577369,99.91597535277015,100.0
76,FoundationStereo,74978,0.03261018358848636,0.02085566188596514,0.016095429031411486,0.012308194378485404,0.027523366786572908,0.9994665101763184,31.7786550721545,67.65451199018379,99.93998239483581,100.0
76,S2M2,74978,0.03336013862953659,0.021412209375911855,0.016429219000568665,0.012570921613364205,0.0283771263126173,0.99934647496599,30.020806103123583,66.21542319080264,99.92131025100697,100.0
76,SGBM,74978,0.03941026696267276,0.026940246796437348,0.01931561447028472,0.01476503002174373,0.039661286241277086,0.9915708607858306,25.435461068580118,57.8036223959028,98.65293819520393,100.0
77,RealSense D435i,68828,0.021709720911543925,0.015612784535818425,0.010059025878130136,0.007089857009914019,0.029156936059040107,0.9982274655663392,59.17068634857907,86.52437961294822,99.78061254140756,100.0
77,UniDepthV2,68828,0.35782095793801444,0.16533926132162127,0.1591561361464666,0.1516567791588651,0.09047468081194,0.1927558551752194,0.023246353228337305,0.05230429476375893,6.883826349741384,100.0
77,MoGe-2,68828,0.14908141867498828,0.07134763672880674,0.06664669099262613,0.061733368438866676,0.05325508141747472,0.9480879874469692,0.6334631254721915,3.488405881327367,82.13517754402278,100.0
77,DA3,68828,0.18471465872659462,0.09177518495781328,0.07936205868965497,0.07880454545915644,0.10928124747903134,0.7878915557621898,3.0525367582960423,8.134770732841286,51.981751612715755,100.0
77,BridgeDepth (RVC),68828,0.029166038215514573,0.017784926432375427,0.013391042926671926,0.012430811537356257,0.0287342528314135,0.9990992038124019,33.67815423955367,73.5427442319986,99.90265589585634,100.0
77,BridgeDepth (Mid.),68828,0.02894836595906935,0.017443674119275755,0.013326088080792739,0.012381581077244075,0.0283668509524136,0.9991282617539373,34.5004939850061,73.91032719242169,99.90265589585634,100.0
77,DEFOM-Stereo,68828,0.03224761862404346,0.01916161315888269,0.01491035429674807,0.013396987602034172,0.027960988874599687,0.9989103271924217,26.370081943395128,68.71622014296507,99.8895798221654,100.0
77,FoundationStereo,68828,0.029377271524397543,0.01802346862580788,0.013544570435629705,0.012213458984029368,0.028503492167114505,0.9989103271924217,34.5106642645435,73.77520776428199,99.88812692508863,100.0
77,S2M2,68828,0.029580084470624785,0.018160907953008034,0.013633130867523607,0.01236271276853701,0.02858004378641894,0.9989684430754925,33.028709246237,73.79845411751032,99.89539141047248,100.0
77,SGBM,68828,0.046211094316739566,0.03013657006533705,0.021614917161853375,0.016121298167898923,0.05653276517745936,0.9892630906026617,18.79177079095717,52.26361364560934,98.32916836171326,100.0
78,RealSense D435i,62554,0.023396564783917096,0.11801156389204916,0.010021404913463565,0.005083983673082826,0.05550512438242985,0.9970745276081465,75.84007417591201,91.57847619656617,99.1335486139975,99.98081657447965
78,UniDepthV2,62554,0.35351046679453657,0.15895077510160274,0.15488633883916827,0.15454030907618493,0.07848186502515685,0.12913642612782555,0.0015986187933625345,0.05435303897432618,8.384755571186494,100.0
78,MoGe-2,62554,0.21091166889572405,0.09670560307624679,0.09290900995771478,0.09028899112099131,0.05572947095263804,0.8046327972631646,0.10710745915528982,0.22540524986411742,25.58749240656073,100.0
78,DA3,62554,0.19508078320687744,0.09846898842250228,0.08254104040425803,0.08203374159667598,0.1326986147581049,0.7095149790580938,7.141030149950443,13.67938101480321,49.4964350800908,100.0
78,BridgeDepth (RVC),62554,0.03587269932029199,0.019931871967253885,0.016514218068990068,0.014837204346398958,0.02688979616260266,0.9979217955686287,15.433065831121912,60.95373597212009,99.57476740096557,100.0
78,BridgeDepth (Mid.),62554,0.03589332386891517,0.019758901788577532,0.01654278263498022,0.014867522728283566,0.02654366670735972,0.9981775745755667,14.627361959267194,61.529238737730594,99.5603798318253,100.0
78,DEFOM-Stereo,62554,0.03741242903924423,0.020796803545934467,0.01716456090535228,0.015179557821373701,0.02702551872891448,0.9975541132461553,12.149502829555264,57.65578540141318,99.60354253924609,100.0
78,FoundationStereo,62554,0.03619396105161305,0.020113265066828947,0.016734710036897752,0.015084869494403297,0.027175342324537607,0.9979058093806951,13.722543722223998,58.91709562937621,99.57796463855229,100.0
78,S2M2,62554,0.037138375686563634,0.020593909173004032,0.017155107609576822,0.015267367938385679,0.027355270966041543,0.9977459475013588,12.093551171787576,59.55974038430796,99.54439364389168,100.0
78,SGBM,62554,0.04293358120167386,0.025738177097778547,0.019887620854372467,0.016929761640815222,0.04329582143616986,0.9943888480352975,10.763500335709947,46.50062346132941,99.38453176455543,100.0
79,RealSense D435i,76033,0.01649347405339194,0.01707845965696041,0.007790039355273512,0.004762684446856458,0.03320957840205939,0.9960280404561177,72.87362066471138,93.93026712085542,99.55677140189128,100.0
79,UniDepthV2,76033,0.3870289728635275,0.17676883566839563,0.17147525168049163,0.16348787836617906,0.0862569751514144,0.07336288190654058,0.0,0.010521747136111951,5.113569108150409,100.0
79,MoGe-2,76033,0.17978327988212467,0.08486549594964563,0.07983594208157589,0.07525106970261541,0.06035031564184264,0.8931779622006234,0.13809793116146934,1.2468270356292661,74.14149119461287,100.0
79,DA3,76033,0.3146137159044042,0.14738011568404152,0.13720506987517206,0.12518725129079644,0.11599967526471638,0.2998697933791906,0.6615548511830389,0.9127615640577118,13.707206081569845,100.0
79,BridgeDepth (RVC),76033,0.03596090675435008,0.020519185076208233,0.016736183986274515,0.01498614394995923,0.025826756022841905,0.9981849986190207,11.067562768797758,62.90163481646127,99.76720634461353,100.0
79,BridgeDepth (Mid.),76033,0.03591168433493504,0.020486655463961494,0.016733591190300528,0.014933024612960422,0.025860367025311356,0.9981849986190207,11.68703063143635,62.73854773585153,99.77772809174964,100.0
79,DEFOM-Stereo,76033,0.03887534236084304,0.02152375901027731,0.017990530168860312,0.01611323576323387,0.02557234838166335,0.99811923769942,7.217918535372799,52.432496416029885,99.79088027566978,100.0
79,FoundationStereo,76033,0.03634799961630626,0.020872604833039952,0.016886812530043767,0.015252216821928788,0.027014518406761633,0.9979482593084582,8.445017295121856,61.05638341246564,99.78561940210172,100.0
79,S2M2,76033,0.03663310149590726,0.020469226769847488,0.017045551352743094,0.015313450841789922,0.024695065247739983,0.9983822813778228,8.396354214617336,60.58816566490866,99.78693462049372,100.0
79,SGBM,76033,0.047041584743912956,0.030192381795654716,0.02193043917163999,0.01666683577466277,0.04619400646781155,0.9892152091854852,11.180671550510962,46.58503544513567,98.3835965962148,100.0
80,RealSense D435i,47635,0.022744249818795928,0.021704566087552217,0.009958212572832551,0.004583740427913208,0.05469925145358498,0.9838564081032855,74.3465938910465,88.9220111262727,98.02456177180645,100.0
80,UniDepthV2,47635,0.3952738814766654,0.18111690048212895,0.17274262303093008,0.1699344054714399,0.11769142232765248,0.18574577516531962,0.012595780413561457,0.1469507714915503,14.310905846541408,100.0
80,MoGe-2,47635,0.23245015240351805,0.1086998112411919,0.10288493254490017,0.09240904988408005,0.08240501040600393,0.7329484622651412,0.06507819880340086,0.2897029495119135,23.365172667156504,100.0
80,DA3,47635,0.17761559205072763,0.08909353331463482,0.07281666925267263,0.06738508220168915,0.15468609913006454,0.7413666421748715,5.819250551065394,17.682376403904694,64.68563031384487,100.0
80,BridgeDepth (RVC),47635,0.04112748832563494,0.02462599166529567,0.01988352813406969,0.016407124010459295,0.03648214444750729,0.9948567229977957,8.970294951191352,52.94636296840558,99.40589902382702,100.0
80,BridgeDepth (Mid.),47635,0.04055713638685807,0.023820952684204044,0.01955213564931947,0.01610736344598951,0.03504194351047076,0.9953815471816941,8.174661488401386,54.53133200377873,99.4751758161016,100.0
80,DEFOM-Stereo,47635,0.03963817276526678,0.022922162706328852,0.01892405851628635,0.015715589800358476,0.032481464766355946,0.9965361603862706,12.232602078303769,52.734333998110635,99.540254014905,100.0
80,FoundationStereo,47635,0.04021024465282989,0.0231623180237182,0.01929297761625472,0.016346451364669945,0.03375189370606824,0.995780413561457,7.471397081977537,55.837094573317934,99.50246667366433,100.0
80,S2M2,47635,0.04005622224495659,0.02370424234891547,0.019426440508750076,0.015765684799396662,0.03428713809204792,0.9956754487246773,9.001784402225255,54.77485042510759,99.5066652671355,100.0
80,SGBM,47635,0.05192607127724991,0.034160643438446076,0.024453200374136053,0.019133226646181334,0.050142713393036296,0.9923585598824394,7.477694972184318,39.67880759945419,99.00703264406424,99.9979007032644
81,RealSense D435i,62962,0.024933639369434945,0.018599587671285764,0.011646805850464388,0.00718586634588908,0.04326677929272145,0.994647565198056,57.639528604555125,81.94942981480892,99.21857628410787,100.0
81,UniDepthV2,62962,0.4419396534851851,0.20393196437776778,0.20043145400611292,0.1976386865119117,0.08691420787838268,0.03838823417299323,0.0,0.0015882595851465964,0.716305072901115,100.0
81,MoGe-2,62962,0.1538811080438503,0.07484366177958099,0.07157915570241051,0.0653108204029576,0.04292714975103193,0.9537181156888281,0.03494171087322512,0.3017693211778533,84.79717925097678,100.0
81,DA3,62962,0.33498409176487465,0.15707003795970068,0.15173210208786958,0.15023781120364987,0.08538379063952758,0.22078396493122837,0.012706076681172771,0.1350020647374607,5.887678282138433,100.0
81,BridgeDepth (RVC),62962,0.04807856135038436,0.027268868912584458,0.02323958532224582,0.020907285059824254,0.03493121802858639,0.9972681935135479,11.255995679933928,29.320860201391312,99.63946507417172,100.0
81,BridgeDepth (Mid.),62962,0.047901595981112315,0.0271069701207605,0.02314295117875719,0.02074143464071776,0.033638133887455395,0.9975699628347257,11.45135160890696,29.379625806041737,99.6728185254598,100.0
81,DEFOM-Stereo,62962,0.04856484937521925,0.027385952382148242,0.02335347761520357,0.020521871759672516,0.03366802509633858,0.9979670277310123,10.064800991073982,31.30618468282456,99.66170070836378,100.0
81,FoundationStereo,62962,0.048416544935095555,0.026984036160386193,0.02331808275199679,0.021181889322147374,0.03343423985812881,0.997712906197389,9.974270194720624,27.141768050570185,99.69664241923701,100.0
81,S2M2,62962,0.048232924036544514,0.027243763007855453,0.023297671422201897,0.02109874247638288,0.03444372927430593,0.9979034973476065,10.916108128712557,29.36215495060513,99.66805374670436,100.0
81,SGBM,62962,0.05599111250175686,0.03230306564210735,0.026917504874593354,0.022664027214540583,0.04263395931597315,0.9973634890886567,9.553381404656777,25.062736253613288,99.30593056129094,100.0
82,RealSense D435i,71823,0.02444038226116269,0.02172596659619774,0.011536308561367762,0.005337352878694246,0.045138864187536445,0.9957534494521254,69.25915096835276,83.78792308870418,99.39295211840218,100.0
82,UniDepthV2,71823,0.39876092630760374,0.1765576679868697,0.17008782340532302,0.1738065677998798,0.1130208378724638,0.15461620929228798,0.11973880233351432,0.4260473664425045,13.375938069977583,100.0
82,MoGe-2,71823,0.16226001209117896,0.07336167769379282,0.06903781457590093,0.06787016362979215,0.06741558188539518,0.8892416078414992,1.3602884869749243,3.6562104061373097,72.05212814836473,100.0
82,DA3,71823,0.30752315763616733,0.139625056717834,0.129656850600512,0.13466660956023024,0.1165458499776599,0.32529969508374756,2.248583322890996,4.17136571850243,24.04661459421077,100.0
82,BridgeDepth (RVC),71823,0.04748130580937982,0.027225507348172997,0.022459594995739733,0.018302008775182732,0.04242660391976632,0.9985102265291063,6.062124946047923,38.892833771911505,99.75356083705776,100.0
82,BridgeDepth (Mid.),71823,0.0472783843476762,0.0273327432080401,0.02237522354041821,0.018174041606780267,0.043134380791078446,0.9979811481001908,6.621834231374351,40.06933712042103,99.72571460395694,100.0
82,DEFOM-Stereo,71823,0.04907216588078754,0.02763180074355817,0.023033303094626003,0.01929024142842889,0.04268187355371222,0.997479915904376,5.226737953023405,34.52375979839327,99.6867298776158,100.0
82,FoundationStereo,71823,0.045807393066009866,0.02605572614772437,0.02153715843041125,0.01795066055597827,0.04120501664749334,0.99795330186709,6.614872673099146,41.25140971555073,99.7243222923019,100.0
82,S2M2,71823,0.047079961936744116,0.02675564331399572,0.022199412266292566,0.01825859297671284,0.04210365739056361,0.9976330701864305,5.484315609205965,38.76195647633766,99.72849922726704,100.0
82,SGBM,71823,0.059256181756009864,0.040917215332924875,0.028081698090652262,0.01870135725281974,0.06297765545365597,0.9676705233699511,6.465895326009774,33.684195870403634,95.29677122927195,100.0
83,RealSense D435i,76770,0.015235070255417062,0.010603438384079303,0.0070558817658987714,0.004827276303820183,0.022220146268639062,0.9998176370978247,73.78142503582129,92.80838869350006,99.9700403803569,100.0
83,UniDepthV2,76770,0.42083299785378225,0.19412414348327123,0.18964751270202249,0.1910254268361511,0.07654418213231233,0.07458642698970952,0.0,0.0,1.3651165819981763,100.0
83,MoGe-2,76770,0.17930140554204527,0.084365839299622,0.08129766350996707,0.07792911895715293,0.04168450311680378,0.9198124267291911,0.1979940080760714,0.30871434153966393,61.62172723720203,100.0
83,DA3,76770,0.28742884635443083,0.1335854851515337,0.12865820572677647,0.13288343436679184,0.07428482105556129,0.27191611306499935,1.0655203855672788,1.912205288524163,15.218184186531197,100.0
83,BridgeDepth (RVC),76770,0.04238475031686755,0.0215477729652933,0.019653732628528185,0.018825517033274952,0.020301629126911507,1.0,7.387000130259216,34.404064087534195,100.0,100.0
83,BridgeDepth (Mid.),76770,0.042425333114495575,0.021728697452797475,0.01972657766724934,0.018798127071321946,0.01974385993182672,1.0,7.988797707437802,33.85046242021623,100.0,100.0
83,DEFOM-Stereo,76770,0.04400840557308886,0.02196847216383696,0.02032823775868888,0.019470900793516766,0.018641866923963177,1.0,6.710954800052103,29.03217402631236,99.9986974078416,100.0
83,FoundationStereo,76770,0.041249210123635756,0.021016969633235124,0.01914972387568363,0.01813982613709786,0.019730238064407764,1.0,7.4117493812687245,35.86036212062003,99.9986974078416,100.0
83,S2M2,76770,0.042255855844744575,0.02141027471559183,0.019589118259692458,0.01876279586499241,0.01932773665110433,1.0,7.51074638530676,32.5817376579393,99.9986974078416,100.0
83,SGBM,76770,0.1366081178111533,0.5446915210779524,0.06260348428381202,0.02026624611010147,0.20981347088121488,0.9919890582258695,6.802136251139768,26.829490686466066,99.08818548912336,99.35912465806955
84,RealSense D435i,68985,0.019787180706770977,0.015775771589519587,0.008503587389617534,0.004511173335104313,0.03864499912173956,0.9907806044792347,74.97861854026237,88.92077987968399,98.88671450315286,100.0
84,UniDepthV2,68985,0.42330920457729265,0.18724602824589243,0.18499555490806843,0.1824721365138272,0.05963492988438147,0.007450895122127999,0.0,0.011596723925491048,0.34790171776473144,100.0
84,MoGe-2,68985,0.18295482077401454,0.08243291521365413,0.07971711310936073,0.07612720373614712,0.04609949333151569,0.9175617887946655,0.03768935275784591,0.06088280060882801,65.38667826339059,100.0
84,DA3,68985,0.3614606674107368,0.165424314521607,0.1540456102381113,0.15174490667904628,0.11729417894895201,0.18608393128941075,2.4324128433717473,3.7761832282380228,10.800898746104226,100.0
84,BridgeDepth (RVC),68985,0.043122456287151445,0.02167427697495102,0.019325258539824742,0.01775452703211866,0.03295719494639984,0.9981445241719215,7.107342175835327,37.19794158150322,99.76226715952743,100.0
84,BridgeDepth (Mid.),68985,0.04298702181116697,0.02169921991227189,0.019305234933009154,0.017631024836339382,0.032735669841012054,0.9984489381749656,7.020366746394144,37.35594694498804,99.7231282162789,100.0
84,DEFOM-Stereo,68985,0.0442223517313758,0.022418662234068156,0.01977910911973117,0.017588683023123552,0.03215226219773134,0.9983184750308038,6.136116547075451,36.54852504167573,99.72892657824165,100.0
84,FoundationStereo,68985,0.043503416685615914,0.022255376769276886,0.019494010935556666,0.01671942197966636,0.037283928900808845,0.9961006015800536,5.217076175980286,42.036674639414365,99.50424005218525,100.0
84,S2M2,68985,0.04415983187322616,0.022783860043878834,0.019835429161222926,0.017804217860938887,0.03853193555125134,0.9950568964267594,7.9510038414148,36.18757700949482,99.32739001232152,100.0
84,SGBM,68985,0.050562209279272824,0.026546331817294447,0.02266546092375605,0.018948006926208905,0.04375362403386871,0.9970573313039066,4.8300355149670215,30.12683916793506,99.67964050155831,100.0
85,RealSense D435i,66484,0.01866979591908678,0.024390665423684326,0.008233223507774858,0.005746709452723514,0.03499858141827721,0.999157692076289,79.06112748932074,93.47512183382469,99.57734191685218,99.98044642319957
85,UniDepthV2,66484,0.47255908728537827,0.20879658805524226,0.2053263842108719,0.1977392430798816,0.07408531418930858,0.027856326334155586,0.0,0.0105288490463871,0.5550207568738343,100.0
85,MoGe-2,66484,0.09930856505352194,0.04524741351285237,0.04285799984638034,0.04110338014682846,0.035572808821150735,0.9888394200108297,2.5570061969797244,5.538174598399615,98.13488959749715,100.0
85,DA3,66484,0.18927257466138117,0.08765377472602101,0.07908535613031134,0.06837030811813632,0.11344804840352465,0.7862794055712653,2.299801455989411,4.942542566632573,71.51194272306118,100.0
85,BridgeDepth (RVC),66484,0.04059163662464585,0.02225475509478823,0.01870832650066569,0.016676672008371085,0.02364769961815832,0.9983755490042717,9.302990193129174,42.82383731424102,99.67811804343903,100.0
85,BridgeDepth (Mid.),66484,0.040766166840430086,0.022431017409578962,0.01879502252453701,0.016666621895308154,0.02375653172684662,0.9983003429396546,8.966067023644788,43.10360387461645,99.6585644666386,100.0
85,DEFOM-Stereo,66484,0.04429645874424669,0.024994282290768617,0.02045910482264218,0.01724125690560574,0.025279801969883286,0.9976686119968714,4.401058901389808,36.91414475663318,99.51116057998917,100.0
85,FoundationStereo,66484,0.04044998309887507,0.02182929694988073,0.018565389261158655,0.016405661853383213,0.023396510147909336,0.9980897659587269,7.672522712231514,45.32368690211179,99.61644907045304,100.0
85,S2M2,66484,0.040369128232890794,0.02206955354203128,0.018578349466315747,0.016386907844724796,0.02440664084746144,0.9982853017267312,9.027735996630769,45.17177065158534,99.63449852596113,100.0
85,SGBM,66484,0.0488026798906478,0.04000586293496447,0.02284044300622612,0.01793803611887057,0.057277735046370154,0.9899374285542386,5.688586727633716,33.65772215871488,98.74405872089525,99.99247939353829
86,RealSense D435i,69166,0.017234762054707545,0.02410389002404811,0.007849118074512594,0.004577674766026191,0.03640610500138992,0.9997397565277738,76.15157736460111,92.43703553769193,99.8525286990718,99.98120463811699
86,UniDepthV2,69166,0.39446156486405815,0.17517995631353922,0.17189774747379147,0.17166184726131956,0.07533226930627321,0.09934071653702686,0.004337391203770639,0.018795361883006102,2.6053263163982305,100.0
86,MoGe-2,69166,0.07014772480517811,0.03551092808892325,0.03103529453004415,0.03067912209428264,0.04084310867826355,0.9965300870369835,6.442471734667323,18.72596362374577,99.41589798455888,100.0
86,DA3,69166,0.18499323950996788,0.08655729446105617,0.0791114232165285,0.07471929600081934,0.09951721439869399,0.8034294306451146,0.9079605586559871,3.334008038631698,59.08828036896742,100.0
86,BridgeDepth (RVC),69166,0.050379296088489185,0.02701163671792719,0.023190668076634658,0.022052080973942567,0.029423064466656084,0.9998698782638868,12.853135933840326,27.908220802128213,99.80770898996617,100.0
86,BridgeDepth (Mid.),69166,0.049763795061468115,0.026595622145672543,0.022867875902571135,0.02194648763579199,0.02913131148622457,0.9998409623225284,12.71578521238759,28.833530925599284,99.78891362808317,100.0
86,DEFOM-Stereo,69166,0.05307914836037346,0.02845175327554785,0.024373802659719578,0.022839429267174527,0.027268268006832873,0.9981349217823786,8.723939507850679,24.30240291472689,99.64867131249457,100.0
86,FoundationStereo,69166,0.05030230104969729,0.02671086296667093,0.0230807639327892,0.022381207930398994,0.02855012761958458,0.9998987942052453,13.268079692334384,26.465315328340516,99.7975884104907,100.0
86,S2M2,69166,0.0504930003105622,0.026948632165289553,0.02322167759657588,0.02232157004439994,0.029265243895925268,0.9997831304398115,13.085909261776015,26.277361709510455,99.79469681635486,100.0
86,SGBM,69166,0.06325696895568594,0.03504134136618336,0.028929117384818608,0.024947874829340244,0.054021065992597476,0.9880432582482723,7.259347078044126,20.452245322846487,97.44527658097908,100.0
87,RealSense D435i,61865,0.01544446158185218,0.02132626310024788,0.006902007418078442,0.002881907724492039,0.03643780603065994,0.998141113715348,81.98658369029339,92.07791158166977,99.63953770306311,99.99030146286269
87,UniDepthV2,61865,0.4468132274897174,0.1967888314155241,0.1938881582144239,0.18947172577461313,0.07226175576289814,0.017522023761415987,0.001616422856219187,0.011314959993534308,0.5043239311403863,100.0
87,MoGe-2,61865,0.16388410663726263,0.07479219345660093,0.07212026026009695,0.06893722335061647,0.040573712230153706,0.9488078881435383,0.05495837711145236,0.15356017134082275,86.13594116220803,100.0
87,DA3,61865,0.20552552211494668,0.10042592038554043,0.0882474493511238,0.07864277837908495,0.1922808294971464,0.7489695304291603,1.2818233249818152,3.709690455023034,49.98141113715348,100.0
87,BridgeDepth (RVC),61865,0.04559719357891793,0.02364229963458599,0.020722219419536815,0.0197699250419775,0.02699363049543399,0.9989978178291441,8.248605835286511,28.780408954982622,99.82542633152833,100.0
87,BridgeDepth (Mid.),61865,0.045380858406723575,0.023349131129955708,0.020582256785137535,0.019824133594523174,0.027145940513594407,0.9990301462862685,8.116059161076537,28.20334599531237,99.81572779439102,100.0
87,DEFOM-Stereo,61865,0.0483008877687173,0.025298181704296152,0.02194857871737041,0.02017712806183336,0.02606257183618446,0.9990463105148307,6.0050109108542795,24.351410328942052,99.81572779439102,100.0
87,FoundationStereo,61865,0.04519621763249307,0.023074263071621685,0.020456919553005506,0.019601494365396488,0.025470370676045444,0.9989493251434576,6.510951264850886,28.437727309464155,99.81087852582236,100.0
87,S2M2,61865,0.04545686725128439,0.02354686813367588,0.0205852767301669,0.019486842784265046,0.027751982246303524,0.9984643982865917,6.611169481936474,28.44742584660147,99.78178291441041,100.0
87,SGBM,61865,0.05463826293985062,0.03151836643448208,0.024980883508454177,0.021265291169772715,0.04724193326640154,0.9901883132627496,7.123575527357957,23.55936312939465,98.45631617231068,100.0
88,RealSense D435i,77628,0.015963509548062367,0.014936387384915288,0.0073054449629216325,0.0037577282095535014,0.02981472665681078,0.9973978461379914,75.61318081104757,91.12820116452826,99.67795125470191,100.0
88,UniDepthV2,77628,0.5726050481739561,0.2523397439033277,0.24852401149492054,0.24852494189192603,0.07403476787833502,0.01312670685835008,0.0025763899623847068,0.016746534755500593,0.6763023651259855,100.0
88,MoGe-2,77628,0.15230774178151169,0.06885051794475197,0.06644377774312506,0.0631885069322326,0.03542389298493146,0.9714793631164013,0.3928994692636677,0.9068892667594167,87.8548977173185,100.0
88,DA3,77628,0.2124623572277271,0.09899428868052536,0.09127915104712314,0.09519019977421078,0.09068213778975648,0.6945174421600453,0.6312155407842531,2.7438553099397125,34.01865306332766,100.0
88,BridgeDepth (RVC),77628,0.046113004392593776,0.0231748122963816,0.020592109151090665,0.0191610616725279,0.0227960731084045,0.9991111454629773,4.967279847477714,24.675374864739528,99.84412840727572,100.0
88,BridgeDepth (Mid.),77628,0.046754900369846274,0.023786849395814127,0.020886231447874302,0.019340707903789667,0.024070274584582385,0.9986860411191838,4.391456690884732,24.389395578914826,99.77585407327253,100.0
88,DEFOM-Stereo,77628,0.047168100473705336,0.02335054136205642,0.021012992836379425,0.019379197993097952,0.021505011350677523,0.9992914927603442,3.554129953109703,24.63801721028495,99.86345133199362,100.0
88,FoundationStereo,77628,0.047059230326633866,0.023951193179751,0.021045606339400655,0.0191154128241936,0.024396635223899527,0.9988406245169269,3.822074509197712,24.39841294378317,99.79002421806564,100.0
88,S2M2,77628,0.047423872676322844,0.02358926796751181,0.021121279179451825,0.019500373672440452,0.02328977219367216,0.9990209718142938,3.9740815169784094,23.21069717112382,99.83253465244499,100.0
88,SGBM,77628,0.05027031447041444,0.0257102555898568,0.02247416491198291,0.020920880239899076,0.028906679066872765,0.9986345133199361,5.450352965424847,21.295151234090792,99.73592002885556,100.0
89,RealSense D435i,79641,0.023483157280530225,0.020125229927968884,0.010894112970143647,0.00840534005550403,0.03444131095938815,0.9979784281965319,49.95416933489032,84.71767054657778,99.70115895079168,99.9937218266973
89,UniDepthV2,79641,0.37508021449716306,0.17430144496642308,0.1699464925323764,0.17916137363197293,0.08462738595148686,0.1622028854484499,0.0,0.0050225386421566785,8.926306801772956,100.0
89,MoGe-2,79641,0.13050392760917928,0.060547323869524904,0.0587467982772222,0.0626359202651704,0.03863621221091139,0.9995605278688113,0.43696086186763106,1.5946560188847454,98.9515450584498,100.0
89,DA3,79641,0.1595982524051523,0.08375763249426127,0.07133633868394681,0.08051367798051634,0.10301876842075473,0.8974146482339499,7.542597405858792,17.318968872816765,52.99154957873458,100.0
89,BridgeDepth (RVC),79641,0.060377293452397236,0.0302580380192196,0.02809889795728566,0.028840524078375673,0.024666211095500056,0.9998995492271568,7.188508431586746,14.233874511872024,99.98995492271568,100.0
89,BridgeDepth (Mid.),79641,0.062381398804556246,0.03135138005733905,0.029067418016311082,0.029206630220181995,0.02559137888766514,0.9999121055737623,6.617194661041423,13.639959317436997,99.99121055737623,100.0
89,DEFOM-Stereo,79641,0.06243975471889298,0.030951481223190528,0.029191724903861023,0.02933858786364063,0.020545256435024677,0.9999874436533946,3.088861264926357,12.799939729536295,99.99623309601839,100.0
89,FoundationStereo,79641,0.060130401881501316,0.029759660310050378,0.027984934575124798,0.028638693801442683,0.02228809797046457,0.9999874436533946,4.478848834143218,14.124634296405118,99.99623309601839,100.0
89,S2M2,79641,0.061508402533324694,0.030877884723693873,0.028720837319615652,0.028918177015150537,0.02371519088464947,0.9999874436533946,4.988636506322121,12.868999635865949,99.73631672128678,100.0
89,SGBM,79641,0.1176586821405155,0.2616054968184415,0.05516333480617819,0.03210282543125209,0.14860046094329604,0.9595057821976117,3.199357115053804,8.868547607388154,94.68615411659823,99.62079833251717
90,RealSense D435i,78729,0.01473051274923737,0.014642402031657379,0.006998267388302958,0.0031628131415669114,0.028911997196230044,0.9984630822187504,74.84662576687117,90.97791157006948,99.73961310317672,100.0
90,UniDepthV2,78729,0.3429120234917459,0.1606066195814805,0.15412738720355684,0.15821971451594063,0.08336133866532174,0.21797558714069784,0.0,0.0012701799845038042,13.800505531633833,100.0
90,MoGe-2,78729,0.11515855928371381,0.05416819064317933,0.05211940426404946,0.05316873832226143,0.03163259535917947,0.9984503804189053,0.19814807758259345,0.6312794522983907,98.67901281611604,100.0
90,DA3,78729,0.16141275486868537,0.08375902162471642,0.07152249813162033,0.07968511917654542,0.0853181081723135,0.8983347940403155,12.738635064588651,17.284609229127767,56.00477587674173,100.0
90,BridgeDepth (RVC),78729,0.04932908207411369,0.025700880202191207,0.02288161902063747,0.022016630779626456,0.025536159529537375,0.9994030154072832,8.386998437678619,20.208563553455523,99.94030154072831,100.0
90,BridgeDepth (Mid.),78729,0.05064910187800786,0.02618403310737528,0.02344924742341956,0.022375737990781186,0.02546606288874333,0.9996697532040291,7.971649582745875,20.466410090309797,99.9657051404184,100.0
90,DEFOM-Stereo,78729,0.053098929181500346,0.02737541591759308,0.024612326455843478,0.023144416693148484,0.024339291687007027,0.9998475784018596,6.551588360070622,17.003899452552425,99.92505938091428,100.0
90,FoundationStereo,78729,0.04782129902185588,0.0244803020501541,0.022152222507109694,0.021559447089956274,0.02225061871414248,0.9995935424049588,8.13677298073137,23.26080605621817,99.95935424049588,100.0
90,S2M2,78729,0.049873950965684026,0.025939407713807653,0.023151223009137904,0.02212092376598973,0.024582597631607563,0.9992251902094527,7.1485729527874105,21.293297260221774,99.86409074165809,100.0
90,SGBM,78729,0.06517769409541334,0.03976468986800661,0.030459756647541754,0.025665501680542935,0.047018072251273635,0.9777210430718033,5.341106834838497,13.368644336902538,96.43714514346684,100.0
91,RealSense D435i,67175,0.022296603012387072,0.017669253083859804,0.010335965212034918,0.004945732203284092,0.036364649407269405,1.0,68.99144026795683,82.83736509117976,99.82136211388165,100.0
91,UniDepthV2,67175,0.5385513076747045,0.24014467652124585,0.23646055682303962,0.2322960517903968,0.08494270753963647,0.010718273167100856,0.0,0.0,0.30368440640119093,100.0
91,MoGe-2,67175,0.2634970903513514,0.12101362189059028,0.11779706171634317,0.11399692048618693,0.04702035545243642,0.3428656494231485,0.00148864905098623,0.00297729810197246,8.814291030889468,100.0
91,DA3,67175,0.31712487069922696,0.1496153922430221,0.13889334112376306,0.13266054816552408,0.1034323617585947,0.20893189430591738,1.5362858206177894,3.5027912169705995,11.216970599181243,100.0
91,BridgeDepth (RVC),67175,0.05363352371362868,0.030387721030172208,0.025007603955398326,0.020627805849307235,0.03357629153797245,0.9965612206922219,5.798288053591366,22.33717901004838,98.94157052474878,100.0
91,BridgeDepth (Mid.),67175,0.054147921027685876,0.030650362674751873,0.02524206958697919,0.02069674407855837,0.03399501147286358,0.9972608857461853,5.321920357275772,21.664309639002603,98.82098995161891,100.0
91,DEFOM-Stereo,67175,0.05515665220659593,0.030557725947674308,0.025695441651217798,0.021030058833241494,0.03135096435916395,0.9993301079270562,4.890212132489766,19.93598809080759,99.28395980647562,100.0
91,FoundationStereo,67175,0.05292202638908713,0.029318394875931467,0.024674866109475672,0.020468972417120423,0.02988144144600749,0.9998660215854113,5.353181987346483,21.79679940454038,99.47748418310384,100.0
91,S2M2,67175,0.05340672686998435,0.029360433957014938,0.02489128020605255,0.02074946285379531,0.030058482142669797,0.999895794566431,5.72534425009304,20.397469296613323,99.45962039449199,100.0
91,SGBM,67175,0.07673767646911414,0.0579701488838786,0.036025452431469165,0.022309589900152416,0.07881467006945032,0.9290360997394864,3.1157424637141795,14.16747301823595,92.80833643468553,100.0
92,RealSense D435i,78588,0.019070523657598006,0.020199706544933502,0.00848346651191865,0.0072962718422311945,0.026638080913539693,0.9998727541100423,63.67638825265944,92.84750852547464,99.98727541100423,99.98727541100423
92,UniDepthV2,78588,0.3841550736826785,0.17205869559321138,0.17035887186621862,0.16984272063186895,0.05022178698426096,0.04190207156308851,0.0,0.0012724588995775437,0.6642235455794777,100.0
92,MoGe-2,78588,0.14643129950911085,0.06703550693608906,0.06506867600442598,0.06371263476922673,0.031901593283407935,0.992238000712577,0.8181910724283605,1.7750801649106733,91.36636636636636,100.0
92,DA3,78588,0.22428316263076942,0.10592298716568875,0.09777166347081984,0.0900003445169274,0.0980199821936184,0.685804448516313,2.6009059907364995,4.923143482465516,27.072835547411817,100.0
92,BridgeDepth (RVC),78588,0.03964886100077538,0.022803554384317103,0.018815424222373592,0.015723188540101407,0.022402240223368623,1.0,14.484399653891181,51.593118542271085,99.97964065760677,100.0
92,BridgeDepth (Mid.),78588,0.03948339450981159,0.022649082978489124,0.018723018158033743,0.015599296788461281,0.022416628989903875,1.0,14.751616022802464,51.62747493255968,99.9440118084186,100.0
92,DEFOM-Stereo,78588,0.042697981649451225,0.02403184937975922,0.02012508847629781,0.016673597505394933,0.021927623133074434,0.9999618262330127,9.958263348093856,44.385911335063874,99.97455082200844,100.0
92,FoundationStereo,78588,0.03972487765109217,0.022773763812637973,0.018835228151559854,0.015639356726872444,0.02209798765252373,1.0,14.129383620909044,51.57403165877742,99.96437115081183,100.0
92,S2M2,78588,0.040409033818343806,0.02298108612716464,0.019142283110081513,0.016018960853763586,0.022162872446856934,1.0,12.89764340611798,49.47956431007278,99.96691606861098,100.0
92,SGBM,78588,0.045197740684889305,0.025488669544218898,0.02123059988059291,0.017792930196563028,0.0254936249896364,0.9999745508220085,8.988649666615768,39.83178093347585,99.96309869191225,100.0
93,RealSense D435i,75163,0.024312012074191446,0.014578035843295332,0.010905293251319044,0.009752999381051897,0.028076598516085266,0.9999733911632053,42.41980761810997,88.27481606641565,99.85764272314836,100.0
93,UniDepthV2,75163,0.5317129083004584,0.23658182503859476,0.23368946801560345,0.22822585784580218,0.08138080021829927,0.01718930856937589,0.0,0.0,0.12240064925561778,100.0
93,MoGe-2,75163,0.10318091064207537,0.04908932281785042,0.04563522775372921,0.04444546782418213,0.04102462331170128,0.9836488697896572,0.659899152508548,2.9855114883652862,96.66458230778441,100.0
93,DA3,75163,0.22044607599490418,0.10584178727971492,0.09675042893598006,0.08489798375803259,0.10290963223908296,0.664728656386786,1.730904833495204,2.715431794899086,48.47464843074385,100.0
93,BridgeDepth (RVC),75163,0.03897938431942485,0.023139029597475158,0.018197774063652448,0.014589626031783043,0.029023661917046244,0.9999866955816027,23.41444593749584,55.81735694424118,99.25628301158815,100.0
93,BridgeDepth (Mid.),75163,0.03935636562398209,0.023255993437866596,0.018388981687716494,0.015002126308526487,0.029092750894351826,0.9999866955816027,22.49644106807871,55.23728430211673,99.29752670861993,100.0
93,DEFOM-Stereo,75163,0.0403305911277641,0.022984167782639734,0.01888539693808951,0.016351925590718408,0.024732998975273975,0.9999866955816027,15.902771310352168,51.875257773106455,99.89090376914174,100.0
93,FoundationStereo,75163,0.03937193345899352,0.02215910933648434,0.018372734171203046,0.016263474733876238,0.024805098679279138,0.9999866955816027,18.086026369357263,52.005641073400476,99.82970344451391,100.0
93,S2M2,75163,0.040885929109088975,0.023222853020144953,0.019025253939288726,0.016852932524195285,0.027304672406456267,0.9999866955816027,18.57695940821947,50.57940742120458,99.32413554541462,100.0
93,SGBM,75163,0.05595432321162836,0.03702788799195195,0.026010987683766394,0.01824174251490296,0.051310334416729296,0.9746550829530487,13.32038369942658,44.653619467024996,95.2716097015819,100.0
94,RealSense D435i,65060,0.019184242661842266,0.013234691998438994,0.00835739051928251,0.0063116724346175546,0.027128741463150412,0.9984168459883185,63.037196434060874,93.35690132185674,99.6833691976637,100.0
94,UniDepthV2,65060,0.5686399148444305,0.24112781436391298,0.23793210757355948,0.2338772529837262,0.08516469520245182,0.009007070396557024,0.0,0.0,0.13372271749154627,100.0
94,MoGe-2,65060,0.1464028031649681,0.06458963428346842,0.06084156915901956,0.057645285020255566,0.05042603327013922,0.9531201967414694,1.4478942514601907,2.4100830003074085,85.60559483553642,100.0
94,DA3,65060,0.2879125137461621,0.13099021194302668,0.1173381667330351,0.10700037626754183,0.1402250083320187,0.49040885336612355,3.3691976636950507,4.800184445127575,19.286812173378422,100.0
94,BridgeDepth (RVC),65060,0.04265921805290877,0.023641898251336214,0.018979135186376443,0.015528986665565181,0.026468956264113302,0.9989240700891485,9.586535505687058,47.751306486320324,99.37134952351676,100.0
94,BridgeDepth (Mid.),65060,0.04382681563353098,0.024169973171106068,0.019503492230753545,0.01596257938326115,0.026661884459966322,0.9987703658161697,7.968029511220412,44.46510913003382,99.30371964340608,100.0
94,DEFOM-Stereo,65060,0.04687287790445402,0.026156508218872197,0.020750921980834943,0.0161755998946867,0.03128459111828566,0.9967107285582539,6.048263141715339,42.190285889947745,98.57208730402705,100.0
94,FoundationStereo,65060,0.04308380437186027,0.023486276597691983,0.019152849321036565,0.015866678751434105,0.02574677704627705,0.9986781432523825,6.901321856747618,45.5840762373194,99.4174608054104,100.0
94,S2M2,65060,0.04365002887476331,0.0237802393749768,0.019382104059351243,0.016132525889413885,0.02607412113531887,0.99898555179834,6.933599754073164,43.987088841069784,99.38825699354442,100.0
94,SGBM,65060,0.049361404307024175,0.029010548034645048,0.021887294730376858,0.017373434061377868,0.03625059882405461,0.995557946510913,5.5840762373193975,37.40854595757762,99.52351675376575,100.0
95,RealSense D435i,62280,0.02365150373738979,0.04096754424085891,0.010277644788449981,0.005807165401232189,0.04474255450840334,0.9984906872190109,64.73185613359024,83.8198458574181,99.82177263969172,99.98233782915864
95,UniDepthV2,62280,0.5106794113412033,0.22482390428830135,0.22099219922646104,0.2153405247344677,0.08288921385285461,0.025144508670520233,0.0,0.0,0.7418111753371869,100.0
95,MoGe-2,62280,0.1903282933224722,0.08653995169360354,0.08309675728625708,0.08076791994582933,0.04863252860099453,0.9177424534360951,0.3147077713551702,0.9617854849068722,48.228965960179835,100.0
95,DA3,62280,0.276474571753041,0.12659056337882232,0.11941816473525578,0.10807616612918891,0.09426507507484631,0.5438182402055235,0.18304431599229287,0.3098908156711625,15.908798972382787,100.0
95,BridgeDepth (RVC),62280,0.047144249109859995,0.025592398774549326,0.02171065542574303,0.01994973065086203,0.03359766051208549,0.999373795761079,11.682723185613359,30.10115606936416,99.86351958895312,100.0
95,BridgeDepth (Mid.),62280,0.04718089467613875,0.025677688447638167,0.02174889488286163,0.019778411847766575,0.033555401986858316,0.9993577392421323,11.488439306358382,30.247270391779065,99.82337829158638,100.0
95,DEFOM-Stereo,62280,0.051956197025079046,0.027144292099154206,0.023425364436582885,0.021244985940689243,0.03307757736328634,0.997703917790623,8.448940269749517,23.44733461785485,99.4894026974952,100.0
95,FoundationStereo,62280,0.046315878378713045,0.024907349975498063,0.021298524237547762,0.019560303418217906,0.0325800187736923,0.9996146435452794,12.501605651894671,30.531470777135517,99.88439306358381,100.0
95,S2M2,62280,0.0466909661155754,0.02512611879598456,0.021472052713615058,0.019722105333737028,0.03341957200079565,0.9996467565831728,12.013487475915221,28.537251123956324,99.88278741168915,100.0
95,SGBM,62280,0.060000558751912084,0.03237353584189579,0.027113111391256106,0.022964791012949792,0.05298050448894058,0.9959537572254336,5.4271034039820165,20.743416827231854,99.02055234425177,100.0
96,RealSense D435i,79828,0.02735130068166545,0.03630751445968748,0.012384789349748704,0.009129994576384387,0.047310580031103916,0.9952773462945332,47.35681715688731,78.01147467054167,99.4939119106078,99.96367189457334
96,UniDepthV2,79828,0.37469557266373976,0.17506105597695404,0.1692179274208549,0.16415328114323824,0.07548665847784819,0.09419000851831437,0.002505386581149471,0.017537706068046298,0.5937766197324247,100.0
96,MoGe-2,79828,0.16009585096055476,0.07725332103761025,0.07275193512408797,0.06621470307573468,0.047653474932825735,0.9181615473267525,0.010021546324597884,0.02380117252091998,85.07290674951145,100.0
96,DA3,79828,0.1612713457092398,0.08159813571474904,0.07091766393891127,0.06357971028670434,0.0994746213309777,0.8799042942326001,1.711179034925089,3.74304755223731,76.50072656210854,100.0
96,BridgeDepth (RVC),79828,0.03670458092385303,0.020884558209670636,0.017142984170126496,0.015843108622237867,0.02535867987592689,0.9994488149521471,27.015583504534753,53.101668587463045,99.87097259107081,100.0
96,BridgeDepth (Mid.),79828,0.03806389817395546,0.021360328871609834,0.01772203187550712,0.01662477825048919,0.02549614782584188,0.9992358570927494,24.48138497770206,50.54116350152829,99.87473067094253,100.0
96,DEFOM-Stereo,79828,0.03820006777388764,0.021610819034457666,0.01777560017196613,0.017051509242767382,0.02493536870126468,0.999010372300446,26.181289773011972,49.96993536102621,99.88725760384828,100.0
96,FoundationStereo,79828,0.0378518227130647,0.02131356487472263,0.01763027867509188,0.016908149493629787,0.02492045559196624,0.9991231146965976,25.805481785839557,50.2480332715338,99.87598336423311,100.0
96,S2M2,79828,0.038941547447669526,0.021980800021438655,0.018128415004006814,0.01729853590849667,0.02554713384142362,0.9992108032269379,24.609159693340683,48.52182191712181,99.86971989778023,100.0
96,SGBM,79828,0.04482323579114099,0.06441472862144747,0.020756545653655104,0.018153509926805422,0.05134093428675387,0.997770205942777,16.348900135290876,44.9078017738137,99.74570326201334,99.95239765495816
97,RealSense D435i,62203,0.019042497243102932,0.020695631465997594,0.008710545783200909,0.0050061450366514215,0.04260824869099745,0.9976206935356816,73.86621224056718,92.55662910149029,99.72348600549813,99.99839236049708
97,UniDepthV2,62203,0.44157176574691054,0.19493012193294829,0.1920391397189813,0.19209932048675193,0.07587381812055095,0.046123177338713565,0.009645837017507194,0.043406266578782375,1.4806359821873543,100.0
97,MoGe-2,62203,0.11918933882401504,0.05427743528160007,0.051856764940017536,0.05075745138929044,0.04133645448079057,0.9915277398196228,0.4517467003199203,1.48385126119319,97.0660579071749,100.0
97,DA3,62203,0.18057646416735634,0.08673623167310236,0.075058425875621,0.058201250890408285,0.13155116104875533,0.6564313618314229,3.599504847033101,8.785749883446137,60.82182531389161,100.0
97,BridgeDepth (RVC),62203,0.04726615055659467,0.02774346918974414,0.022007472396150755,0.018316723856632744,0.0374152179377248,0.9978136102760317,6.001318264392393,31.80232464672122,99.72670128450396,100.0
97,BridgeDepth (Mid.),62203,0.04793611743303533,0.027896399327574144,0.02229868212815317,0.0189278611479754,0.03745786231112692,0.9981351381766153,5.269842290564764,28.379660145009083,99.77010755108275,100.0
97,DEFOM-Stereo,62203,0.050286038247518566,0.029405671500964986,0.02331796363873331,0.018843634529084885,0.03919906683393027,0.9975563879555649,3.8519042489912056,31.212320949150364,99.27173930517822,100.0
97,FoundationStereo,62203,0.04799691561362179,0.027878420667590647,0.022288393161700882,0.01874646596689744,0.03793292631790162,0.9978136102760317,4.920984518431587,28.580615082873816,99.70419433146311,100.0
97,S2M2,62203,0.04943332216067608,0.02870575787046098,0.023002292206020566,0.01900442243983691,0.03814582590502895,0.9977975338810026,4.498175329164188,27.005128370014308,99.68972557593685,100.0
97,SGBM,62203,0.06947260184181502,0.22971942420746774,0.031776789894602364,0.0202807826517043,0.10110105501571716,0.9940838866292623,5.850200151118113,26.9054547208334,99.32157612976866,99.87781939777824
98,RealSense D435i,57105,0.022129456058704478,0.020490494392227568,0.010132219166115097,0.006446349324729983,0.0421152361324325,0.9983539094650206,64.51098852990106,90.81516504684353,99.81262586463532,100.0
98,UniDepthV2,57105,0.45173104551043103,0.2034139026753287,0.19825616210115632,0.18966582930683484,0.08260402512635102,0.03201120742491901,0.005253480430785395,0.04202784344628316,0.2854391034060065,100.0
98,MoGe-2,57105,0.28290856273490694,0.13467925785491897,0.12712546173969375,0.11440734682525622,0.06579648474459945,0.36797128097364507,0.007004640574380527,0.012258121005165922,3.8122756326066023,100.0
98,DA3,57105,0.3368639173598411,0.15337025343783275,0.14191278403642368,0.13443415528786729,0.1312864800826795,0.29095525785833115,0.6146572104018913,1.0384379651519131,20.858068470361616,100.0
98,BridgeDepth (RVC),57105,0.04621694629465026,0.028299427280745918,0.02175179487623596,0.016883313285659285,0.03944604076709442,0.996760353734349,8.627966027493214,39.9282024341126,99.55520532352683,100.0
98,BridgeDepth (Mid.),57105,0.046651622882700645,0.028477379106957544,0.02197794649838808,0.01710733010150911,0.0393839711134657,0.9969179581472726,7.629804745643989,39.30829174327992,99.53944488223449,100.0
98,DEFOM-Stereo,57105,0.049046050503150265,0.029831172343857994,0.022977058237092833,0.017651447296127665,0.041264942923038526,0.9960949128797828,6.91007792662639,37.986165834865595,99.17520357236668,100.0
98,FoundationStereo,57105,0.0469318569050989,0.028353466065410986,0.0220503991558809,0.017338219536331967,0.03957202126288379,0.9970930741616321,6.8452850013133695,38.59206724454952,99.5341914018037,100.0
98,S2M2,57105,0.047634005753441865,0.028778472609628424,0.022412547836279686,0.01747201505712137,0.03944707007530507,0.9972681901759916,7.139479905437353,36.37159618247089,99.56396112424481,100.0
98,SGBM,57105,0.14954430384878276,0.37857353592629317,0.06944552948016047,0.02000544455605391,0.23290986488619056,0.9319324052184572,6.193853427895981,29.596357586901323,91.18991331757289,98.79870414149374
99,RealSense D435i,55579,0.02034456979095884,0.020796669415573364,0.008905792534811328,0.004837467669443873,0.043837794460015955,0.9985066302020548,74.94017524604617,90.68353154968604,99.84346605732381,100.0
99,UniDepthV2,55579,0.3699603466994812,0.15936793658837875,0.15467994144409014,0.15281364034171774,0.0710772208170378,0.08487018478202199,0.014393925763327875,0.021590888644991812,0.8888249158854963,100.0
99,MoGe-2,55579,0.29517083129605315,0.13189114611405253,0.12497605946688055,0.11695437158688005,0.06981832103467812,0.1998776516310117,0.02878785152665575,0.0341855736879037,10.530955936594758,100.0
99,DA3,55579,0.30495715799019085,0.13482934712953398,0.12114862575426567,0.1316929064189155,0.14044107926205385,0.45373252487450294,1.5905287968477302,4.818366649274006,22.463520394393566,100.0
99,BridgeDepth (RVC),55579,0.046534262808302536,0.02671011925843127,0.020379247954016636,0.0169976877671969,0.041639828763807785,0.9973551161409885,7.583799636553374,30.399971212148476,99.58797387502474,100.0
99,BridgeDepth (Mid.),55579,0.046116358171512266,0.02668356295041204,0.020195774301612495,0.016898811391368507,0.04176231088660797,0.9972291692905594,7.8464887817341085,31.59286780978427,99.54299285701434,100.0
99,DEFOM-Stereo,55579,0.05128944442042451,0.03064096023619005,0.022432883510990882,0.017288572382135547,0.045023839899783674,0.9943503841378938,4.490904838158297,29.502150092660894,98.60198996023678,100.0
99,FoundationStereo,55579,0.04640683573856907,0.02676949435321286,0.020351950858823842,0.016712268992738366,0.04156348400136515,0.9977149642850717,7.045826661148995,31.83936378848126,99.57717843070225,100.0
99,S2M2,55579,0.04733601247521799,0.027046240129568015,0.020730153876891057,0.01736518227660011,0.041716350207508364,0.9972111768833553,6.074236672124363,28.91559761780529,99.54119361629392,100.0
99,SGBM,55579,0.05353616647393101,0.0319958956417133,0.023267230805809603,0.01828603304243759,0.05286824190771511,0.9847424386908724,7.366091509383041,25.909066373990175,98.00284280033826,100.0
100,RealSense D435i,85206,0.012520437655246013,0.01041060387408709,0.006345312780961716,0.0040147128028259205,0.01902021833077125,0.9998943736356595,82.64206746003802,94.02976316221863,99.94131868647747,100.0
100,UniDepthV2,85206,0.30744464498760277,0.14826256137658353,0.14597609138247025,0.14999569628181636,0.05150577837528121,0.2197849916672535,0.0,0.030514283031711383,5.129920428138863,100.0
100,MoGe-2,85206,0.08097481045634747,0.041573204670587054,0.03848929194427733,0.03733865859490326,0.030979243222759984,1.0,1.8766284064502499,10.40184963500223,99.976527474591,100.0
100,DA3,85206,0.18370795088556358,0.08827952731401117,0.08443197976049614,0.08905094872050634,0.06343070727387382,0.8340961904091261,1.981081144520339,4.4128347768936464,48.81581109311551,100.0
100,BridgeDepth (RVC),85206,0.04872351319023467,0.026945687584974162,0.02428936415331931,0.021718121797873358,0.018916329336774118,0.9999882637372955,4.787221557167336,21.897518954064267,99.98239560594324,100.0
100,BridgeDepth (Mid.),85206,0.04833400316424441,0.026768754318482905,0.0241061112908881,0.02151799421718381,0.01877705172759736,0.999929582423773,4.766096284299228,21.936248620989133,99.96831209069784,100.0
100,DEFOM-Stereo,85206,0.04940563508452671,0.02731324774327581,0.024655671393271118,0.022359110643107083,0.017594601317029803,0.9997418022205009,3.3072788301293334,20.931624533483557,99.96713846442738,100.0
100,FoundationStereo,85206,0.04762095284622519,0.026207443536007905,0.02376340355569771,0.021030428221180564,0.017397274515468315,1.0,3.5854282562260873,23.00190127455813,100.0,100.0
100,S2M2,85206,0.04962042654359801,0.027280056889620607,0.024695676435511224,0.022426706081745906,0.01825989551849995,0.9999647912118865,4.459779827711664,19.875360890078163,99.96244395934558,100.0
100,SGBM,85206,0.05947842409304536,0.03765008502627762,0.02976085576355366,0.025517845215753676,0.048625024626036246,0.9931694951059784,3.225124991197803,12.582447245499143,99.2136703987982,100.0
101,RealSense D435i,81790,0.014876464838807644,0.0491393074995688,0.007093019851256361,0.004505982875949555,0.03924148622797005,0.9992052818192934,81.3082283897787,95.82589558625749,99.90952439173493,99.97187920283653
101,UniDepthV2,81790,0.31923595893018814,0.15205559968369198,0.14806550467070456,0.14870479274627518,0.06589165103137994,0.1969800709133146,0.0,0.03056608387333415,7.707543709499939,100.0
101,MoGe-2,81790,0.13572472893896687,0.06632633108081165,0.06379339224614022,0.06150067929123959,0.03254480957683543,0.9852060154053063,0.14427191588213717,0.44626482455067856,95.37718547499693,100.0
101,DA3,81790,0.1692209295086854,0.08311623200793862,0.07552463851899809,0.08249506306977789,0.0846782102881273,0.8912458735786771,3.4258466805232914,7.857928842156743,52.43550556302726,100.0
101,BridgeDepth (RVC),81790,0.04274266705784118,0.023637403942170093,0.020900130642917153,0.018660880922420187,0.019183665756505066,0.9997921506296613,9.199168602518645,35.0605208460692,99.9523169091576,100.0
101,BridgeDepth (Mid.),81790,0.043154295209333796,0.023847322257069432,0.02104245339369912,0.018730548870050157,0.02035576256467431,0.9996087541264214,8.579288421567428,34.24379508497371,99.9229734686392,100.0
101,DEFOM-Stereo,81790,0.04479792535756177,0.02434036813727728,0.02181605548148359,0.01914511387498069,0.01841847805459933,0.9997187920283653,4.269470595427314,31.923217997310182,99.94987162244773,100.0
101,FoundationStereo,81790,0.043020031299872814,0.023421299045108385,0.02099171112353322,0.018693459384767075,0.018459585692501033,0.999669886294168,6.2550434038391,34.07384765863797,99.9413131189632,100.0
101,S2M2,81790,0.04353221755068631,0.023805218628980367,0.02122375468030103,0.01940688748726449,0.019214176911138275,0.9995353955251253,7.266169458368994,32.52964910135713,99.92908668541386,100.0
101,SGBM,81790,0.051578926647094625,0.030427841541563663,0.025249127489518772,0.022151260316744137,0.030148754049757323,0.9966132779068346,5.410196845580145,22.81819293312141,99.19672331580878,100.0
102,RealSense D435i,66641,0.019421345256114716,0.0370152510453113,0.008717317470913094,0.004833261673188316,0.03948121420103333,0.99843939916868,72.1462763163818,88.63612490808961,99.75690640896745,99.98499422277577
102,UniDepthV2,66641,0.4615718096475744,0.20853641031600548,0.20317269988485828,0.20299141720918068,0.08571237936124335,0.06878648279587642,0.01500577722423133,0.02100808811392386,1.5666031422097506,100.0
102,MoGe-2,66641,0.15777479067333722,0.07407091784246246,0.06946299115106547,0.06778757111256917,0.05271305861077045,0.9306733092240512,0.5507120241292898,1.1884575561591213,85.14277997028856,100.0
102,DA3,66641,0.19761683449309445,0.09211013610437231,0.08338989215297267,0.08775912889227977,0.0966955287170119,0.7757086478294143,6.104350174817305,10.447022103509852,41.021293197881185,100.0
102,BridgeDepth (RVC),66641,0.040777408493801924,0.022721967523175228,0.019081748157570078,0.017343546783837205,0.027137052263921914,0.9994297804654793,14.007893038819946,38.699899461292596,99.90096187032007,100.0
102,BridgeDepth (Mid.),66641,0.04140791727561576,0.023259121197365583,0.019392963634396604,0.017316329123134744,0.026984700637865715,0.999279722693237,12.42478354166354,38.81844510136403,99.90696418120977,100.0
102,DEFOM-Stereo,66641,0.046233470123884554,0.024368393391456848,0.021378054121526966,0.019227584091561,0.024166565562108885,0.9993097342476853,4.821356222145526,28.982158130880386,99.89646013715281,100.0
102,FoundationStereo,66641,0.041034681234637375,0.02207355982324893,0.019060631687383672,0.01746671175694814,0.025962266207965847,0.9993847631338065,10.329977041160847,37.44091475217959,99.87995378220616,100.0
102,S2M2,66641,0.041774248033896254,0.02332935689588739,0.019529239757526656,0.017509655787603662,0.02692295092853991,0.99921969958434,12.139673774403144,37.71552047538302,99.68037694512387,100.0
102,SGBM,66641,0.05230793113121723,0.03188910705056588,0.024292785549742832,0.0203490267625428,0.04230818020746655,0.9935175042391321,6.098347863927612,24.785042241262886,99.15817589772062,100.0
103,RealSense D435i,54259,0.0259320868077274,0.023943098609435148,0.01094078927232417,0.008790428971292563,0.03762989281562153,0.9975487937485026,45.03768959988205,83.74647523913083,99.55214803074144,99.98341289002745
103,UniDepthV2,54259,0.4637401593351219,0.20475093947010023,0.19906653851953696,0.19315886992547882,0.08972295694827358,0.04082272065463794,0.005529036657513039,0.007372048876684053,1.4891538730901785,100.0
103,MoGe-2,54259,0.18564454679602718,0.08640959017983349,0.08024114001345274,0.07365840992481176,0.06371176033752457,0.8213752557179455,0.22300447851969257,0.4810261892036344,61.91230947861184,100.0
103,DA3,54259,0.21316862349625001,0.09811231499979488,0.088905278885321,0.08194644513876004,0.09715156819005624,0.6535874232846164,2.652094583387088,6.23859636189388,52.721207541606,100.0
103,BridgeDepth (RVC),54259,0.036058459625604694,0.020767236502630987,0.0164267207173509,0.012748280787650113,0.029952617573267087,0.999170644501373,26.35507473414549,57.57201570246411,99.64245562948082,100.0
103,BridgeDepth (Mid.),54259,0.03520085187066237,0.02058306780507469,0.016110940074646966,0.012038193045819545,0.02926911701105766,0.9999262795112331,29.934204463775593,59.308133212923195,99.64798466613833,100.0
103,DEFOM-Stereo,54259,0.037796474029372876,0.02192626870053783,0.017376527432597717,0.0139440369793844,0.02886134018433052,0.9999262795112331,29.13618017287455,53.61138244346561,99.72723419156269,100.0
103,FoundationStereo,54259,0.03386261394307133,0.02008385767545102,0.015588295229829933,0.011285512763191341,0.028942609603016638,0.998415009491513,31.502607862290127,60.44527175215172,99.70511804493263,100.0
103,S2M2,54259,0.03602987777691075,0.021036992287809187,0.016408354907002255,0.012426181708589445,0.02937289326655655,0.9983781492471295,26.9264085220885,58.519323983118014,99.40839307764611,100.0
103,SGBM,54259,0.04336145999850977,0.024401491488816193,0.01950685887642817,0.016384792530090286,0.039721329865377304,0.9983597191249378,17.842201293794577,47.42070439927017,99.47105549309792,100.0
104,RealSense D435i,62569,0.029188672856172795,0.03365660978611287,0.01301245771171576,0.009402032655709824,0.04284999218009553,0.9956368169540827,43.746903418625834,79.93734916652016,99.3559110741741,99.98881235116431
104,UniDepthV2,62569,0.6173091549319035,0.2770508561697363,0.27175678761601674,0.26558019088724727,0.08402835539018667,0.007271971743195512,0.0,0.0,0.08790295513752817,100.0
104,MoGe-2,62569,0.2416993621129945,0.11214238805867033,0.10738411349944188,0.09910077411651874,0.055074633319348684,0.7115025012386326,0.014384119931595517,0.0415541242468315,13.217407981588329,100.0
104,DA3,62569,0.18585624124742633,0.0911708121337672,0.07971602881306313,0.0795927271463257,0.09597599784244458,0.799181703399447,6.1643945084626575,9.467947386085761,58.217328069810925,100.0
104,BridgeDepth (RVC),62569,0.03825250101469968,0.02103581451354368,0.017373091831872488,0.015302308225064287,0.03637599410264998,0.9997602646678068,14.489603477760552,55.38525467883456,99.89771292493089,100.0
104,BridgeDepth (Mid.),62569,0.03839186463091076,0.0208182001609233,0.017391024099792412,0.01548926264368261,0.03511451374710946,0.9998241940897249,14.464031708993272,54.6836292732823,99.88013233390338,100.0
104,DEFOM-Stereo,62569,0.04125547878133499,0.022709240163976834,0.01866573125414159,0.016229012677262178,0.03763570519134542,0.9978263996547811,12.533363167063563,50.446706835653444,99.64678994390194,100.0
104,FoundationStereo,62569,0.038005257653460696,0.020857431408489925,0.01722481975211796,0.014793370768764857,0.0362741218422015,0.9994565999136953,13.067173840080551,57.085777301858755,99.77624702328629,100.0
104,S2M2,62569,0.0391695715653101,0.021660243984316308,0.017727060627865172,0.015270559543247741,0.036776322278364,0.9996164234684908,15.218398887628059,55.492336460547556,99.72829995684765,100.0
104,SGBM,62569,0.044102346572645175,0.02372192976313503,0.019950501542073604,0.017758678992064625,0.03592361892138293,0.9976346113890265,9.990570410267065,42.802346209784396,99.66756700602535,100.0
105,RealSense D435i,69955,0.018468830397824508,0.0345490992483608,0.008461051976334174,0.005323179680299606,0.040418241267456564,0.9977271102851833,72.34364948895718,92.3679508255307,99.74555071117148,99.97998713458652
105,UniDepthV2,69955,0.5480705304194146,0.2526728027162278,0.2489764317017751,0.24564301412617384,0.07786126080491793,0.006990207990851261,0.0014294903866771496,0.0014294903866771496,0.10864126938746337,100.0
105,MoGe-2,69955,0.1422641435870133,0.06823702051053065,0.06515258048361164,0.06074781239543725,0.03778470080230188,0.9638481881209349,0.17439782717461225,0.7905081838324637,89.84347080265886,100.0
105,DA3,69955,0.1743876150521262,0.08525423047965618,0.07721036197271969,0.07963617894295238,0.08789718987866367,0.868129511829033,4.397112429418913,8.356800800514616,52.61811164319919,100.0
105,BridgeDepth (RVC),69955,0.04453995916120388,0.024995484613024182,0.02152698652922364,0.017986266275073937,0.0272371363261112,0.9999142305767994,8.02372954041884,36.57208205274819,99.74126224001144,100.0
105,BridgeDepth (Mid.),69955,0.044568772806250295,0.025043349126945808,0.021577927251906836,0.01802541658395629,0.026043392613550764,0.9999857050961333,7.6849403187763565,35.75298406118218,99.74269173039812,100.0
105,DEFOM-Stereo,69955,0.048171514258790696,0.026154708634455258,0.02308381372935383,0.01972780319093248,0.025425494443754835,0.9984418554785219,3.9754127653491533,25.745121864055463,99.76413408619827,100.0
105,FoundationStereo,69955,0.04375598635603897,0.024578230413934365,0.02121039989386101,0.01768200614377169,0.026162465297704676,0.9999571152883997,6.7886498463297835,37.860052891144306,99.77128153813165,100.0
105,S2M2,69955,0.043447729548999996,0.024733032862996027,0.021132922384281105,0.017429464352296642,0.02626244727655402,0.9998999356729326,8.039453934672288,38.74204845972411,99.7684225573583,100.0
105,SGBM,69955,0.04967491586776365,0.0269795348767396,0.023796619930344872,0.020477559598937156,0.02820609957151183,0.9999714101922664,4.445715102565935,26.302623114859554,99.91708955757272,100.0
106,RealSense D435i,80349,0.01752620872930517,0.029828099486563828,0.013152694866862978,0.005841055436010434,0.03762320864276467,0.9940260613075458,78.85599074039503,92.49026123536073,99.21840968773724,100.0
106,UniDepthV2,80349,0.3254294213178684,0.23432953802273113,0.22564742923659312,0.2209407589372041,0.05770070590177921,0.10914883819338138,0.029869693462270842,0.10827763880073181,3.6913962837123053,100.0
106,MoGe-2,80349,0.029031576007838497,0.03842517670672641,0.02302833407225554,0.011475173306596642,0.04391604619577541,0.9977224358735018,50.774745174177646,76.34195820732056,99.63658539620904,100.0
106,DA3,80349,0.11351166690517937,0.09056243408935444,0.07399718271738973,0.0683970299771679,0.11367310950489615,0.9384435400565035,11.528457105875619,22.067480615813515,77.68236070143996,100.0
106,BridgeDepth (RVC),80349,0.06408868576437438,0.06267108772542973,0.049767737260804995,0.03642640721060231,0.04037363578768506,0.9989918978456483,3.1649429364397816,19.491219554692655,99.4611009471182,100.0
106,BridgeDepth (Mid.),80349,0.06419097610036642,0.06283185408390761,0.049821668108094325,0.03649501964771007,0.04054147844694131,0.9988176579671184,3.748646529514991,19.089223263512924,99.42874211253408,100.0
106,DEFOM-Stereo,80349,0.06609379792273844,0.06267410447265773,0.05082100265824679,0.0381995258960548,0.03923272693960578,0.9985687438549329,2.146884217600717,16.22422183225678,99.40758441299829,100.0
106,FoundationStereo,80349,0.06498549392255996,0.063625707509967,0.050596900768680994,0.037498770966489126,0.03952655408394271,0.9987678751446813,3.0815567088576086,17.297041655776674,99.16987143586105,100.0
106,S2M2,80349,0.06660870565093395,0.06519511353175308,0.051796404378956405,0.03835324464772916,0.04034335410950223,0.9976975444622833,2.6808049882388083,16.663555240264348,99.05412637369476,100.0
106,SGBM,80349,0.08050728807209696,0.10034204149556002,0.06261352736930044,0.042496347622359654,0.1305312432751488,0.9784315921791186,2.7007181172136554,13.295747302393309,96.65459433222566,99.99253257663443
107,RealSense D435i,79986,0.02026595325407148,0.036282888220828764,0.015300737812785606,0.006348470519266569,0.045621118380978244,0.985785012377166,73.73415347685845,90.32955767259271,98.41597279523917,100.0
107,UniDepthV2,79986,0.34859061316130624,0.23373817693467264,0.22634897191116585,0.22336254137052547,0.08226361442376325,0.14372515190158278,0.1987847873377841,0.4238241692296152,3.041782311904583,100.0
107,MoGe-2,79986,0.08428860461183753,0.06255996390361811,0.055056964097064565,0.052421548391274775,0.05809287794754042,0.9888355462205886,3.4018453229315133,10.304303253069287,97.9358887805366,100.0
107,DA3,79986,0.1466805459706357,0.11830280474806186,0.08923768934857074,0.07353945354723807,0.149595419877112,0.8111544520291051,10.850648863551122,21.528767534318504,70.30980421573776,100.0
107,BridgeDepth (RVC),79986,0.06726511527448445,0.06760566521696111,0.051500174396823174,0.03142840276890352,0.049286734639475756,0.9977996149326132,3.5081139199359885,20.264796339359386,99.32363163553622,100.0
107,BridgeDepth (Mid.),79986,0.0674281678250528,0.06802401537534605,0.051663136094268446,0.032016949161169095,0.049711164651266675,0.9979746455629736,3.829420148525992,20.528592503688145,99.10109269122096,100.0
107,DEFOM-Stereo,79986,0.06926891789905924,0.06870571452738253,0.05260112127638826,0.032032506006588746,0.04608214492390345,0.9982246893206311,2.639211862075863,16.14657565073888,97.7583577125997,100.0
107,FoundationStereo,79986,0.06766771254132023,0.068391270006962,0.051820104451440134,0.031485304717238205,0.050401755650737796,0.9973495361688296,3.091791063436101,18.501987847873377,98.88105418448228,100.0
107,S2M2,79986,0.06835330955573084,0.06927659260857273,0.0523540005294414,0.032635589960457734,0.051164753339493704,0.9959367889380641,3.5731252969269622,18.9458155177156,98.81104193233816,100.0
107,SGBM,79986,0.07735852059718956,0.07911006468599308,0.05846292959512401,0.034949692186086234,0.06219949008797623,0.9843222563948691,4.1094691571024935,16.367864376265846,96.03055534718575,100.0
108,RealSense D435i,73173,0.07908438343940893,0.11067424401710126,0.05871612493597154,0.008227845783286947,0.15084692029844698,0.8057480218113239,57.68111188553154,70.0244625749935,79.77806021346672,100.0
108,UniDepthV2,73173,0.386866845921976,0.27850692616040634,0.23411097805313114,0.2169381671482048,0.196999415678476,0.2521285173492955,2.2535634728656744,4.851516269662307,21.181310046055238,99.78543998469381
108,MoGe-2,73173,0.11377471641858401,0.12123516998717757,0.0814636412575288,0.041403603437491276,0.1660191285660332,0.8230221529799243,6.890519727221789,17.499624178317138,80.60213466715865,100.0
108,DA3,73173,0.20396313114111983,0.17853499590845054,0.1322437570919626,0.09575752207226429,0.19173194062543816,0.7158788077569596,6.041846036106214,10.333046342230059,57.383187787845245,100.0
108,BridgeDepth (RVC),73173,0.09876250465886825,0.1052013568910066,0.0715920597323467,0.032231297794193536,0.15232319878092968,0.8496166618834816,1.8299099394585432,18.639388845612455,83.63057411886898,100.0
108,BridgeDepth (Mid.),73173,0.09982776699785144,0.10700722884269534,0.07237894260440766,0.032982367073451035,0.15579573432784222,0.845352794063384,2.130567285747475,19.744987905374934,83.33811651838793,100.0
108,DEFOM-Stereo,73173,0.06288326652269954,0.06415337559245457,0.04295126206617473,0.027859293595524193,0.06106498433583643,0.9935631995408143,8.035750891722357,25.12265453104287,97.40341382750468,100.0
108,FoundationStereo,73173,0.09875476936327329,0.10524127212158418,0.07165373659895632,0.032026885600833443,0.1516313687810437,0.8494116682382846,1.806677326336217,17.12243587115466,82.99236057015565,100.0
108,S2M2,73173,0.09846840711129837,0.10525345809531626,0.07127148805345339,0.031412435844769604,0.15218328365280806,0.848523362442431,2.032170336052916,18.34283137222746,83.74947043308325,100.0
108,SGBM,73173,0.11184494364406225,0.13204071512527532,0.0811575167527745,0.035003389015621944,0.21088108174843612,0.8685170759706449,4.341765405272437,17.7620160441693,85.40445246197368,99.99726675139738
109,RealSense D435i,68939,0.03069454609761274,0.06610460232817096,0.0179131346825806,0.006560564049916451,0.1121288387844371,0.9807075820653041,72.70920668997229,91.84931606202585,97.96921916476884,99.72729514498324
109,UniDepthV2,68939,0.4711277670016198,0.32281583160989924,0.2943042138605711,0.2569847606985708,0.15126840247328582,0.014128432382250975,0.0,0.01160446191560655,0.15230856264233597,98.84825715487605
109,MoGe-2,68939,0.12910082692902622,0.12101347412259485,0.08906031197877323,0.06519451516312691,0.09461965158294507,0.9410203223139297,2.8793571128098754,5.718098608915128,86.81733126387095,99.76791076168787
109,DA3,68939,0.24060367718776113,0.1852891651750301,0.13146291727421633,0.09266283417032029,0.26384081804726056,0.7339967217395088,2.835840380626351,6.338937321400079,60.31128969088615,98.13603330480571
109,BridgeDepth (RVC),68939,0.0687919960491236,0.07324414703718235,0.047426114932592904,0.031889364759609795,0.07288050268827514,0.9949085423345276,4.740422692525276,23.021801882823944,97.98372474216336,99.74615239559611
109,BridgeDepth (Mid.),68939,0.06951258142155874,0.07442586752251208,0.04756168881979905,0.032467244930625694,0.07548058287389534,0.9939221630717011,4.293650908774424,22.467688826353733,97.64284367339242,99.72439402950435
109,DEFOM-Stereo,68939,0.07458777664119297,0.07902184100950531,0.05123916256964408,0.03262052959292305,0.07827705531384498,0.9852043110576016,1.8001421546584664,19.18652721971598,96.70578337370719,99.72439402950435
109,FoundationStereo,68939,0.0709551237597304,0.07565810020451837,0.048654291557697474,0.032815516631578445,0.07551999793310071,0.9918913822364699,3.691669446902334,19.817519836377087,97.6791076168787,99.73454793368049
109,S2M2,68939,0.0707696182750157,0.07360194079782137,0.04858203513131993,0.033290259642379305,0.07204412405242884,0.9951986538824178,2.5906961226591623,17.000536706363597,97.91844964388807,99.74760295333556
109,SGBM,68939,0.07774922248902796,0.0789588882970855,0.05256381121749458,0.03672186698058977,0.08512496522896479,0.9909195085510378,2.9098188253383426,14.998767025921467,98.2158139804755,99.7258445872438
110,RealSense D435i,79282,0.02026529294751605,0.026357350672176143,0.012617231911602344,0.006147941243517474,0.041567185142926566,0.9917761913170707,75.778865316213,91.5592442168462,98.42334956232183,100.0
110,UniDepthV2,79282,0.21419193591654653,0.19537423436815748,0.1470765474699955,0.09732417575682972,0.11228051517725578,0.724212305441336,0.03153300875356323,0.15640372341767364,62.258772483035244,100.0
110,MoGe-2,79282,0.07400699437885289,0.1007407356955286,0.056048453198233754,0.02939320865153483,0.07770112479793645,0.9537095431497692,23.78345652228753,38.88776771524432,92.06755631795363,100.0
110,DA3,79282,0.12336347124333016,0.10872873431732752,0.07740497335558993,0.056285451260661645,0.14579190527371155,0.8931787795464292,12.024166897908731,22.44015034938574,80.96919855704951,100.0
110,BridgeDepth (RVC),79282,0.07285219794354914,0.07051861071024909,0.05012592020117651,0.031323144517532375,0.0612070772100744,0.9699679624631063,4.542014580863247,19.66398425872203,95.16157513685326,100.0
110,BridgeDepth (Mid.),79282,0.07248496793699503,0.0700801525184134,0.049908591029278034,0.03171012435021581,0.059726694918141456,0.970699528266189,4.350293887641583,18.731868519966703,94.94210539592845,100.0
110,DEFOM-Stereo,79282,0.08202311860670244,0.08222036961243198,0.055888486607641036,0.03102942687093868,0.07463777815871052,0.957203400519664,2.4368709164753666,18.879443000933378,92.849574935042,100.0
110,FoundationStereo,79282,0.07239657070236168,0.06826043931007933,0.0498388823641633,0.03186467432042084,0.055947877522756005,0.9715824525112888,3.389167780832976,15.683257233672206,95.20067606770768,100.0
110,S2M2,79282,0.07347143362129203,0.06973190701856456,0.05038445283475924,0.03175753965451861,0.05906935838996595,0.971380641255266,3.000681112989077,16.558613556671123,96.12143992331173,100.0
110,SGBM,79282,0.07035328513798014,0.08849611257665682,0.04827009269460292,0.03474760906040869,0.06087593607739028,0.9930122852602103,3.386645140132691,15.24936303322318,98.4220882419717,99.99873867964986
111,RealSense D435i,86998,0.020519605359445643,0.044796690669852535,0.01619145170408184,0.00462741630017971,0.05852287357610623,0.9738844571139567,79.86735327248903,90.65840594036645,97.14935975539667,100.0
111,UniDepthV2,86998,0.174661979112228,0.17714896831468813,0.13082500346560239,0.07766846955462686,0.10187991340113911,0.7197521782109934,0.8908250764385388,6.9622290167590055,67.72799374698269,100.0
111,MoGe-2,86998,0.08101266412014646,0.09578080004323607,0.06255220756448858,0.037694407466409396,0.07512856430546443,0.953711579576542,8.658819742982597,26.690268741810158,94.32515690015862,100.0
111,DA3,86998,0.10573346662054976,0.09237881700168409,0.07170044585140065,0.05466586066797968,0.12638432647039,0.9181475436216925,11.563484218028,21.613140531966252,81.89843444676889,100.0
111,BridgeDepth (RVC),86998,0.07280529284089232,0.07014681221095621,0.05338578518292032,0.035370152013135814,0.06233834923282463,0.9843789512402584,2.3000528747787308,10.447366606128876,97.42522816616473,100.0
111,BridgeDepth (Mid.),86998,0.07339808545207303,0.0719858064083852,0.054037324483886644,0.03486527538645495,0.06528024674306847,0.9817926848893078,2.209246189567576,10.300236787052576,96.35393917101543,100.0
111,DEFOM-Stereo,86998,0.07194056172265004,0.06818464322894811,0.05250482595693075,0.0345615972980593,0.046143181087453154,0.9957010505988644,2.12418676291409,8.502494310214027,97.71603944918273,100.0
111,FoundationStereo,86998,0.07241419989476323,0.07002928252548067,0.05317737685613922,0.03460693947504234,0.06000269496798036,0.9865284259408262,2.28396055081726,10.527828225936227,96.88958366859009,100.0
111,S2M2,86998,0.0724724692939867,0.06945147595240883,0.053162588094369016,0.034302335075470924,0.05983428480753267,0.9868962504885169,2.060966918779742,8.962274994827467,98.09535851398883,100.0
111,SGBM,86998,0.08588703515116286,0.08630348793243181,0.06270127182201446,0.040194637285959345,0.10151847564318299,0.9572403963309501,1.646014850916113,6.289799765511852,94.59182969723442,100.0
112,RealSense D435i,52348,0.017665244223223235,0.02545022991878833,0.010924806507954488,0.0051476419206260005,0.03955954641961018,0.9942309161763582,77.43371284480783,90.41033086268816,98.55963933674639,100.0
112,UniDepthV2,52348,0.29476572153918174,0.1946611575810294,0.17610581754017599,0.13807641633794365,0.1144038852744355,0.5030564682509361,0.0630396576755559,0.1967601436540078,18.96156491174448,100.0
112,MoGe-2,52348,0.08353536541807496,0.08647919185465237,0.05872580079443774,0.03225453753489088,0.08793658623724993,0.9562160923053412,10.774050584549553,28.996332238098876,90.80194085733935,100.0
112,DA3,52348,0.18654947858872578,0.1262128720963516,0.09783461601865975,0.06524291561888418,0.18871842288907856,0.6946206158783526,7.108198976083136,16.535493237563994,65.70833651715444,100.0
112,BridgeDepth (RVC),52348,0.07208417978801068,0.07649810489491111,0.05366980439458586,0.028814039853804374,0.058357142446933685,0.9799228241766639,6.689844884236265,26.959960265912734,96.63597463131352,100.0
112,BridgeDepth (Mid.),52348,0.07195706749833695,0.0764589908091855,0.053620494450922845,0.02888642318772222,0.05817359534228802,0.9802093680751891,6.584778788110339,26.570260563918392,96.55001146175593,100.0
112,DEFOM-Stereo,52348,0.09117039567696641,0.08832373436419118,0.06383944975608118,0.032890959691096844,0.07462837651278705,0.937609841827768,4.074654237029113,15.840146710476045,91.08657446320775,100.0
112,FoundationStereo,52348,0.07390868885483856,0.07762897879280344,0.05477254241208671,0.029297550238203685,0.05870876956207041,0.9787002368762895,6.449148009475052,22.9330633453045,96.04187361503782,100.0
112,S2M2,52348,0.0736265082134441,0.07739775642915489,0.05474604213556223,0.029618538538794925,0.05759192886604451,0.9809734851379232,5.388935584931612,24.32757698479407,96.80790097042868,100.0
112,SGBM,52348,0.08505357652604238,0.08775731838529059,0.060530277866270486,0.03544103525207937,0.07698679060391463,0.97556735691908,3.690685413005272,12.928860701459463,95.8011767402766,100.0
113,RealSense D435i,78223,0.012421470382707259,0.015396477271715956,0.009188051510920985,0.005993220126279786,0.019562730155119334,0.999245746136047,82.18043286501413,96.84108254605422,99.90923385704971,100.0
113,UniDepthV2,78223,0.2904652513717078,0.22112431783846156,0.20697932985539252,0.1954080657129713,0.05419003758426674,0.2681692085448014,0.0038351891387443595,0.019175945693721795,6.296102169438657,100.0
113,MoGe-2,78223,0.1346586581506022,0.14045490129829308,0.10851347834734333,0.10055285785550605,0.07202292478706208,0.9025989798396891,1.0904721117829794,7.931171138923335,80.01994298352147,100.0
113,DA3,78223,0.10908141584178667,0.08156455784156906,0.06773738352487135,0.06125275443367717,0.10958078917483777,0.9222862840852435,13.001291180343378,24.900604681487543,79.55716349411298,100.0
113,BridgeDepth (RVC),78223,0.07655151752145405,0.07612108146359375,0.06024613230232116,0.04524790776296683,0.03924082552363958,0.9970213364355752,1.9469976861025529,7.740690078365699,98.13354128581108,100.0
113,BridgeDepth (Mid.),78223,0.07658377161738804,0.07717929209519689,0.06040047477505646,0.044365077246691254,0.04041079296404923,0.9928793321657313,2.0390422254324174,8.042391623946921,98.28822724774044,100.0
113,DEFOM-Stereo,78223,0.07889264159500946,0.07923830354231995,0.062164746759203665,0.048452961263831584,0.04104246753666564,0.9851066821778761,1.8293852191810593,8.612556409240248,97.86763483885814,100.0
113,FoundationStereo,78223,0.07667724992403298,0.07561106572999342,0.060230395250900334,0.04599385108608678,0.03865834660989205,0.997660534625366,1.9214297585109241,7.465834856755686,98.13098449305193,100.0
113,S2M2,78223,0.07675647709547859,0.07599626636564724,0.060400188467133596,0.045523732067602296,0.038586416119414046,0.998683251729031,1.687483221047518,6.427776996535546,97.95073060353093,100.0
113,SGBM,78223,0.09330289696000375,0.08993602607102688,0.07181212427769658,0.061184449151788334,0.07425222090606903,0.9805939429579535,1.738619076230776,6.432890582053871,95.02831647980773,100.0
114,RealSense D435i,76805,0.015369664745121256,0.01949647137902221,0.010227710396979691,0.00558794460930101,0.031936477689481164,0.9947008658290476,81.38011848186967,94.88314562853981,98.86335525030923,100.0
114,UniDepthV2,76805,0.2854699177776897,0.22275162417565741,0.2023281136777379,0.17719879068149813,0.0599100848372726,0.3538962307141462,0.013019985678015754,0.03254996419503939,8.558036586159755,100.0
114,MoGe-2,76805,0.15846943114826384,0.1607118910940973,0.12428088296536013,0.07657842042781116,0.07979573022307132,0.8621834515982032,0.7017772280450492,3.8408957750146473,62.16522361825402,100.0
114,DA3,76805,0.1383140782935379,0.09963652672610745,0.08361374289939687,0.07452721332818568,0.12707720431442998,0.8425753531671115,8.524184623396915,15.754182670399064,71.12167176616106,100.0
114,BridgeDepth (RVC),76805,0.07858498958180149,0.07833631241158891,0.060068426535198546,0.04173337052372006,0.046389328291167056,0.9860165353818111,2.6821170496712456,10.790964129939457,96.90124340863225,100.0
114,BridgeDepth (Mid.),76805,0.0787514795227117,0.07898960894972028,0.06030572699427827,0.04166384800042411,0.04688930407925485,0.9857431156825728,2.7680489551461496,11.126879760432264,96.82312349456416,100.0
114,DEFOM-Stereo,76805,0.0794926763871874,0.07834050284369716,0.06072632079633977,0.041476383770630565,0.044246408181248954,0.9863290150380835,2.0545537399908858,10.983659917974089,96.9494173556409,100.0
114,FoundationStereo,76805,0.07871220750605067,0.07797715189030954,0.06020691655962977,0.04049099607600437,0.045755686044964355,0.9871362541501204,2.407395351865113,9.817069201223878,96.72807759911464,100.0
114,S2M2,76805,0.07887798180615302,0.078472710530904,0.060365776895091816,0.04144202688374399,0.045949486669353945,0.9874226938350368,2.5284812186706596,10.451142503743247,96.7749495475555,100.0
114,SGBM,76805,0.09344573378607075,0.10066866374096517,0.07182271311874971,0.04375782989731236,0.11161387000959327,0.9741292884577827,1.8579519562528481,8.223422954234751,95.19302128767659,100.0
115,RealSense D435i,75118,0.013482148525210071,0.014747669074359308,0.00925203408200969,0.006103609010030597,0.021779663039091107,0.9995740035677201,79.94621795042467,95.62688037487686,99.92545062435101,100.0
115,UniDepthV2,75118,0.21188460470334344,0.17649581332731437,0.15372324350556035,0.12833181771690771,0.06325526975978883,0.7305838813599936,0.09052424185947443,0.18237972256982346,38.82558108575841,100.0
115,MoGe-2,75118,0.0708518011698635,0.0850541548491196,0.05846727221174627,0.028021173564136803,0.0756088545721245,0.9960994701669373,24.424239196996727,42.25884608216406,93.14545115684656,100.0
115,DA3,75118,0.11420319033670286,0.08601484605639549,0.06919657081988607,0.055892990399843745,0.12280522805489295,0.8978939801379163,10.221251897015362,20.84720040469661,78.3127878804015,100.0
115,BridgeDepth (RVC),75118,0.07811089674322433,0.07911322226863103,0.06113087420794047,0.04408144271713127,0.04179318009338432,0.9952474773023776,4.483612449745734,11.696264543784446,98.18152772970527,100.0
115,BridgeDepth (Mid.),75118,0.07906433178495163,0.08066485890056177,0.0619952598658258,0.04432343416754775,0.04281144648009775,0.9943422348837828,4.346494848105647,11.60840277962672,98.01911658989856,100.0
115,DEFOM-Stereo,75118,0.07754776779217788,0.07824351386671605,0.06036079365827585,0.042979830592959345,0.040916571697350586,0.9954205383529913,3.1590297931254825,11.045288745706754,97.75686253627626,100.0
115,FoundationStereo,75118,0.07881332911426271,0.07966192674743668,0.061694450998985455,0.04353649160478945,0.04161149877553087,0.9962592188290423,4.253308128544423,10.295801272664342,97.94722969195134,100.0
115,S2M2,75118,0.0802820940015623,0.08210877265433617,0.06301354603826702,0.04444481920877147,0.043033946171801646,0.9952341649138688,4.080247077930722,10.631273463084746,96.92616949333049,100.0
115,SGBM,75118,0.09387593519984609,0.0984540306114418,0.07218510092282675,0.049723481573234196,0.09446692471857789,0.9761708245693442,2.587928326100269,6.644213104715248,94.42743417023883,100.0
116,RealSense D435i,72373,0.015344075390159816,0.016350710613127203,0.010385139213669405,0.006646776818166555,0.024173253503189163,0.9993920384673842,73.7664598676302,92.03846738424551,99.9350586544706,100.0
116,UniDepthV2,72373,0.2291382746367247,0.16973780372728273,0.15544690658915988,0.13805954774278928,0.055677742831716746,0.6601080513451149,0.023489422851063244,0.06355961477346524,23.503240158622692,100.0
116,MoGe-2,72373,0.03903970539914196,0.05424789935810564,0.03193814006521956,0.013736668068231817,0.052863556559434824,0.9971121827200752,44.17669572907023,65.69162532988821,99.64351346496622,100.0
116,DA3,72373,0.1327125665095902,0.09761468387096842,0.07604126024049661,0.06576264383854691,0.13519115340041996,0.864894366683708,15.574869081010876,26.32197090075028,71.29039835297694,100.0
116,BridgeDepth (RVC),72373,0.07528869780511704,0.07119385134639325,0.056032166161271824,0.03798391997154327,0.037682771504041736,0.9980241250189988,1.886062481864784,9.01302972102856,99.29255385295622,100.0
116,BridgeDepth (Mid.),72373,0.07560658677130094,0.07210506426643173,0.056381876463835835,0.038329540689304165,0.038772975403127075,0.9980103077114394,2.0850317107208487,9.477291255026046,99.26906443010515,100.0
116,DEFOM-Stereo,72373,0.07513443210862257,0.07037915336377906,0.055881650196369786,0.03815683038170792,0.03595860506458483,0.9987978942423279,1.6677490224254903,8.633053763143714,99.58962596548436,100.0
116,FoundationStereo,72373,0.07698059733130487,0.073183903093733,0.057460651355604256,0.03821959954710552,0.038945277046548064,0.9985906346289362,1.349950948558164,7.95186050046288,98.65972116673345,100.0
116,S2M2,72373,0.07677026547584298,0.07326758658382392,0.05730770928037906,0.038368273495079985,0.03921106882662171,0.9981070288643555,1.8639547897696656,8.483826841501665,98.72189905075098,100.0
116,SGBM,72373,0.09202642146911615,0.17051821631210942,0.06800206226359297,0.04385041126692579,0.0695634517248055,0.9755019136970969,2.4802067069210896,7.888300885689414,94.47169524546447,99.96683846185732
117,RealSense D435i,77568,0.013965823274128318,0.017516256939196204,0.01040735058894338,0.0062970730432770905,0.02181010479085942,0.9993425123762376,77.67378300330033,94.51320132013201,99.91104579207921,100.0
117,UniDepthV2,77568,0.21567102542872096,0.18815549771982823,0.16286616627503617,0.12189327067956346,0.072091910937821,0.6281456270627063,0.07477310231023103,1.4206889438943893,45.883611798679866,100.0
117,MoGe-2,77568,0.0603716173514358,0.07766175233979054,0.05171193921793023,0.026905029115074475,0.06046970499749333,0.9989299711221122,39.95719884488449,50.060591996699664,96.13500412541254,100.0
117,DA3,77568,0.11230360219523285,0.08247522578071925,0.06755885600897306,0.060399717970361144,0.11560266385191713,0.8807755775577558,15.1544451320132,28.073432343234323,76.83967615511551,100.0
117,BridgeDepth (RVC),77568,0.08049183896339814,0.07689411103309587,0.06245510547264228,0.0471452907882382,0.03731330187153242,0.9973313737623762,0.7490202145214522,6.430486798679869,98.70823019801979,100.0
117,BridgeDepth (Mid.),77568,0.08155950032264601,0.07833539066817348,0.0634107423610865,0.04738403212836373,0.03816819496040569,0.9969446163366337,0.8431311881188119,7.0802392739273925,98.65150577557755,100.0
117,DEFOM-Stereo,77568,0.08223830229198514,0.07848467926798643,0.06397027769072092,0.046336501202162095,0.037703958037588574,0.9991878094059405,0.9552908415841584,6.090140264026403,98.68244636963696,100.0
117,FoundationStereo,77568,0.08128063182955579,0.07734454791377714,0.06301439547388206,0.04799613587375917,0.03726863839406393,0.9986334570957096,0.9256394389438944,5.477774339933993,98.59349216171617,100.0
117,S2M2,77568,0.08179484283472553,0.07822347021098461,0.06352634355895478,0.049558865029471044,0.037565820493709844,0.9977825907590759,1.0184612211221122,6.37118399339934,98.48648927392739,100.0
117,SGBM,77568,0.09913202153626097,0.15975906224221811,0.0758437153861771,0.05632964563809634,0.08284956701324643,0.9724886551155115,0.8882528877887789,4.396142739273928,94.18961427392739,99.97163778877888
118,RealSense D435i,75096,0.01595999928421098,0.022427713605722873,0.01142062154791655,0.006219959455228463,0.029969518241547307,0.9986017897091722,76.68584212208374,92.02221156919144,99.82955150740386,100.0
118,UniDepthV2,75096,0.28566695100589096,0.21143449746335985,0.19912750887954844,0.1890661848741752,0.05412109880528453,0.2284675615212528,0.006658144242036859,0.013316288484073718,5.724672419303292,100.0
118,MoGe-2,75096,0.03507317222015325,0.04388029645933923,0.028315404278703937,0.01289954825549966,0.04484258873158209,0.9990412272291467,46.62032598274209,66.0767550868222,99.78693938425482,100.0
118,DA3,75096,0.1535212694364434,0.11186479802255399,0.092398855073988,0.08169151435100747,0.1336556030155708,0.8269281985724939,6.812613188452114,13.402844359220198,73.52988175135826,100.0
118,BridgeDepth (RVC),75096,0.08253859266903366,0.08197730914244354,0.06405743650669134,0.044983250954714726,0.04640278900847862,0.9950063918184724,3.04010866091403,8.90193885160328,97.21290082028337,100.0
118,BridgeDepth (Mid.),75096,0.0843148773685389,0.08446592693878957,0.0657890648566052,0.04499040623398248,0.0479242223212722,0.9944471077021413,3.3743475018642806,9.357355917758603,97.06375838926175,100.0
118,DEFOM-Stereo,75096,0.08427099112056652,0.0828589047996718,0.0649869238877485,0.04484726202888378,0.046991481992223444,0.9885080430382444,2.2571108980504953,7.390540108660915,97.110365398956,100.0
118,FoundationStereo,75096,0.08276586231766501,0.08208650427540999,0.06434963467272445,0.04488556441052022,0.045426135353599385,0.9955257270693513,2.707201448812187,7.786033876637903,97.38334931287952,100.0
118,S2M2,75096,0.084578472434542,0.08456011472027417,0.06589964010500997,0.045983846421152386,0.04729363526848567,0.995112922126345,2.9122722914669223,8.99914775753702,96.6030148077128,100.0
118,SGBM,75096,0.0955463940049469,0.1070041738036144,0.0727056842878875,0.05383792856936637,0.06028847370277187,0.9761105784595717,1.4288377543411102,4.933684883349313,94.75205070842655,99.99467348460637
119,RealSense D435i,81944,0.01130580091336662,0.016838271744715933,0.007928951721196053,0.004805812549809968,0.022725333242563633,0.9986210094698819,87.55613589768623,97.02235673142634,99.83159230694133,100.0
119,UniDepthV2,81944,0.2974685241597793,0.2150548761019886,0.19702225047917102,0.17134006752699676,0.0637906026159447,0.23446500048813823,0.017084838426242314,0.039051059259982424,6.466611344332715,99.99877965439813
119,MoGe-2,81944,0.07471999696403421,0.055899177041312684,0.04846965760177423,0.044630427243166904,0.03535664931859394,0.9987674509421068,3.384018353997852,11.660402225910378,99.21775846919849,100.0
119,DA3,81944,0.14359006122754675,0.11207035904872352,0.08546117561963529,0.07129947454684338,0.12226813699777188,0.8798325685834228,9.623645416381919,16.76022649614371,74.50698037684272,100.0
119,BridgeDepth (RVC),81944,0.0738811406242859,0.07018847995563411,0.05391625745699032,0.035342234973833875,0.04097882454797775,0.9968393048911451,1.3008884115981647,9.19042272771649,98.04012496338963,100.0
119,BridgeDepth (Mid.),81944,0.0757198807522667,0.07230226871111076,0.055387782207616455,0.03618142005351388,0.042319745918547994,0.9950576003124084,1.0507175632139023,8.455774675388069,98.06453187542712,100.0
119,DEFOM-Stereo,81944,0.07498796516306201,0.07183994599646736,0.054226884538326546,0.035312352012847825,0.04416596749481061,0.9897735038562921,1.064141364834521,8.638826515669237,97.84609001269159,100.0
119,FoundationStereo,81944,0.07482376263687443,0.07105660863368507,0.054387689042201655,0.03570838533300619,0.04204128211523666,0.9971077809235576,0.9665137166845651,6.671629405447622,97.29205310944059,100.0
119,S2M2,81944,0.07357618579208594,0.06859460374494983,0.05330616867656884,0.03588652805485493,0.03920504286389538,0.9986942302059943,1.2142438738650787,7.417260568192913,97.65815679000292,100.0
119,SGBM,81944,0.08411890835521241,0.07611985084988523,0.06010249128928074,0.042101847527748815,0.04623536498444526,0.9919213121155911,1.0800058576588891,4.128429171141267,96.75754173581959,100.0
120,RealSense D435i,81846,0.01126875752540216,0.01722441895232051,0.007972218890236811,0.004756238444509453,0.023159414036733113,0.9983872150135621,87.22356620971092,97.36944994257509,99.81428536519805,100.0
120,UniDepthV2,81846,0.1968533951754249,0.1611155525884154,0.13647396884254873,0.11368481311933049,0.0739949324382332,0.7444224519219022,1.6042323387825919,3.4039537668303885,53.72284534369426,99.9987781931921
120,MoGe-2,81846,0.035473880926002656,0.031031130131240252,0.022780616235774095,0.02057575842774123,0.037093876868415525,0.9973608972949197,28.48153849913252,53.958654057620414,99.6737775822887,100.0
120,DA3,81846,0.1174280110838926,0.09736510113968784,0.07093408864359584,0.05134679932745195,0.11646251043837966,0.9314932922806246,10.112894949050656,20.789042836546685,81.28314150966449,100.0
120,BridgeDepth (RVC),81846,0.0740687113173068,0.0716038148970067,0.05438769276547571,0.035110178184110497,0.042159376838046936,0.9950150282237372,1.126505876890746,10.484324218654546,97.78730787087946,100.0
120,BridgeDepth (Mid.),81846,0.07654144232562017,0.07457371101550957,0.055991858133443,0.03580827942078979,0.046229120972154536,0.993023483126848,0.5901326882193388,8.07980842069252,97.8105222002297,100.0
120,DEFOM-Stereo,81846,0.07631931202985077,0.07234237175725933,0.05528157272967978,0.036295733539801756,0.04450484160840712,0.99709209979718,0.6023507562984141,6.875106908095692,97.63580382669892,100.0
120,FoundationStereo,81846,0.07479201734547788,0.07123032661479356,0.054460576001035044,0.03598746609915249,0.04180449060406849,0.99709209979718,0.7343058915524278,6.490237763604818,97.29247611367691,100.0
120,S2M2,81846,0.07346223979751593,0.06769694502716148,0.05318267528693084,0.03639258425638797,0.03679686961249898,0.999352442391809,0.6292305060723798,5.619089509566747,98.54727170539795,100.0
120,SGBM,81846,0.09146747996339229,0.08118060145417663,0.06438872245026529,0.04502766350689491,0.05359451263755995,0.9727292720475038,0.924907753586003,3.3807394374801456,93.8384282677223,100.0
121,RealSense D435i,69047,0.02016295198023474,0.022141535028570185,0.014100883513348445,0.008802527171266172,0.03251778226983911,0.998160673164656,65.54231175865715,87.18119541761409,99.36709777398003,100.0
121,UniDepthV2,69047,0.3214351974784951,0.2517999022411535,0.2365210860375255,0.2460805037759739,0.059891590938137916,0.1246542210378438,0.09703535273074862,0.19262241661476964,5.575912059901227,100.0
121,MoGe-2,69047,0.13257062724802024,0.1182315583376133,0.10116751576456788,0.08606929735946622,0.052905406849965954,0.9619244862195316,0.9935261488551277,2.485263660984547,82.56984372963345,100.0
121,DA3,69047,0.16301693925757507,0.11605125273413598,0.09904435713386683,0.09571633473619334,0.1548832259589436,0.7886222428201081,8.420351354874215,17.16222283372196,65.29030949932655,100.0
121,BridgeDepth (RVC),69047,0.09381185374327251,0.09361500653580392,0.07571277081369658,0.06125145436740076,0.05034621462994411,0.9920633771199328,2.10436369429519,7.589033556852579,94.33574232044839,100.0
121,BridgeDepth (Mid.),69047,0.09463055359615632,0.09505643409182907,0.07652555847032885,0.061010651306504626,0.05135214154638181,0.9911364722580271,2.1231914493026487,7.499239648355468,94.16049936999435,100.0
121,DEFOM-Stereo,69047,0.09416361041380054,0.09397423680248501,0.07556211328752575,0.059992646444599784,0.050111044105007024,0.9896881834112996,2.033397540805538,6.982200530073718,94.38788071893059,100.0
121,FoundationStereo,69047,0.09462975851817562,0.09453100585469384,0.07631959435635362,0.06082984345437137,0.05059308205421761,0.9914985444697091,1.8451199907309515,7.331238142135067,93.78973742523209,100.0
121,S2M2,69047,0.09585587620499855,0.09754178879863018,0.0778500963732959,0.0616537298217813,0.05291386479186535,0.9890943849841413,2.1767781366315697,7.91924341390647,92.69917592364621,100.0
121,SGBM,69047,0.10948981051079187,0.10417397122149585,0.08551882914605255,0.07050241291328707,0.07960485757278861,0.9639810563818848,1.8451199907309515,6.162469042825902,90.74108940287051,100.0
122,RealSense D435i,82754,0.010325535483531947,0.013757912394120357,0.006538520675864716,0.003519072903094722,0.021039001405455806,0.9989849433260024,87.01815018005172,96.42071682335597,99.87432631655267,100.0
122,UniDepthV2,82754,0.22788465078246425,0.16548631641448844,0.14838323797845301,0.1308903869848848,0.05411493927954982,0.6530922976532857,0.02295961524518452,0.037460424873722115,31.894530777968438,100.0
122,MoGe-2,82754,0.03281086320213338,0.033564847456216726,0.02249445259847952,0.015524819689848257,0.04526427739384249,0.9979457186359572,38.96488387268289,63.07247988012664,99.77161224835052,100.0
122,DA3,82754,0.3910551785122405,0.2716420039120422,0.20216041575868637,0.1441605784725371,0.2818853170046201,0.4943567682528941,3.5901587838654327,9.49319670348261,42.417284965077215,100.0
122,BridgeDepth (RVC),82754,0.06988200866124848,0.06343752592755024,0.04842896093034675,0.03174381340504284,0.035336467272602354,0.9989003552698359,2.356381564637359,9.40981704811852,97.71128888029583,100.0
122,BridgeDepth (Mid.),82754,0.06987219630078234,0.06279681787655521,0.04831475930126154,0.03175320878527127,0.03465145508417708,0.999117867414264,1.9491504942359281,8.745196606810547,97.8285037581265,100.0
122,DEFOM-Stereo,82754,0.07041027142425037,0.06412878857280782,0.04862018656816587,0.031668828106659386,0.035731447820834955,0.9987674311815743,2.346714358218334,9.392899436885225,97.61461681610557,100.0
122,FoundationStereo,82754,0.07010812260389016,0.062258661446548846,0.04832243826747615,0.031273222850308036,0.03423708544058669,0.9987432631655268,1.6095898687676728,8.219542257776059,98.17289798680426,100.0
122,S2M2,82754,0.07113344202537973,0.06368931021102606,0.04911117973058997,0.032483409042484646,0.03510315530540797,0.9987915991976218,1.6579259008627982,8.034656935012205,98.120936752302,100.0
122,SGBM,82754,0.10862891196624865,0.3596880181832506,0.06939529744201109,0.03422076399343338,0.13626897843810687,0.9856441984677478,1.2531116320661237,5.490973246006235,97.10829687990913,99.74261062909345
123,RealSense D435i,78712,0.012439214549669503,0.014582671027535587,0.00939256143553806,0.0061065919584044615,0.01997794935193045,0.9998221363959752,82.35338957211098,95.3793576582986,99.96823864213843,100.0
123,UniDepthV2,78712,0.24021814880527367,0.1770632025984902,0.17433104394014515,0.1768311639392679,0.0548055093528543,0.6241996137818884,0.0,0.0,23.88200020327269,100.0
123,MoGe-2,78712,0.034434673565646834,0.03921785111204304,0.028021994692223613,0.01914769822567347,0.04349529924892974,0.9999618863705662,39.066470169732696,61.954975099095435,99.95934546193719,100.0
123,DA3,78712,0.21584944339549397,0.17048496850409636,0.1475836867695455,0.1459126900819538,0.12407986482747116,0.6176313649761155,8.374834840939121,14.34851102754345,43.25515804451672,100.0
123,BridgeDepth (RVC),78712,0.08370139995441143,0.08261146819844085,0.06971248293661851,0.05954496441948304,0.038078698466916916,0.9980943185283058,1.0023884541111903,8.114391706474235,99.53120235796321,100.0
123,BridgeDepth (Mid.),78712,0.08322785926699588,0.08188117524952823,0.06927950725343823,0.058811673230517336,0.03781332196149506,0.999110681979876,1.0798861672934241,7.792966764915134,99.61124097977437,100.0
123,DEFOM-Stereo,78712,0.0835631608503245,0.08177418105031431,0.06928501667707361,0.057305063774021725,0.0372964886118288,0.9993012501270454,1.036690720601687,9.539841447301555,99.42829555849173,100.0
123,FoundationStereo,78712,0.08416124806659557,0.08214428212150039,0.06978994483483116,0.06026395235976578,0.037255041691139135,0.9989836365484297,0.8893180201239963,6.728326049395264,99.49308872852932,100.0
123,S2M2,78712,0.08578481127934459,0.08346954164437763,0.07102414464194749,0.05953320834472864,0.03775631775996753,0.9989709320052851,0.8003862181115966,5.328285394857201,99.21485923366195,100.0
123,SGBM,78712,0.11559522512304361,0.12503823131263797,0.09268095402116343,0.07174498332257268,0.17084853511254952,0.9385608293525765,1.2666429515194633,3.4518243723955684,91.79413558288444,100.0
124,RealSense D435i,82289,0.012191512718608254,0.014580604714304076,0.008596483510700843,0.005812141582396679,0.017880882974777152,0.9998906293672302,83.44736234490637,97.6825578145317,99.94531468361507,100.0
124,UniDepthV2,82289,0.1444126952154917,0.16390103350710472,0.11760058017519084,0.04253402141536011,0.10239082796031186,0.7204486626402071,4.836612426934341,17.002272478703105,61.43469965609012,100.0
124,MoGe-2,82289,0.0345454662384323,0.036571026458855765,0.02461447198534345,0.01759468183341828,0.04307474766624569,0.9995625174689206,31.570440763650065,61.787116139459705,99.9076425767721,100.0
124,DA3,82289,0.0963884055124671,0.10336450386598188,0.07224819783552211,0.0415539657382854,0.12778134977764516,0.8794128012249511,10.380488279113855,27.620945691404685,84.57144940393006,100.0
124,BridgeDepth (RVC),82289,0.07849285647211827,0.07652311652443322,0.05971936611548777,0.03600816267359397,0.036681836760546434,0.9978733488072525,0.39494950722453787,3.0526558835324282,98.4542283901858,100.0
124,BridgeDepth (Mid.),82289,0.07857812483547573,0.07721741135802317,0.05988951000355028,0.03574640426324027,0.037227486007250545,0.9979948717325523,0.3985951949835337,3.4512510785159622,98.01066971284132,100.0
124,DEFOM-Stereo,82289,0.07719733417931536,0.07473157710800343,0.058540336733295784,0.03520290961478467,0.03544048641349144,0.9988455322096513,0.5322704128133773,4.818383988139362,98.86862156545833,100.0
124,FoundationStereo,82289,0.07959016613595687,0.07738839337313828,0.06055241678362823,0.03658386411591552,0.036351719042840805,0.9982379175831521,0.4277606970554996,2.692948024644849,97.58776993279781,100.0
124,S2M2,82289,0.07964829107464749,0.07755972250344244,0.060620876219680535,0.037052079245946334,0.03626752542572347,0.9986267909441116,0.33661850308060615,2.5908687673929687,98.17472566199613,100.0
124,SGBM,82289,0.08671163155699019,0.08882431267307313,0.06502415627274169,0.04107531419912869,0.08445016220579256,0.9907764099697408,0.5043201399944099,2.944500480015555,98.51985076984772,100.0
125,RealSense D435i,89946,0.036845427917498445,0.02473504099190864,0.021752911609153193,0.022399523661001952,0.026662150636093857,0.9999777644364396,26.3769372734752,49.788762146176595,99.99777644364396,100.0
125,UniDepthV2,89946,0.15708158576607312,0.13061703546311143,0.1109923578198006,0.07778014087275559,0.05098689642180248,0.9173392924643675,0.6181486669779646,1.5976252418117536,73.65752785004335,100.0
125,MoGe-2,89946,0.03698512271579188,0.04046595474735065,0.028068804054280166,0.01748137851314041,0.037817129345710264,0.9981878015698308,40.359771418406595,57.711293442732305,99.75318524448002,100.0
125,DA3,89946,0.12508662049188154,0.10943222891823297,0.08713226008579013,0.06547671518394055,0.15057171837761738,0.8695105952460365,9.941520467836257,18.06083650190114,81.1787072243346,100.0
125,BridgeDepth (RVC),89946,0.1075421532992016,0.0824935745811277,0.0730775145541388,0.06196790457505835,0.02723754147887522,0.9972872612456363,0.4736175038356347,1.294109799212861,98.41015720543437,100.0
125,BridgeDepth (Mid.),89946,0.10806534547346375,0.0833047207954929,0.07352623764503725,0.06216500987409329,0.02774509433706413,0.9969759633557913,0.455829052987348,1.1929379850132302,98.25228470415583,100.0
125,DEFOM-Stereo,89946,0.10718551254153523,0.07992890273951116,0.07184135457337147,0.062482384397984814,0.026347292946467836,0.9988103973495208,0.6959731394392191,1.9311586952171302,99.05498854868476,100.0
125,FoundationStereo,89946,0.10817416374930172,0.08183781194257776,0.0732236977361622,0.06257725930561908,0.026117455192175537,0.9964089564850022,0.47695283836968844,1.197385097725302,98.96048740355324,100.0
125,S2M2,89946,0.10973755588965073,0.08366621075751263,0.07452471085458866,0.06304012343704923,0.027060995915960888,0.9975429702265803,0.4347052676050074,1.1651435305627822,98.47908745247148,100.0
125,SGBM,89946,0.11581188403994488,0.09032746041260369,0.07799226006267153,0.06698313801206329,0.06342036841195871,0.9938741022391212,0.24570297734196073,0.6770729104129144,97.49627554310364,100.0
126,RealSense D435i,84540,0.010872501275173202,0.013224831020539434,0.008110077674438256,0.005304498885678383,0.015813361626291426,0.9995268511947007,84.41920984149515,97.38703572273481,99.94322214336408,100.0
126,UniDepthV2,84540,0.07723384069919692,0.07731816384336761,0.0608323567247351,0.06367583204873212,0.05058494700083158,0.999656967116158,12.817601135557133,30.26614620298084,99.73976815708541,100.0
126,MoGe-2,84540,0.058201741948418,0.04365957287437467,0.03703616607864987,0.036368489701674556,0.044013745518819765,0.9986515259048971,17.874378992193044,30.175065057960726,99.86042110243672,100.0
126,DA3,84540,0.10232168000186079,0.09905098854106711,0.07533864013329304,0.050510666609930366,0.12849889774541098,0.9038206766027915,11.405251951738823,22.76792051100071,86.1639460610362,100.0
126,BridgeDepth (RVC),84540,0.08034750635840207,0.07348927749032502,0.06098351097458576,0.05048438509788622,0.03060016510649094,0.9989945587887391,0.3797019162526615,4.570617459190916,99.25715637568015,100.0
126,BridgeDepth (Mid.),84540,0.08052372658237024,0.07384668074646117,0.061152521947863483,0.05027549667926762,0.03080567169526674,0.9993021055121836,0.3950792524248876,4.519753962621245,99.25124201561391,100.0
126,DEFOM-Stereo,84540,0.08183183130940089,0.07376757495079934,0.061708029781281086,0.051190501954645085,0.03015195920209731,0.9992547906316537,0.2732434350603265,2.8022237993849064,99.4546960018926,100.0
126,FoundationStereo,84540,0.08136622759779374,0.07407293863621757,0.06165896974627582,0.051070206923575334,0.03046907424556309,0.9993494203927135,0.4660515732197776,4.67116158031701,99.29855689614384,100.0
126,S2M2,84540,0.08231720221441399,0.07500126068697544,0.062342199181032634,0.051904541229323864,0.0307618485613397,0.9990300449491365,0.3359356517624793,3.70948663354625,98.9046605157322,100.0
126,SGBM,84540,0.0893799602877106,0.08037660150621043,0.06661950713108673,0.054090743633534444,0.06131364250021871,0.9888928317955997,0.6340193991010172,2.75490891885498,97.87201324816654,100.0
127,RealSense D435i,91572,0.00972812573221988,0.018655049263889324,0.00625207072116385,0.003323999888349305,0.024899703414706268,0.9986677150220592,87.91442799108898,97.54837723321539,99.86349539160442,100.0
127,UniDepthV2,91572,0.10764285038357072,0.08388096464327287,0.06697104584226088,0.05814803554136033,0.052356502196937986,0.9879985148298607,1.9481937710217099,5.120560870134976,94.30393570086926,100.0
127,MoGe-2,91572,0.10277495555106425,0.07791141608541961,0.06122093389885162,0.05199839314419141,0.0757091770918983,0.9761062333464378,1.081116498492989,2.734460315380247,97.03075175817936,100.0
127,DA3,91572,0.1341959398031487,0.12927222936190008,0.08099339737673869,0.033232340339390154,0.17525482728188221,0.8052243043725156,18.071026077840386,34.77482199799065,77.35115537500546,100.0
127,BridgeDepth (RVC),91572,0.0630890311058166,0.056388979519770226,0.04119277078915004,0.03125872575885119,0.032326360873262405,0.9981653780631634,1.314812388066221,15.122526536495872,98.81513999912637,100.0
127,BridgeDepth (Mid.),91572,0.06330464062685232,0.056154920991254624,0.04126698812380603,0.03143505174560618,0.03166276607230612,0.9965819246057747,1.4130957061110383,14.870266020180841,98.88066221115625,100.0
127,DEFOM-Stereo,91572,0.0670991407918432,0.06172317519923997,0.044118591307434306,0.031864579699299955,0.0369742452990169,0.9947691434062814,1.4611453282662823,12.825973004848642,98.02887345476783,100.0
127,FoundationStereo,91572,0.06325442101329849,0.05561772362193435,0.04110934379969446,0.03175350250082498,0.031495034310472333,0.9969204560345958,1.2034246276154283,15.22080985454069,99.0335473725593,100.0
127,S2M2,91572,0.06509149149076188,0.0584968600756517,0.04250747448573195,0.03242486753738655,0.03347825267406361,0.9955881710566549,1.04835539247805,13.262787751714496,98.68518761193378,100.0
127,SGBM,91572,0.07103289524996832,0.08015147464837334,0.04672179195550335,0.03191319875363924,0.09233149792194156,0.9936771065391168,1.2547503603721661,9.580439435635348,98.40781024767396,99.9847114838597
128,RealSense D435i,94610,0.01152940546252996,0.012622856611137526,0.00807030182036809,0.005445540611247024,0.017206418099722773,0.9999682908783427,82.22598034034458,96.35133706796321,99.98625938061517,100.0
128,UniDepthV2,94610,0.20375030263802021,0.14500979119168342,0.13747593461822097,0.13077046959087268,0.04386208543390987,0.8923792410950216,0.30335059718845786,1.010464010146919,36.59021245111511,100.0
128,MoGe-2,94610,0.054511786410576975,0.04696205577406517,0.03855028767129979,0.029720026982521464,0.03608269763100604,0.9986576471831731,9.766409470457669,28.935630483035617,99.80657435789028,100.0
128,DA3,94610,0.10360271659921255,0.079738603877279,0.06814282009066235,0.06208906206239806,0.10973780263055295,0.9798541380403762,6.904132755522673,14.661240883627524,94.40439699820315,100.0
128,BridgeDepth (RVC),94610,0.07376739074282225,0.07110483013467456,0.05633233147282577,0.042551369574292175,0.0334116114453909,0.9958461050628897,0.9861536835429658,8.943029278088996,98.65130535884155,100.0
128,BridgeDepth (Mid.),94610,0.074217060323549,0.07196470645741476,0.056758798617237524,0.04259014070935324,0.03389516636836108,0.9952119226297431,0.9776979177676778,8.451537892400381,98.60162773491174,100.0
128,DEFOM-Stereo,94610,0.07643985250354533,0.07418489776942035,0.05845364506120006,0.044688582871998894,0.03508010777414973,0.9956452806257267,1.0918507557340662,8.202092802029384,97.74336750872001,100.0
128,FoundationStereo,94610,0.07454360483932888,0.07151986597099357,0.05701665298046766,0.043948026286401765,0.03335298549472596,0.9959412324278617,0.9280202938378607,9.203044075679104,98.92083289292887,100.0
128,S2M2,94610,0.07666627145459347,0.07302622784264229,0.05844401820093621,0.04477639077426998,0.033545151600363594,0.9956981291618222,0.8540323433040904,7.863862171017863,98.61325441285277,100.0
128,SGBM,94610,0.085367932201537,0.08690412351719096,0.0648283330535554,0.049193370326265196,0.07377439625158409,0.9884473100095127,0.6225557552055808,6.705422259803403,97.26138885952858,100.0
129,RealSense D435i,88701,0.010666620044980686,0.012595952520594882,0.0074351401858318315,0.004410145233774143,0.016860680520558464,0.9999098093595337,83.87165871861647,96.84670973269749,99.98647140393005,100.0
129,UniDepthV2,88701,0.16826920848635543,0.1179623437926615,0.10949121509866117,0.10344958562158302,0.04057651399421209,0.9617366207821784,0.10822876855954273,0.47575562845965663,72.92364234901522,100.0
129,MoGe-2,88701,0.04400747052311257,0.041978915006481266,0.03151889656199786,0.022384031076749356,0.036682219076241786,0.9982412825109074,18.823914048319633,47.969019514999836,99.77226863282263,100.0
129,DA3,88701,0.13369747854320205,0.09560095617519176,0.08182332783560596,0.07828262430201305,0.10179790196910231,0.9239467424268046,5.85788209828525,11.674051025354844,73.08034858682541,100.0
129,BridgeDepth (RVC),88701,0.07051317746054428,0.06388721832070285,0.05087648894598797,0.03865568501084149,0.031913082861618036,0.9998534402092423,1.36413343705257,8.353908073189704,99.07892808423806,100.0
129,BridgeDepth (Mid.),88701,0.0710016895449496,0.06433413823487054,0.05123680075120763,0.039071166818086756,0.03178383128042298,0.9996166897780183,1.1600771129975986,7.87702506172422,98.90418371833462,100.0
129,DEFOM-Stereo,88701,0.0711531722410859,0.062452355267614904,0.050788616879267764,0.03886471002086844,0.029880452796143903,0.9997407019086594,0.2818457514571425,6.547840497852335,99.052998275104,100.0
129,FoundationStereo,88701,0.07049119071855174,0.06418311686583647,0.050911832209425384,0.038133622507336984,0.03207914629103097,0.9994588561572023,0.8117157641965704,8.346016392148904,98.98310052874263,100.0
129,S2M2,88701,0.0727493402196673,0.06559764296574651,0.052400498444201964,0.0392916109543654,0.03232292850020457,0.9983878423016651,0.8477920203830848,6.751896821907306,98.87825390920058,100.0
129,SGBM,88701,0.23357646395618537,1.0250731976094538,0.17326331457342323,0.04228753923883044,0.2994713620442933,0.9537998444211452,1.573826676136684,5.596329240933022,93.95046279072389,97.29653555202309
130,RealSense D435i,78631,0.01515834488027045,0.01502447393454837,0.00929799595229457,0.006012837170562557,0.023816785835806945,0.9999364118477445,78.00104284569699,92.248604240058,99.98092355432335,100.0
130,UniDepthV2,78631,0.13742033495483602,0.10060971933764475,0.08828124791273378,0.07240110977824754,0.04644390374962708,0.9704060739403034,0.06485991530058119,0.45529117014917775,82.79813305184977,100.0
130,MoGe-2,78631,0.08549444278940495,0.05999853049025065,0.050622669301593655,0.038230556004013594,0.06682603383354749,0.9972784270834658,6.511426790960308,16.68807467792601,99.59176406251987,100.0
130,DA3,78631,0.16834189841517422,0.14197925295616706,0.1039181330316687,0.0672274041970905,0.18147937205564668,0.7867126197046966,3.5583930002162,9.381795983772303,72.66981216059824,100.0
130,BridgeDepth (RVC),78631,0.0674945201784735,0.0624679583543165,0.04709456591683579,0.03266128197861473,0.038416456799535974,0.9996439063473693,7.372410372499395,18.12262339280945,99.02201421831084,100.0
130,BridgeDepth (Mid.),78631,0.06790842507121345,0.0627585032638691,0.047303420606044914,0.03278282857980941,0.038806931484313224,0.9996820592387227,6.864976917500732,17.692767483562463,98.74349811143188,100.0
130,DEFOM-Stereo,78631,0.06682134173631943,0.060011867584293915,0.046071526852772084,0.03236429484289971,0.035849403420553226,0.9997202121300759,4.973865269423001,15.44937747198942,99.37556434485127,100.0
130,FoundationStereo,78631,0.06666745860742639,0.061682195954908814,0.04649543678649335,0.03225615682372085,0.0382085368182395,0.9997965179127825,8.225763375767826,17.513448894202032,99.35775966221973,100.0
130,S2M2,78631,0.0698833329516679,0.06466113360047965,0.04878057903973203,0.03397356231739612,0.039156881681281834,0.9996057534560161,6.997240274192112,15.33619056097468,98.2614999173354,100.0
130,SGBM,78631,0.0851131381300439,0.10761552184308308,0.06075212894139442,0.03199659566024737,0.16028050615099762,0.9560860220523713,3.2022993475855577,12.130075924253793,94.17405349035369,100.0
131,RealSense D435i,81561,0.012888992800092404,0.018176286056600106,0.008745963759094703,0.005402338138327856,0.026345492179904933,0.9986513161927882,81.2802687559005,94.7953065803509,99.84919262882995,100.0
131,UniDepthV2,81561,0.18366468812491057,0.12205910676233422,0.11427251595747605,0.11402220756524928,0.07489534996669919,0.840708181606405,0.0698863427373377,0.4487438849450105,51.97336962518852,100.0
131,MoGe-2,81561,0.06956530958950395,0.06416424071212043,0.051678767614243684,0.04142243991873662,0.04992516248857697,0.9912580767768909,3.943061021811895,21.988450362305514,99.01423474454703,100.0
131,DA3,81561,0.10831608433536653,0.10279561171102451,0.0787745788570533,0.05473105256952249,0.13460650010931294,0.9137455401478648,6.668628388568065,16.701609838035335,87.5455180784934,100.0
131,BridgeDepth (RVC),81561,0.08183088710362776,0.08028935508523248,0.06308660746881194,0.04499127907534328,0.04368415638566711,0.9950221306752002,3.068868699500987,11.132771790439058,98.69913316413482,100.0
131,BridgeDepth (Mid.),81561,0.08179729235712122,0.08038729362840778,0.06301852562890914,0.044241469849458204,0.0437312511903445,0.9932688417258249,2.9916258996334033,11.118058876178566,98.67338556417896,100.0
131,DEFOM-Stereo,81561,0.08375960857324076,0.07940633244347538,0.06377083824385338,0.045694323972934936,0.042066252627698024,0.9971922855286227,0.904844227020267,9.370900307745124,98.85607091624674,100.0
131,FoundationStereo,81561,0.08212873079825485,0.08038331909834638,0.06340477948017578,0.04513762619196482,0.042689780249598984,0.995365432007945,4.033790659751597,11.125415333308812,98.65867264991847,100.0
131,S2M2,81561,0.0831237413877322,0.08143951404076444,0.06400332539416953,0.044437976782178534,0.04335502650638674,0.9946420470568041,2.609090128860607,10.335822267995733,98.05421708904991,100.0
131,SGBM,81561,0.10288462261895105,0.12340160580424578,0.07950157327334367,0.049626304898555906,0.17238391668174768,0.9627518053971874,1.8758965682127489,6.038425227743652,95.01845244663504,100.0
132,RealSense D435i,87451,0.00994140925213995,0.011332059277590558,0.006966980225479885,0.004547155389128532,0.01630239487571864,0.9998742152748397,89.6993745068667,97.13210826634344,99.97255605996502,100.0
132,UniDepthV2,87451,0.1677537721349296,0.1480015004049729,0.12640515882564318,0.10104526501316202,0.05928479270721265,0.8687493567826554,0.03201793004082286,0.33847526043155596,58.31151158934718,100.0
132,MoGe-2,87451,0.07991596338738631,0.07739826066585287,0.06203444470024394,0.042267604374864765,0.08150840584769369,0.9984905832980755,2.076591462647654,10.923831631427886,98.61065053572858,100.0
132,DA3,87451,0.1800008835979051,0.1474500083395898,0.11601843500046692,0.09232573557057866,0.1336987833969864,0.7637877211238293,6.658585950989697,12.079907605401882,60.64424649232142,100.0
132,BridgeDepth (RVC),87451,0.07997890361225604,0.07926462469625514,0.06238881095452693,0.042795156364604736,0.036648404641931906,0.9947170415432642,0.2378474803032555,5.257801511703697,98.56262364066734,100.0
132,BridgeDepth (Mid.),87451,0.08021625914510125,0.07966410759954694,0.06255540111204445,0.04325761031127573,0.036818690307155934,0.9944426021429144,0.26529142033824654,4.872442853712364,98.47914832306091,100.0
132,DEFOM-Stereo,87451,0.08005873610463748,0.07936086433742306,0.062446988958855365,0.04395213791516217,0.036448268850669895,0.9948428262684246,0.3201793004082286,4.855290391190495,98.2618837977839,100.0
132,FoundationStereo,87451,0.08103891067755278,0.07929786918652003,0.06304199205018331,0.044601141524956756,0.03573904635377278,0.9943282523927686,0.3041703353878172,3.414483539353467,98.44484339801718,100.0
132,S2M2,87451,0.08387633938191351,0.08414052876592153,0.06572244501956809,0.04469039195530111,0.03904964157769788,0.9937221987169959,0.225269007787218,5.519662439537569,97.49802746680999,100.0
132,SGBM,87451,0.10575865394548749,0.13371733190775353,0.08367969720964513,0.05058876229631437,0.17311769614073821,0.9567757944448891,0.6609415558427004,3.8970394849687255,93.56668305679752,100.0
133,RealSense D435i,74199,0.01899069706132452,0.02653658166009105,0.011613382458309847,0.00722849280778548,0.04456236918085393,0.9917249558619389,70.50903650992602,93.08076928260489,99.13880240973599,100.0
133,UniDepthV2,74199,0.2639960432089672,0.16775424057890964,0.15756100792350658,0.14367977033183588,0.08779411498853078,0.4847369910645696,0.0026954541166322996,0.0161727246997938,26.453186700629388,99.99865227294168
133,MoGe-2,74199,0.06935908772588047,0.07286527921682828,0.04921834644524709,0.029396053917836285,0.062215176186221605,0.9821291392067278,8.000107818164667,26.73216620170083,96.74119597299155,100.0
133,DA3,74199,0.2633650689906289,0.17634898181014413,0.15011424431634338,0.1214300814338315,0.15518656108823847,0.6242806506826237,1.7857383522688983,5.2534400733163515,36.07730562406501,100.0
133,BridgeDepth (RVC),74199,0.06870096012321651,0.06056083259568323,0.04673456068227612,0.033400924540112786,0.04454787860165182,0.9969002277658728,1.4959770347309265,9.323575789431123,99.28435693203413,100.0
133,BridgeDepth (Mid.),74199,0.06937461054335353,0.06096744297067331,0.04717452739282356,0.033765789471833396,0.04377567586416928,0.9970215232011214,1.458240677098074,8.544589549724389,99.25201148263454,100.0
133,DEFOM-Stereo,74199,0.07075918837074135,0.06426409375693796,0.04734939381487964,0.03399510968417818,0.0520778326354725,0.9954312052723082,1.4676747665062873,7.417889728972088,99.20484103559347,99.99595681882505
133,FoundationStereo,74199,0.06977816754372956,0.06068581813464077,0.04725612783706116,0.033443658288581535,0.04518202475704421,0.9963880914837128,1.2938179759835038,8.071537352255422,99.2479683014596,100.0
133,S2M2,74199,0.07126969585196245,0.061312855848452,0.048197030826045914,0.03584595588829376,0.044125485617282904,0.996832841412957,1.7048747287699295,6.913839809161848,99.22910012264316,100.0
133,SGBM,74199,0.0827956997700732,0.08220140025946193,0.05659766724413374,0.039356369197984464,0.08701060894308035,0.9709160500815375,1.1401770913354627,6.599819404574185,96.73850051887491,100.0
134,RealSense D435i,88992,0.013878208258024572,0.017394490987136624,0.009211464769760695,0.006101046935215848,0.029900711501256953,0.9954153182308522,81.90960985257102,97.12221323265013,99.48871808701905,100.0
134,UniDepthV2,88992,0.20806857725555408,0.15933011432116506,0.1453055466262151,0.12957663496988864,0.055207126817494304,0.8913273103200288,0.0011236965120460267,0.011236965120460267,43.394911902193456,100.0
134,MoGe-2,88992,0.04285196080825853,0.06279607868873828,0.035303390212956344,0.020721897369904874,0.055849040428481864,0.9787508989572097,24.212288745055734,57.46696332254585,96.6187971952535,100.0
134,DA3,88992,0.16046849577443084,0.13143721027928723,0.10448893277061755,0.08735728018036604,0.12214594242441869,0.8478065444084861,8.61425746134484,14.676600143833154,66.52283351312478,100.0
134,BridgeDepth (RVC),88992,0.07702089883524649,0.0719511207220032,0.05929343677919894,0.047424576506086835,0.03142217622166108,0.9969884933477167,0.21125494426465302,3.927319309600863,98.93248831355628,100.0
134,BridgeDepth (Mid.),88992,0.07768935154119401,0.07268517029159137,0.05982780050796501,0.0481622270747058,0.031457123343825895,0.9958086120100683,0.1988942826321467,3.835176195613089,98.93473570658037,100.0
134,DEFOM-Stereo,88992,0.08048047372604217,0.0756230829565589,0.0622695943879994,0.05073552456548269,0.032764355309991916,0.9958985077310321,0.2067601582164689,3.0542071197411005,98.78865516001439,100.0
134,FoundationStereo,88992,0.07880156728361837,0.07272886480098621,0.06057500999668557,0.04950651509417553,0.03099217924880263,0.9956512944983819,0.18765731751168643,2.6159654800431498,99.0796925566343,100.0
134,S2M2,88992,0.08208791807992473,0.0770254109169635,0.06338910601577251,0.05211045623897692,0.0330405416662433,0.9949546026609133,0.18540992448759439,2.3799892125134843,98.48300970873787,100.0
134,SGBM,88992,0.10167206775282443,0.11834131759398317,0.07842460815016321,0.05916506311638409,0.15233460705923796,0.9529845379359942,0.42700467457749014,2.0956939949658397,94.02193455591514,100.0
135,RealSense D435i,91963,0.01493139613166952,0.017709663869628203,0.009985090184182905,0.006905155650777539,0.029523933337192054,0.9961288779182932,79.82775681524092,95.51776257842828,99.58679033959311,100.0
135,UniDepthV2,91963,0.24937967242631184,0.17921857797209848,0.17027513749697226,0.15610839082834893,0.063979376972449,0.511629677152768,0.0010873938431760599,0.017398301490816958,24.478322803736287,100.0
135,MoGe-2,91963,0.12181216921750582,0.09828885972893106,0.08506904410910784,0.07395236656415105,0.04618643552629236,0.973108750258256,0.1544099257310005,0.5534834661766145,91.71297152115525,100.0
135,DA3,91963,0.20739676934430548,0.14854695580456462,0.12715820275289194,0.13894093257384577,0.13948092455035485,0.5250481171775605,6.6396268064330215,13.054163087328599,43.754553461718295,100.0
135,BridgeDepth (RVC),91963,0.07882541157157465,0.07974298139950188,0.06311065141718006,0.0505423675833826,0.04127022355498724,0.9944760392766656,0.6665724258669247,18.786903428552787,98.53093091786914,100.0
135,BridgeDepth (Mid.),91963,0.07891124597203301,0.08016035695221019,0.06322613246143316,0.05062316121365029,0.04135099308552533,0.9942368126311669,0.6459119428465796,18.519404543131476,98.36890923523592,100.0
135,DEFOM-Stereo,91963,0.07895991834583226,0.07969058006328981,0.06312791274436207,0.049896604661212485,0.04163079128651791,0.9952807107206159,0.7840109609299392,19.190326544371107,98.00463229777193,100.0
135,FoundationStereo,91963,0.07920505244840119,0.0792372746786249,0.06326005687087169,0.05191096813585261,0.04094435805626823,0.9955634331198416,0.5208616508813327,18.6183573828605,98.62118460685275,100.0
135,S2M2,91963,0.0818194674544924,0.08318247681575816,0.06564148238529824,0.05221565673909978,0.04302666853821273,0.9935082587562389,0.5730565553537836,17.19930841751574,98.00680708545828,100.0
135,SGBM,91963,0.10315469021498631,0.13461484864377135,0.08463973321730023,0.06203447957530506,0.18185009986080308,0.9574067831627937,0.7818361732435872,12.062459902352032,94.15308330524232,100.0
136,RealSense D435i,87259,0.013298327534720274,0.016835513346179946,0.009199903176732803,0.0063428474714424254,0.020339216486677275,0.9988654465441961,80.5807996882843,96.09323966582244,99.87852255927756,100.0
136,UniDepthV2,87259,0.16757192756253267,0.14667734281073702,0.12435451901564981,0.10317056833159,0.05258989023587969,0.9234692123448585,0.1088712912135138,0.3449500911080805,69.97444389690462,100.0
136,MoGe-2,87259,0.0779727934466541,0.06547628928468106,0.055116305581858434,0.04754512164089675,0.032616819108515244,0.9979830160785707,1.7774670807595778,6.5024811194260765,98.70156660057988,100.0
136,DA3,87259,0.25032221826626677,0.18237323530592403,0.15795340088054396,0.15195199941278936,0.14433438855295974,0.467103679849643,4.127940957379755,7.906347769284544,36.895907585463966,100.0
136,BridgeDepth (RVC),87259,0.07291463931655442,0.07513145253826502,0.057522299794748585,0.04343562996603212,0.0393982733839462,0.9927801143721564,1.8817543176062066,20.263812328814222,97.93488350771841,100.0
136,BridgeDepth (Mid.),87259,0.07279064033611782,0.07509380300679401,0.057531071022885225,0.04351502220390524,0.03944468768776075,0.9940980300026359,1.8691481680972737,21.690599250507113,98.09876345133453,100.0
136,DEFOM-Stereo,87259,0.07330792642594315,0.0750487862190032,0.0575647833868764,0.04326419522624758,0.03906448126290246,0.995782669982466,2.137315348560034,17.896148248318227,97.88445890968266,100.0
136,FoundationStereo,87259,0.07240819344550609,0.07373574506920419,0.056947217011198134,0.04277825461415419,0.038433066527861964,0.995244043594357,1.5860828109421379,20.264958342405944,98.25805934058378,100.0
136,S2M2,87259,0.0755142782683863,0.07829068467836316,0.059597543081317886,0.04445017586590194,0.0407620244618291,0.9928717954594941,1.2537388693429903,17.923652574519533,97.32291224973928,100.0
136,SGBM,87259,0.089311108050896,0.10775543830065269,0.07086924850330653,0.05191275044740695,0.12239069323413515,0.9793488350771841,1.1849780538397185,11.27906576972003,95.5832636175065,100.0
137,RealSense D435i,81853,0.014587778146467561,0.014868544005203325,0.010332070906162243,0.007085404866065792,0.020118394743300114,0.9998900467911989,74.41022320501386,92.78218269336493,99.96212722807961,100.0
137,UniDepthV2,81853,0.19163744024913293,0.15399348281096487,0.140537196542401,0.11780801110187511,0.03921894967885666,0.9021782952365827,0.012217023200127058,0.02321234408024141,52.95468706095073,100.0
137,MoGe-2,81853,0.06911440254721032,0.06054123406739518,0.051377680453360074,0.03985637899954997,0.038151897942701296,0.9951620588127497,3.9082257217206458,12.709369235092177,99.41113948175388,100.0
137,DA3,81853,0.21392851534004878,0.18043499419944725,0.14411786473196186,0.12450006277623993,0.12293551218442854,0.6335137380425886,9.352131259697263,14.143647758787095,40.00830757577609,100.0
137,BridgeDepth (RVC),81853,0.08558852703295881,0.07736439824040507,0.06561456353719423,0.05634412843559833,0.031083374779890767,0.9955530035551537,0.8319792799286525,2.3444467521043824,98.84426960526798,100.0
137,BridgeDepth (Mid.),81853,0.08601972517096342,0.07817567998952889,0.06603338026649512,0.05648750889233034,0.031597924123383817,0.9954674843927529,0.8246490660085765,2.2027292829829084,98.82594407046778,100.0
137,DEFOM-Stereo,81853,0.0868886146981489,0.07915102570975699,0.06667871151875865,0.05877785334688146,0.032205550167360084,0.9933172883095305,0.5888605182461242,2.0072569117808756,98.48142401622421,100.0
137,FoundationStereo,81853,0.08650648196516302,0.07746620256398135,0.0661795551747667,0.05822811652863236,0.030182539618591887,0.9951131907199492,0.8160971497684874,2.216168008503048,98.7978449171075,100.0
137,S2M2,81853,0.09051467759960972,0.08275791708338513,0.06962523812189321,0.061166711840426546,0.03365216448883867,0.9939037054231366,1.0518856975309396,2.1049930973818918,98.23464014758164,100.0
137,SGBM,81853,0.11163878670255173,0.13616438809248577,0.08732941159716467,0.063577176769127,0.1792775171377595,0.9512174263618927,0.8906209912892624,2.9699583399508875,93.32828363041061,100.0
138,RealSense D435i,82311,0.011764414552369836,0.012847726122337984,0.008774320047756126,0.0062771141680382225,0.01625913276231572,0.9999757019110447,84.70556790708412,96.72097289548176,99.99757019110447,100.0
138,UniDepthV2,82311,0.14538171935935013,0.11133721790622617,0.10621700995934096,0.09844145322557596,0.026074590730205613,0.998639307018503,0.06438993573155471,0.1664419093438301,93.04467203654433,100.0
138,MoGe-2,82311,0.07597799191643899,0.057590859634458744,0.05298876916864918,0.05039249876771834,0.03493973699823219,0.9979103643498439,2.9995990815322378,14.434279743898143,99.69870369695424,100.0
138,DA3,82311,0.07871608370334747,0.07411451413329133,0.05754481151366452,0.04333368873674348,0.09188438294030457,0.9835137466438265,9.832221695763629,24.69050309193182,96.00903888909137,100.0
138,BridgeDepth (RVC),82311,0.08632197478542639,0.08551863568271745,0.07011348521178193,0.05344801703598845,0.037242404420629406,0.9993925477761174,0.12513515811981388,2.4419579400080185,97.14132983440852,100.0
138,BridgeDepth (Mid.),82311,0.08630550970319895,0.08558122889182174,0.07011065357637444,0.05298241949717486,0.03714558501622685,0.9995747834432822,0.14214382038852644,2.1443063503055484,97.24095199912527,100.0
138,DEFOM-Stereo,82311,0.08627104410571172,0.08473384198315226,0.06987205864264277,0.05288552633447263,0.03627825160026417,0.9998177643328352,0.21868280059773298,3.2425799710852745,98.26268663969579,100.0
138,FoundationStereo,82311,0.08690557351788801,0.08575469811561619,0.07049022643469921,0.053001884782121755,0.036859906045640004,0.9998299133773129,0.13849910704523088,1.6595594756472405,97.18871110787136,100.0
138,S2M2,82311,0.08997458172650696,0.0909204663363567,0.07313533988624082,0.05494008921190141,0.053454164087957674,0.9947759108746097,0.16158229155276937,1.1553741298246893,96.55574589058571,100.0
138,SGBM,82311,0.09919847768982232,0.09195443631176403,0.07724372675626824,0.06363740259680328,0.04988735784507599,0.9752645454435008,0.1810207627170123,1.0921990985408998,96.50471990377957,100.0
139,RealSense D435i,82794,0.01151929306792754,0.014415501484242067,0.008677633844354708,0.0057997924768689035,0.017984292891260655,0.9992028407855642,85.10036959199942,97.86699519288837,99.91424499359857,100.0
139,UniDepthV2,82794,0.1798572690781328,0.16642918553025252,0.14117723087798364,0.13647092618877538,0.06463165446575488,0.7893084039906273,0.13044423508949923,0.41669686209145596,57.120081165301826,100.0
139,MoGe-2,82794,0.10037166634514906,0.07675126708433258,0.06868132572095605,0.06404026406300561,0.05179395826109462,0.9824987317921589,1.7863613305311978,5.191197429765442,98.17136507476387,100.0
139,DA3,82794,0.0793509334638322,0.07432210036514034,0.05701096290866932,0.04304845141361474,0.09127704396060707,0.9800106287895258,8.786868613667657,22.895378892190255,96.1156605551127,100.0
139,BridgeDepth (RVC),82794,0.08530834104077839,0.08630053507921749,0.0687325903295774,0.0494763474129144,0.03885521777961139,0.9950479503345653,0.3007464309007899,1.4590429258158804,97.52518298427422,100.0
139,BridgeDepth (Mid.),82794,0.08517619712940878,0.08608691139915028,0.06861147998490201,0.0492131574068273,0.038558761039838796,0.9940575404014784,0.2838369930188178,1.3455081286083532,97.76674638258811,100.0
139,DEFOM-Stereo,82794,0.08757461925918279,0.08807534572223791,0.0703404124531005,0.04855403563510263,0.039573569495402756,0.9971253955600647,0.4517235548469696,1.7211392129864482,97.13264246201415,100.0
139,FoundationStereo,82794,0.08577035116928448,0.08676132731242234,0.0690391704583205,0.04854230780606528,0.03906456972185568,0.9938401333429959,0.3236949537406092,1.565330821073991,97.59523636978525,100.0
139,S2M2,82794,0.08784203969549732,0.0884957828707886,0.07061695135522406,0.050272192689096384,0.03919327985922728,0.9946856052370945,0.34664347658042854,1.3793270043722974,96.97321061912699,100.0
139,SGBM,82794,0.10811250251352299,0.12042978089295302,0.08517290689544393,0.060467873633540836,0.14427934824240676,0.9621349373142981,0.298330796917651,1.5001087035292413,93.155301108776,100.0
140,RealSense D435i,81730,0.013121161400900177,0.014806141747844687,0.009402990406220817,0.00675631604954563,0.01953020640180448,0.9990211672580448,80.56649944940658,96.2253762388352,99.89477548023982,100.0
140,UniDepthV2,81730,0.16846036993300814,0.13310388677270796,0.12269883845023671,0.10678758715450815,0.03595951262302811,0.9660100330356051,0.06240058729964518,0.1272482564541784,76.06142175455768,100.0
140,MoGe-2,81730,0.06696977431362794,0.06197419693653953,0.04891796638870989,0.03900994991493534,0.04937078014812544,0.984742444634773,3.4405970879725927,11.881805946408907,98.40327908968554,100.0
140,DA3,81730,0.07913787777978822,0.0826857261988154,0.060860661975466246,0.04163931939587934,0.10210433053299932,0.9566254741221094,17.622659977976262,30.215343203230148,93.6131163587422,100.0
140,BridgeDepth (RVC),81730,0.08564096067447823,0.08663577185968717,0.06905167814252197,0.050522505139780904,0.03874495652706233,0.9952281903829683,0.9164321546555733,4.078061911170929,98.05212284350911,100.0
140,BridgeDepth (Mid.),81730,0.08569383380846439,0.0867072672200203,0.06907083566696477,0.05091287170206815,0.03860310685667865,0.994775480239814,0.9788327419552184,4.13312125290591,98.04600513887189,100.0
140,DEFOM-Stereo,81730,0.08825637979628398,0.08994946391005514,0.07121174993930535,0.05212094357862812,0.0401949934598633,0.9949100697418328,0.8846200905420286,3.844365594029121,97.12223173865165,100.0
140,FoundationStereo,81730,0.08583257448954908,0.08673612264784795,0.0692411460530608,0.05217723120877432,0.03879841852640685,0.995803254618867,1.0375627064725315,3.9801786369754066,98.03744035237979,100.0
140,S2M2,81730,0.08912517887120719,0.09125009847376836,0.07203424732104768,0.05417428066848462,0.04122661607372381,0.9931236999877646,0.8944084179615808,3.843142053101676,96.05285696806558,100.0
140,SGBM,81730,0.10579576902247022,0.10389582745140286,0.0816738990835332,0.06615799751111279,0.0734844184420547,0.9520739018720176,0.8234430441698274,3.878624739997553,92.53150617888168,100.0
141,RealSense D435i,73288,0.01782516732766367,0.03587899047952329,0.011482856706828392,0.00745985238492286,0.04943181458608161,0.9946512389477131,75.35203580395154,94.67307062547758,99.46375941491104,100.0
141,UniDepthV2,73288,0.2539354297232942,0.17820593287938033,0.1627739436517626,0.1410834465740115,0.07786675832231939,0.5787987119310118,0.0,0.0013644798602772622,10.109431284794237,99.98635520139723
141,MoGe-2,73288,0.0633323122767023,0.08261097666987804,0.04479623485545066,0.02524405421276582,0.10885822046663264,0.9826847505730816,9.833806353018229,38.54109813339155,98.19206418513264,100.0
141,DA3,73288,0.12161004814658445,0.13450773037161426,0.07908737498746199,0.03953394093678281,0.1670756981090312,0.9010069861368846,15.428173780155005,27.973201615544152,83.69719462940726,100.0
141,BridgeDepth (RVC),73288,0.07569221962735347,0.07834809351083495,0.05720718415945987,0.03812245011297921,0.04522178395344245,0.99699814430739,1.5418622421133064,14.470308918240365,98.48406287523196,100.0
141,BridgeDepth (Mid.),73288,0.07508771332145807,0.07728604621322263,0.05683802957089476,0.03800853463883053,0.042893812747703784,0.996643379543718,1.4859185678419387,15.022923261652657,98.4758759960703,100.0
141,DEFOM-Stereo,73288,0.07843394794709968,0.0811212227593766,0.0588285915018742,0.03825303276744696,0.04797352639836602,0.9961385219954153,0.9292107848488156,10.405523414474402,97.50709529527344,100.0
141,FoundationStereo,73288,0.07619616014747888,0.07812516330735712,0.057348346830457066,0.03809243378307253,0.04458888517748277,0.9975030018556926,1.0847614889204236,12.184805152275953,98.63688461958301,100.0
141,S2M2,73288,0.07798700620195621,0.07995022364811981,0.058789284520157324,0.039374028397716865,0.044278049351491655,0.9970117891059928,0.9455845431721429,9.670068769784958,97.69675799585198,100.0
141,SGBM,73288,0.08972310529375144,0.10606637514869842,0.06824435836626548,0.04048570682688196,0.1112024587501771,0.9672797729505512,2.4328675908743587,11.095950223774697,94.19140923479969,100.0
142,RealSense D435i,71302,0.01790514533186735,0.01837101120476413,0.011541226195763952,0.008555331525541943,0.027874376229553105,0.9988219124288239,67.46795321309361,91.19800286106981,99.7040756220022,100.0
142,UniDepthV2,71302,0.2676394493702297,0.19621833394892133,0.18029197774217295,0.17539031699891777,0.0826080397569945,0.3886847493758941,0.112198816302488,0.35482875655661833,20.240666460968836,100.0
142,MoGe-2,71302,0.04582980895347869,0.0427438641561936,0.029094435221685488,0.02103093822488067,0.057786404197613626,0.9722027432610586,29.19132703149982,55.719334661019325,96.65507278898208,100.0
142,DA3,71302,0.12563293132675674,0.101693716330212,0.07827327823647007,0.07411321093990225,0.14124010229263553,0.8667919553448711,12.096434882611987,22.23079296513422,78.42136265462399,100.0
142,BridgeDepth (RVC),71302,0.07542804371789617,0.08149234707678488,0.059399321489849985,0.03473707864398545,0.04544262457355379,0.9961010911334885,5.36731087487027,15.885949903228521,97.49375894084318,100.0
142,BridgeDepth (Mid.),71302,0.07583738179498392,0.08190568065403654,0.05974121996176174,0.034651825596960395,0.045586786252291345,0.9950211775265771,5.291576673866091,15.70783428234832,97.62839752040617,100.0
142,DEFOM-Stereo,71302,0.08032251092203518,0.08386655436160534,0.06189104221277565,0.036636728986928935,0.05157832786813431,0.9888642674819781,4.858208745897731,13.431600796611596,96.07724888502426,100.0
142,FoundationStereo,71302,0.07537407104610118,0.08025968747916096,0.05901451373160181,0.03468160411008647,0.044873561592927345,0.9978261479341393,5.257917028975345,14.333398782642842,97.79248828924855,100.0
142,S2M2,71302,0.07864742915885803,0.08516077510133788,0.061854578264727615,0.036286650236854456,0.047015930477142656,0.9944040840369134,5.182182827971165,13.528372275672492,95.21472048469889,100.0
142,SGBM,71302,0.09627706917019872,0.12558518717573783,0.07609665196379467,0.04059891298359408,0.14363648595868714,0.9604358924013352,5.019494544332558,13.529774760876274,91.86839078847719,99.95792544388657
143,RealSense D435i,75548,0.0174687368065641,0.01859231755043605,0.012166295775254802,0.007651920468340068,0.026247530980306584,0.9996823211732938,66.76285275586382,91.86345105098745,99.96690845555143,100.0
143,UniDepthV2,75548,0.2945241984542856,0.2025399983965933,0.19186368536130768,0.18852980134873232,0.06099353105101301,0.3192936940752899,0.0,0.0039709853338275,5.551437496690846,100.0
143,MoGe-2,75548,0.05109986583497222,0.05028971759102328,0.03377021845888728,0.02487905041948507,0.0782763729036735,0.9540556996876158,28.424313019537244,43.23344099115794,94.86286863980516,100.0
143,DA3,75548,0.08535548307072781,0.08198708476998552,0.05549356514008189,0.04845938137677619,0.10792518854114813,0.960197490337269,19.46841742997829,36.178323714724414,92.59146502885582,100.0
143,BridgeDepth (RVC),75548,0.0879174628006142,0.08568441539239752,0.06583462866557369,0.04271101527642057,0.04251313270420717,0.9966776089373643,0.8180229787684651,5.327738656218563,94.9700852438185,100.0
143,BridgeDepth (Mid.),75548,0.0879289318739223,0.08534797084268404,0.06574673709666604,0.04270342773550467,0.04206985111742382,0.9967967384973792,0.7968443903213851,4.648700164134061,94.86551596336105,100.0
143,DEFOM-Stereo,75548,0.0882383013070445,0.08378425896169057,0.06541994624171854,0.04516754630991193,0.041678506106940114,0.9973394398263355,0.6366813151903425,5.95647800074125,95.19378408429078,100.0
143,FoundationStereo,75548,0.0888167722382566,0.08494986871899712,0.06601278508227146,0.0440970899887686,0.04116980382930398,0.9967570286440409,0.5096097845078625,3.236353047069413,94.37179012018849,100.0
143,S2M2,75548,0.09051415826071599,0.08733685005898646,0.06749928858741328,0.04557933638305045,0.04180881375834288,0.9941097050881559,0.41298247471806004,3.3435696510827553,93.9892518663631,100.0
143,SGBM,75548,0.10658047726977485,0.11845680952010967,0.08029429784368954,0.04882713190685756,0.1208730511615518,0.9704029226452057,1.2773336157145128,4.046434055170223,90.86938105575263,100.0
144,RealSense D435i,75426,0.013314729954147028,0.01585165634135931,0.009289927963609853,0.006191927972507005,0.02275309410941805,0.9994961949460398,80.70691803887253,95.46045130326412,99.9482936918304,100.0
144,UniDepthV2,75426,0.23011634187462784,0.16466408078292463,0.15587903316094814,0.15402801803334681,0.0568733892102109,0.6153315832736722,0.06363853313181131,0.121973855169305,22.58372444515154,100.0
144,MoGe-2,75426,0.05896006864362341,0.0525941655668925,0.043293698237271395,0.040293222049076705,0.035334773513726846,0.9984090366717047,11.55569697451807,27.68673932065866,99.8196908227932,100.0
144,DA3,75426,0.12578868858986586,0.09659426761464672,0.07866748988410631,0.06766932316236113,0.11577951688857663,0.8891894041842335,7.7983719141940435,16.221196934743986,75.5084453636677,100.0
144,BridgeDepth (RVC),75426,0.0889311573384747,0.08810572069000468,0.069399399534316,0.050216828771379285,0.04279359472575598,0.9949752074881341,1.2436030016174793,7.179222018932463,96.70803171320235,100.0
144,BridgeDepth (Mid.),75426,0.08871099102395283,0.0879240168978348,0.06917790808947995,0.049771929987779184,0.04274308523743425,0.9951343038209636,1.1773128629385092,7.45233739028982,96.89894731259778,100.0
144,DEFOM-Stereo,75426,0.09079439272737533,0.09076030649060036,0.07084734982999721,0.0487125783372816,0.04365928994772396,0.9942592739904011,0.9877230663166546,5.224988730676425,95.15816827088803,100.0
144,FoundationStereo,75426,0.08804876241795534,0.08696344129940549,0.06857313298033255,0.05010957870339405,0.04181605849795729,0.9960358497069975,1.246254607164638,6.847771325537614,96.29438124784558,100.0
144,S2M2,75426,0.08997953905946514,0.0903278460756736,0.07028864505257557,0.049447392853656846,0.04396203669796034,0.9943388221568159,1.1494710046933418,6.076154111314401,94.82539177471959,100.0
144,SGBM,75426,0.1151712955181994,0.17493019164405124,0.09206686749543105,0.05437210715351176,0.17580982325415115,0.9541935141728316,0.8074138891098559,4.625725877018535,90.63850661575584,99.99602259167926
145,RealSense D435i,73829,0.013561728167647493,0.016671886410337365,0.009557225490069815,0.006282597615696439,0.022827643564919137,0.9991602215931409,77.75129014343956,95.45300627124843,99.90383182760162,100.0
145,UniDepthV2,73829,0.23564204944479414,0.17641798171545242,0.16447433598732125,0.1622016120330454,0.05228156377365297,0.6428639152636498,0.01219033171247071,0.03386203253464086,21.262647469151688,100.0
145,MoGe-2,73829,0.052981482474140994,0.04266192854410367,0.03248824546484159,0.032275828375867066,0.05467940685321327,0.9931734142410164,30.284847417681398,40.903980820544774,99.06134445813976,100.0
145,DA3,73829,0.1252615300364802,0.11095421895519862,0.08589594444911607,0.07867687923191236,0.13493808236107988,0.9005404380392529,11.985805035961478,21.92498882552926,81.08331414484823,100.0
145,BridgeDepth (RVC),73829,0.08854629944657245,0.09359250093565025,0.07149702968294085,0.047611467556918585,0.0472657599334117,0.9925232632163513,4.427799374229639,11.541535169106991,95.84309688604749,100.0
145,BridgeDepth (Mid.),73829,0.08846831769881659,0.09396649620760918,0.07148023692232838,0.04743021702120698,0.047855782082452655,0.9933494968101966,4.51448617751832,11.931625783906053,95.65617846645627,100.0
145,DEFOM-Stereo,73829,0.09676393386724919,0.10562737065482843,0.07845662951590596,0.04621281226819973,0.056004319460398924,0.9665714014818025,2.2917823619444935,8.875915967980061,88.55598748459278,100.0
145,FoundationStereo,73829,0.0884586596460793,0.09188136803740674,0.07093993773241497,0.0466356866498675,0.04529211502948897,0.9950290536239147,2.448902192905227,10.513483861355294,95.66972327947013,100.0
145,S2M2,73829,0.09132687582913185,0.09884327861462418,0.07400213718221792,0.04739732256935869,0.05078046478863906,0.9887442603854854,4.151485188746969,11.116228040471901,93.17070527841364,100.0
145,SGBM,73829,0.10279356204069491,0.1046302295907031,0.08124581701959524,0.05153693051140407,0.055111661489924045,0.9792764360887998,1.5224369827574529,5.511384415338147,92.16974359668964,100.0
146,RealSense D435i,79254,0.017674291080970326,0.04476120066987728,0.011798589698836466,0.005702876658802231,0.05606373990854594,0.99357761122467,82.99896535190653,95.6784515608045,99.35649935649936,100.0
146,UniDepthV2,79254,0.2433064535562694,0.17268503979115143,0.16522135348254494,0.15680121324382024,0.06702625921629321,0.5382188911600676,0.002523531935296641,0.013879425644131527,27.487571605218662,100.0
146,MoGe-2,79254,0.02960977294278689,0.03868896881838118,0.02332055229461762,0.013239591498188874,0.04276864768058923,0.9974133797663209,44.534029828147474,75.29588411941354,99.65301435889671,100.0
146,DA3,79254,0.1364364920302782,0.10617855850354395,0.08842881548978547,0.08639961989420697,0.11607434915073482,0.9379842026900851,6.673480202891968,14.809347162288338,72.79506397153456,100.0
146,BridgeDepth (RVC),79254,0.09195080341949198,0.09494956620419773,0.07376165231065114,0.052614026829111926,0.04984085034181233,0.9900572841749312,1.1305423070128953,4.972619678502031,96.18315794786383,100.0
146,BridgeDepth (Mid.),79254,0.09294787104152255,0.09703431154739187,0.07469597691469984,0.05267086881126748,0.050923777129898075,0.987230928407399,1.0624069447598858,4.393469099351453,95.55353673000731,100.0
146,DEFOM-Stereo,79254,0.09362031759891674,0.0954302026901787,0.07477022335124009,0.0510859910893397,0.04958611127775449,0.9960506725212608,1.093951093951094,3.9758245640598577,95.81976934918112,100.0
146,FoundationStereo,79254,0.09142738178725955,0.09376635946565953,0.07316521253847558,0.05213921367468061,0.04969739651707106,0.9952179069826128,0.9967951144421733,4.761904761904762,96.63108486637898,100.0
146,S2M2,79254,0.09459093616944315,0.09773289111126818,0.07579150798179479,0.05224384090860462,0.05192119625781939,0.9933000227117874,0.9791303908950968,3.9468039468039464,95.01854795972443,100.0
146,SGBM,79254,0.11346419283288374,0.11612788820942443,0.08822734011073523,0.06255073096017594,0.09697966203571709,0.9515986574810105,0.629621217856512,3.049688343805991,90.51025815731698,100.0
147,RealSense D435i,76223,0.011986784302774174,0.013799357925912392,0.008197328930365545,0.005305048140212987,0.0194708145055349,0.9997507314065308,84.07829657714862,95.78604883040552,99.96982538079058,100.0
147,UniDepthV2,76223,0.3226923482907405,0.21721537561666576,0.21095424643817703,0.20043836861046394,0.0646401794311057,0.2452934153733125,0.0013119399656271729,0.014431339621898902,4.0092885349566405,100.0
147,MoGe-2,76223,0.027543310183203298,0.03206469551728888,0.02079051420981997,0.012685215629693047,0.03806547443100804,0.9987142988336853,45.281607913621876,76.74061634939585,99.8648701835404,100.0
147,DA3,76223,0.10278498338073484,0.08597915798550994,0.06659347769900952,0.05935650643887702,0.10809093972867409,0.9579129659026803,9.268855857155977,19.78143080172651,93.34452855437335,100.0
147,BridgeDepth (RVC),76223,0.0886302864414101,0.0890934716002062,0.06876492452508294,0.04724191693425572,0.04262740961115541,0.9944767327447096,0.850137097726408,5.449798617215277,95.80310404995868,100.0
147,BridgeDepth (Mid.),76223,0.08880639578238216,0.08986949956779197,0.06897200287543255,0.04709442007250486,0.043304904973439313,0.9947522401374913,0.7255028009918266,5.264815082061845,95.76374585098986,100.0
147,DEFOM-Stereo,76223,0.08756632800521938,0.08556305488793407,0.06699717794526643,0.04782522062242378,0.03985493136993807,0.9964840008921192,1.1033415110924525,4.332025766500925,96.22554871889062,100.0
147,FoundationStereo,76223,0.08833102460830365,0.08775110656441958,0.06827236008156588,0.04652020532086776,0.04094893235059402,0.9956574787137741,0.5588864253571756,4.5143854217231025,96.28065019744696,100.0
147,S2M2,76223,0.090272591657159,0.09230066035219374,0.0702691355280471,0.04641026155969763,0.04443013017429893,0.9944373745457408,0.5720058250134474,4.715112236464059,94.29962084934994,100.0
147,SGBM,76223,0.10464948675451108,0.11471657241460446,0.08066332936566747,0.050440612774473315,0.10827666744539322,0.9734725738950185,0.6100520840166354,3.0673156396363304,92.85779882712568,100.0
148,RealSense D435i,83007,0.013542101355979984,0.018077515345328324,0.009011925487822354,0.005738442486920459,0.02486146092768279,0.9988675653860518,78.44278193405376,95.54495404002073,99.75664702976857,100.0
148,UniDepthV2,83007,0.23373530961983136,0.15016681120930256,0.14467720088715474,0.1440305213976394,0.07101350848831606,0.5154505041743468,0.012047176744130013,0.025299071162673027,33.89232233426097,100.0
148,MoGe-2,83007,0.03463690759378982,0.03291908346868038,0.02373741279252921,0.018561983241028535,0.038529293488687305,0.9985302444372162,30.102280530557664,61.47433348994663,99.7674894888383,100.0
148,DA3,83007,0.14108113503531752,0.1118988962816898,0.0882741394746759,0.07945240072289428,0.15295259491783897,0.8754924283494163,6.968087028804799,14.649366920862095,78.31267242521716,100.0
148,BridgeDepth (RVC),83007,0.08185029608571498,0.08639670370449988,0.06404527192439816,0.04419321514379715,0.04670284385238457,0.9948438083535124,7.340344790198417,15.573385377136868,96.09189586420422,100.0
148,BridgeDepth (Mid.),83007,0.081266951088713,0.08665722139622187,0.063875644343242,0.043797615218163055,0.04703171866963289,0.9952293180093245,7.098196537641403,17.722601708289663,95.78348813955449,100.0
148,DEFOM-Stereo,83007,0.08524393589882599,0.08814662220270543,0.06629290968991144,0.0446407261338404,0.046238790728760165,0.9962774223860639,5.511583360439481,13.726553182261735,96.25814690327323,100.0
148,FoundationStereo,83007,0.08194990534119419,0.08523678102545289,0.06394222166881881,0.04273815518653912,0.04524765404367814,0.9961930921488549,6.539207536713771,14.624067849699424,96.52679894466732,100.0
148,S2M2,83007,0.08340049624603461,0.08824860073090413,0.06532506489012076,0.043308925622138394,0.04702848907655875,0.994530581758165,6.134422398111003,14.804775500861373,95.20522365583626,100.0
148,SGBM,83007,0.10280595495448264,0.2509939572323332,0.0794089258123667,0.046911993644696004,0.1430110984617854,0.9783632705675425,6.570530196248509,13.030226366451023,94.38962979025865,99.96626790511644
149,RealSense D435i,78899,0.011537383067983745,0.013919322539036034,0.008180325816054358,0.004987330332787421,0.01934561085172528,0.9995563948845994,84.83250738285656,96.56142663405113,99.90240687461184,100.0
149,UniDepthV2,78899,0.22240827227915166,0.14676931263240772,0.1421980671800053,0.13828674460878132,0.05870935498838473,0.6235186757753584,0.0,0.05069772747436596,37.243818045856095,100.0
149,MoGe-2,78899,0.035195745147628,0.02999578175179861,0.023027416665057275,0.020684001961536524,0.043441291387520384,0.9982129051065286,29.539030912939328,60.5533656953827,99.75411602174933,100.0
149,DA3,78899,0.1275983417184429,0.1021185843924281,0.08216140117200137,0.07540481118335352,0.1459181068291281,0.9068936234933269,7.143309801138164,14.011584430727892,83.66392476457243,100.0
149,BridgeDepth (RVC),78899,0.08764682223355423,0.09309196541035296,0.06970488257660826,0.04405945512065135,0.04617910321966438,0.9911405721238545,1.0659197201485444,8.439904181295073,94.47014537573352,100.0
149,BridgeDepth (Mid.),78899,0.08810648847471551,0.09410029193380695,0.07016483083000778,0.043222638841779126,0.046746032530550076,0.9882634760896842,0.9188963104728831,8.16106668018606,94.39916855726942,100.0
149,DEFOM-Stereo,78899,0.0911601932222878,0.09837636370812336,0.07254225866705907,0.042893905494785445,0.048889740775673055,0.9848667283489018,0.7503263666206161,7.153449346633037,91.64881684178506,100.0
149,FoundationStereo,78899,0.08888358106253665,0.09272003993018173,0.07032368601795395,0.04284870882978975,0.04503101203040379,0.9939542959986819,0.5830238659552085,6.768146617827855,94.61336645584862,100.0
149,S2M2,78899,0.09177673897787066,0.09903974820765535,0.07330915425495889,0.044230439416857226,0.04913911757948621,0.9873509169951457,0.6197797183741239,7.434821734115768,90.81357178164488,100.0
149,SGBM,78899,0.10401346456553696,0.13287842497889593,0.0842608719329389,0.045449126366406745,0.14660280688378496,0.9657029873635914,1.3663037554341626,6.116680819782253,91.05945575989556,100.0
150,RealSense D435i,80250,0.013392305255969935,0.014460953889169495,0.009542462208163011,0.006022374362101929,0.019683400625935387,0.9999626168224299,77.27102803738319,93.82429906542056,99.98006230529595,100.0
150,UniDepthV2,80250,0.24935253874219448,0.1653594679633411,0.16099185161096688,0.1561072173833894,0.0541538740022008,0.4762242990654206,0.0024922118380062306,0.004984423676012461,23.622429906542056,100.0
150,MoGe-2,80250,0.02957578034349482,0.03327570648278451,0.02161019035266638,0.015198841635033489,0.04114351324931823,0.9966105919003115,39.78566978193147,73.52647975077882,99.60747663551402,100.0
150,DA3,80250,0.1330525523838707,0.09682323442714408,0.08343440730189368,0.07879305906688727,0.1383643626374218,0.9041495327102804,6.580685358255452,12.782554517133956,79.13769470404985,100.0
150,BridgeDepth (RVC),80250,0.08906408156568743,0.09354431505281634,0.07034563552037354,0.04387770990842066,0.04645903245780052,0.9929221183800623,1.5214953271028038,9.358255451713395,93.99376947040498,100.0
150,BridgeDepth (Mid.),80250,0.08853916827087148,0.09442685084555535,0.0703174684343337,0.04255259120443172,0.04776115075752536,0.9923613707165109,1.6809968847352024,10.770093457943926,93.8006230529595,100.0
150,DEFOM-Stereo,80250,0.09140613002436886,0.09475679373807126,0.07170256651339137,0.04547433615374985,0.046681031982439024,0.9942554517133957,1.1588785046728973,7.973831775700935,93.24361370716511,100.0
150,FoundationStereo,80250,0.09001739097148784,0.09357940380572291,0.07094470833183765,0.044550213463361854,0.045351418079701,0.9938193146417446,1.1763239875389409,7.105295950155763,93.90529595015576,100.0
150,S2M2,80250,0.09093549333776904,0.09576801766349172,0.07191907936345666,0.04485128266549271,0.04732869466420745,0.9923364485981309,1.1190031152647975,8.959501557632398,92.72647975077881,100.0
150,SGBM,80250,0.09916325854838692,0.10876197752057642,0.07867653046131308,0.04585832744734275,0.08023449170388385,0.9830903426791278,1.6,8.565732087227413,90.80124610591899,100.0
151,RealSense D435i,75057,0.013966422787353583,0.015955334468584208,0.009504475577359764,0.007011019911502547,0.02230448620641303,0.9989208201766657,75.87966478809437,95.69793623512797,99.88009113074064,100.0
151,UniDepthV2,75057,0.25835440616297956,0.18049752774874916,0.1715746061791151,0.16364599006130398,0.05680320012425184,0.4606765524867767,0.002664641539096953,0.05462515155148753,15.85461715762687,100.0
151,MoGe-2,75057,0.029814361999062036,0.0332609519616657,0.021745014372319075,0.014608220294036411,0.04302258014429412,0.9970289246839069,38.705250676152794,74.50071279161172,99.65759356222604,100.0
151,DA3,75057,0.12058991592702253,0.10485140079082637,0.07927338957990618,0.06581254984867013,0.13453199776740302,0.925190188789853,6.624298866195025,13.641632359406849,87.6707035985984,100.0
151,BridgeDepth (RVC),75057,0.09013356406327719,0.09262362620353466,0.07015452792316826,0.045170956237881366,0.047153953552748554,0.9912732989594575,2.302250289779767,8.998494477530409,94.668052280267,100.0
151,BridgeDepth (Mid.),75057,0.09024150352900105,0.09295537808915569,0.07022680572113775,0.044640523479905325,0.04702181780582436,0.9907270474439426,1.9278681535366455,8.558828623579414,94.62008873256326,100.0
151,DEFOM-Stereo,75057,0.09312336728510189,0.09425941914260823,0.07193795376177739,0.045910480865804515,0.046951821896341575,0.9927122053905698,1.9425236820016785,8.129821335784804,93.80870538390823,100.0
151,FoundationStereo,75057,0.09029323784066018,0.09145140107106305,0.07005692538870611,0.044587613138559856,0.04523337719182058,0.9942044046524642,1.6627363203964987,8.979841986756732,94.81727220645642,100.0
151,S2M2,75057,0.09337349250066802,0.09543579659499521,0.07253851838607737,0.0457387192088935,0.04737154028835594,0.9907270474439426,1.188430126437241,7.347749044059848,92.86275763752882,100.0
151,SGBM,75057,0.1026034246201766,0.09971519036346926,0.0775513227306645,0.050146083826205334,0.06064323076189986,0.9823334265957872,1.3429793357048643,5.458518192840108,91.53576615105852,100.0
152,RealSense D435i,76337,0.014234316990058705,0.015354041023836144,0.009824631755038506,0.006549082924237615,0.021868538868963103,0.9995808061621494,76.98363834051639,94.09853675150976,99.95153071249852,100.0
152,UniDepthV2,76337,0.1863621954919935,0.13869148331749404,0.1301197571124117,0.12630504645178775,0.047237732490077684,0.9328503870993097,0.05108924898803987,0.3707245503491099,48.936950626825784,100.0
152,MoGe-2,76337,0.0394302164423504,0.04279701524206471,0.029309987839447424,0.02169944717881267,0.048871967005887994,0.9936203937802114,36.101759304138234,57.7125116260791,99.33714974389876,100.0
152,DA3,76337,0.11225347049602227,0.13421117983889844,0.09322960046725177,0.046500500197631855,0.13682001093490007,0.8196156516499208,11.423032081428403,22.185833868242135,78.50321600272477,100.0
152,BridgeDepth (RVC),76337,0.09433536847159768,0.1005204484542732,0.07677221987820164,0.04703072413614284,0.04955086095187996,0.9931488007126296,2.181117937566318,8.231918990790836,92.83964525721473,100.0
152,BridgeDepth (Mid.),76337,0.09469637521342042,0.10131953451308412,0.07713611297178521,0.04683568421549311,0.05027941237479915,0.9927165070673462,2.122168804118579,8.133670435044603,92.37853203557907,100.0
152,DEFOM-Stereo,76337,0.0982678992797021,0.10379391398198674,0.07994033892485991,0.04667302602107681,0.05049113231921446,0.996056957962718,1.7069049084978452,8.121880608355058,91.0842710612154,100.0
152,FoundationStereo,76337,0.094816794705421,0.09996706137961527,0.07692182230254882,0.04703866319386041,0.04821814666663253,0.994118186462659,1.8549327324888325,8.068171397880452,93.07020186803254,100.0
152,S2M2,76337,0.0973276763045634,0.10443048993319225,0.0792912652310023,0.048069847504287555,0.051195807269431716,0.9891009602158848,1.6047264105217653,7.696136866788058,90.60481810917379,100.0
152,SGBM,76337,0.1177741489044412,0.14848529428584473,0.09615779186390978,0.050215721540162295,0.19086970301044476,0.9530633899681674,1.4449087598412302,4.888848133932431,89.2109985983206,100.0
153,RealSense D435i,77628,0.013798637480103983,0.01814070202961428,0.009796548004555171,0.005973574131718173,0.02328854482463515,0.9986731591693718,78.81176894934818,94.3577059823775,99.85185757716289,100.0
153,UniDepthV2,77628,0.17019039791583232,0.12328935760457357,0.1155554490437654,0.11265018561792545,0.05023748198948617,0.950636368320709,0.06569794404081002,0.3928994692636677,61.97506054516412,100.0
153,MoGe-2,77628,0.048668907814286386,0.05267637539804258,0.03627983426018377,0.02866383988621496,0.05356099201767982,0.9880197866749111,23.771061987942495,47.83067965167208,98.70794043386407,100.0
153,DA3,77628,0.12807378395904498,0.14198794230943376,0.10456844104702616,0.06298882095601177,0.13018191871707505,0.7467408666975833,15.48023908898851,23.693770289070955,72.81135672695419,100.0
153,BridgeDepth (RVC),77628,0.09051942395388153,0.0938973922377287,0.07195213485020739,0.045267729366513354,0.04702685676217397,0.9945638171793683,1.3912505796877415,8.323027773483794,93.81537589529552,100.0
153,BridgeDepth (Mid.),77628,0.09036872143530354,0.09369264640253379,0.07181327290020659,0.04521837640293669,0.04684515090437563,0.9944994074303086,1.2920595661359304,8.23285412480033,94.33709486267841,100.0
153,DEFOM-Stereo,77628,0.09304773286152965,0.09530463453949459,0.07357957336301024,0.04511483932228583,0.04720502570323007,0.9965734013500284,0.9854691606121503,7.407121141856031,93.25629927345803,100.0
153,FoundationStereo,77628,0.0908296628829409,0.09318901672618157,0.07195269419332079,0.04532051661209607,0.04593957989277603,0.9969985056938219,1.232802597001082,8.688875148142424,93.85659813469367,100.0
153,S2M2,77628,0.09480827198146102,0.09966123895040195,0.07563200127986787,0.04547830172521056,0.050199544396735636,0.9892693358066676,0.816715618075952,7.565569124542691,90.57685371257793,100.0
153,SGBM,77628,0.10183061508320325,0.10375950792102437,0.07912929897596134,0.04944962788737922,0.07876433432760817,0.9835239861905498,1.3577575101767403,4.835883959396094,91.73494100066986,100.0
154,RealSense D435i,77645,0.01494194675890089,0.019775179872726464,0.010416673985187601,0.005802714056631686,0.027546363189965242,0.9982999549230472,76.75832313735592,93.01822396805976,99.64453602936442,100.0
154,UniDepthV2,77645,0.17103082741280567,0.11919952972608032,0.111231006610578,0.10859571423493852,0.06072387609383507,0.9192349797153713,0.1120484255264344,0.7173675059565974,60.352888144761415,100.0
154,MoGe-2,77645,0.030740979719637965,0.03967577683194942,0.02211169282608836,0.01338489101640572,0.053331295292976526,0.9945778865348702,43.76070577628952,74.83160538347607,99.39468091956984,100.0
154,DA3,77645,0.1300588117339892,0.13103631817690115,0.0981291785654341,0.0603254605438196,0.16033801416484672,0.7783630626569644,6.059630368987056,16.163307360422436,74.50705132333054,100.0
154,BridgeDepth (RVC),77645,0.09177613358036658,0.09682449963961758,0.0720949870757665,0.04455715252363324,0.04926540295674442,0.9821366475626248,0.7044883765857428,5.055058278060403,92.72071607959302,100.0
154,BridgeDepth (Mid.),77645,0.09141933049975168,0.09672811756232957,0.07181652879208007,0.0439344330399245,0.04981058489187552,0.9816472406465323,0.7096400283340847,5.1413484448451285,93.65058922016871,100.0
154,DEFOM-Stereo,77645,0.09407974226189403,0.09788978650307151,0.07337972032746529,0.044844089716338686,0.04983822882584503,0.983437439629081,0.9788138321849443,5.209607830510658,92.49661922854015,100.0
154,FoundationStereo,77645,0.09103961538526908,0.0939833644777026,0.0709443666208272,0.04440877633071616,0.04930573356846167,0.9909202137935476,0.8963874042114752,5.456887114431065,93.91847511108249,100.0
154,S2M2,77645,0.09374767256363771,0.09897724640908875,0.073487389266249,0.04530330217973788,0.05254048714478302,0.9816987571640157,0.8873720136518772,5.9462940305235366,91.8900122351729,100.0
154,SGBM,77645,0.10171386548402275,0.10274423610796181,0.07845238296658674,0.04947377521665741,0.0615008053516439,0.9768690836499453,1.0444973919763023,4.695730568613562,91.25378324425269,100.0
155,RealSense D435i,81862,0.013267349883306821,0.014774710201382485,0.009010367572387615,0.005673119365191409,0.022516587247835042,0.9993647846375607,80.39383352471232,94.91339082846743,99.77156678312281,100.0
155,UniDepthV2,81862,0.17892610712942267,0.1290330151598947,0.12165798210132628,0.11473417332574148,0.05103351667200186,0.913219808946764,0.0635215362439227,0.4678605457965845,53.80151963059784,100.0
155,MoGe-2,81862,0.02848018055127336,0.02800289154019344,0.019886874536882874,0.014927519994755167,0.035517597845504206,0.9989860985561066,40.06376584984486,75.1129950404339,99.85707654345117,100.0
155,DA3,81862,0.11706645153374458,0.11722810771045902,0.08984446249052999,0.06227594238386491,0.1419616795910453,0.8553907796047006,10.02540861449757,20.462485646575946,79.69753976203855,100.0
155,BridgeDepth (RVC),81862,0.0971516349651602,0.09797367419647468,0.07673502063048122,0.057676763571531564,0.044763118357169604,0.9891036133981579,0.5045075859373092,2.163396936307444,93.34734064645379,100.0
155,BridgeDepth (Mid.),81862,0.09696802298130415,0.0984546344109689,0.07668316641599819,0.057707035041350996,0.04526718455236645,0.9879431237937016,0.47396838582003864,2.307541960860961,93.35589162248662,100.0
155,DEFOM-Stereo,81862,0.10103762237331797,0.10096065708037787,0.07945890912506746,0.05895919333011368,0.04508105941101851,0.9838142239378466,0.6095624343407198,2.5420830177615987,93.85795607241455,100.0
155,FoundationStereo,81862,0.09669504029845442,0.09682111541737565,0.07623410117198215,0.05907476191632027,0.043711158136998954,0.9900075737216291,0.5851310742469034,2.935427915272043,93.95445994478513,100.0
155,S2M2,81862,0.09999981627451685,0.10138492961958362,0.07912571437517114,0.061079961210763756,0.04624810318408031,0.9856465759448828,0.587574210256285,2.63247905010872,92.47391952309985,100.0
155,SGBM,81862,0.10629946188788617,0.10861070960785957,0.08339850679891132,0.06474923207227845,0.07794945434908489,0.982568224573062,0.6058977303266473,2.5494124257897437,92.84527619652586,100.0
156,RealSense D435i,72208,0.01633880577883479,0.017240482159408013,0.011350325816196598,0.007603135626995106,0.024051092797392908,0.9996953246177709,70.62236871260802,92.84843784622203,99.96953246177709,100.0
156,UniDepthV2,72208,0.15019445853286206,0.09979491689254753,0.09361100976443544,0.09296643149422895,0.06437571337037627,0.8719947928207401,0.692444050520718,2.789164635497452,70.88411256370485,100.0
156,MoGe-2,72208,0.10556922276801693,0.08624628292943448,0.07454348106330788,0.07095869998697185,0.05629299052232916,0.9566668513184134,1.2187015289164636,4.811101263017948,94.485375581653,100.0
156,DA3,72208,0.1220598046603082,0.11946882433740269,0.0917417072872173,0.06309280984543886,0.13450667688673168,0.8347136051407046,5.62264569022823,12.61633060048748,78.91784843784623,100.0
156,BridgeDepth (RVC),72208,0.09779776271009477,0.09937114787026016,0.0763034933927435,0.05044411768269352,0.04792394243453041,0.9862342122756481,1.4028916463549745,5.265344560159539,92.07151562153778,100.0
156,BridgeDepth (Mid.),72208,0.09793936239701631,0.09977022604095517,0.07645776549368313,0.05036839802235887,0.04801111467445478,0.9847523820075338,1.1162198094393974,4.867881675160647,92.1255262574784,100.0
156,DEFOM-Stereo,72208,0.10125412283496826,0.10270372119514108,0.07886428637853626,0.0509995253754611,0.04854552114904769,0.9836029248836694,1.264402836250831,4.365167294482606,91.39569022822955,100.0
156,FoundationStereo,72208,0.09732986869072247,0.09962927067611092,0.07615338306698079,0.04919807861400555,0.04810783394549033,0.9883253933082207,1.4749058276091291,6.089352980279193,91.25581653002438,100.0
156,S2M2,72208,0.10125991886862815,0.10408224855633959,0.07920873830178413,0.050732149046118225,0.05027369615886463,0.9797390870817638,1.058054509195657,4.995291380456459,90.94837137159317,100.0
156,SGBM,72208,0.11297744533328359,0.11500021529983598,0.08726316842035216,0.056516117869289895,0.0783224193292222,0.968784622202526,0.8586306226456902,3.6588743629514733,86.85602703301574,100.0
157,RealSense D435i,72755,0.014981827263135048,0.016554156022693712,0.010606105992598315,0.006721115660500265,0.022774389017843597,0.9997113600439832,72.47199505188647,92.9558105972098,99.97113600439832,100.0
157,UniDepthV2,72755,0.168973853551722,0.11211119962687799,0.1062761974583333,0.10651860789089074,0.06720488852128557,0.7983643735825716,0.32575080750463886,1.210913339289396,62.44519277025634,100.0
157,MoGe-2,72755,0.11453438936816594,0.09241011306102202,0.08139229975184097,0.07638378276377111,0.05220516670092547,0.9687581609511374,0.8301834925434678,2.379217923166793,95.6250429523744,100.0
157,DA3,72755,0.12969414656617828,0.1360137471923045,0.10208418334254872,0.07226120628692534,0.13535108738279575,0.76673768125902,7.343825166655213,17.047625592742765,72.36203697340389,100.0
157,BridgeDepth (RVC),72755,0.09664437802290667,0.10133921572069889,0.07663569823952161,0.047424541528014674,0.050358207438652366,0.9868874991409525,2.1812933818981515,7.544498659885919,91.51948319703114,100.0
157,BridgeDepth (Mid.),72755,0.09696261422123778,0.10209854640142967,0.07700996082639891,0.04805938450097236,0.050886104926212455,0.984990722287128,2.2129063294618927,8.399422720087966,91.24871142876778,100.0
157,DEFOM-Stereo,72755,0.09798669000978305,0.10094881721092634,0.07722843071123073,0.04825370365393011,0.04918440044644975,0.9909559480448079,2.1510549103154424,7.027695691017799,91.05491031544224,100.0
157,FoundationStereo,72755,0.09580513745689131,0.09997322579676746,0.07606424409862853,0.046937474315433825,0.04974609276226679,0.9914507593979796,2.307745172153117,8.744416191327057,90.97106728059927,100.0
157,S2M2,72755,0.09816600286765563,0.1041450577682312,0.07815709388286615,0.04658501475120713,0.052293145836717285,0.9816370008934094,2.1139440588275717,8.369184248505256,90.76077245550134,100.0
157,SGBM,72755,0.11400259082347744,0.14828235261520017,0.09107032037996872,0.05007713435571637,0.12408669420494758,0.9588206996082743,1.8624149542986734,5.027833138615902,88.00494811353171,99.97663390832246
158,RealSense D435i,74539,0.014315161086268992,0.017110490041026685,0.010369793772212593,0.006380903093101353,0.024098296247662115,0.9995170313527146,76.31038785065536,94.12790619675606,99.95036155569568,100.0
158,UniDepthV2,74539,0.19972592456605454,0.1334423075663506,0.12832980717501238,0.13201750335479612,0.06894637309158476,0.6514173788218248,0.07915319497175975,0.3823501791008734,50.589624223560826,100.0
158,MoGe-2,74539,0.07267728392410118,0.061033778323777835,0.05119714964855148,0.04338036253665034,0.04387953812280055,0.9949422449992621,2.849515018983351,18.154254819624626,99.172245401736,100.0
158,DA3,74539,0.10025159280563713,0.09283859342641469,0.0727254326679256,0.056599759006721095,0.1231170035879462,0.9362347227625807,8.529762942888958,20.24309421913361,90.59955191242169,100.0
158,BridgeDepth (RVC),74539,0.09278813892811673,0.09339487078728324,0.07329014635874888,0.05082326606368981,0.04547081862958279,0.996954614362951,2.126403627631173,5.536698909295805,92.82523242866151,100.0
158,BridgeDepth (Mid.),74539,0.0929601668285136,0.0936599322677442,0.0734056712410077,0.05087347671359921,0.045748793563385994,0.996216745596265,1.9519982827781428,5.606461047237017,92.94865774963442,100.0
158,DEFOM-Stereo,74539,0.09311600801050136,0.09307839698346419,0.0732727660428986,0.04938668665687418,0.04516742158600302,0.9962704087792967,2.0687157058720937,5.754034800574196,93.76299655214049,100.0
158,FoundationStereo,74539,0.09390378118326703,0.09521939075933489,0.07442103161278148,0.05024915076359715,0.04659764008675518,0.9963240719623284,1.93992406659601,6.145776036705617,92.52471860368398,100.0
158,S2M2,74539,0.09430692200028447,0.09648686310994661,0.07471153861562409,0.05074394243597857,0.047332209828014025,0.9909040904761266,1.9010182588980264,5.322046177168999,92.15310106118945,100.0
158,SGBM,74539,0.11172844706896566,0.10917851540035506,0.08578642400308054,0.056271745686510055,0.06549120460729198,0.9524678356296704,1.3670695877325965,3.536403761789131,87.52867626343257,100.0
159,RealSense D435i,77093,0.019217919524067834,0.02940618458760285,0.013878340943026679,0.00814082059419552,0.04218601726966804,0.9965755645778476,62.43368399206154,88.76551697300663,99.65236791926634,100.0
159,UniDepthV2,77093,0.14612617212643433,0.10066827678661833,0.09164334885100206,0.09034661036025937,0.06095720836772448,0.987469679478033,0.08431375092420842,0.5888991218398557,84.95583256586201,100.0
159,MoGe-2,77093,0.068701986317267,0.06318085591153473,0.040668733217770224,0.03014785874791248,0.08786500968828705,0.9833058773170067,15.426822149870937,29.61617786310041,98.17363444151869,100.0
159,DA3,77093,0.11870135799984473,0.10022330431024368,0.07467031145354956,0.06441502706164048,0.14394815720307724,0.9450922911288963,4.431011894724554,14.294423618227336,90.86038939981582,100.0
159,BridgeDepth (RVC),77093,0.09678372425044879,0.09495174160530213,0.0707325903800437,0.044063335855523356,0.05695196007805873,0.9903622897020482,1.0312220305345492,8.461209188901716,92.16919824108544,100.0
159,BridgeDepth (Mid.),77093,0.0982671034508376,0.09696404942416265,0.07176639449419618,0.04457975266582703,0.059470973562235734,0.9877680204428417,1.1739068397909018,7.787996316137652,91.48949969517336,100.0
159,DEFOM-Stereo,77093,0.09719428282482272,0.09379309608574948,0.07109505552455667,0.044715684218400886,0.05014963333803596,0.9859131179225091,0.6874813536896994,5.717769447290935,92.01483922016266,100.0
159,FoundationStereo,77093,0.09691054607522848,0.09443285557959948,0.071065862254591,0.04453889082621276,0.05189138539033334,0.9863930577354624,0.7886578547987496,6.806065401528024,92.07580454775402,100.0
159,S2M2,77093,0.09739419835075656,0.09674547067961742,0.0710790598044649,0.04421996573734599,0.05765481165776113,0.9713722387246573,0.6070590066543006,7.323622118739705,91.83194323738861,100.0
159,SGBM,77093,0.10724290057666117,0.10236315647732856,0.07759966136422176,0.047529726153355045,0.06019457276717783,0.9827999948114615,1.1674211666428858,5.389594386001323,90.2066335464958,100.0
160,RealSense D435i,80744,0.013049103533193485,0.017085137848540422,0.010051984119431739,0.005918413214274887,0.020881631722706,0.9982537402159913,77.91662538392946,95.6071039334192,99.75849598731794,100.0
160,UniDepthV2,80744,0.26184600792844237,0.19792596936613982,0.186924112841578,0.1722137877670738,0.0444771562482273,0.3920291290993758,0.0012384821163182404,0.0024769642326364807,9.2341226592688,100.0
160,MoGe-2,80744,0.05208223752581088,0.04131854494993637,0.032828525854150754,0.030327026414214642,0.05630770465175841,0.9992816803725354,29.900673734271276,40.77826216189438,99.91206776974141,100.0
160,DA3,80744,0.1074653923852742,0.08087329986204633,0.06970187279628091,0.07250043313195348,0.11346345690394534,0.9830080253641137,7.025909045873377,16.603091251362333,85.63732289705737,100.0
160,BridgeDepth (RVC),80744,0.10220202240048983,0.1065859841162206,0.08298598476072784,0.054684161430637424,0.04865922690418433,0.9864757752898048,0.43842266917665706,4.036213217081145,89.69706727434857,100.0
160,BridgeDepth (Mid.),80744,0.10320103873041697,0.10780717394910463,0.08376640678124989,0.056355103870943224,0.04914967353602332,0.9839121173090261,0.7344198949767166,3.8764490240760923,89.65867432874269,100.0
160,DEFOM-Stereo,80744,0.10660152852551988,0.10788098109952386,0.0855090607655506,0.05794758408051476,0.0490095351961615,0.990760923412266,0.35668284949965323,3.6076984048350345,87.51238482116318,100.0
160,FoundationStereo,80744,0.102922491218734,0.10615165266012538,0.08320349246946611,0.057114386343017076,0.04753003628390368,0.9888412761319727,0.3158129396611513,3.629991082928762,89.86673932428417,100.0
160,S2M2,80744,0.1045371971848996,0.10949665057029508,0.08483179431020153,0.05718903203234643,0.05023504488547567,0.9851382146041812,0.5337857921331616,4.041167145546418,88.79297532943625,100.0
160,SGBM,80744,0.11168574273410578,0.11232195801147433,0.08876897043439329,0.05901553673474402,0.06862628355806555,0.9778064004755771,0.4731001684335678,3.3699098385019317,88.17992668185872,100.0
161,RealSense D435i,82017,0.011812684477300809,0.016027686897661583,0.009192424483111535,0.005397354674850918,0.02031247473489231,0.9978906812002389,81.26607898362535,96.80554031481279,99.74883255910359,100.0
161,UniDepthV2,82017,0.2227035329992298,0.17022001761793365,0.16049826565509331,0.14693004648337848,0.04332881094336733,0.6996720192155285,0.008534815952790275,0.019508150749234916,27.318726605459844,100.0
161,MoGe-2,82017,0.044503562187491706,0.033647424990527114,0.027487403058636332,0.02499803493911834,0.04420681989540496,0.998927051708792,31.921430922857457,46.15262689442432,99.88417035492641,100.0
161,DA3,82017,0.09708554994469523,0.07674833601276349,0.06474577356560612,0.06651062947180719,0.10705997343725754,0.9866125315483375,9.643122767231183,21.31387395296097,93.25261835960838,100.0
161,BridgeDepth (RVC),82017,0.10153290126564969,0.10641370274379298,0.08334604409453826,0.05513690968312024,0.04818531308855094,0.9902337320311643,0.5547630369313679,4.480778375214895,90.20690832388408,100.0
161,BridgeDepth (Mid.),82017,0.10205125728412517,0.10661202426528231,0.08363003240036954,0.0573702281045495,0.04784985816120317,0.9905629320750576,0.8278771474206568,4.183279076289062,89.95208310472219,100.0
161,DEFOM-Stereo,82017,0.10452583385151845,0.10583243978514191,0.08461988038550744,0.05840185497210437,0.04631568846925887,0.9923186656424887,0.3365156004243023,3.4200226782252456,91.0738017728032,100.0
161,FoundationStereo,82017,0.1019804327946482,0.10530445652596526,0.08332795524169233,0.05823048590737068,0.046518290261173836,0.9922089322945243,0.2572637380055354,3.8431056975992783,91.181096601924,100.0
161,S2M2,82017,0.10400247005986875,0.1088945036340933,0.08523753094235016,0.056336304078294486,0.04910598100666704,0.9881000280429667,0.36577782654815466,3.819939768584562,89.25832449370252,100.0
161,SGBM,82017,0.11855923926291434,0.13301237502358398,0.09658882672443561,0.061803554932702176,0.12996100725900514,0.9525951936793592,0.33285782215882076,2.56166404525891,87.77082799907336,100.0
162,RealSense D435i,80296,0.014273459314418683,0.022974452034978363,0.010368759189145718,0.006209811745399696,0.027734105595691318,0.9979326491979675,77.67261133804921,94.3670917604862,99.71231443658463,99.99750921590118
162,UniDepthV2,80296,0.1008909894303013,0.07136966746641815,0.06830140180963507,0.06631869298317183,0.03474734372249054,0.9961891003287835,0.5143469164092856,3.729949188004384,97.50547972501744,100.0
162,MoGe-2,80296,0.08638466273643072,0.06808705359195519,0.06139439735903799,0.05349480527984368,0.038221393317333895,0.9944330975391054,1.098435787585932,4.345172860416459,99.23159310550962,100.0
162,DA3,80296,0.10458761237283673,0.08386851160979868,0.07013607941047495,0.0612610641483467,0.12258389719339374,0.9298346119358374,8.557088771545281,18.830327787187407,86.89847564013151,100.0
162,BridgeDepth (RVC),80296,0.0994804594623065,0.10544785150770726,0.08227395455962905,0.05836040363967587,0.050234512405622135,0.9861512404104812,1.6613529939224867,9.584537212314437,90.94973597688552,100.0
162,BridgeDepth (Mid.),80296,0.0995895946586438,0.10606928017074486,0.0824631389212379,0.05713524823135152,0.050846597731882784,0.9853790973398426,1.6364451529341437,9.492378200657567,90.62344325993823,100.0
162,DEFOM-Stereo,80296,0.1024310106260842,0.10697156315397137,0.08421906251466603,0.05840703460009411,0.05043066786558709,0.9900244096841686,1.1893494071933846,8.286838696821759,89.3730696423234,100.0
162,FoundationStereo,80296,0.09823877491304414,0.10218026670648689,0.08083800830498368,0.0595826566756858,0.0476511506721529,0.9913818870180333,1.8531433695327288,9.43010859818671,92.59863505031383,100.0
162,S2M2,80296,0.10241978884994947,0.10890940021108511,0.08488950251599264,0.0604447719443697,0.051984629445396176,0.9837227259141178,1.6962239713061673,9.511059081398825,90.43538906047624,100.0
162,SGBM,80296,0.11234591074997068,0.11421379104469735,0.09133133515621436,0.0691627984055605,0.059735182842320135,0.9734731493474146,0.9714057985453821,4.4983560824947695,88.19243797947594,100.0
163,RealSense D435i,73069,0.014723639866122877,0.01893232271458106,0.010256690446936683,0.0066328450747388246,0.026863313203670792,0.9970028329387292,77.21879319547277,94.7323762471089,99.64827765536684,100.0
163,UniDepthV2,73069,0.16270039406618303,0.13152342538110914,0.11798362812270166,0.09116250618219612,0.04336226370905284,0.9653751933104326,0.08348273549658543,0.15327977664946832,73.93833226128727,100.0
163,MoGe-2,73069,0.09868044377021197,0.06970222329735051,0.06183311096579068,0.059198529672824685,0.06531648285602996,0.9718622124293476,3.617129015040578,11.088149557267787,95.57678358811535,100.0
163,DA3,73069,0.08599602482435062,0.09240938194455388,0.06332537840324404,0.04113294984737248,0.11962783419493242,0.9154908374276369,12.596313073943808,28.187056070289728,90.56781945832022,100.0
163,BridgeDepth (RVC),73069,0.09496837510448886,0.10228443531150097,0.07670448810274796,0.04747883988971835,0.052096447119170386,0.9842477658103984,0.8307216466627434,9.882439885587594,90.81142481763813,100.0
163,BridgeDepth (Mid.),73069,0.0945964086590782,0.1016582788177005,0.07637725772372093,0.04734200633004737,0.0515077526381669,0.9845488510859598,1.197498255073971,10.08088245357128,91.05776731582476,100.0
163,DEFOM-Stereo,73069,0.09952699029826995,0.10698000765161032,0.08021949958398404,0.04770730953707181,0.05578463198063506,0.9633633962419084,1.5779605578289015,8.962761225690786,88.1810343647785,100.0
163,FoundationStereo,73069,0.09482956578766241,0.09991845294100923,0.07619200254254932,0.04752178167977872,0.049494578860653254,0.9895030724383802,0.7896645636316358,9.206366585008691,91.05229303808729,100.0
163,S2M2,73069,0.09757953927130056,0.10582460456962846,0.07877118983577192,0.049034808119004625,0.05422916285127362,0.9831939673459333,0.8854644240375535,9.51840041604511,89.87532332452886,100.0
163,SGBM,73069,0.10637720100488464,0.11115955704880638,0.08378938973807025,0.0564152024775072,0.060889287613604626,0.9768985479478302,1.120858366749237,6.2707851482844985,88.86258194309488,99.97536575018134
164,RealSense D435i,73333,0.014477596224036248,0.017918992800503075,0.010063263683310354,0.006289309566463563,0.024668065480286813,0.9986909031404688,78.06444574748068,94.1922463283924,99.81999918181447,100.0
164,UniDepthV2,73333,0.10433125773770287,0.08396558786744043,0.07287886742199336,0.058101136809101894,0.034692991028483465,0.9982681739462452,0.21681916735985163,2.952286146755213,97.33271514870522,100.0
164,MoGe-2,73333,0.1084822999444099,0.08223678210280112,0.07268877748698602,0.06447179416880133,0.05933637764549411,0.9618589175405343,0.7868217582807195,2.4204655475706707,94.93679516725076,100.0
164,DA3,73333,0.09293606764595565,0.0996309417260043,0.06939088159327639,0.04538037691547614,0.12472243459042655,0.9231587416306438,11.048232037418352,23.326469665771207,90.69859408451858,100.0
164,BridgeDepth (RVC),73333,0.08995470472238005,0.09161128090444336,0.06938366619050514,0.04620977825273609,0.04839733980812595,0.9922545102477739,0.32863785744480656,9.780044454747522,93.1490597684535,100.0
164,BridgeDepth (Mid.),73333,0.09009709907368306,0.09218695387048971,0.06957627670240275,0.04653056933356481,0.048513317073095794,0.9924181473552153,0.5563661653007513,10.032318328719676,92.89814953704335,100.0
164,DEFOM-Stereo,73333,0.09292146566505942,0.09251655606898485,0.07117931639198584,0.046285116626708867,0.047651064459240736,0.991572688966768,0.5263660289364952,8.37958354356156,93.44360656184801,100.0
164,FoundationStereo,73333,0.09135222449821584,0.09211647065145459,0.07037553039355873,0.047077958365958406,0.047871382302186495,0.9920226910122318,0.29863772108055037,8.95094977704444,92.48496584075382,100.0
164,S2M2,73333,0.09331061928593426,0.09649778971711334,0.07184784402178275,0.04889254949673538,0.05270527182549611,0.9901272278510357,0.4227291942236101,8.71913054150246,92.31723780562639,100.0
164,SGBM,73333,0.09731267539467006,0.09472555238279871,0.07394299654630658,0.052399427133910326,0.05005710547792326,0.9904135927890582,1.326824212837331,6.673666698484994,92.13996427256488,100.0
165,RealSense D435i,65728,0.0185568118415498,0.028463764078161636,0.011173885141016119,0.0070761372963729086,0.042816106435921264,0.9962268743914313,71.51442307692307,92.34877069133398,99.44315968841285,99.94979308666018
165,UniDepthV2,65728,0.19990696515659162,0.13781479607571312,0.12647616281147056,0.11166759211912497,0.06297234601144153,0.8465494157740994,0.10041382667964947,0.17952775073028238,46.916078383641675,100.0
165,MoGe-2,65728,0.040320229677007394,0.03496786573803458,0.024417514506806525,0.018937976186104266,0.0532816108660924,0.9911605404089582,24.29253894839338,62.0435735150925,98.89544790652386,100.0
165,DA3,65728,0.1387957702354601,0.11743842691312455,0.0907594670290215,0.07360064629676244,0.16908947266987134,0.8323393378773125,2.919608081791626,11.620618305744888,73.49531402142162,100.0
165,BridgeDepth (RVC),65728,0.09042274320835894,0.09792207120050922,0.06960523143017902,0.03877025368238002,0.05442789681329832,0.9823971518987342,1.4955574488802337,14.340920155793574,90.65390701071081,100.0
165,BridgeDepth (Mid.),65728,0.09044408173285656,0.09822106478505888,0.0697117785032773,0.03825879218873529,0.0545564519740044,0.9828687925998053,1.6705209347614411,14.283106134371955,90.6143500486855,100.0
165,DEFOM-Stereo,65728,0.09364515852269284,0.09956236698629195,0.07154672233251726,0.03915430098709022,0.05564134034274379,0.9783349561830574,0.748539435248296,12.01770934761441,90.23703748782863,100.0
165,FoundationStereo,65728,0.0901572216559491,0.09564541640905821,0.06916948471259227,0.039469349797894404,0.052542251148778016,0.9883002677702045,1.9732838364167478,13.379381694255112,91.24421859785784,100.0
165,S2M2,65728,0.09318208906119517,0.10069337249706926,0.07161139630912461,0.04007968092873998,0.05537956377886973,0.9830209347614411,1.2369157740993184,11.813838851022396,90.30245861733204,100.0
165,SGBM,65728,0.10296405055843731,0.12107557102436918,0.07874754477177216,0.04264527528454193,0.08235567206863476,0.9635010954235638,1.8728700097370983,6.583191333982473,88.21354673807205,99.99543573515093
166,RealSense D435i,69968,0.01645919772771218,0.023493350331410635,0.010821918128626342,0.0059866069475445205,0.03704921453677761,0.9953121426938029,76.91516121655614,92.30648296364052,99.48547907614909,100.0
166,UniDepthV2,69968,0.24674193811885548,0.15999196637154814,0.151189497959189,0.13834629948510568,0.075596139956027,0.6112651497827578,0.06574434026983765,0.0914703864623828,27.311056482963643,100.0
166,MoGe-2,69968,0.03908782736253666,0.040045266524648564,0.025649093321359798,0.018352672128223946,0.056472192082694064,0.9898953807454837,28.847473130573974,62.334209924536935,98.91378916075921,100.0
166,DA3,69968,0.14170204152498875,0.12045905513537072,0.0879923624328988,0.058048997819530934,0.17963903884123197,0.8404842213583352,4.161902584038417,9.87165561399497,79.23050537388521,100.0
166,BridgeDepth (RVC),69968,0.09407545250556973,0.09482835934145707,0.06999928213335022,0.04090362633356304,0.0524913963432114,0.9892236450949006,0.5273839469471758,3.8703407271895722,92.09067002058083,100.0
166,BridgeDepth (Mid.),69968,0.09452390844965466,0.09580674600454005,0.07034212306297116,0.041061237981811105,0.053387743583918026,0.9879659272810427,0.6002744111593872,3.680253830322433,91.66476103361538,100.0
166,DEFOM-Stereo,69968,0.09611921142499924,0.09612624606994745,0.07143786754786288,0.04204229183971003,0.05224202345685336,0.9935113194603247,0.5288131717356506,2.982792133546764,91.71049622684656,100.0
166,FoundationStereo,69968,0.0945601627417938,0.09455008043880178,0.07032585841796135,0.041370672918568885,0.05142393196783586,0.9925966155957009,0.48736565286988337,2.964212211296593,91.04733592499429,100.0
166,S2M2,69968,0.09682790122066606,0.09819910015705029,0.07210914100437356,0.04187708202457907,0.053363100126209345,0.9873942373656529,0.7403384404299108,3.0814086439515207,90.85153212897325,100.0
166,SGBM,69968,0.11034174870848427,0.11200367186211266,0.08123385624771161,0.045024425924559075,0.09330795501232593,0.9660844957694946,0.6474388291790533,1.9966270294991997,88.01737937342786,100.0
167,RealSense D435i,69248,0.014504081203282703,0.020441301720360388,0.010194828501729473,0.005892457439764742,0.029019768499476357,0.9966786044362292,79.26005083179297,93.36154112754159,99.58699168207023,100.0
167,UniDepthV2,69248,0.16309426088637455,0.14064422755597702,0.12032170958452672,0.08781848969117928,0.06000755112125471,0.891390365064695,0.577634011090573,1.5321742144177448,74.64186691312385,100.0
167,MoGe-2,69248,0.07331818764336014,0.06354555532108695,0.05090463441999419,0.04087863035094613,0.05760237681413218,0.9743386090573013,3.3156192236598896,13.198937153419593,97.10894177449168,100.0
167,DA3,69248,0.11345988613571668,0.13109285537738544,0.09089210847354598,0.06536912829066421,0.15209707910120485,0.8101317005545287,20.19986136783734,32.777841959334566,77.13724584103512,100.0
167,BridgeDepth (RVC),69248,0.09721076074662066,0.09758807426535143,0.07650679973414595,0.05295564495825922,0.05083294586368969,0.9962020563770795,0.964648798521257,4.011668207024029,91.92323243992607,100.0
167,BridgeDepth (Mid.),69248,0.09756373775586481,0.09859258903733652,0.07696145762479652,0.05264328396072365,0.05135651439230475,0.9966930452865065,1.091728280961183,4.098313308687616,90.93692236598892,100.0
167,DEFOM-Stereo,69248,0.10036583007311857,0.09983563153282732,0.07884649773946459,0.05180129738286793,0.05097453794273373,0.9983537430683919,0.9068853974121996,2.8751732902033273,91.8438077634011,100.0
167,FoundationStereo,69248,0.09889725468859438,0.09865313251677965,0.07789084249648374,0.05461387673443657,0.049998631655262034,0.9977327865064695,0.9328789279112755,3.081677449168207,91.72683687615528,100.0
167,S2M2,69248,0.10018344874526935,0.09976723697777583,0.07861832223195843,0.054648328462235884,0.05030102943920745,0.9944980360443623,0.7018253234750462,2.7076594269870613,90.92103743068391,100.0
167,SGBM,69248,0.11932684352694087,0.1172006909496674,0.09145727045213425,0.06318452920681356,0.12171545705328202,0.9499335720887245,1.8989718114602587,4.76836876155268,86.08624075785582,100.0
168,RealSense D435i,71084,0.01555362183978301,0.022440550435598883,0.010427615484071168,0.00590695948338249,0.03337389150945304,0.9973833774126386,78.66608519498058,92.88869506499353,99.65674413370097,100.0
168,UniDepthV2,71084,0.17392870573032956,0.11805171078890205,0.11113816678964555,0.1039160618894705,0.05773851432371174,0.92262675144899,0.2686961904225986,0.564121321253728,62.38956727252265,100.0
168,MoGe-2,71084,0.06606270066603223,0.05713061213378793,0.04390932344890975,0.03197152059747882,0.05741318706697958,0.9836531427606775,7.949749592031963,26.878059760283605,98.02065162343143,100.0
168,DA3,71084,0.11205030186059853,0.12547531039729856,0.08604892117002497,0.057797196381920934,0.15489937408602725,0.8806341792808509,15.588599403522593,26.53480389398458,81.1589105846604,100.0
168,BridgeDepth (RVC),71084,0.09209077940566834,0.09372511467674938,0.07086165923843403,0.04427752312216404,0.05225938977771268,0.9949215013223791,1.554498902706657,6.20814810646559,91.17522930617298,100.0
168,BridgeDepth (Mid.),71084,0.09287388409318359,0.09500552633486448,0.07159736558491034,0.04536721128340632,0.052734515045275716,0.9953294693601936,1.496820662877722,6.087164481458556,90.20313994710484,100.0
168,DEFOM-Stereo,71084,0.09529834172880922,0.09393952987981354,0.07260841018028537,0.04733423139042664,0.05053685627413987,0.9962720162061786,0.8426650160373642,4.324461200832817,92.24720049518879,100.0
168,FoundationStereo,71084,0.09296710324318488,0.09381165398266006,0.07151035042197826,0.044588440305839305,0.05342074561558817,0.9964830341567723,1.4841595858421022,5.855044735805526,91.95318215069496,100.0
168,S2M2,71084,0.09552775905319674,0.09570982492738658,0.07316672067944163,0.04697625984835491,0.0515353794161116,0.994485397557819,0.7948342805694671,3.5929323054414493,91.52833267683305,100.0
168,SGBM,71084,0.12038869607939102,0.11868881623705316,0.08904338332221252,0.056313106800264245,0.11280269047400414,0.9341201958246581,1.7176861178324236,5.227618029373699,85.77739012998705,100.0
169,RealSense D435i,68714,0.011862067971321078,0.017922796870223568,0.008271426292722503,0.005074606921091324,0.023886264933293717,0.9975550833891201,85.69578251884623,96.36464184882266,99.72785749628896,100.0
169,UniDepthV2,68714,0.13855827389892658,0.10801892036283543,0.09481909386867411,0.07419538466673897,0.04811530762130625,0.9707628721948948,0.07422068283028203,0.1659050557382775,86.7523357685479,100.0
169,MoGe-2,68714,0.08358061884561283,0.06652481401319378,0.05160569039627257,0.04654495235230499,0.07386199443189065,0.9811246616410048,9.231015513578019,17.930843787292254,97.77337951509153,100.0
169,DA3,68714,0.08562656700816482,0.1022431262122213,0.06398361965704942,0.035587246068403244,0.1303674967606311,0.9223302383793696,21.507989638210553,37.47998952178595,90.70204034112407,100.0
169,BridgeDepth (RVC),68714,0.09079884766341913,0.09019528470794703,0.06788958117614109,0.04492247860671289,0.05018907035466434,0.9893617021276596,0.9474051867159531,2.893151322874523,94.0463369910062,100.0
169,BridgeDepth (Mid.),68714,0.09207104101307688,0.09081251392471205,0.06879228762186386,0.046157801878352445,0.0489206886990159,0.989696422854149,0.48316209215007133,1.942835521145618,93.89789562534564,100.0
169,DEFOM-Stereo,68714,0.0913014274937987,0.08793681727192534,0.06792132372103854,0.04616880859217437,0.0452405746014801,0.9932764793200803,0.2896061937887476,2.639927816747679,95.0155717903193,100.0
169,FoundationStereo,68714,0.09184913821622431,0.0889675571185416,0.06848599332010286,0.04667282814869267,0.045222914738634,0.9917338533632156,0.24740227610094012,1.2210029979334633,94.50766947055914,100.0
169,S2M2,68714,0.09334883773933442,0.09266850472804189,0.06965308912747877,0.04581311407258337,0.04859350669223347,0.9912099426608842,0.2866955787757953,0.9925197194167127,93.8687894752161,100.0
169,SGBM,68714,0.10124144503977604,0.10059422061870657,0.07496564527064442,0.050083989522677064,0.07910165263433423,0.9810518962656809,0.688360450563204,2.5162266786972087,93.18188433215938,100.0
170,RealSense D435i,81295,0.0160266145659195,0.04105857183689776,0.01185652147946609,0.0069029072607385,0.05441177374095114,0.9943046927855341,77.21016052647765,96.20025831846976,99.4230887508457,100.0
170,UniDepthV2,81295,0.2004956912612199,0.13504224392913314,0.1287602662424791,0.12621074440364866,0.06926397436992977,0.7019496894027923,0.02583184697705886,0.08241589273633064,46.36939541177194,100.0
170,MoGe-2,81295,0.04807150734080012,0.06806083195983785,0.04008208975520529,0.019824331953060548,0.06654731363557036,0.9962113291100314,30.461898025708837,54.25302909158005,96.64801033273879,100.0
170,DA3,81295,0.10114089440371099,0.11357193812879623,0.07982631210485151,0.0471916065986564,0.12985461255136882,0.8791315579063903,17.110523402423272,29.13340303831724,84.79611292207393,100.0
170,BridgeDepth (RVC),81295,0.09632641678619873,0.09988372949703392,0.07597880564514606,0.05622071099803316,0.058029823100643384,0.9946737191709207,1.166123377821514,14.276400762654529,90.28845562457715,100.0
170,BridgeDepth (Mid.),81295,0.09571486680347266,0.09876124438996581,0.07546429419586168,0.055395663355982006,0.05653397377543906,0.9951903561104619,1.2104065440679008,14.221046804846546,90.30936711974906,100.0
170,DEFOM-Stereo,81295,0.09864271504286061,0.10326489314354217,0.07745959091332977,0.054641542395204024,0.06350970195581303,0.9914877913770834,0.9594686020050434,12.171720277999878,90.74112799065132,100.0
170,FoundationStereo,81295,0.0962207142291726,0.09796314464956592,0.07566513284739365,0.05644987775270338,0.0554452779290722,0.995178055230949,0.9889907128359677,12.961436742727106,90.71406605572298,100.0
170,S2M2,81295,0.0994028744861415,0.10230494149095466,0.07781988451447615,0.057301533337156596,0.06036950070703154,0.9894212436189187,0.9397871947844271,10.629189987084077,91.23808352297189,100.0
170,SGBM,81295,0.11880524903562192,0.13458360135466949,0.0909246775502889,0.06317204901110152,0.09474795035921467,0.9648932898702257,1.4502736945691617,7.982040715911188,87.20708530659942,99.86961067716341
171,RealSense D435i,87363,0.013712812775085084,0.015568767769088875,0.010128107805443015,0.0074572287700991335,0.017926014347957108,0.9996337122122638,72.7722262284949,95.98457012694162,99.95879262387967,100.0
171,UniDepthV2,87363,0.1408122174491364,0.10310340667589518,0.09735751909976267,0.08939742598034128,0.0357806642217061,0.9788354337648661,0.08241475224065108,0.196879685908222,93.30723532845712,100.0
171,MoGe-2,87363,0.0998140131416739,0.07257633633562738,0.06545121982639804,0.06576304276366851,0.060094333506430425,0.9945743621441572,5.055916120096608,12.810915376074538,99.40707164360198,100.0
171,DA3,87363,0.09688510157833465,0.08375659601133341,0.06658351271264693,0.052935713592651146,0.09770664843310811,0.9681673019470485,5.659146320524707,16.43830912399986,94.0146286185227,100.0
171,BridgeDepth (RVC),87363,0.10792993535098767,0.10086229369789522,0.08341094293314526,0.06347039664283805,0.04237144043870535,0.9925597793116079,0.46358298135366227,1.0153039616313542,91.45862664972586,100.0
171,BridgeDepth (Mid.),87363,0.10880048213838654,0.1019736560732005,0.0841705340108537,0.06277746554961028,0.04302799410650442,0.9928001556723098,0.5105136041573664,0.9397571054107575,91.04311894051257,100.0
171,DEFOM-Stereo,87363,0.10923983923823119,0.10135909851373578,0.08410176598939384,0.06411243044984871,0.04195391653668456,0.9894234401291164,0.37773428110298407,0.9134301706672161,90.7729816970571,100.0
171,FoundationStereo,87363,0.10868387599805947,0.10037039753664125,0.08369244140861909,0.06484116286538899,0.041039908205397393,0.9934297128074814,0.46701692936368944,0.8287261197532135,91.58224877808682,100.0
171,S2M2,87363,0.11070630305563224,0.10350888248402533,0.08552395749074891,0.0647311243581431,0.042909954693612036,0.9842725181140758,0.34911804768609134,0.7508899648592654,91.1220997447432,100.0
171,SGBM,87363,0.12320626059036423,0.11174757322224459,0.09257236773816374,0.07045124887525689,0.07390216485954558,0.9744743197921317,1.2877305037601732,2.084406442086467,86.47940203518652,100.0
172,RealSense D435i,79936,0.0144290313016296,0.017263424654819712,0.01045242890121792,0.0075636874603628446,0.021644561412274974,0.999537129703763,73.94040232185749,94.55564451561249,99.84987990392314,100.0
172,UniDepthV2,79936,0.1873276456643889,0.13163976421584514,0.12385332823847625,0.11240747348645713,0.05092760183243291,0.9188350680544436,0.03878102481985589,0.09132305844675741,50.47788230584468,100.0
172,MoGe-2,79936,0.06643156095082225,0.05515640478955024,0.042572787890804126,0.0436704555056035,0.06836031926832693,0.9946206965572458,19.600680544435548,31.99559647718175,99.40827662129705,100.0
172,DA3,79936,0.10820256375373727,0.09271894170918359,0.06925540209343481,0.05928630302986865,0.11501847407899686,0.9602181745396317,12.45246196957566,19.812099679743795,91.40062049639712,100.0
172,BridgeDepth (RVC),79936,0.09202384373637397,0.0928449215758232,0.07134264700309027,0.04549133852215026,0.04594704445719133,0.9928943154523618,0.25895716573258604,4.279673738991193,93.58736989591674,100.0
172,BridgeDepth (Mid.),79936,0.09245607531180614,0.09340273410292785,0.07162574431697716,0.04605318944929887,0.046240084482881784,0.9944080264211369,0.2739691753402722,4.038230584467574,93.26336068855085,100.0
172,DEFOM-Stereo,79936,0.0924526722294389,0.09235663845777509,0.07150981706931817,0.04211308191793833,0.04528436569866275,0.9960718574859888,0.2752201761409127,4.6374599679743795,93.61989591673338,100.0
172,FoundationStereo,79936,0.09209670239304965,0.09212811020009039,0.0712251401428402,0.04535711487557509,0.04496712129718237,0.9956590272217775,0.2902321857485989,4.459817854283426,93.669935948759,100.0
172,S2M2,79936,0.09561377912357288,0.09666547743243215,0.07415591111890596,0.0478591488453422,0.0473452219799171,0.9849129303442754,0.24769815852682145,2.8285128102481982,92.92684147317854,100.0
172,SGBM,79936,0.10629030864084588,0.10347917234897634,0.08159907645176305,0.05386620259394043,0.053132473134002815,0.9775570456365092,0.6217473979183347,2.839771817453963,89.79933947157727,100.0
173,RealSense D435i,80853,0.01756377795765205,0.03033439394650312,0.011813977143348725,0.008117523975384788,0.04163990775744766,0.9965740294114009,66.09896973519844,93.37068507043648,99.64379800378464,100.0
173,UniDepthV2,80853,0.19367951352029988,0.14729741385595524,0.13007955367545873,0.11197638472134286,0.060516981260088636,0.9174180302524334,0.0012368124868588674,0.022262624763459613,50.153983154613925,100.0
173,MoGe-2,80853,0.06517381877894071,0.07097616160358156,0.04431399057674458,0.032045723838381224,0.08907774989852159,0.9861477001471807,7.3615079217839785,22.74498163333457,97.0143346567227,100.0
173,DA3,80853,0.1399877083725713,0.15417094206807022,0.10348382421608793,0.04528133212100527,0.1981154682631363,0.7705836518125487,13.04713492387419,27.11464014940695,72.67510172782704,100.0
173,BridgeDepth (RVC),80853,0.08730065537567307,0.08828834344083467,0.06572419639667504,0.04332219841196072,0.04561954600533344,0.9890913138659048,1.6585655448777412,9.403485337587968,95.08861761468343,100.0
173,BridgeDepth (Mid.),80853,0.0873828421057478,0.08855246009015484,0.06583895414989933,0.044069888253040146,0.04556953997291478,0.9881266001261548,1.753800106365874,8.743027469605332,94.79672986778475,100.0
173,DEFOM-Stereo,80853,0.09168948574838853,0.09177029133244163,0.06873284330444368,0.04695393146841376,0.0472351792506643,0.9846758932878187,0.96100330228934,6.6280781170766705,94.7410733058761,100.0
173,FoundationStereo,80853,0.08733359791452114,0.08611894394858757,0.06516501379179326,0.0451385769680861,0.043663599179916496,0.9914659938406738,1.40872942253225,6.590973742470904,95.80844248203529,100.0
173,S2M2,80853,0.0902956467451238,0.09137897398562375,0.06781548673324837,0.0460358098356175,0.0465482261952012,0.9858137607757288,1.1947608623056658,7.056015237529838,94.83136061741679,100.0
173,SGBM,80853,0.10089440064078599,0.11037873932917694,0.07520059675461017,0.04994212470401482,0.10555917489895761,0.9761789915030982,0.9375038650390214,3.560783149666679,92.00029683499685,100.0
174,RealSense D435i,88833,0.01244863176437009,0.028444306203434088,0.008921986594392197,0.004946794663140519,0.035956193097426384,0.9970731597491923,86.68400256661376,96.70730471784135,99.6881789425101,100.0
174,UniDepthV2,88833,0.2792958715956084,0.20882257483979277,0.18642544775966802,0.15459342267041287,0.08235039099655994,0.4502943725867639,0.0022514155775443813,0.0033771233663165714,2.2592955320657864,100.0
174,MoGe-2,88833,0.11135676701895403,0.10188790185070944,0.07911333946217543,0.05872816646681456,0.1241837074417298,0.9718347911249198,4.460054259115418,8.398905812029312,92.53205452928529,100.0
174,DA3,88833,0.11431226485315779,0.11761689130004353,0.07419083201554784,0.04586900051004006,0.15106873010403024,0.9244762644512737,10.296849143899227,19.345288350050094,90.63185978183783,100.0
174,BridgeDepth (RVC),88833,0.09359722159412433,0.09175161861537481,0.0700477812585619,0.04618552225388961,0.04700309305593823,0.9917935902198507,0.5572253554422343,4.652550290995464,93.10391408598157,100.0
174,BridgeDepth (Mid.),88833,0.09344228503786765,0.09163359264165337,0.06990080728462804,0.04581452611104564,0.046742607740072925,0.9920187317776051,0.5628538943860952,4.109959136807268,93.16582801436402,100.0
174,DEFOM-Stereo,88833,0.09419169109669022,0.0913743112653311,0.07029819281309162,0.04735973618325395,0.04778850870025704,0.9935609514482231,0.732835770490696,6.768880933887182,94.14519379059584,100.0
174,FoundationStereo,88833,0.09296107465241753,0.09031680242653685,0.06933541143839375,0.04651528229888291,0.04677861763938919,0.9937973500838653,0.7001902446163025,4.22928416241712,93.76695597356837,100.0
174,S2M2,88833,0.09688915394430266,0.0951700934327198,0.07256625859500697,0.04868464404134465,0.04847058250688129,0.9852757421228597,0.40638051174676076,2.780498238267311,93.02061170961242,100.0
174,SGBM,88833,0.10365970282339063,0.09719928551877664,0.07669265225438372,0.0536485181400963,0.06125560505555269,0.9848592302410141,0.4570373622415093,1.7155786700888183,92.05588013463465,100.0
175,RealSense D435i,87133,0.013559010514621734,0.01830139215582153,0.008499948582488592,0.005174624387695559,0.040125158026776575,0.9938370077926848,87.7061503678285,97.63924116006565,99.38370077926848,100.0
175,UniDepthV2,87133,0.23809961410774672,0.18773799929562193,0.17463285359297423,0.14346139155282467,0.05472103438324734,0.576612764394661,0.0,0.0,19.626318386833923,100.0
175,MoGe-2,87133,0.0598147846731881,0.04811418961537717,0.041484172274082555,0.03742963445959835,0.05220700126441146,0.9938943913327901,11.920856621486694,25.580434508165677,99.38370077926848,100.0
175,DA3,87133,0.0955343686918383,0.07860172783212578,0.06498864416770002,0.06173359771952647,0.11174651793377592,0.9936992872964319,15.044816544822284,22.667646012417798,96.46287858790585,100.0
175,BridgeDepth (RVC),87133,0.10613017864807497,0.11247550490930756,0.0870906441442115,0.05745883071660751,0.05978768090231968,0.9781139178038172,0.5715400594493475,2.1277816671066074,88.35573204182113,100.0
175,BridgeDepth (Mid.),87133,0.10640577225254556,0.11263956791785433,0.08722737483101223,0.05794725446655635,0.059668210192304144,0.9777810932712061,0.6140038791273111,1.986618158447431,88.15259430984817,100.0
175,DEFOM-Stereo,87133,0.10673027692710575,0.1120821253853905,0.0874875553129972,0.05814541783410532,0.05924980433568598,0.9788828572412289,0.5244855565629555,2.2241860144836054,89.64915703579585,100.0
175,FoundationStereo,87133,0.10540574595065512,0.10908161788396907,0.08589193511235402,0.05993044277162918,0.0572720609816135,0.9826357407641192,0.4980891281144917,1.8351256125692907,90.1724949215567,100.0
175,S2M2,87133,0.11017200157693222,0.11571495279203739,0.09021532519195388,0.06238570731255422,0.059988033696344256,0.9722263665890076,0.4912031033018489,1.2968680063810496,88.68626123282797,100.0
175,SGBM,87133,0.12054215237070579,0.1228682677520079,0.09686788237578274,0.0684562864304381,0.08539917856790315,0.9679914613292323,0.6748304316389887,1.5160731295835104,87.32627133233103,100.0
176,RealSense D435i,83432,0.012894874163045498,0.014178315581848164,0.009259620636893699,0.005989447646084667,0.019541488860559536,0.9997123405887429,79.87942276344808,95.2787899127433,99.96883689711382,100.0
176,UniDepthV2,83432,0.2672275456226658,0.19973145880280505,0.18936491223382187,0.1674348837482817,0.05591729689922805,0.4141336657397641,0.0,0.002397161760475597,12.449659603030012,100.0
176,MoGe-2,83432,0.05236208618244529,0.04859756676091549,0.03947504049596311,0.029035919731084492,0.03620017573320791,0.9973031930194649,9.9410298206923,36.14320644357081,99.71593633138363,100.0
176,DA3,83432,0.15253285625022914,0.10603565024730666,0.09370401457298701,0.10764471560879485,0.12076156332117749,0.7618659507143543,6.804343657109982,15.700210950234922,57.655336082078826,100.0
176,BridgeDepth (RVC),83432,0.10343230720296911,0.11168611150247794,0.08568585084446644,0.05565458780378202,0.05064488587740453,0.9829202224566114,0.4794323520951194,2.3779844663917924,88.30784351328028,100.0
176,BridgeDepth (Mid.),83432,0.10360022350003126,0.11225165756128806,0.0858837145813871,0.05598654954185389,0.051135886350104486,0.9821411448844568,0.541758557867485,2.4115447310384504,88.24072298398697,100.0
176,DEFOM-Stereo,83432,0.10408675275823338,0.11098601926678389,0.08594072671046406,0.05378119828913597,0.04968941515986293,0.9858687314219964,0.34519129350848593,1.915332246620002,88.43848882922619,100.0
176,FoundationStereo,83432,0.10280262058986062,0.1086047613655073,0.08467598172944422,0.0575875872763682,0.04775466839596226,0.988361779652891,0.47463802857416815,1.9213251510211908,89.76531786364944,100.0
176,S2M2,83432,0.10640340758805686,0.11315208074814433,0.08771814377813116,0.060232003435147674,0.05001294206211295,0.9804271742257168,0.3907373669575223,1.5078147473391506,88.77409147569279,100.0
176,SGBM,83432,0.11543252488694554,0.12161925191728226,0.0943779564389853,0.06428185621227878,0.07991285346055067,0.9681177485856746,1.1230702847828171,2.4115447310384504,87.15600728737175,100.0
177,RealSense D435i,84112,0.011736377677151884,0.013156261337016084,0.009005654934650614,0.005872446147755145,0.016013617169824988,1.0,82.14880159786951,96.99091687274111,100.0,100.0
177,UniDepthV2,84112,0.22650718126586047,0.17239610031124594,0.16617956578601853,0.15441961319726222,0.03237358865418975,0.6530221609282861,0.0,0.0,19.43242343541944,100.0
177,MoGe-2,84112,0.08174265237898194,0.06449892316041239,0.05940291252231002,0.056776042258539494,0.03249358122870836,0.9987041088073045,2.6916492295986307,7.506657789613848,99.83593304165875,100.0
177,DA3,84112,0.11777583212078137,0.08523150816045233,0.07517081257898826,0.08522140712225285,0.10046703070937338,0.9228409739395093,7.740869317101009,21.401226935514554,78.88410690507894,100.0
177,BridgeDepth (RVC),84112,0.10351089117513212,0.11343340753823361,0.08723301041093491,0.054998832750159654,0.052170676710806,0.9790874072665018,0.7597013505801788,2.6215046604527297,88.98968042609854,100.0
177,BridgeDepth (Mid.),84112,0.10418998843888186,0.1142531284835999,0.08777412137925666,0.055209180340335395,0.05239063806055353,0.9785048506752901,0.7335457485257751,2.3825375689556783,88.58070192124787,100.0
177,DEFOM-Stereo,84112,0.1039642988982686,0.11281637359384825,0.08768397975226808,0.054341154490452015,0.051671716664876785,0.9863515312916112,0.734734639528248,2.8687939889670915,90.04303785428952,100.0
177,FoundationStereo,84112,0.10317618415180498,0.10996995380775633,0.08630664159788477,0.05637529408260972,0.04849385626382744,0.9862207532813392,0.6645900703823473,2.149514932470991,90.04779341829942,100.0
177,S2M2,84112,0.10695180899183294,0.11647257532795148,0.08991718179264177,0.05787797695736674,0.05270198797019388,0.9768522921818528,0.5766121361993533,1.93551455202587,88.34292372075329,100.0
177,SGBM,84112,0.12390876037754255,0.1348451127092969,0.10191243421366937,0.07007404768444492,0.12121146591567618,0.9661522731595967,0.7918014076469468,1.7072474795510748,85.93185276773825,100.0
178,RealSense D435i,91321,0.01323395856496149,0.013328149883046725,0.009082292073635166,0.006150480830240168,0.018439037795218,0.9998247938590248,79.02453981012034,94.74929096264823,99.98138434752138,100.0
178,UniDepthV2,91321,0.19642694970787192,0.15389357516029897,0.14024653993264247,0.11514163304695213,0.04433625645374059,0.8982818847800615,0.022995806003000406,0.08760307048762059,35.823085599150254,100.0
178,MoGe-2,91321,0.08221228118481111,0.0695403405372862,0.060068720024405144,0.048920549727993645,0.04169920105654563,0.9920062198180046,1.7969579833773175,13.582856079105573,99.14915517788899,100.0
178,DA3,91321,0.09668698636293327,0.1012379534540593,0.07628151011908027,0.05658339148165448,0.11732663787148222,0.9388968583348847,10.917532659519717,21.591966798436285,92.26574391432419,100.0
178,BridgeDepth (RVC),91321,0.09448490642099203,0.10869591535038067,0.07908810528162598,0.04669982001961326,0.055767820149764974,0.9833225654559192,2.9379879764785755,12.006000810328402,88.5469935721247,100.0
178,BridgeDepth (Mid.),91321,0.09442256578658943,0.109039937065036,0.07906435530179415,0.046708292500377,0.056112646795374255,0.9802674083726635,2.9960250106766244,11.906352317648732,88.34879162514646,100.0
178,DEFOM-Stereo,91321,0.09459430396875004,0.10650367485476502,0.07859067423422204,0.047695816688997694,0.05373981121441879,0.9871880509411854,3.3431521774838204,10.777367746739523,90.63413672649226,100.0
178,FoundationStereo,91321,0.09380097315725533,0.10529736667100882,0.07789365295454238,0.04823073431012126,0.05275377172391221,0.9887430054423407,3.0091654712497675,10.326211933728278,90.34285651712094,100.0
178,S2M2,91321,0.09762818376667949,0.1119678733763702,0.0815537115649592,0.049465578906427,0.05674273952969829,0.9784496446600454,2.812058562652621,9.843300007665269,88.19767632855532,100.0
178,SGBM,91321,0.10758670818453638,0.11915648015335835,0.08874595798777987,0.05252057224158724,0.0754804241557199,0.9787781561743739,1.2439636009242123,7.539339253840847,86.77522147151258,100.0
179,RealSense D435i,91419,0.010895667958100673,0.012167247773354579,0.007807600186884621,0.005146019274834934,0.0158310777006695,0.9998577976131876,86.77627189096359,96.71403100012033,99.98468589680482,100.0
179,UniDepthV2,91419,0.2477142859113161,0.18731989981776564,0.17528805333193556,0.15112960921696783,0.039970262442814444,0.41558100613657994,0.0021877290278826066,0.0021877290278826066,12.662575613384528,100.0
179,MoGe-2,91419,0.058095056839217826,0.04304737684884825,0.03862531980683111,0.03669636337961246,0.031568419625287523,0.9985560988415975,8.497139544296044,20.61606449425174,99.83263872936699,100.0
179,DA3,91419,0.08027193557392469,0.09348717167921386,0.06538812664173282,0.04149458503450154,0.10277426040093582,0.9453614675286319,21.249412047823757,37.03606471302464,92.54640720200396,100.0
179,BridgeDepth (RVC),91419,0.09466502428784983,0.10351219904508156,0.07748173909458225,0.04751752357200212,0.050761989919299824,0.9882081405397127,1.760028002931557,4.2376311270086084,91.14516675964515,100.0
179,BridgeDepth (Mid.),91419,0.09495307226740074,0.10396612339703333,0.07771593548519856,0.047774169225647145,0.050916469753968754,0.9881315700237369,1.7228366094575527,4.157779017490894,90.93405090845448,100.0
179,DEFOM-Stereo,91419,0.09396887106200959,0.10065354455163755,0.07626251233965796,0.04741720110478209,0.04885655263553273,0.9936118312385828,1.7370568481387894,4.208096785132193,91.408788107505,100.0
179,FoundationStereo,91419,0.09432099997922823,0.1000162311268595,0.07645491112263737,0.048442620740375086,0.04725015887952445,0.9934258742712128,1.6375151773701309,3.6863234119821917,92.12964482219232,100.0
179,S2M2,91419,0.09749600756878495,0.1063099547589499,0.07963784101138935,0.049483629387952366,0.05143602258640828,0.9823778426804056,1.684551351469607,3.6283485927433032,90.14756232293068,100.0
179,SGBM,91419,0.10494716195368643,0.10994817378260104,0.08477321475876001,0.054163137514492754,0.05686081981574216,0.9818199717782955,1.194500049223903,2.61871164637548,89.40592218247848,100.0
180,RealSense D435i,82241,0.01747658960950039,0.016210912051681854,0.011177058987701029,0.007839233817274804,0.024675950956977596,0.9992339587310466,67.98555465035689,87.86128573339333,99.88570177891806,100.0
180,UniDepthV2,82241,0.23452121332121809,0.18159856743248604,0.16514725111848347,0.1416156860162574,0.06452287391295898,0.5117763645870065,0.43530599092909866,1.620846050023711,17.015843678943593,100.0
180,MoGe-2,82241,0.0377486888766592,0.04183309213940439,0.02958072659800495,0.018908756613390976,0.04501339695733,0.9985043956177576,33.831057501732715,62.155129436655685,99.76897168079182,100.0
180,DA3,82241,0.1202827470095108,0.1272861156112804,0.09714699727753474,0.06071092299665504,0.14451165002574626,0.846925499446748,12.944881506791017,19.491494510037572,79.55277781155384,100.0
180,BridgeDepth (RVC),82241,0.0973172328101498,0.11444528923450809,0.08288858040520566,0.05081657294356856,0.0609108141580055,0.9770673994722827,4.405345265743364,17.913206308289055,87.89411607349132,100.0
180,BridgeDepth (Mid.),82241,0.09768024395877559,0.11483148659626546,0.08315997265251251,0.05228860834373261,0.06102138417891673,0.9775659342663635,4.342116462591651,17.63110857115064,87.61201833635292,100.0
180,DEFOM-Stereo,82241,0.0964482205020528,0.11091958616201904,0.08150821506457256,0.05126242513176027,0.05839501742619779,0.9828674262229302,3.5128463904864975,16.807918191656228,89.01885920647852,100.0
180,FoundationStereo,82241,0.09567395427731591,0.11009973766267937,0.08092672989792807,0.05150530376097662,0.057807703718317,0.9844116681460585,3.9055945331404045,17.043810264953006,89.36904950085723,100.0
180,S2M2,82241,0.09981405983848159,0.11775150529660741,0.08503464973237725,0.05066427138524632,0.06230116847589371,0.972495470629005,4.047859340231758,17.283350153816222,86.47511581814423,100.0
180,SGBM,82241,0.1196483073903247,0.14842331645696866,0.10037276348843023,0.05963768586614582,0.15572252010231183,0.93958001483445,3.574859255116061,15.881373037779209,83.47661142252647,100.0
181,RealSense D435i,79010,0.012763522405189852,0.013665083897910992,0.008982310518511477,0.006549816912226669,0.01787635014875463,0.9999620301227693,81.43146437159852,95.86761169472219,99.98101506138464,100.0
181,UniDepthV2,79010,0.14056441216685328,0.12010862793217639,0.10532772832829666,0.09088031237133687,0.05213900787190869,0.9697506644728515,3.3919756992785723,6.237185166434629,85.68409062144032,100.0
181,MoGe-2,79010,0.06525439261770488,0.05260077224926475,0.047041380336681225,0.039468415193233575,0.03268090277959158,0.9992152892038982,5.071509935451209,14.12859131755474,99.89241868117959,100.0
181,DA3,79010,0.10389686097941205,0.09685896352732705,0.0779205493648087,0.07082380529391358,0.12358335838201948,0.92721174534869,9.408935577774965,20.88343247690166,89.30768257182635,100.0
181,BridgeDepth (RVC),79010,0.09978332577456164,0.10883431666589169,0.08417638750461609,0.057979080115867165,0.04993097648210981,0.9816605492975573,0.6416909251993419,4.361473231236553,91.16440956840907,100.0
181,BridgeDepth (Mid.),79010,0.100104440434447,0.10929064915920648,0.08447508109630998,0.05789469209630532,0.04994708313333175,0.981521326414378,0.5594228578660929,4.390583470446779,90.7353499557018,100.0
181,DEFOM-Stereo,79010,0.10104535774774549,0.11035452315262888,0.08526575443369201,0.05596700259488446,0.05063878497468669,0.9831793443867864,0.6391596000506266,2.7249715225920768,89.5304391849133,100.0
181,FoundationStereo,79010,0.09861527306648692,0.10533406823720982,0.08281800603487896,0.058765240231306304,0.04716365668793347,0.9877863561574485,0.6252373117326921,4.2209846854828506,91.71750411340336,100.0
181,S2M2,79010,0.10191585585455892,0.11107020393938803,0.08596605753480527,0.05957783405372119,0.05066810481410426,0.9811669408935578,0.6897861030249336,4.179217820529047,90.26452347804076,100.0
181,SGBM,79010,0.13028646421380408,0.14177638146377938,0.10599443829662346,0.07991925218394091,0.14204348557185983,0.9184027338311607,0.6201746614352613,3.545120870775851,85.19427920516391,100.0
182,RealSense D435i,83893,0.022972423927189418,0.01930658470282408,0.015719037543973767,0.015517561212724296,0.021744050368511698,0.9994636024459729,45.11341828281263,87.2456581597988,99.94278426090378,100.0
182,UniDepthV2,83893,0.19165258079308486,0.19127869992194219,0.15620520022946388,0.09723334680778617,0.07467763924687978,0.7191064808744472,0.06555970104776322,0.4839497931889431,51.87441145268378,100.0
182,MoGe-2,83893,0.09867254082111233,0.07714594756151975,0.07193696178297537,0.07427304644726984,0.03887833619430459,0.9957564993503629,1.7319681022254538,4.027749633461672,98.93793284302623,100.0
182,DA3,83893,0.14480779352543144,0.10315848103436698,0.08842043624919309,0.09053616649350682,0.1246321531297664,0.7371175187441146,15.672344534108925,23.030526980796967,64.90529603185009,100.0
182,BridgeDepth (RVC),83893,0.08498069844860175,0.10543380196299347,0.07570512998214596,0.04391522097602718,0.05610475907776748,0.9812260856090497,7.593005375895485,23.00907107863588,93.43449393870765,100.0
182,BridgeDepth (Mid.),83893,0.08478030509698628,0.10565371873927623,0.07560978622132275,0.043269253744729785,0.056508133559842424,0.980570488598572,7.809948386635357,23.379781388196868,93.44045391153017,100.0
182,DEFOM-Stereo,83893,0.0871673681689069,0.10505855802637623,0.07711619147987907,0.0441025501792236,0.054455063381845234,0.9892124491912316,5.599990464043484,20.230531748775228,92.47017033602327,100.0
182,FoundationStereo,83893,0.08396204542038498,0.10183421907263561,0.07438818453405467,0.0459365958411736,0.05327329511044271,0.987793975659471,6.20671569737642,22.160370948708476,94.35709773163434,100.0
182,S2M2,83893,0.08801491505128983,0.1096615146585709,0.0785647945664174,0.04537144505031876,0.058159709033685995,0.978830176534395,6.570274039550379,22.25573051386886,91.46651091271025,100.0
182,SGBM,83893,0.10259693155811335,0.1327283362121892,0.08993419527417744,0.05313480448311192,0.13272460624570415,0.9657897559987126,3.710679079303399,15.079923235550046,91.6321981571764,100.0
183,RealSense D435i,89711,0.008768343970658588,0.009974518018493785,0.0066457378095950825,0.0043676127195559356,0.012090514487677605,1.0,90.40697350380667,98.74151441852169,100.0,100.0
183,UniDepthV2,89711,0.2229654231302019,0.2327880295111524,0.18053248829084836,0.09045490473867146,0.10009117383023394,0.636867273801429,1.7444906421732007,3.964954130485671,53.41596905619155,100.0
183,MoGe-2,89711,0.07901024850091824,0.07330931108711086,0.057944744071804895,0.045909253698127706,0.08425020751734061,1.0,12.8089086065254,18.499403640579192,99.02018704506693,100.0
183,DA3,89711,0.12401498060298675,0.1364216252647806,0.10541757786809729,0.0662158886034997,0.10008116464986781,0.7436546242935649,12.231498924323661,20.151374970739376,68.70840811048812,100.0
183,BridgeDepth (RVC),89711,0.10239382994344895,0.11058632022473634,0.08494335079833847,0.05208975089519374,0.048476459331909125,0.9812174649708508,0.1683182664333248,0.7568748536968711,89.90536277602523,100.0
183,BridgeDepth (Mid.),89711,0.10280184489874648,0.11103924171800088,0.08517616617382293,0.052058642035279656,0.048574875216638426,0.9805597975722041,0.1404510037788008,0.7557601631906901,89.34467345141621,100.0
183,DEFOM-Stereo,89711,0.1022769356470221,0.1091691842051029,0.08457839987254957,0.05081711200814765,0.04689997174630478,0.9870472963181772,0.18503862402603918,0.6298001359922417,89.90424808551906,100.0
183,FoundationStereo,89711,0.10137702020622234,0.10707737696966577,0.08356517030041623,0.05200287650755531,0.045469298374862695,0.9893769994760955,0.17835048098895342,0.47931691765781226,90.6455172721294,100.0
183,S2M2,89711,0.10654448083749897,0.11456557661930414,0.08824603637190252,0.053791863782291505,0.049360126482466626,0.9798463956482483,0.15048321833442943,0.40463265374368806,88.62012462239859,100.0
183,SGBM,89711,0.12884105132565202,0.15105983568082815,0.10644042158038897,0.06125833839363937,0.16817253855479208,0.9555015549932562,0.1003221455562863,0.33217777084192573,85.19133662538596,100.0
184,RealSense D435i,88257,0.012002705479891029,0.014635980158137734,0.009665903451546408,0.00576978768942582,0.014635135382644604,1.0,78.54334500379572,96.2405248308916,100.0,100.0
184,UniDepthV2,88257,0.1920075878380413,0.23478117343996735,0.16436698791995416,0.056653730385268775,0.13536875795256376,0.640096536252082,8.875216696692613,14.722911497105045,63.76264772199372,100.0
184,MoGe-2,88257,0.09776534480647943,0.07181443377950872,0.06393881695189513,0.06273436203020466,0.06597187023879136,0.9998187112636958,10.432033719704952,15.94547741255651,99.86063428396615,100.0
184,DA3,88257,0.12642495947259672,0.13718221509413944,0.10636203218336589,0.07303654955741001,0.10222623753149003,0.7220956977916766,12.460201457108218,20.517352731228115,67.12102156202907,100.0
184,BridgeDepth (RVC),88257,0.10996362182883246,0.11780439944840257,0.09048330775524925,0.0531226966869206,0.052386631816332574,0.9712657352957839,1.0140838687016327,1.424249634589891,87.14322943222635,100.0
184,BridgeDepth (Mid.),88257,0.11049836483218323,0.11859697432887563,0.0909704353051272,0.05381853553432925,0.0526897556395395,0.9701326806938826,0.9121089545305189,1.3472019216606048,86.96420680512594,100.0
184,DEFOM-Stereo,88257,0.11112668888457526,0.11865066187377733,0.09151670595223267,0.05224594016021655,0.05290337877689765,0.9751294514882672,0.9313708827628404,1.4944990199077695,86.55177493003387,100.0
184,FoundationStereo,88257,0.10900484932338421,0.11494015547473792,0.08914924937393251,0.05426244650973411,0.05005765674264531,0.9761378700839594,0.9245725551514327,1.488833746898263,88.4473752790147,100.0
184,S2M2,88257,0.11233894158794565,0.11968317893027884,0.09219860100233956,0.05531045879732699,0.05237025747148121,0.9623259344867829,0.8452587330183442,1.471837927869744,87.16362441506055,100.0
184,SGBM,88257,0.13300696214424793,0.1412095529961226,0.10787154103717883,0.06842505264864196,0.1157280107755511,0.9501569280623633,0.4656854413814202,1.2486261712951947,81.85526360515313,100.0
185,RealSense D435i,84330,0.010564312463562856,0.014020647481228393,0.008856043259785333,0.0052496678464560576,0.014449160550876201,1.0,83.37009367959209,97.77303450729278,100.0,100.0
185,UniDepthV2,84330,0.2145854092333024,0.1899046481077003,0.1684677602682646,0.12165448062811779,0.05026891103937167,0.6910470769595636,0.0664057867899917,0.11265267401873592,33.67484880825329,100.0
185,MoGe-2,84330,0.07132923675511005,0.053293047766729044,0.04847064997449282,0.0490142089406409,0.0630414257824979,0.9993952330131626,4.770544290288154,31.132455828293608,99.92410767224001,100.0
185,DA3,84330,0.11325465256556291,0.12527062353139248,0.09787689446654112,0.08475640450880523,0.09985556314352931,0.8485829479426065,6.8006640578679,18.48215344480019,80.85260286967865,100.0
185,BridgeDepth (RVC),84330,0.1122610391222631,0.1217897452860555,0.09525080642012008,0.059228338324601004,0.0524815857938872,0.975714455116803,0.30356931103996204,0.6379698802324202,85.59350171943555,100.0
185,BridgeDepth (Mid.),84330,0.11331771369152983,0.12324147205643911,0.09616001644539218,0.059759387792716334,0.05311064096784228,0.9719554132574411,0.27392387050871575,0.5668208229574291,85.04328234317562,100.0
185,DEFOM-Stereo,84330,0.11164222688207545,0.12057905725742352,0.0945399042372756,0.05931518291358695,0.05226678056176114,0.9745167793193407,0.296454405312463,0.696074943673663,86.91568836712914,100.0
185,FoundationStereo,84330,0.11201334247930762,0.11938490217297644,0.09440351852658607,0.06013184048265657,0.049970626147159226,0.9817384086327523,0.25495078856871817,0.5490335586386814,86.4793074825092,100.0
185,S2M2,84330,0.11630738192664183,0.1257205873480737,0.09853445885668281,0.06367607780333862,0.05336319027390035,0.963986718842642,0.2264911656587217,0.5656350053361794,85.17965136961936,100.0
185,SGBM,84330,0.14514981433437238,0.1612411099040528,0.11932688206380752,0.08256018666617615,0.17055752549573955,0.9208229574291474,0.1482272026562315,0.33558638681370806,80.07233487489624,100.0
186,RealSense D435i,96413,0.0091304397403352,0.011655179367534952,0.00737875955672827,0.004265715362772093,0.012385003310023039,1.0,88.9226556584693,98.25127316855611,100.0,100.0
186,UniDepthV2,96413,0.1987288538436694,0.1751881384493561,0.15250879052647842,0.11217833005374522,0.049301117224292985,0.7843029466980594,0.010372045263605531,0.07779033947704148,53.516641946625455,100.0
186,MoGe-2,96413,0.03333859314747923,0.038452630637301324,0.026819560682814072,0.015459164943564918,0.04119425910096383,1.0,31.43766919398836,72.79827409166813,99.98962795473639,100.0
186,DA3,96413,0.08492433360018295,0.09914605575871827,0.07258123919420922,0.0343735085412229,0.091258152806455,0.9750137429599742,18.994326491240805,32.08695922749007,94.5360065551326,100.0
186,BridgeDepth (RVC),96413,0.10708163290827359,0.11401080204609362,0.08840263712658897,0.05513301933627379,0.05004225599473614,0.9814858992044642,0.4418491282295956,1.1326273427857239,87.86781865516062,100.0
186,BridgeDepth (Mid.),96413,0.10776840054705204,0.11480184332174012,0.08892468506231624,0.055037889241936755,0.05015816902860775,0.9807391119454846,0.253077904431975,0.7550848951904826,87.54835966104156,100.0
186,DEFOM-Stereo,96413,0.10641069770875305,0.11180690920619538,0.08753410564064397,0.05485472858868823,0.048028442949248566,0.9837055168908757,0.2821196311700704,0.6669225104498356,90.3374026324251,100.0
186,FoundationStereo,96413,0.10707690481695721,0.11236201019628894,0.08792274944356074,0.05733751806591891,0.04771595585013047,0.9827409166813604,0.22922220032568225,0.5600904442346987,89.876883822721,100.0
186,S2M2,96413,0.11110569423472383,0.11819258727447157,0.09178069481011714,0.059603770810936485,0.05115254937940001,0.9704811591797786,0.3287938348562953,0.8505077116156535,87.03286901144037,100.0
186,SGBM,96413,0.12695345125831947,0.1262416894044261,0.10225260223597749,0.0698474740502183,0.05964193144284691,0.9625984047794385,0.46466762780952775,1.0185348448860632,83.00332942652962,99.99792559094728
187,RealSense D435i,82045,0.02809774268837117,0.02296736948110642,0.019095600383177532,0.018427921030246097,0.021626693095986714,0.9990980559449083,28.577000426595163,79.01395575598757,99.87811566823085,100.0
187,UniDepthV2,82045,0.10208457126850354,0.12885044541815316,0.08933435548964701,0.036152712638165996,0.07392235288622123,0.9512584557255165,7.442257297824365,25.238588579438115,80.45097202754586,100.0
187,MoGe-2,82045,0.053749359337262076,0.042646405067017105,0.03604758278052137,0.03271461998706815,0.0405586493308762,0.9964653543786947,14.816259369858004,22.986166128344202,99.61850204156256,100.0
187,DA3,82045,0.09805452671578628,0.10134987991948916,0.07287640748144592,0.048568586238867284,0.1354086840053583,0.9262721677128405,14.700469254677312,24.41221281004327,89.71661892863672,100.0
187,BridgeDepth (RVC),82045,0.07359971880710148,0.09590560891796243,0.06458751493181855,0.030967382424773704,0.05508380811734712,0.9872143335974161,5.683466390395515,37.59400329087696,93.44506063745506,100.0
187,BridgeDepth (Mid.),82045,0.07458482987118797,0.09684001760733812,0.06527818062463488,0.03111731187158373,0.05517403255762885,0.9861661283442014,4.448778109574015,36.315436650618565,93.42921567432506,100.0
187,DEFOM-Stereo,82045,0.0785876026763973,0.10391823727957492,0.06947821378705356,0.029737445715101618,0.06010163793817081,0.9796818818940826,4.76811505880919,37.96940703272595,91.38399658723871,100.0
187,FoundationStereo,82045,0.07353929932734483,0.09327468280893897,0.0640528739964971,0.030512380530633765,0.052918568405693076,0.9897739045645683,5.148394173928941,34.84794929611799,94.16417819489304,100.0
187,S2M2,82045,0.07694073435413722,0.09881449235763114,0.06711206348599144,0.0322033644487042,0.05629062998876579,0.9870071302334085,4.662075690170028,33.06721920897069,92.15308672070205,100.0
187,SGBM,82045,0.0878292789747044,0.10585890178763609,0.07450859496637481,0.037325596052975474,0.06601741186685411,0.9662014748004144,4.893655920531416,21.586933999634347,93.85581083551709,100.0
188,RealSense D435i,82739,0.02319177990049282,0.021545373648150196,0.0149816908650778,0.012068855675366752,0.03390515580407615,0.999323172868901,51.70234109670167,89.99141879887357,99.9129793688587,100.0
188,UniDepthV2,82739,0.10201563891873974,0.10100936311443298,0.07969549498037584,0.05090631598618822,0.06192725069752941,0.99709931229529,6.480619780272906,11.577369801423753,94.49836232006672,100.0
188,MoGe-2,82739,0.03695574483250362,0.038179350220814055,0.028378226395764473,0.021467401098533734,0.04892662381534425,0.9994440348565973,39.8614921621001,62.488064878715,99.86705181353412,100.0
188,DA3,82739,0.11519256085091069,0.12651431669185337,0.09473876809154605,0.069656179912998,0.13859847379476006,0.8586398191904664,11.474637111881943,18.78437012775112,80.10369958544338,100.0
188,BridgeDepth (RVC),82739,0.09506396950867609,0.10651998210641059,0.07940443211589912,0.052484871208828054,0.05620128814702136,0.9847351309539637,0.7529701833476353,11.902488548326666,89.55994150279795,100.0
188,BridgeDepth (Mid.),82739,0.09555219850472671,0.10735004462587959,0.07984216585489455,0.05211485601934884,0.05664593363983754,0.9840703900216343,0.5922237397116232,11.427500936680405,89.26020377331125,100.0
188,DEFOM-Stereo,82739,0.09274312686716106,0.1020490654473814,0.0772945868720683,0.051501664990582396,0.05331805516445094,0.9920956260046653,1.411668016292196,13.40480305539105,91.72216246268387,100.0
188,FoundationStereo,82739,0.09347696605189786,0.10246308732512285,0.07773128621364732,0.05524516776094246,0.053033565048989685,0.9907782303387761,0.7674736218711853,12.4620795513603,90.78064757853006,100.0
188,S2M2,82739,0.09785567506638235,0.10884763559780349,0.08170507372759066,0.056009361883155084,0.056281741814557626,0.9852669236998272,1.1747785204075467,10.087141493128996,89.70618450791041,100.0
188,SGBM,82739,0.1306528962386748,0.14783120709195327,0.10422040677853728,0.06658217543927081,0.1531031062380468,0.9172699694219171,1.0091975972636846,6.0926527997679445,83.92052115689094,100.0
189,RealSense D435i,79871,0.019249224341151474,0.028118736835225498,0.01261778526220953,0.010022864424589217,0.04355510837823599,0.9953299695759412,61.11604963002842,94.15056779056228,99.51421667438744,100.0
189,UniDepthV2,79871,0.11140458844368337,0.1237854750252472,0.08896673482840788,0.04534751730522246,0.0675486505852748,0.9613376569718671,1.398505089456749,4.60242140451478,79.57832004106622,100.0
189,MoGe-2,79871,0.039996106505632324,0.041940033689851795,0.026654830337826074,0.020364390561735224,0.055806395027718475,0.9949794042894167,21.32188153397353,59.16290017653466,99.47039601357189,100.0
189,DA3,79871,0.14282783431950033,0.13514917756332112,0.099391087423162,0.06394509634598289,0.18460725590752053,0.8357226026968486,5.829399907350603,11.747693155212781,80.4685054650624,100.0
189,BridgeDepth (RVC),79871,0.09259614512168315,0.10226287387823708,0.07336081135427151,0.04273443502871743,0.0587778342090055,0.9842621226728099,0.3906298906987517,7.023825919294863,91.3235091585181,100.0
189,BridgeDepth (Mid.),79871,0.09300472961745518,0.10232332707482132,0.07354514190071432,0.04308264534264794,0.058311500284622474,0.9845125264488989,0.43945862703609573,5.846928171676828,91.46123123536702,100.0
189,DEFOM-Stereo,79871,0.09375519241475604,0.10218044157993171,0.07447135345649929,0.04284653627201873,0.057073730422548354,0.988268583090233,0.47827121232988196,8.347209875924928,91.28594859210477,100.0
189,FoundationStereo,79871,0.0915807033715954,0.09703710334052913,0.0717301583316102,0.04440445714560437,0.05238834798661808,0.9913986302913448,0.38562181517697286,6.188729326038237,93.09386385546694,100.0
189,S2M2,79871,0.0943486321819766,0.10352602783245478,0.07448793898110476,0.04423343531022683,0.05880832074353338,0.9831102653028008,0.46575102352543474,5.5101350928372,91.59269321781373,100.0
189,SGBM,79871,0.11763257213092737,0.1362789159996996,0.09134619093383207,0.053964988218386134,0.1503861920132597,0.9455496988894593,1.3221319377496212,5.255975260106922,86.90388251054826,100.0
190,RealSense D435i,67503,0.017952962128002417,0.031221254363033937,0.010655570900402913,0.006577397831286302,0.05366192672841756,0.9897634179221664,78.75057404856081,95.63574952224346,98.92301082914834,100.0
190,UniDepthV2,67503,0.18422566254697542,0.15347386321074302,0.12353624492398733,0.0861529727071394,0.08913789653084105,0.7824392989941188,0.06221945691302609,1.2532776321052397,57.42263306815993,100.0
190,MoGe-2,67503,0.07770538458367203,0.06861816248850564,0.042918183889809745,0.03407201254188408,0.11268410318805197,0.9654830155696784,9.670681303053199,26.072915277839503,96.2816467416263,100.0
190,DA3,67503,0.13105918671611266,0.1202225929416306,0.08064190234261145,0.03453949299288417,0.18699860810905458,0.831859324770751,13.082381523784129,28.382442261825403,81.22453816867399,100.0
190,BridgeDepth (RVC),67503,0.09180880362970292,0.09789333722148662,0.06720283595258959,0.037484007004894404,0.06676657417403285,0.9838970119846525,0.5170140586344311,6.6189650830333475,91.62259455135327,100.0
190,BridgeDepth (Mid.),67503,0.09141631332539457,0.09747850953073818,0.06688616931142057,0.0375847672830667,0.06542010366922851,0.9841636667999941,0.5214583055567901,6.853028754277587,91.9011006918211,100.0
190,DEFOM-Stereo,67503,0.09286273768513753,0.0973605707443028,0.06828727187545498,0.037372560192913684,0.06102521327287747,0.9867561441713701,0.42072204198331925,4.876820289468617,90.21524969260626,100.0
190,FoundationStereo,67503,0.08912025556057143,0.09012837317573175,0.06449956027777759,0.03815080172643459,0.05604473246024527,0.9905781965245989,0.3644282476334385,5.509384768084382,94.20173918196228,100.0
190,S2M2,67503,0.09479449376289985,0.10204303488444935,0.06952642953416881,0.03859465442177845,0.06739017769040785,0.9760603232448928,0.44442469223590064,5.925662563145342,91.25372205679747,100.0
190,SGBM,67503,0.10787897692911101,0.11758658588061469,0.07860655417982379,0.04542783144707796,0.12095506212027612,0.9567130349762233,1.4917855502718398,4.912374264847489,88.92789950076293,100.0
191,RealSense D435i,71007,0.0363423140535445,0.06517301248710336,0.018653913309487635,0.006775165331020017,0.1043649852359802,0.9735237370963427,75.6488796879181,92.41483234047348,97.29463292351458,100.0
191,UniDepthV2,71007,0.14825400576125183,0.15656613392876226,0.11414333869990545,0.06267186569450689,0.08626647659819549,0.7903023645556072,2.55045277226189,6.665540017181406,68.52000506992269,99.99295844071712
191,MoGe-2,71007,0.08878273441444046,0.07802320788897846,0.06026521984022586,0.05137273196206482,0.08099347292002473,0.9810722886475981,0.8534369850859775,5.49804948807864,97.91710676412184,100.0
191,DA3,71007,0.12053820820686065,0.1203586070107609,0.0887543388005085,0.055478461629083986,0.14963966240845758,0.8479023194896278,14.252115988564507,23.07237314630952,79.88085681693354,100.0
191,BridgeDepth (RVC),71007,0.09519670900559794,0.10276281444581878,0.07435571997595924,0.04485162156755207,0.06118515911416189,0.9848888137789232,1.1886152069514273,6.312053741180447,90.66148407903447,100.0
191,BridgeDepth (Mid.),71007,0.0956349788745137,0.10340109317676371,0.07475199706290012,0.0447923715141878,0.06217951691382843,0.9845226526962131,1.1688988409593422,6.362752968017238,90.47981184953596,100.0
191,DEFOM-Stereo,71007,0.09817640318366172,0.10366366843783081,0.07654444105352777,0.045293608705706534,0.06334289612456101,0.987536440069289,1.025251031588435,5.700846395425803,90.60655991662794,100.0
191,FoundationStereo,71007,0.0951841426648105,0.09993223702953158,0.07390563290928288,0.04480226506991558,0.058511296351406006,0.9907051417465884,0.9646936217556015,5.613531060317997,90.92624670807103,100.0
191,S2M2,71007,0.09674309467015063,0.10407667150188263,0.07549129763525832,0.044950214595062654,0.060584725029030735,0.9828045122311885,0.8520286732294,5.055839565113299,90.95300463334601,100.0
191,SGBM,71007,0.11781316942627544,0.13191021145072912,0.09216654393195917,0.04931006467738863,0.13441966832943336,0.9359640598814202,1.2928302843381638,5.03753151097779,84.8014984438154,100.0
192,RealSense D435i,75596,0.015362673836219877,0.023107790255407053,0.010059887525283412,0.006619134964688911,0.034769537068017914,0.9969707391925499,75.74342557807292,93.42557807291391,99.68120006349542,100.0
192,UniDepthV2,75596,0.13500533054873196,0.10061012028413072,0.0875732816006153,0.08139776472449817,0.05849751315690571,0.9906344251018573,4.4380655061114345,8.833800730197366,88.17265463781152,100.0
192,MoGe-2,75596,0.07814206877370566,0.07439478541522221,0.054838855863275644,0.03949078059532818,0.07809224644589598,0.9816921530239695,2.004074289644955,14.2414942589555,97.97608339065559,100.0
192,DA3,75596,0.12608799311239877,0.11027781567116479,0.08446985987159876,0.06132151676432174,0.15488566241050858,0.880086247949627,5.239695221969416,11.615693952060955,83.70284142018096,100.0
192,BridgeDepth (RVC),75596,0.09590527016260603,0.10104905359320954,0.07351091116441831,0.04291041675580182,0.053854375238033006,0.9844303931424944,0.30689454468490396,3.1284724059474045,92.02603312344569,100.0
192,BridgeDepth (Mid.),75596,0.09636135078410413,0.1020725760700734,0.07379769462159508,0.04273779776369252,0.056201074300199834,0.9848801523890153,0.28837504629874594,3.0358749140166146,91.43870046034182,100.0
192,DEFOM-Stereo,75596,0.09698008259485472,0.10314125403480016,0.07474777779898177,0.043113706372596206,0.05426419031438512,0.9802899624318747,0.33202814963754695,3.0292608074501297,91.26408804698661,100.0
192,FoundationStereo,75596,0.09524921240092735,0.10181526138161942,0.07336906265906531,0.040896378571958436,0.05489462114929349,0.9830811154029314,0.24604476427324196,2.9353404942060424,91.03523995978622,100.0
192,S2M2,75596,0.09861052221323409,0.10479589341290865,0.07562296713939153,0.04278205553532061,0.0574521531078389,0.9787951743478491,0.2645642626594,2.7541139742843534,91.19794698132176,100.0
192,SGBM,75596,0.11236452884289728,0.11200566806640859,0.0845474152727594,0.049584519913610736,0.06664111640632843,0.9707788771892693,0.5092862056193449,2.022593788031113,86.81147150642892,100.0
193,RealSense D435i,77274,0.010322875257418283,0.012906308618392377,0.008011201920126615,0.005189595770523137,0.01559166532847537,0.9999223542200482,87.27903305122034,97.78580117503947,99.9792944586795,100.0
193,UniDepthV2,77274,0.08722912001774848,0.09380456652130667,0.07157577582137216,0.049972809179291255,0.06639956234014482,0.9973859254082874,8.88138313016021,19.296270414369644,96.08277040142869,100.0
193,MoGe-2,77274,0.13630521366439216,0.10360794018080462,0.09705320652332589,0.0867366926165779,0.04889463949311335,0.9559230789139943,0.38434661076170507,1.4571524704298988,92.20824598183088,100.0
193,DA3,77274,0.08542235502146014,0.0876881185333544,0.06757799399681981,0.05091986403982418,0.09942797539440923,0.9727851541268732,13.764008592799648,30.068328286357637,95.56642596474882,100.0
193,BridgeDepth (RVC),77274,0.10774007419276116,0.11433685092609167,0.08915158818608375,0.05686651207778559,0.05147154177523009,0.981585009188084,0.4451691383906618,0.8553976758029868,87.14315293630457,100.0
193,BridgeDepth (Mid.),77274,0.10808120693336358,0.11454397255525356,0.08939761196106721,0.05782242322363834,0.05110035409306906,0.9820767657944457,0.411522633744856,0.8359862308150218,86.86621632114294,100.0
193,DEFOM-Stereo,77274,0.1117624413527741,0.1208866517417458,0.09319084946347893,0.056125286884676606,0.05647876052937801,0.9669617206304837,0.46199239071356474,1.1336283872971502,84.10720294018687,100.0
193,FoundationStereo,77274,0.10619823093244046,0.11057007555832939,0.08731518068929482,0.05765758858753378,0.04853039097373857,0.9865025752517017,0.42316950073763493,0.9977482723813961,89.13476719206977,100.0
193,S2M2,77274,0.11094064006421946,0.11715054831299808,0.09154932567983158,0.05923726509197197,0.05160850021824958,0.9745580661024407,0.395993477754484,0.7596345471956932,87.76431917591945,100.0
193,SGBM,77274,0.13613373511205806,0.13896426633892336,0.10805301769583134,0.0757230141511907,0.12311025138143196,0.929562336620338,0.3468178171183063,0.7609286435282242,81.54748039444057,100.0
194,RealSense D435i,85145,0.009579517493192346,0.01205439705761589,0.007544946518321185,0.004661625052614582,0.014328019417748297,1.0,88.28351635445416,98.34987374478831,100.0,100.0
194,UniDepthV2,85145,0.12207221773698887,0.10378380095652336,0.09017434717374537,0.08337874614881591,0.05011990557979866,0.9967349815021435,4.770685301544424,10.96834811204416,95.16237007457866,100.0
194,MoGe-2,85145,0.07108420849931982,0.06727133346094821,0.05495245720049179,0.03672117965915589,0.04568482081231308,0.9960068119090962,4.269187856010335,23.415350284808266,99.5337365670327,100.0
194,DA3,85145,0.09228375073524801,0.09974618467570659,0.07624698665809233,0.05276366522806519,0.10123011082749285,0.9490751071701216,15.061365905220505,29.105643314346114,92.11462798755065,100.0
194,BridgeDepth (RVC),85145,0.10945201011299695,0.11515309414223499,0.091071873482539,0.06238655569142948,0.0504780052131906,0.9829584825885255,0.37817840155029653,1.1498032767631687,87.80081038228904,100.0
194,BridgeDepth (Mid.),85145,0.10988202770161816,0.11575005179769991,0.09145370783156272,0.0630360173870369,0.050463538470086486,0.9830406952845147,0.4051911445181749,1.0840331199718127,87.11961947266428,100.0
194,DEFOM-Stereo,85145,0.11020445556449791,0.1157571068240912,0.0917699790027326,0.061665267813925895,0.05115705780059159,0.9838980562569734,0.40988901286041457,1.243760643607963,87.26877679253039,100.0
194,FoundationStereo,85145,0.10995340985566406,0.11424036819470917,0.09111686503659533,0.06402646456119321,0.04873734076374425,0.9845675024957425,0.371131599036937,1.0899054553996126,88.12613776498914,100.0
194,S2M2,85145,0.11278925021816462,0.11717300251841475,0.09347973830247575,0.06650581421910651,0.049750884762581646,0.9796229960655353,0.3241529156145399,0.8902460508544248,87.78319337600564,100.0
194,SGBM,85145,0.14510961123123065,0.1595887541481357,0.11808649622975871,0.08542630123927286,0.1824954050587184,0.9160138587116096,0.1820423982617887,0.5731399377532445,80.33002525104234,100.0
195,RealSense D435i,83152,0.01060033246723567,0.014172855751660506,0.008575895427725405,0.004937463637261941,0.016143060314001034,1.0,85.62632287858379,97.2183471233404,99.99759476621128,100.0
195,UniDepthV2,83152,0.10240572991780605,0.08780025981219158,0.07551692559759231,0.07340961064551232,0.048153352426144165,0.9989777756397922,9.289012892053107,17.71695208774293,98.60736963632864,100.0
195,MoGe-2,83152,0.07770965847036314,0.06661423202038468,0.05813826166705816,0.04588731659045514,0.04680802443380547,0.999110063498172,5.427410044256302,10.788676159322687,99.89416971329614,100.0
195,DA3,83152,0.09668276171377013,0.10528486635107658,0.08081583149580018,0.05817033947907235,0.10524741350832524,0.9336636521069848,14.956946315181835,27.588031556667307,90.40311718299019,100.0
195,BridgeDepth (RVC),83152,0.11798925477095966,0.12406036445702984,0.09909368390049182,0.06630130104455123,0.05430411321921613,0.9640898595343468,0.2970463729074466,0.7949297671733693,82.98056571098711,100.0
195,BridgeDepth (Mid.),83152,0.11838119597066886,0.12470464741398053,0.09951718999985236,0.0668373391974974,0.05433857805566763,0.9663507792957475,0.2741966519145661,0.7720800461804888,82.33355782182028,100.0
195,DEFOM-Stereo,83152,0.11784103210365343,0.12352391803849598,0.09880863772198523,0.06598729783369323,0.0545043059069822,0.9637170482970945,0.3307196459495863,0.9151914566095826,82.66187223398114,100.0
195,FoundationStereo,83152,0.11623004932548976,0.12068760892544775,0.0971874568209445,0.06617477340042577,0.05177267317680142,0.9671685587839138,0.3343274966326727,0.8586684625745623,85.26433519338079,100.0
195,S2M2,83152,0.12220371941489004,0.12857153879035557,0.1027067246303281,0.07036295485309524,0.05592154809462964,0.9483596305560901,0.28742543775254953,0.728785837983452,82.349191841447,100.0
195,SGBM,83152,0.14279313072871977,0.13942251658978796,0.11573603815228652,0.09530204811669268,0.08961871275823127,0.9310178949393881,0.16836636521069848,0.6133346161246873,75.12627477390802,100.0
196,RealSense D435i,74958,0.014567516311767203,0.03245571160296128,0.01089785687460013,0.005839040648852767,0.03722816355500411,0.9935697323834681,83.1412257530884,96.75151418127484,99.35030283625497,100.0
196,UniDepthV2,74958,0.09210142747676875,0.08104647256880207,0.06838085091785195,0.06397772648576039,0.04337595618898782,0.9998399103497959,8.32065956935884,17.10691320472798,99.35430507751008,100.0
196,MoGe-2,74958,0.0989211242530838,0.08979347393600835,0.07361109505403816,0.054439820889840174,0.06900865184471573,0.9654739987726461,3.8394834440620076,6.745110595266683,95.63889111235625,100.0
196,DA3,74958,0.10125461527346619,0.1109766684263082,0.08421067774893873,0.059601878726555535,0.10696697045188919,0.8938739027188559,11.01149977320633,22.473918727820912,86.75524960644627,100.0
196,BridgeDepth (RVC),74958,0.1102375304955785,0.11193934472768055,0.09019583338327963,0.06623110425592282,0.049827943584642785,0.9862322900824462,0.7190693455001468,1.9877798233677528,88.17471117158942,100.0
196,BridgeDepth (Mid.),74958,0.11100051733573715,0.11267822464017992,0.09087177701735942,0.06773636202593863,0.049466068575071395,0.9837909229168335,0.6790469329491182,1.943755169561621,87.92924037460979,100.0
196,DEFOM-Stereo,74958,0.11059183917224888,0.11313069919518938,0.09078024062363424,0.06368182437480419,0.05159959939804819,0.9808159235838736,0.7484191147042344,2.2065690119800423,88.01061928013021,100.0
196,FoundationStereo,74958,0.11022576899227518,0.11051970164765618,0.08985350574954616,0.06564983418623027,0.04832301718573242,0.9898476480162224,0.7524213559593372,1.747645348061581,88.71367966060994,100.0
196,S2M2,74958,0.11322542610090394,0.11436282610870337,0.09257544969894865,0.06891951851929667,0.05011846416272679,0.9829237706448944,0.6670402091838096,1.7743269564289337,88.1506977240588,100.0
196,SGBM,74958,0.1316535266156883,0.1230436639973801,0.10426744439248438,0.08910871797609393,0.05874099471337972,0.9566957496197871,0.6310200378878839,1.4181274847247791,82.8157101310067,100.0
197,RealSense D435i,78743,0.009735407120045642,0.01591151894521118,0.007500797021079656,0.004665630688457378,0.019031727838590924,0.9992507270487535,89.30825597195941,98.70591671640653,99.92507270487535,100.0
197,UniDepthV2,78743,0.11416406010428026,0.10220340161277808,0.08476736807383252,0.06286002570242788,0.049842558215551,0.9991491307163811,3.891139529862972,10.435213288800274,94.45919002324015,100.0
197,MoGe-2,78743,0.05777623354226108,0.059207346171141526,0.04128858335741197,0.02921430582521445,0.06001225812981459,0.986843274957774,20.36752473235716,34.34591011264494,98.28810179952504,100.0
197,DA3,78743,0.09035893125128817,0.09468313796786369,0.0715767632289782,0.04562900914379964,0.09886765628739894,0.963920602466251,8.504882973724648,18.931206583442336,94.49601869372516,100.0
197,BridgeDepth (RVC),78743,0.10096909482516879,0.10454363639563176,0.08098133674392047,0.054230112073327286,0.05001203623891299,0.987211561662624,0.49147225785149157,0.9626252492285029,90.94903673977369,100.0
197,BridgeDepth (Mid.),78743,0.1017260797306498,0.10584008707542289,0.08163657405639123,0.05404975943037793,0.051056456415031815,0.9820682473362712,0.4800426704595964,0.9029374039597171,90.32929911230204,100.0
197,DEFOM-Stereo,78743,0.10996988782365014,0.11866482029090046,0.08953579494744977,0.05368681531400654,0.06041617265830781,0.9662319190277231,0.5397305157283822,1.052791994209009,81.98062049959997,100.0
197,FoundationStereo,78743,0.10329701697004115,0.10556671044038844,0.08252973015379984,0.05634214457597575,0.048732096300011615,0.9890783942699669,0.4775027621502863,0.891507816567822,91.04301334721816,100.0
197,S2M2,78743,0.10459465151363084,0.10772757573565467,0.08378346207010728,0.05686056067392742,0.05007004919180594,0.980239513353568,0.3136786761997892,0.8432495586909313,90.39660668249876,100.0
197,SGBM,78743,0.1297925097553445,0.13755312986071774,0.10103567574277701,0.06592159433230738,0.1233245478647696,0.9316256683133739,0.1358850945480868,0.34796743837547467,82.22953151391235,99.98730045845346
198,RealSense D435i,68868,0.016439107405350345,0.028391800789371802,0.008831976874354839,0.004327259751628398,0.05324212434095194,0.9910117906720102,85.98478248243015,94.9715397572167,98.89498751234245,100.0
198,UniDepthV2,68868,0.17847013446146218,0.1268858603781555,0.10667544556291379,0.07780427161192749,0.08155272305640343,0.9151565313353082,0.014520532032293663,0.03775338328396353,69.2542254748214,100.0
198,MoGe-2,68868,0.04204290000212444,0.04672348586398197,0.0241857101863109,0.011679837385050074,0.07902693805859325,0.9855811116919324,42.39414532148458,63.25579369228088,98.45937155137364,100.0
198,DA3,68868,0.16291329176641395,0.14475138945804955,0.09810745145374446,0.051574141069548995,0.22629306363429894,0.704507173142824,14.34483359470291,24.237672068304583,67.52773421618168,100.0
198,BridgeDepth (RVC),68868,0.0947078506523032,0.09423929194692494,0.06351932722568145,0.03341079320981771,0.07446715174055478,0.9667044200499506,1.3663820642388338,4.743857814950339,93.51948655398733,100.0
198,BridgeDepth (Mid.),68868,0.09376907769087084,0.09384662065778945,0.06288343598097783,0.03318671671504009,0.07277827999600778,0.9670819538827903,1.5798338851135505,5.667363652204217,93.67776035313933,100.0
198,DEFOM-Stereo,68868,0.0991901111918429,0.09839561295594373,0.06753489509090173,0.03468582906813045,0.06836678864616619,0.9665011326014985,0.9322181564732532,3.8247081373061507,89.9968054829529,100.0
198,FoundationStereo,68868,0.09183443875935822,0.09062341517216499,0.06209734029498992,0.03372216294484559,0.0627849483983726,0.9732531799965151,1.14566997734797,5.699308822675262,94.40378695475403,100.0
198,S2M2,68868,0.09388977399634395,0.09422904724463589,0.06389048022288475,0.03362838154233838,0.06514618843312074,0.9682000348492769,1.3416971597839344,5.4611720973456475,92.63809025962712,100.0
198,SGBM,68868,0.10613185880889649,0.12288559037294516,0.07274960377386609,0.03802752887451544,0.14168101784357753,0.9631178486379741,2.9796131730266597,7.299471452634025,91.89609107277691,99.91723296741593
199,RealSense D435i,74646,0.021474441820425454,0.4808478089745383,0.013219743691244857,0.005783235386700447,0.04905191832910012,0.9986871366181711,85.09632130321786,97.58995793478552,99.86469469228089,99.9906224044155
199,UniDepthV2,74646,0.06693651665807906,0.07801314991023464,0.05411606242301954,0.02673579337155546,0.05394394380254143,0.9979771186667739,15.66728290866222,39.19031160410471,97.43589743589743,100.0
199,MoGe-2,74646,0.1296936518474294,0.09651352401245492,0.09040253042982217,0.07939051346011866,0.05204218329956022,0.9301904991560164,1.0502907054631192,2.172922862578035,91.49853977440185,100.0
199,DA3,74646,0.11425846286448181,0.1215011963098072,0.09317085547173529,0.0672471463744082,0.10221723185043985,0.8640784502853468,5.843581705650671,15.944591806660771,78.60032687618894,100.0
199,BridgeDepth (RVC),74646,0.10620251763811521,0.10997975755533337,0.08560267893484344,0.06155514859710903,0.05030446749344484,0.9860407791442274,0.27328992846234224,0.9069474586715967,87.86807062669132,100.0
199,BridgeDepth (Mid.),74646,0.1075017918985433,0.11078654158243614,0.08656220968548928,0.06252252001343,0.0504263391919863,0.9874340219167805,0.24113817217265493,0.6818851646437853,87.68453768453769,100.0
199,DEFOM-Stereo,74646,0.10891917725306648,0.11262472898366638,0.08794565099900407,0.06054622208682536,0.051731974311898216,0.980601773705222,0.24247782868472523,0.8640784502853468,87.3188114567425,100.0
199,FoundationStereo,74646,0.10647124232587751,0.10794499923162519,0.08530619453106439,0.06166236594961544,0.04779519209899962,0.9894836963802481,0.24917611124507677,0.9243629933285105,89.57747233609302,100.0
199,S2M2,74646,0.11047357075424216,0.11460433644999794,0.08902924167340463,0.0649656535555505,0.05213617004989167,0.9682099509685717,0.12458805562253839,0.6376764997454653,88.07705704257428,100.0
199,SGBM,74646,0.13802839465669994,0.14036802652206154,0.10602025581089017,0.0751675854919091,0.1314560055438425,0.9228893711652333,0.1607587814484366,0.6309782171851137,81.97358197358197,100.0
200,RealSense D435i,94041,0.009054128871198754,0.013205066343699782,0.0066034573115694205,0.004688899514895373,0.016273716574353152,0.9993407130932253,92.2884699226933,99.23331312937974,99.9319445773652,100.0
200,UniDepthV2,94041,0.06273475386951889,0.07171551961307039,0.050279841811379525,0.029877540245017098,0.052522509191188116,0.9997022575259727,20.181622909156644,38.05042481470848,98.1582501249455,100.0
200,MoGe-2,94041,0.07855193946974758,0.07623540425490456,0.05904205742522465,0.03066123445842206,0.060633742638185356,0.9826990355270574,0.4678810306143065,6.131368233004753,97.70100275411788,100.0
200,DA3,94041,0.09845402688603302,0.11172068114744912,0.08038128158222017,0.04521408301945318,0.11717936463487731,0.8827851681713296,14.72442870662796,27.313618528088814,83.9442370880786,100.0
200,BridgeDepth (RVC),94041,0.10063953440661018,0.10605431640291905,0.08018919868112197,0.049446573407525674,0.0511251315155498,0.9826671345476973,0.24882763900851756,0.6178156336066184,89.51840154826087,100.0
200,BridgeDepth (Mid.),94041,0.10162189054700577,0.10696552742906731,0.0809490997712055,0.05040088783455321,0.0512592296117123,0.9822417881562298,0.21054646377643796,0.5582671388011612,88.88250869301687,100.0
200,DEFOM-Stereo,94041,0.1028411602161562,0.10685342215686959,0.08140009625810117,0.04825580008763064,0.050746111421187956,0.9815080656309482,0.33708701523803447,0.8156017056390299,89.62473814612775,100.0
200,FoundationStereo,94041,0.1014702706905333,0.10339848209475606,0.0799953922609719,0.049809205154351166,0.04740642211558439,0.989100498718644,0.19991280398974914,0.4859582522516775,90.67640709903128,100.0
200,S2M2,94041,0.10521281617810176,0.11069512833009525,0.08362687732882436,0.05194824278754129,0.052582542695616734,0.9764677108920577,0.17332865452302718,0.49340181410235956,88.64006124988038,100.0
200,SGBM,94041,0.11454898261838364,0.11594159159076328,0.09014114384028082,0.06023177486431275,0.06615285040830107,0.9746387214087473,0.21054646377643796,0.5093523037823928,87.11094097255453,100.0
201,RealSense D435i,68683,0.01585142356159299,0.03347809307227993,0.009579448789454527,0.005104907653759483,0.04736791602760374,0.9927784167843571,82.83854811234221,95.24627637115444,99.19485171003014,99.94758528311228
201,UniDepthV2,68683,0.23084965073597483,0.14724102397703254,0.13437669140058456,0.11813897749508784,0.11089737645843165,0.7629253235880785,0.034943144591820394,0.2722653349446006,46.92281932938281,100.0
201,MoGe-2,68683,0.039093283712653824,0.03382497368696154,0.024395172220322177,0.016269979570308735,0.04952854450137061,0.9950351615392455,31.66140092890526,63.557212119447314,99.31278482302753,100.0
201,DA3,68683,0.19414216736619375,0.13737104321873841,0.10826606900785213,0.0842725516428735,0.2302960422434646,0.7537090692019859,4.370805002693534,10.916820756227889,73.04573184048454,100.0
201,BridgeDepth (RVC),68683,0.09024181742255313,0.10193457570209626,0.07121852162935195,0.03305925803881671,0.05744911906459875,0.9848725303204577,0.5649141709010963,10.880421647278075,88.66822940174424,100.0
201,BridgeDepth (Mid.),68683,0.09088453284436301,0.10273067243927385,0.07178552150990085,0.033251048361147784,0.0566339434621969,0.9840280709928221,0.46154070148362764,9.669059301428302,88.8924479128751,100.0
201,DEFOM-Stereo,68683,0.09530525633685973,0.10460862555255429,0.07495597568636957,0.03307094325172111,0.05609609796344624,0.9879882940465617,0.67119956903455,3.256992268829259,88.9303029861829,100.0
201,FoundationStereo,68683,0.09137560841329741,0.10021108818696182,0.07160016217411447,0.0333622933584482,0.053321454396898685,0.988905551592097,0.44552509354570996,3.3123189144329745,88.8706084475052,100.0
201,S2M2,68683,0.09153542671920326,0.10299649253589,0.07216298266647493,0.032736518483645116,0.05811656458277085,0.98445030065664,0.5241471688773058,11.360889885415606,89.43552261840631,100.0
201,SGBM,68683,0.12964456013897907,0.5282772966269429,0.10261344538439283,0.03480077658709746,0.12746735711576299,0.9565540235575033,0.8648428286475548,5.688452746676761,84.10086921072171,99.85585952855874
202,RealSense D435i,79664,0.01193338170373378,0.014021255945042044,0.008867598144189899,0.005661387781837779,0.017212366623758687,0.99998744727857,83.23081944165494,95.98563968668408,99.99748945571399,100.0
202,UniDepthV2,79664,0.08822229633707503,0.0931708107478113,0.07337105156661922,0.04687136618801896,0.09323969478678472,0.9995355493070898,7.136222132958425,22.923779875477006,97.40409720827475,100.0
202,MoGe-2,79664,0.08806588413265073,0.087037576098694,0.07107669618779852,0.045877170466465333,0.04802339596989677,0.9838948584053022,0.962793733681462,6.517372966459129,98.15851576621812,100.0
202,DA3,79664,0.12852830097090812,0.09996920563735394,0.08632700787737262,0.07860565685727416,0.13692348257857154,0.9180809399477807,5.705211889937738,11.02254468768829,81.49728861217112,100.0
202,BridgeDepth (RVC),79664,0.10696455678598436,0.1193384243996011,0.08930164877280238,0.04942987053950082,0.054532388343157594,0.968680960032135,0.6966760393653344,2.6774954810202853,85.55181763406307,100.0
202,BridgeDepth (Mid.),79664,0.10776540888244822,0.12039512835375492,0.0899494249704044,0.05037976808385225,0.05490634966127235,0.9654172524603334,0.45691906005221933,2.190449889536051,85.44386422976501,100.0
202,DEFOM-Stereo,79664,0.11445815715368343,0.1292975479349338,0.09606982877242591,0.05218668194898557,0.06115190312682375,0.9306211086563567,0.3866238200441856,2.800512151034344,84.7861016268327,100.0
202,FoundationStereo,79664,0.10463723559543621,0.11483968840786361,0.08700104977053467,0.049764382267446394,0.05161065882901531,0.9788361116690099,0.6426993372163085,2.511799558144206,87.53765816429002,100.0
202,S2M2,79664,0.10943016748825976,0.12206745257507395,0.09146167363215808,0.05064107758218106,0.055875490505708246,0.9594923679453705,0.5121510343442459,2.7590881703153247,85.15013054830287,100.0
202,SGBM,79664,0.1300285611594972,0.1545302699722883,0.10864514552941962,0.0599823929098845,0.16256294235350405,0.9443788913436433,0.3226049407511548,1.2075718015665795,82.45882707370959,100.0
203,RealSense D435i,72912,0.011665438276252733,0.01594105957605833,0.009166782023997967,0.005535885067467661,0.01827954506991517,0.9997394118937898,84.81182795698925,96.29141979372395,99.97394118937898,100.0
203,UniDepthV2,72912,0.05958329312787484,0.05570766603365645,0.046483830051399236,0.042487168364558514,0.0642054604055416,0.9990262233925828,4.394338380513496,26.117785824007022,99.89027869212201,100.0
203,MoGe-2,72912,0.1171405885509121,0.10917932282905546,0.09192130778427665,0.06379527994789203,0.06108306147134327,0.9369925389510643,0.293504498573623,0.6830151415404871,93.10675883256529,100.0
203,DA3,72912,0.10714381646615322,0.09045156801616384,0.0752901077174821,0.06291729669047769,0.1206032077147628,0.9708278472679395,8.578834759710336,17.46077463243362,92.31127935044987,100.0
203,BridgeDepth (RVC),72912,0.10618181448218438,0.11384192970148052,0.08740903009496431,0.05329643351819874,0.05272103215108784,0.9766019310950187,0.34287908711871845,1.7322251481237658,88.74259381171824,100.0
203,BridgeDepth (Mid.),72912,0.10636667418339762,0.11486332008910861,0.08761752282282216,0.05330242447746192,0.05342721800484876,0.975655584814571,0.2578450735132763,1.5388413429888084,88.65618828176432,100.0
203,DEFOM-Stereo,72912,0.10779099743902033,0.11461590458042495,0.08910522198478765,0.055827605134871505,0.05316587733693353,0.9847487382049595,0.5595786701777485,2.9707044107965768,87.34227561992539,100.0
203,FoundationStereo,72912,0.10379683120721482,0.11036710489275685,0.08499505996980095,0.05333222688123568,0.051025842242790935,0.981443383805135,0.24412991002852755,1.6211323238973008,90.72854948430985,100.0
203,S2M2,72912,0.1082822647374682,0.11822101328574366,0.08945449737338423,0.053576373603600014,0.05633933811582343,0.9704849681808208,0.3661948650427913,2.3521505376344085,88.09798112793504,100.0
203,SGBM,72912,0.12780870882635567,0.1306197822157072,0.10229110914739233,0.08056036682108514,0.10488067256339861,0.9500493745885451,0.3127057274522712,1.1863616414307658,84.40174456879525,100.0
204,RealSense D435i,69577,0.013999834359375301,0.022443688083492293,0.00913404129276806,0.005336551947916934,0.03963419344377121,0.9943515817008495,82.81616051281314,96.23007603087227,99.42509737413225,100.0
204,UniDepthV2,69577,0.10336067868825012,0.14639640250785182,0.08786654457016466,0.014533840203468373,0.13088537127693542,0.8663782571826897,39.090504045877225,59.92353795075959,66.70738893599896,100.0
204,MoGe-2,69577,0.04229746754804563,0.05097729795423022,0.02713057033975579,0.01551757694549627,0.08206730202067548,0.9854980812624862,34.61488710349684,61.71292237377294,98.51675122526122,100.0
204,DA3,69577,0.15755745055845774,0.13587793141190363,0.09369516296345948,0.05442265712132677,0.2100760042311299,0.8210184400017247,4.10336749213102,10.211707891975797,79.8582865027236,100.0
204,BridgeDepth (RVC),69577,0.1002729041351401,0.10407728600305417,0.07446537907091552,0.04089214510779071,0.06337073773728781,0.9734538712505569,0.09917070296218577,2.9751210888655732,90.51698118631157,100.0
204,BridgeDepth (Mid.),69577,0.10026582602817537,0.10437553420385402,0.07451414551892695,0.04108947992047063,0.06367446100078962,0.9733245181597366,0.13797663020825848,3.614700260143438,90.58884401454503,100.0
204,DEFOM-Stereo,69577,0.10361328568447455,0.10740483177590482,0.07773522517018773,0.04115543542282318,0.06273977268277695,0.9754947755723874,0.16097273524296823,2.64598933555629,88.52925535737384,100.0
204,FoundationStereo,69577,0.09761041729742016,0.09962714863546725,0.07210019530675742,0.039980259271669594,0.06078059250725889,0.9814881354470587,0.10635698578553257,2.6359285396036047,91.28447619184502,100.0
204,S2M2,69577,0.10049448204305649,0.10506265446961559,0.07499701972970457,0.03959266627085245,0.0605077694769311,0.9685384537993877,0.10923149891487129,2.528134297253403,90.40487517426736,100.0
204,SGBM,69577,0.11874223634314915,0.1323770846895094,0.08892139383108252,0.04783299364535487,0.14221978255356488,0.9631774868131711,0.24002184629978296,2.0107219339724334,87.7574485821464,100.0
205,RealSense D435i,71662,0.011598550746579764,0.01905645039846003,0.00917449859710387,0.005411487591626796,0.021091837361109325,0.9981161564008819,85.4539365354023,97.00120007814462,99.79905668276074,100.0
205,UniDepthV2,71662,0.043432562499617286,0.03571195206157737,0.030448971288299164,0.030462589811649066,0.04976120685316146,0.9987859674583461,11.672853116016856,45.16340598922721,99.87441042672546,100.0
205,MoGe-2,71662,0.14177809632535407,0.12913165782025823,0.10925388045079322,0.08058506124466708,0.07323029770641479,0.9150874940693813,0.06558566604337027,0.15349836733554742,90.4203064385588,100.0
205,DA3,71662,0.102132257416053,0.1159963991030706,0.0850646030610223,0.05234379930099092,0.12301230542105561,0.8410315090284949,12.222656359018726,25.303508135413466,81.49088777873908,100.0
205,BridgeDepth (RVC),71662,0.10094640840059976,0.10822084766325361,0.08303348867464029,0.05011651963882274,0.04899739629206455,0.9815243783316123,0.223270352488069,1.906170634366889,90.34076637548492,100.0
205,BridgeDepth (Mid.),71662,0.10137293974741947,0.10903385284734189,0.08346292372286185,0.050052506770970895,0.04939628782301555,0.9816360135078563,0.23024755100332114,1.925706790209595,89.6290921269292,100.0
205,DEFOM-Stereo,71662,0.10235155808071689,0.10984203051320704,0.08480677175802848,0.053116851286046485,0.049874301462108764,0.9832407691663643,0.21908403337891771,2.316429907063716,90.85707906561358,100.0
205,FoundationStereo,71662,0.10076728035509695,0.10630330984633873,0.08257856392194554,0.05050140615254761,0.046902808036181826,0.9859897853813737,0.2107113951606151,1.702436437721526,91.36920543663308,100.0
205,S2M2,71662,0.10431070199885051,0.11283143347536968,0.08616006463163466,0.05146137782008947,0.05142269104002379,0.9736820072004688,0.2065250760514638,1.518238396918869,89.48954815662415,100.0
205,SGBM,71662,0.12975233945479991,0.13640434887793002,0.10328502456302067,0.07866448845069424,0.14116926868763516,0.9252323407105579,0.17722084228740476,0.6335296251848958,83.2100694928972,100.0
206,RealSense D435i,68571,0.013148148573749055,0.019615399491279373,0.010478827810878326,0.006785335376360724,0.021846439384123714,0.9987166586457832,78.59299120619504,96.14122588266176,99.84979072785872,100.0
206,UniDepthV2,68571,0.10692830830484086,0.12842107118038662,0.09778982695168173,0.12567965571155382,0.08430712637160621,0.9963395604555861,28.847471963366438,35.328345802161266,82.18197197065815,100.0
206,MoGe-2,68571,0.10824739504403612,0.09698768746185106,0.08558207953063222,0.08130608892454605,0.04991136129751899,0.9707019002202097,0.2114596549561768,0.7029210599232911,96.05810036312728,100.0
206,DA3,68571,0.09641216112122805,0.1106437220532584,0.0831356387171851,0.055014593770891684,0.11206516730454048,0.8827055169094807,11.465488325968703,27.52038033571043,83.11239445246534,100.0
206,BridgeDepth (RVC),68571,0.10480837612009646,0.11800617175812346,0.0915478141889226,0.06734208883204351,0.05343708081182135,0.9732539995041636,0.48416969272724625,3.854399089994313,88.43826107246504,100.0
206,BridgeDepth (Mid.),68571,0.10579269760740577,0.12004285718368443,0.09258135413462933,0.06528619375129707,0.05490099962377037,0.9694477257149524,0.4681279257995362,4.039608580886964,87.04991906199415,100.0
206,DEFOM-Stereo,68571,0.10852388540614821,0.12373625760292838,0.09551894917491922,0.07462634534482881,0.05691256728151793,0.9647372796079976,0.4710446106954835,6.881918011987576,86.01012089658894,100.0
206,FoundationStereo,68571,0.10381415412615475,0.11432378963640835,0.09023009930823396,0.06847170222528431,0.05015777262367064,0.9836957314316548,0.47833632293535167,5.320033250207814,89.72597745402575,100.0
206,S2M2,68571,0.109311056339812,0.12314519163061552,0.09553066033412753,0.06743450465046497,0.055347798632336125,0.9640226918084904,0.4972947747590089,2.279389246182789,86.67512505286491,100.0
206,SGBM,68571,0.14578916323810495,0.1386399829315881,0.1169271331773736,0.09954335008441662,0.13643348512754705,0.879920082833851,0.41854428256843274,0.6095871432529787,75.07401087923466,100.0
207,RealSense D435i,70610,0.014230478396957208,0.01789780191169273,0.011244607769956526,0.007457385986343934,0.020264450329549252,0.9995326441014021,74.13539158759383,94.88740971533777,99.9475994901572,100.0
207,UniDepthV2,70610,0.09818563404343651,0.10514070842637767,0.08504495161617051,0.10258390792988514,0.09267818699485876,0.999504319501487,10.501345418495964,17.92097436623708,95.398668743804,100.0
207,MoGe-2,70610,0.1075527950059924,0.10093569723149683,0.08774786824370367,0.08636221209737166,0.04770724054299432,0.9803002407590993,0.22093187933720435,0.8270783175187651,95.81079167256763,100.0
207,DA3,70610,0.08948712420862712,0.08838266248179574,0.07075832648258872,0.058804122123927716,0.10808896480204026,0.9958079592125761,13.350800169947599,24.72454326582637,98.52145588443562,100.0
207,BridgeDepth (RVC),70610,0.10416319700910784,0.1145682172119071,0.09014253151869629,0.06741278956513758,0.05165234082187718,0.9838408157484776,0.4942642685172072,7.044327998867016,89.81447387055658,100.0
207,BridgeDepth (Mid.),70610,0.10537468763509135,0.1174724231961928,0.0914562265029939,0.06548571155010463,0.05353380234306803,0.980512675258462,0.49284803852145587,6.854553179436341,87.91247698626256,100.0
207,DEFOM-Stereo,70610,0.10861500681720726,0.12074027012203048,0.09438624072290264,0.0812158002029939,0.05435999490039184,0.973969692678091,0.4305339187083982,6.46367370060898,89.07661804277015,100.0
207,FoundationStereo,70610,0.10262250636849872,0.11272832769749916,0.08880025538079504,0.0672320912426757,0.05103278531255528,0.9881886418354341,0.44611244866166266,7.559835717320492,90.20535334938394,100.0
207,S2M2,70610,0.10754666728801318,0.11982115590109967,0.09349169756544876,0.06848276967663208,0.05486337476372813,0.9695935419912194,0.525421328423736,6.504744370485767,87.68304772695086,100.0
207,SGBM,70610,0.14685004504295016,0.1430507115861576,0.11719653163639723,0.10490637374084205,0.15187669566162137,0.8959354199121937,0.3441438889675683,0.7746778076759666,78.57102393428693,100.0
208,RealSense D435i,87313,0.013843084425966075,0.01840092001464855,0.009568704680822833,0.007148992021265288,0.026100440296559665,0.9989806787076381,75.04037199500647,97.05427599555621,99.89577726111804,100.0
208,UniDepthV2,87313,0.059620389924530816,0.08153125680004747,0.05114114752575553,0.01608172433677202,0.06635641782642927,0.9970336605087444,27.852667987584894,58.83888997056567,97.95906680563033,100.0
208,MoGe-2,87313,0.11613336020593877,0.0825233886089749,0.07403091235098688,0.06791388285219835,0.053868231134296514,0.9948003161041311,0.9883980621442396,8.435170020500957,92.61507450207873,100.0
208,DA3,87313,0.16879546619108574,0.11511766132600514,0.09612409338315696,0.08914730939355853,0.13943184849157836,0.880281286864499,7.27039501563341,12.756405117221947,70.2037497279901,100.0
208,BridgeDepth (RVC),87313,0.09075013804856244,0.09715386183070848,0.0714321097543403,0.04174140107000057,0.05417833034717522,0.9911582467673772,0.08246194724725986,3.0075704648792274,92.7181519361378,100.0
208,BridgeDepth (Mid.),87313,0.09130987741900928,0.09779859935781582,0.07185475003121995,0.041967972068185366,0.054437860890074914,0.991971413191621,0.08475255689301708,2.95603174784969,92.25659409251772,100.0
208,DEFOM-Stereo,87313,0.09485975938241191,0.09915516880837658,0.07473353963959922,0.04366989268419985,0.051880751791151966,0.9954989520460871,0.07329950866423099,3.7062064068351797,92.13290117164684,100.0
208,FoundationStereo,87313,0.09057653152623146,0.09549693038527537,0.07104972974734482,0.04198109317073073,0.05162790856588097,0.9932312484967875,0.09506030029892457,3.0636904012002795,92.86589625828915,100.0
208,S2M2,87313,0.09503117385727063,0.10016421295780342,0.07450901519302747,0.04338144660185472,0.05336165117072956,0.989234134664941,0.08360725207013847,2.1840962972295075,91.74578814151386,100.0
208,SGBM,87313,0.10828876842601977,0.10822469366833776,0.08331667627569928,0.04916206930730749,0.05925075561592553,0.9788805790661185,0.12140231122513256,1.1086550685464938,88.96842394603324,100.0
209,RealSense D435i,84792,0.013934006855475429,0.021573230615016595,0.009646956377512422,0.006816661570205107,0.02951416249250796,0.9974879705632607,78.52273799415039,97.1046796867629,99.74054156052458,100.0
209,UniDepthV2,84792,0.03584131481238255,0.04928197582031048,0.028523405235763098,0.013459935727851147,0.05048260871141547,0.9947164826870459,35.91730351919992,69.66223228606472,99.45749599018775,100.0
209,MoGe-2,84792,0.0429385484265994,0.04431654712511972,0.02967653586048354,0.02106520208327528,0.05941634304172202,0.9941150108500802,17.466270402868194,47.924332484196626,99.38791395414663,100.0
209,DA3,84792,0.14899431390501094,0.10661005223469612,0.08758706808679156,0.07282747549730317,0.14548331589017263,0.9090716105292952,4.965091046325125,10.495093876780828,82.10208510236815,100.0
209,BridgeDepth (RVC),84792,0.0898367227376044,0.09139492834028518,0.06900972366672439,0.04193409122659192,0.047653784825267886,0.9946103405981697,0.21818096046796867,1.3963581469949995,93.44277762053024,100.0
209,BridgeDepth (Mid.),84792,0.09114511224549489,0.09378067635041328,0.07014961310827059,0.04237451699307426,0.04940202485071981,0.9902113406925181,0.2111048212095481,1.331493537126144,92.4580149070667,100.0
209,DEFOM-Stereo,84792,0.09360624144747196,0.0929704954037461,0.07163705731169281,0.043743348452909725,0.04659538540934192,0.9966742145485423,0.30191527502594584,3.03684309840551,93.49231059533918,100.0
209,FoundationStereo,84792,0.08901895105908135,0.0885320392927305,0.06789194049578413,0.043151871131284714,0.0447466550553309,0.9970044343806019,0.2346919520709501,1.6216152467213887,94.6315690159449,100.0
209,S2M2,84792,0.09364368814513935,0.0954657483427018,0.07196865085110647,0.04342803747206592,0.049652921546884006,0.9893975846777998,0.2240777431833192,1.6180771770921785,92.97575242947448,100.0
209,SGBM,84792,0.1040618175150856,0.10203370181567731,0.07953346029102991,0.04867133021965325,0.052603570139438845,0.9889258420605718,0.2618171525615624,1.576799698084725,91.45792055854326,100.0
210,RealSense D435i,84916,0.014245007275312353,0.018889093237450503,0.009983337908965063,0.0059905029343539085,0.024834628774939527,0.99898723444345,77.32700551132884,93.12732582787696,99.88812473503226,100.0
210,UniDepthV2,84916,0.05742222271655829,0.05848761932986686,0.04498871255160435,0.033520924681935294,0.06415271669080316,0.999046116161854,10.297234914503745,32.48504404352537,99.90343398181733,100.0
210,MoGe-2,84916,0.0590420723102486,0.045804193786037374,0.035635842941321175,0.038008948014982225,0.06001541290022648,0.9949597249046116,19.310848367798766,36.89410711762212,99.41589335343163,100.0
210,DA3,84916,0.11274991516230352,0.09205147840798901,0.0760062814877,0.0637733531075258,0.12418359323508776,0.9599486551415517,6.7042724574873995,13.929059305666778,87.3769372085355,100.0
210,BridgeDepth (RVC),84916,0.09272540263665435,0.10198515637912745,0.07534782680588735,0.04543023058211376,0.052151815052055496,0.9841608177493052,1.0245419002308163,10.406754910735314,90.91337321588394,100.0
210,BridgeDepth (Mid.),84916,0.09574174775399778,0.10442261087201501,0.07732298722492215,0.04561378969507224,0.05187490135212148,0.9777427104432616,1.0316077064393048,3.8543972867304164,90.10551603938009,100.0
210,DEFOM-Stereo,84916,0.09837087747180806,0.10657605458802835,0.07956973068973347,0.0479199720594789,0.052516479268826514,0.9765886287625418,0.7395543831551179,6.4204625747797825,90.91337321588394,100.0
210,FoundationStereo,84916,0.09360518833490968,0.09785243558222616,0.07465238690732363,0.04611934545741142,0.046504086663430616,0.9904258325874983,0.6959819115361062,3.3845211738659384,92.97423336002637,100.0
210,S2M2,84916,0.09889726489759434,0.10774956939180377,0.0797448250131726,0.04768744384798501,0.0535206693337175,0.974044938527486,0.7477978237316878,3.183145696924019,89.13161241697678,100.0
210,SGBM,84916,0.10885720563196466,0.11600209441145265,0.08747279920990435,0.054673261859309596,0.07150009010871462,0.9736092138112958,0.7689952423571529,3.95096330491309,88.02345847661218,100.0
211,RealSense D435i,88909,0.012834956897126885,0.014688108360329225,0.008989216908861149,0.005694576440758103,0.020868559328194012,0.9998875254473676,83.01296831591853,94.36839914969238,99.98875254473676,100.0
211,UniDepthV2,88909,0.053084756579842296,0.04513684271807272,0.03875270863347775,0.031037124276269035,0.058593122977040765,0.9999887525447367,3.387733525289903,25.7510488252033,99.97638034394718,100.0
211,MoGe-2,88909,0.054590130302563565,0.046198571153111365,0.039430392461626884,0.030429387533083774,0.06039623127510957,0.997221878549978,3.0491851218661776,18.525683564093622,99.44999943762724,100.0
211,DA3,88909,0.12631181999851182,0.1016284594503542,0.08630719773268333,0.076279632029981,0.14397617248121092,0.8855683901517282,5.720455746887267,11.33406066877369,83.07707881091902,100.0
211,BridgeDepth (RVC),88909,0.10081330148129329,0.10987576306360043,0.08332380237458305,0.0513103181929947,0.051835865700366676,0.9827239087156531,0.2620657076336479,1.8063413152774186,89.63546997491817,100.0
211,BridgeDepth (Mid.),88909,0.1007616088962417,0.1104761899031972,0.08345650545366828,0.05163629678987569,0.05228452012873249,0.9832187967472359,0.2654399442126219,1.916566376857236,89.01573518991329,100.0
211,DEFOM-Stereo,88909,0.10252203381056617,0.11169087986046941,0.08519679380905154,0.051631775854758755,0.051635013010254104,0.9850071421340921,0.2845606181601413,2.1842558121225073,89.58710591728621,100.0
211,FoundationStereo,88909,0.09910523943838682,0.10669127442509434,0.08156032784842873,0.05215238892445484,0.049224557718049226,0.9867617451551587,0.24631927026510253,1.7984680965931459,91.58465397203882,100.0
211,S2M2,88909,0.10373909765190724,0.11364162172586915,0.08604901647923713,0.05207569409055002,0.053212769583084275,0.9780562147814057,0.2103274134227131,1.7973433510668213,88.5062254664882,100.0
211,SGBM,88909,0.11620165506924546,0.16632592809767,0.09584738576032126,0.05865682779739101,0.09665323021503383,0.9712515043471415,0.5781192005308798,2.314726293176169,86.41644827857698,99.99550101789471
212,RealSense D435i,86620,0.01251954790352331,0.015874017709620065,0.008940662703413921,0.006014721226338615,0.020400859066189582,0.9996421149849919,81.74555529900715,96.19371969522051,99.9642114984992,100.0
212,UniDepthV2,86620,0.04580166975606874,0.04978254620370904,0.036625704736416895,0.02703756499573129,0.05374441710191691,0.9999076425767721,19.363888247517895,45.217039944585544,99.98037404756407,100.0
212,MoGe-2,86620,0.04879320450987685,0.05111345637596949,0.0386048869060563,0.02489823541772035,0.05847145913194132,0.996652043407989,17.79612098822443,39.824520895867,99.63287924266912,100.0
212,DA3,86620,0.12425295290183448,0.093124641684883,0.08085015594824951,0.07755937515647743,0.12434004047974268,0.9365504502424382,7.350496421149851,15.1281459247287,81.68552297390903,100.0
212,BridgeDepth (RVC),86620,0.09727269673092592,0.10799464162043684,0.08021337442793068,0.0469540300277792,0.05176059623999282,0.9797621796351882,0.522973909027938,2.8319094897252364,89.54975756176403,100.0
212,BridgeDepth (Mid.),86620,0.09753532954185426,0.10808836791392394,0.08038466750561943,0.04770955835894064,0.05148207302286653,0.9812745324405449,0.5045024243823597,3.0108519972292775,89.37196952205034,100.0
212,DEFOM-Stereo,86620,0.10228604302532991,0.11138164762672,0.08404156206330603,0.05092582201100054,0.05186554651335625,0.9783075502193489,0.4629415839298084,3.0501039021011316,89.12837681828677,100.0
212,FoundationStereo,86620,0.0964295598513401,0.10515946530149722,0.07894878689443903,0.048129888909307694,0.04919002431419679,0.9843685061186793,0.5010390210113138,2.676056338028169,91.10482567536366,100.0
212,S2M2,86620,0.10092097465564531,0.11095325281097321,0.0827976808454424,0.04979081361344051,0.05211604402950456,0.9741976448857077,0.5587624105287462,2.8827060725005773,89.17455552990072,100.0
212,SGBM,86620,0.11811018554710132,0.1280341436477345,0.09589918246049793,0.0598977858820291,0.10450440527374094,0.9630454860309398,0.5148926344954976,1.9764488570768877,85.56684368506119,100.0
213,RealSense D435i,92425,0.011502205787412675,0.019543023643085987,0.008620063275947666,0.0054065038598276605,0.021895948584993233,0.9989180416553962,85.35244793075466,97.4519880984582,99.89180416553963,100.0
213,UniDepthV2,92425,0.05757026456322129,0.0655831189961995,0.04825813306465655,0.02476575263273839,0.05378569003058139,0.9998593454152015,16.364619962131457,41.719231809575334,99.98160670814174,100.0
213,MoGe-2,92425,0.04228046199262711,0.039923701580820654,0.0283104082902189,0.028648471212103788,0.0541045830220827,0.9967433053827428,34.70381390316473,57.48552880714093,99.61806870435488,100.0
213,DA3,92425,0.10805716832180343,0.08650867390300794,0.07317763573077274,0.06280076247052324,0.11008332442206815,0.9710467946984042,6.543684068163376,14.848796321341629,88.94454963483905,100.0
213,BridgeDepth (RVC),92425,0.09471959075872383,0.10299970816708892,0.07726475382816338,0.04480016762193917,0.049064941469575005,0.9887584527995672,0.12767108466324048,0.7595347579118203,89.3070056802813,100.0
213,BridgeDepth (Mid.),92425,0.09499382392687881,0.10342902792386631,0.0774541652513055,0.045459139579297925,0.0490546515308931,0.9863565052745469,0.12767108466324048,0.7335677576413309,89.1046794698404,100.0
213,DEFOM-Stereo,92425,0.09824478653242256,0.10503167729266019,0.08021220772519896,0.047680178918159455,0.04922597658767396,0.9883689477955099,0.1428185014876927,5.202055720854747,89.80470651879902,100.0
213,FoundationStereo,92425,0.0943531394777633,0.09915405459691394,0.07616004751646367,0.04636198184149809,0.045507519540482634,0.9929997295104138,0.12442520962942925,0.6491750067622396,91.4795780362456,100.0
213,S2M2,92425,0.10100620711580344,0.1069655939595739,0.08151590972666564,0.04939687843607787,0.049030468778557504,0.9789234514471192,0.12334325128482554,0.7919935082499324,88.48471733838247,100.0
213,SGBM,92425,0.11404112100472152,0.11711760145430522,0.09059489515702926,0.05623754293938554,0.0884318399816011,0.9735244793075467,0.20124425209629432,0.4284555044630782,87.26967811739247,100.0
214,RealSense D435i,86971,0.012572694732965555,0.014441460139154073,0.00885681678386242,0.005390579490856362,0.01961422890216119,0.9998045325453312,82.00089685067437,93.85197364638788,99.97470421174874,100.0
214,UniDepthV2,86971,0.0722604390334518,0.09271100234807449,0.06431002908682544,0.024578002477935512,0.07761361689231078,0.996182635591174,30.185924043646732,47.12375389497649,96.88171919375425,100.0
214,MoGe-2,86971,0.04915019372207508,0.05502506152543254,0.04050056709911136,0.023429333232993677,0.056698304665778874,0.9964470915592554,21.15302802083453,42.29800738177094,99.61251451633302,100.0
214,DA3,86971,0.1214304601266198,0.09839776584285237,0.08330432364792839,0.06716301920179979,0.13181378123628565,0.9201457957250118,4.734911637212404,11.245127686240242,86.8415908751193,100.0
214,BridgeDepth (RVC),86971,0.09543878278913738,0.10883663805409312,0.0796466484022064,0.04228324193734445,0.05275130653539614,0.9809821664692828,0.6829862827839165,2.949258948385094,89.55973830357246,100.0
214,BridgeDepth (Mid.),86971,0.09592293002746848,0.10972211349902644,0.08004674659376562,0.042537594508194054,0.05323720822111271,0.9792689517195386,0.7197801566039255,2.78943555897943,88.84915661542352,100.0
214,DEFOM-Stereo,86971,0.1024951049838631,0.11563432913466094,0.08583676579628637,0.045348504156760505,0.055475081978631165,0.9802002966506077,0.8646560347702108,5.5570247553782295,87.21297903899001,100.0
214,FoundationStereo,86971,0.09544337824080595,0.10602992520149351,0.07901749371533558,0.044371852398428,0.04964548834189883,0.9878810178105345,0.6668889629876625,2.3732048613905787,90.43129318968391,100.0
214,S2M2,86971,0.1013814679195511,0.11430174438859796,0.08422524797574471,0.04624381217434104,0.05413688792552722,0.9716227248163181,0.63584413195203,2.6583573834956478,87.5349254349151,100.0
214,SGBM,86971,0.11272643838054683,0.12123200080540737,0.09209426878115198,0.05328549957596218,0.06901092565721333,0.967437421669292,0.7151809223764244,1.8281956054316955,86.39776477216543,100.0
