image_id,model,n_pixels,AbsRel,RMSE,MAE,MedianAE,SILog,delta1,within_ci90_pct,within_ci95_pct,within_ci99_pct,within_ci999_pct
0,RealSense D435i,84451,0.012334758502311895,0.012808370343071309,0.009046124983383565,0.006214643706854206,0.01765184189933759,1.0,81.32763377579899,95.8603213697884,100.0,100.0
0,UniDepthV2,84451,0.3194338337528912,0.23666513797246624,0.22919003017688303,0.2107392350579812,0.07076033153499771,0.3174266734556133,0.0,0.0,5.00526932777587,100.0
0,MoGe-2,84451,0.12419129980270895,0.1061022490296678,0.09454224509130627,0.07448853482251883,0.03614848832299023,0.9985435341203776,0.24274431327041715,1.149779161880854,94.29610069744587,100.0
0,DA3,84451,0.09948598297291714,0.0869640420109715,0.07368859105385464,0.060616652999978315,0.11129581857767716,0.9827237096067543,6.39897692152846,14.104036660311897,95.4825875359676,100.0
0,BridgeDepth (RVC),84451,0.04851616771612898,0.05276469537290014,0.040855349422265506,0.027684179978475387,0.028569806426340782,0.9999763176279736,5.817574688280778,47.03911143740157,99.96684467916307,100.0
0,BridgeDepth (Mid.),84451,0.04863767728548849,0.05304213245100928,0.04104298403735482,0.0281651592359502,0.028610871696233497,0.9999644764419604,5.108287646090632,45.73776509455187,99.9502670187446,100.0
0,DEFOM-Stereo,84451,0.047229993685695484,0.052281034703908776,0.04036230414651409,0.024992379521561414,0.026861120014269782,0.9994553054433932,6.100579033996045,51.09471764691952,99.91474346070503,100.0
0,FoundationStereo,84451,0.04923074374075645,0.05362344393260552,0.04187272779468895,0.028688334285719597,0.02737717744196996,1.0,3.6944500361156174,45.677375045884595,100.0,100.0
0,S2M2,84451,0.0510474643727955,0.05666631468872901,0.04356619646015701,0.029479227067491065,0.03008503766025235,0.9999881588139868,4.217830457898663,43.43347029638488,99.98105410237889,100.0
0,SGBM,84451,0.059797455464700965,0.07162522515339376,0.04966246956942565,0.03641082354072267,0.07865684876948748,0.9948254017122355,5.142627085528886,27.115131851606257,99.21374524872412,100.0
0,LAS2-M,84451,0.046394341816093025,0.05134621630029232,0.039486205103637075,0.026019346208796534,0.03246205785239433,1.0,12.423772365040083,47.51512711513185,99.99407940699341,100.0
0,LAS2-H,84451,0.05065516693448602,0.05556345561540717,0.04284681197445633,0.028404734562010647,0.03354032070054775,1.0,7.39600478383915,44.296692756746516,99.95500349314987,100.0
1,RealSense D435i,82271,0.014047455112755146,0.014599323123450787,0.010300344590988296,0.006752387418071271,0.020347539126684185,0.9999635351460417,75.51628155729236,93.49831653924227,99.97812108762506,100.0
1,UniDepthV2,82271,0.29704919752234205,0.22544875280279608,0.21823871238203316,0.20125866423989835,0.06031392219541921,0.33417607662481313,0.0,0.0,5.288619319079627,100.0
1,MoGe-2,82271,0.04519372946662598,0.03374869388893415,0.028849428627614394,0.02827372132464223,0.04346265643587893,1.0,31.757241312248546,55.06800695263215,99.81524473994482,100.0
1,DA3,82271,0.09424743875495813,0.10159817079935142,0.0772161594159767,0.05269254921378064,0.11473685923889249,0.9471259617605231,9.906285325327271,20.738777941194346,89.10673262753582,100.0
1,BridgeDepth (RVC),82271,0.0536668201600833,0.059033322577969644,0.04594195720173854,0.032239806851035446,0.031112224728236507,0.999914915340764,7.018268891833087,37.402000704987174,99.9914915340764,100.0
1,BridgeDepth (Mid.),82271,0.05295666695472173,0.05935170392050179,0.045649528285618496,0.031859475178359964,0.031855978381345317,0.9999635351460417,8.603274543885451,38.84236243633844,99.99635351460418,100.0
1,DEFOM-Stereo,82271,0.05513620079907812,0.061352046560798554,0.04791743653987518,0.03402848433517758,0.03148860648157712,0.9999756900973612,8.321279673274908,35.552017114171456,99.98784504868058,100.0
1,FoundationStereo,82271,0.05416037135841602,0.0588576800037127,0.046524944941998186,0.03284420380880604,0.02956751763033305,0.9999878450486805,5.427185764121015,35.01598376098504,99.99878450486806,100.0
1,S2M2,82271,0.05592616432845968,0.0621537105995352,0.048251778216978576,0.03376680626136386,0.03225017110565898,0.9999756900973612,7.186007220041084,32.98246040524608,99.99756900973613,100.0
1,SGBM,82271,0.06009137564809446,0.06134494103133351,0.049383351432977216,0.040977950450255984,0.04335497727626409,0.9968761775109091,6.028855854432303,23.284024747480885,99.34971010441103,100.0
1,LAS2-M,82271,0.04962299802444646,0.054274598815679684,0.04252685365107559,0.031089955890000853,0.03207051009596362,0.9999635351460417,11.96290308857313,39.09396992865044,99.99513801947224,100.0
1,LAS2-H,82271,0.0512377527099759,0.05795423876496731,0.0444410579925291,0.030859820963828444,0.03404608865745818,1.0,12.4916434709679,42.84134142042761,99.97812108762506,100.0
2,RealSense D435i,82089,0.013814712650532222,0.016436000525484912,0.009639082539493127,0.0066036078117357455,0.023237688704811337,0.9990498117896429,77.80701433809647,94.23430666715394,99.85259900839333,100.0
2,UniDepthV2,82089,0.3105380972734397,0.23467661095068226,0.22424127272635125,0.20364556540211154,0.06408572402435904,0.2806466152590481,0.0,0.0,3.4974235281219164,100.0
2,MoGe-2,82089,0.084621948958654,0.0724221100347728,0.062440022461874536,0.05339894523887079,0.039284777381940916,0.998769628086589,4.2819378966731225,10.806563607791544,99.39212318337415,100.0
2,DA3,82089,0.11084214371071596,0.10777128024728493,0.08294631063652058,0.06617686513092036,0.13509851809089587,0.9027153455395973,7.847580065538623,16.589311600823496,86.53778216326182,100.0
2,BridgeDepth (RVC),82089,0.04821199143626209,0.05477072317348726,0.04073244043390877,0.027364670637028632,0.03337644242041382,0.9993665411930953,12.015008100963588,45.86119942988707,99.93178135925642,100.0
2,BridgeDepth (Mid.),82089,0.04848702888560335,0.05488527939473874,0.04088182837002587,0.028137078937147897,0.03350047863047357,0.9994518144940248,12.016226290976867,44.09604210064686,99.93665411930954,100.0
2,DEFOM-Stereo,82089,0.05243967493242036,0.05932228491095338,0.04425131712865416,0.02833109254557631,0.03412809310039768,0.9995249058948215,8.422565751805966,39.490065660441715,99.94518144940247,100.0
2,FoundationStereo,82089,0.04941074155269019,0.055447207965133506,0.04181994391237774,0.028721326495927513,0.03371738112147491,0.9993665411930953,9.205861930343895,42.72923290574864,99.93056316924313,100.0
2,S2M2,82089,0.05054087399268196,0.05786259265511189,0.04290545102196284,0.02857386552565,0.03396940204476189,0.9995127239946887,9.631010244978011,41.72178976476751,99.93787230932281,100.0
2,SGBM,82089,0.05924433927690022,0.07595527641038849,0.04807720107562078,0.03490018177978049,0.09230260277945508,0.9923375848164797,5.6109832011597165,28.50686450072482,98.99255685901886,100.0
2,LAS2-M,82089,0.046759434529536195,0.05336993839427587,0.03939929624619144,0.027530676999759418,0.03549756156345004,0.9989401746884479,14.255259535382327,46.68469587886319,99.87574461864561,100.0
2,LAS2-H,82089,0.04720673041009338,0.055257667600899604,0.040039869739616867,0.025696415164989772,0.03701322470202033,0.9990254479893774,13.749710679871846,49.629061140956765,99.88670832876511,100.0
3,RealSense D435i,84364,0.013691928221522959,0.016121596799754,0.009361333505707278,0.00682182833365641,0.023809915903435463,0.9991584087999621,79.03608174102698,94.13730975297521,99.88976340619222,100.0
3,UniDepthV2,84364,0.30230798424559113,0.2191893547084033,0.20811879583893664,0.185291876413138,0.09353454014840729,0.3778151818311128,0.0011853397183632828,0.005926698591816415,19.79635863638519,100.0
3,MoGe-2,84364,0.03860926199938796,0.03832070794206739,0.029134255698792647,0.020403276899463918,0.034390504500123806,0.9993954767436347,27.847186003508607,54.510217628372295,99.93006495661658,100.0
3,DA3,84364,0.10824518008700947,0.10459940818062559,0.08107447210922047,0.056310780457480614,0.13360606626150187,0.9031577450097198,8.193068133327012,17.99108624531791,86.23820586980229,100.0
3,BridgeDepth (RVC),84364,0.044228331790216215,0.05026413195498262,0.03729104800859766,0.02491669818857023,0.03167239035795927,0.9990043146365748,12.981840595514674,50.42079560001896,99.88976340619222,100.0
3,BridgeDepth (Mid.),84364,0.045028657347652705,0.05074229808295537,0.03779648533649684,0.02579641751928846,0.03247247915338243,0.9988739272675549,11.635294675453984,49.0090559954483,99.88028068844531,100.0
3,DEFOM-Stereo,84364,0.048370718415768045,0.052742460727450376,0.04040997374968127,0.028047464304431557,0.031671553843026765,0.9987553932957186,7.337252856668722,41.16684841875682,99.87435398985349,100.0
3,FoundationStereo,84364,0.04688909160947496,0.051104765612310164,0.03938680447073319,0.02778427751803564,0.030211979012832586,0.9990161680337585,8.232184344033,43.522118439144656,99.90161680337584,100.0
3,S2M2,84364,0.04746879551396697,0.05408967762652293,0.040057649922483334,0.026666879256353526,0.03464248083159488,0.9985775923379641,8.978948366601868,45.46726091697881,99.8577592337964,100.0
3,SGBM,84364,0.05508857111555807,0.053984978586303474,0.0431983293211392,0.03398046185718695,0.04165670107140799,0.9968944099378882,6.296524583945759,28.30472713479683,99.41681285856527,100.0
3,LAS2-M,84364,0.044655615267302516,0.04895210454847779,0.037191711202888875,0.026161723213070975,0.03400202977128414,0.9986250059266986,13.553174339765778,46.03503864207482,99.86250059266986,100.0
3,LAS2-H,84364,0.04524256002668064,0.050538317884304816,0.03802342067495998,0.025636445685542297,0.034434135967815624,0.9988146602816367,12.207813759423452,47.257123891707366,99.87909534872695,100.0
4,RealSense D435i,87684,0.011987352431773316,0.013888367943851959,0.008919330268921314,0.005694645051355418,0.017859431738483266,1.0,80.679485424935,94.88960357647917,99.99885954107933,100.0
4,UniDepthV2,87684,0.24700324296299406,0.17959525262845408,0.17478431414581966,0.1681948415207003,0.06847208898538976,0.5308608183933214,0.0,0.011404589206696776,32.21112175539437,100.0
4,MoGe-2,87684,0.038876477997653425,0.04487501488865273,0.03200215532107172,0.02279796008438484,0.04776169575333045,0.9987683043656768,31.57360521874002,58.85680397792071,99.8198074905342,100.0
4,DA3,87684,0.09188541225670391,0.10555268365875219,0.07759618533631524,0.0506108570855236,0.11428924249996475,0.9406961361251768,12.626020710733998,26.73235710049724,90.53875279412435,100.0
4,BridgeDepth (RVC),87684,0.04992492589791131,0.054487402749803716,0.04198855113967472,0.029162949963298823,0.028630880260401986,1.0,6.911181059258245,42.39199854021258,99.9509602664112,100.0
4,BridgeDepth (Mid.),87684,0.04993203040005772,0.054576464270464316,0.04211746499167198,0.02938587439710061,0.028688675732403128,1.0,7.217964508918389,42.275671730304275,99.90306099174308,100.0
4,DEFOM-Stereo,87684,0.04967847141332475,0.054500041238812594,0.04215099472764029,0.03132896201975738,0.028019571178483704,1.0,7.757401578395146,37.595228319875915,99.62706993294101,100.0
4,FoundationStereo,87684,0.050605649461157934,0.05396754421180161,0.04275383494543024,0.03129487225795968,0.026777571247879564,1.0,5.558596779344008,37.03412253090644,99.99201678755531,100.0
4,S2M2,87684,0.0497102042142123,0.053576561762518786,0.04194468786522109,0.029762454295890972,0.02699167463741329,1.0,5.891610784179554,40.141873089731305,99.99315724647599,100.0
4,SGBM,87684,0.057695970931384,0.06139106759000747,0.046425469462949294,0.038070929582726065,0.05847416367211274,0.9943091099858583,4.480863099311163,25.290817024770767,99.22220701610328,100.0
4,LAS2-M,87684,0.048810942453153615,0.05289516714654968,0.041031788883578627,0.029496882969095584,0.029791993500766487,1.0,9.336937183522648,42.91660964372063,99.97490990374527,100.0
4,LAS2-H,87684,0.049897525757989704,0.05467135605679107,0.04203802517105828,0.029191665710778247,0.030002812176055545,1.0,7.749418365950459,42.24487933944619,99.9281510879978,100.0
5,RealSense D435i,83165,0.011696932682632662,0.014224811242838581,0.008755310611450672,0.005906887990107412,0.01700353568914202,0.9999879757109361,83.85618950279566,96.46606144411712,99.99038056874888,100.0
5,UniDepthV2,83165,0.22344300270254436,0.17338657235205024,0.16350295879360613,0.14278475456778272,0.053413256791166354,0.5881560752720495,0.0012024289063909096,0.002404857812781819,36.825587687128,100.0
5,MoGe-2,83165,0.08532505152137436,0.0758027035956306,0.06420205470005289,0.049232823388678404,0.04483342579360033,0.9868093548968917,3.4136956652437926,12.326098719413213,98.01238501773582,100.0
5,DA3,83165,0.10923830625590508,0.10541694855261377,0.0855541333891101,0.07743877638507812,0.1286788345598608,0.9564961221667769,8.637046834605904,19.82564780857332,88.61420068538447,100.0
5,BridgeDepth (RVC),83165,0.04567658119824449,0.05511661934757478,0.040478811784436276,0.02848018142304032,0.03100110670963561,1.0,17.474899296579093,48.84506703541153,99.77033607887934,100.0
5,BridgeDepth (Mid.),83165,0.04600302314788972,0.05550962597114892,0.040792956530440426,0.028540181846363644,0.031043895295481353,1.0,16.70774965430169,49.32363374015512,99.80400408825828,100.0
5,DEFOM-Stereo,83165,0.07355879892092522,0.169900729384447,0.07034521515412728,0.027583335080885507,0.2762126222054368,0.9631335297300547,12.520892202248543,48.964107497144234,96.20994408705586,100.0
5,FoundationStereo,83165,0.061133539398387796,0.12331739719416296,0.05600108996235202,0.029100247108973076,0.19901933615190817,0.9783442553958998,13.74736968676727,46.249023026513555,97.80797210364938,100.0
5,S2M2,83165,0.06550960975893172,0.10916669893277375,0.0561288044418927,0.03060405416848555,0.20890063161373626,0.9750255516142609,13.256778692959777,43.49065111525281,97.40876570672758,100.0
5,SGBM,83165,0.0654054490329217,0.10034522434893597,0.05594207679242622,0.03825197561686611,0.13975499563737648,0.9771418264895088,6.333193049960921,31.918475320146694,97.30655924968437,100.0
5,LAS2-M,83165,0.045941669392003746,0.05385446220941542,0.040215679672810506,0.027880415064380326,0.03067097420047573,0.9999879757109361,14.370227860277762,49.24788071905248,99.91703240545903,100.0
5,LAS2-H,83165,0.04766443265250709,0.057370590773539766,0.042305558279438486,0.02784065286038051,0.03169142522481189,1.0,14.050381771177777,49.365718751878795,99.60560331870379,100.0
6,RealSense D435i,88133,0.012871655038013276,0.014860621478661738,0.00969624528033932,0.005801300114282704,0.018935547694776657,0.999954614049221,80.54077360353102,93.15693327130586,99.98978816107474,100.0
6,UniDepthV2,88133,0.20318707085813015,0.15852404393210656,0.14740153121721222,0.1299592305206827,0.05179394721175781,0.7091781738962704,0.020423677850521373,0.04878989708735661,45.636708156990004,100.0
6,MoGe-2,88133,0.06726354961499338,0.05956910952643748,0.05073571949893985,0.04437632520865753,0.03714898312087014,0.9966414396423587,3.6263374672370166,16.497793108143373,99.60627687699272,100.0
6,DA3,88133,0.0967632729854447,0.10493130082874287,0.07921532897087091,0.06028788922191408,0.11840152326626228,0.9124618474351265,15.832888929231956,28.564782771493086,88.34375319119965,100.0
6,BridgeDepth (RVC),88133,0.04670818604052178,0.05130853043739633,0.03931351431578113,0.029560391889072113,0.02971967358586469,0.9992851712752318,15.878274880010892,44.3908638081082,99.86043820135477,100.0
6,BridgeDepth (Mid.),88133,0.04690728218835261,0.051462788845423914,0.03950443878913322,0.029362778960975833,0.029488226731319386,0.999444022102958,14.874110719026925,44.75508606310916,99.8468224161211,100.0
6,DEFOM-Stereo,88133,0.05040432366779711,0.05456252513172934,0.042365123428636936,0.029935508163901003,0.030811785990348207,0.9990015090828634,13.713365027855628,41.677918600297275,99.78441673380006,100.0
6,FoundationStereo,88133,0.0484902004309493,0.05258874385024958,0.04093670564089395,0.029752259003037684,0.02898459624150169,0.9994667150783475,12.71941270579692,41.56899231842783,99.90242020582528,100.0
6,S2M2,88133,0.05012925003709652,0.0550007683568393,0.042506735401989376,0.03143488694352481,0.03041745061439883,0.9994099826398738,11.453144679064597,39.554990752612525,99.88766977182213,100.0
6,SGBM,88133,0.07524742797443014,0.11323986961339406,0.062435855886679756,0.038496068923326354,0.17585782871667563,0.9578931841648418,5.655089467055473,27.274687120601822,95.62819829121895,100.0
6,LAS2-M,88133,0.04496561666591803,0.04785425194179976,0.03731193613491832,0.028056211368584716,0.028033783266158598,0.9994553685906528,16.284479139482375,45.65259323976263,99.92057458613685,100.0
6,LAS2-H,88133,0.04536545267103735,0.05037664947591378,0.03838427319276167,0.026561692147944793,0.028759418148959628,0.9993645966890949,15.88394812385826,49.22106361975651,99.89674696197793,100.0
7,RealSense D435i,91849,0.011935747945056793,0.01470792298607685,0.008750877456934472,0.005304383108208466,0.019749133739187973,0.9991072303454583,82.55506320155908,95.27049831789131,99.8965693692909,100.0
7,UniDepthV2,91849,0.22586165976530279,0.17305242475930435,0.16362278591073529,0.15128355938414662,0.04104640036328024,0.6369693736458752,0.0,0.0010887434811484068,28.608912454136682,100.0
7,MoGe-2,91849,0.09421251772173582,0.1068243590632595,0.0781043237538957,0.046941032146907036,0.053409296935572115,0.9876754237934,1.1714879857156855,11.489509956559136,86.64547246023363,100.0
7,DA3,91849,0.09962401531282938,0.11570009961259173,0.08442150351938776,0.051425356106708175,0.12130189770584468,0.8785615521127067,14.297379394440876,27.06507419786824,83.15169462922842,100.0
7,BridgeDepth (RVC),91849,0.049335478498148115,0.05815656903878165,0.042486155004726196,0.026995494532123576,0.0343614700115933,0.9994011910853684,12.822131977484785,43.63683872442814,99.45018454202005,100.0
7,BridgeDepth (Mid.),91849,0.04986302197881587,0.0589197683863648,0.04304558727130535,0.027235846263995445,0.034545700489794696,0.9994447408246143,12.109004997332578,43.63248375050354,99.49046805082254,100.0
7,DEFOM-Stereo,91849,0.05549879997372362,0.08341326556908116,0.048397484035582375,0.02798648636039469,0.10874490001212889,0.9944147459417086,11.979444523075918,40.06684884974251,99.3119141199142,100.0
7,FoundationStereo,91849,0.06197237295614905,0.10464004937551806,0.05353313173169595,0.02760529874194817,0.19069581576987787,0.9823950179098303,10.273383488116366,40.63190671645854,98.16764472122723,100.0
7,S2M2,91849,0.05142311830701394,0.06401492738433778,0.04446237179157733,0.02714939172283204,0.054805640436774675,0.9984866465612037,10.700170932726541,42.38369497762633,99.67882067306122,100.0
7,SGBM,91849,0.055046781234028626,0.05910590364540577,0.04515909853264215,0.030722698560558537,0.04364543908850554,0.9976047643414735,6.667465078552842,31.263269061176498,99.523130355257,100.0
7,LAS2-M,91849,0.05347813023075885,0.0699651549288733,0.04558086761332813,0.028091333597582202,0.07980194070266643,0.9967990941654237,11.387168069331185,40.439199120295264,99.35981883308473,100.0
7,LAS2-H,91849,0.05078103471962603,0.058599757553867066,0.0436512660577582,0.027350959385389895,0.033606483960581995,0.9991616675195157,11.990331957887403,42.8104824222365,99.81164737776133,100.0
8,RealSense D435i,81853,0.026530638408550737,0.02430956259244998,0.01983433588250187,0.018034497793213422,0.021989309962964255,0.9993647147935933,35.89239245965328,78.2304863596936,99.91570253991912,100.0
8,UniDepthV2,81853,0.27483619941225557,0.2051380038962337,0.19732642348100912,0.1832484967912945,0.07387167583408068,0.4232587687684019,0.0012217023200127059,0.006108511600063529,22.724884854556336,100.0
8,MoGe-2,81853,0.06062547689845408,0.06235042939934221,0.04676164512598598,0.03387344245505586,0.044220958009180855,0.9991570253991913,19.263802181960344,33.097137551464215,99.56018716479542,100.0
8,DA3,81853,0.12676634478649318,0.14449639326062674,0.10984522719571524,0.0858450000851051,0.13954515493000613,0.7939110356370567,9.173762720975407,18.122732215068478,74.80971986365802,100.0
8,BridgeDepth (RVC),81853,0.032305086053702844,0.04778984553087359,0.02940494467903451,0.013735385963067892,0.035980553560843384,0.9996701403735966,43.43762598805176,69.79585354232589,99.83751359143831,100.0
8,BridgeDepth (Mid.),81853,0.0324668427772058,0.04842237323508804,0.02966478587339636,0.013828897410231078,0.03626437236193032,0.9996334893039962,43.79558476781548,69.49897987856279,99.84117869839835,100.0
8,DEFOM-Stereo,81853,0.03823142234455547,0.055842802246575396,0.03541390189518923,0.01631707793226911,0.04044502195177354,0.9996457063271963,39.482975578170624,61.5676884170403,99.8570608285585,100.0
8,FoundationStereo,81853,0.033074231941102955,0.04834626541637891,0.03025220233603279,0.013965869835356637,0.036671094206991266,0.9996945744199969,43.365545551171,68.38845246967124,99.95846212111957,100.0
8,S2M2,81853,0.03433654820917133,0.05142175832579635,0.03162466173249739,0.014277651068771102,0.03823607808099803,0.9995846212111957,43.47305535533212,67.56258170134265,99.71534335943704,100.0
8,SGBM,81853,0.03914066537733177,0.05000643616419629,0.03352175892661218,0.02018998624341861,0.0435023564707502,0.9967014037359657,31.45272622872711,60.67951083039107,99.49177183487471,100.0
8,LAS2-M,81853,0.03411951071856177,0.04766172279146069,0.030477111538292537,0.015635741556177418,0.03761012710941825,0.9993524977703933,40.29907272793911,67.47584083662174,99.78253698703774,100.0
8,LAS2-H,81853,0.03340535210707007,0.04759137491983188,0.030269820843451443,0.014276776344630093,0.03695604455962328,0.9997556595359974,42.52257095036224,67.06168375013745,99.9120374329591,100.0
9,RealSense D435i,90732,0.008772524198150618,0.010004747916990686,0.006868021096361272,0.005016620592374288,0.012665304644461445,1.0,91.1629854957457,98.8405413745977,100.0,100.0
9,UniDepthV2,90732,0.4350787733176759,0.3535849239539239,0.34055710155846025,0.31105025513823387,0.05366253697320205,0.0027553674558039062,0.0,0.0,0.003306440946964687,100.0
9,MoGe-2,90732,0.11488310766830373,0.11954661129743188,0.09878644987222605,0.07597628951954727,0.042487185893061656,0.9838204822995195,0.264515275757175,0.6304280738879336,86.82052638539875,100.0
9,DA3,90732,0.10751449483515611,0.0931623025687814,0.08101872766058087,0.07607092927226794,0.11903289272308576,0.9810651148437156,7.813119957677555,15.252612088348103,90.52704668694616,100.0
9,BridgeDepth (RVC),90732,0.05496680385127932,0.06223150434547978,0.04916368530804371,0.035685879139955023,0.029068026165442018,1.0,3.7484018868756337,32.69959881849844,99.93607547502535,100.0
9,BridgeDepth (Mid.),90732,0.05563475047075702,0.06308721277525091,0.04974346719622175,0.03582810348611304,0.02932618408973907,1.0,3.191817660803245,31.76938676541904,99.8776616849623,100.0
9,DEFOM-Stereo,90732,0.05514626309264552,0.06287273985699907,0.049363177249888604,0.034018426956280656,0.02982571147531463,1.0,5.573557289600141,34.34730855706917,99.98567208922981,100.0
9,FoundationStereo,90732,0.05502263171964662,0.061317371511686425,0.04917347801790733,0.03646487784591235,0.02765492352903282,1.0,3.1697747211568137,32.5596261517436,99.98236564828285,100.0
9,S2M2,90732,0.05722996865003034,0.06476645188447264,0.05131516677077913,0.037506603271795724,0.02955491327649364,1.0,3.1422210465987748,28.583079839527397,99.8313715117048,100.0
9,SGBM,90732,0.06580734876169798,0.06837792753770718,0.0564746751091284,0.04750388707930242,0.0352240535853432,0.9981043071904069,3.0716836397301948,14.759952387250364,99.47207159546797,100.0
9,LAS2-M,90732,0.05115399443435726,0.05673108994692908,0.04506979055449369,0.033740824283669035,0.02880645380385733,1.0,6.3053828858616585,34.911607812017806,99.99889785301768,100.0
9,LAS2-H,90732,0.05417902224716032,0.06181287396933832,0.04853093234853278,0.03343160849137666,0.029765956595217698,1.0,4.07022880571353,35.62579905656219,99.99559141207072,100.0
10,RealSense D435i,93234,0.009976384260944675,0.012468483196118714,0.00791851133919632,0.005192625649355298,0.014743290318663399,0.9997962116824335,89.4909582341206,96.69433897505202,99.97854859815088,100.0
10,UniDepthV2,93234,0.28437752394955534,0.21925891598535882,0.21196027071565143,0.19932797046074774,0.061058719467460686,0.41458051783684063,0.019306261664199756,0.02252397194156638,9.6284617199734,100.0
10,MoGe-2,93234,0.07276400094493284,0.08210053337919208,0.06120695536991835,0.039064552290887566,0.04521772805239007,1.0,5.33389106978141,22.163588390501317,99.42724757062874,100.0
10,DA3,93234,0.08972020149595969,0.10252851774315465,0.0770539158264594,0.05375219213650795,0.10787139829150755,0.9501040392989681,12.623077418109274,24.676620117124653,93.45839500611365,100.0
10,BridgeDepth (RVC),93234,0.0488099284593462,0.05741143038466675,0.043232494888799294,0.028611067219183606,0.028631279250064284,0.9997747602805843,7.215179011948431,45.85880687302915,99.28030546796232,100.0
10,BridgeDepth (Mid.),93234,0.049836995221853156,0.0589091067522409,0.04411475386280058,0.029079389412412837,0.029278036611781882,0.9997747602805843,5.5784370508612735,43.75978720209366,99.11512967372418,100.0
10,DEFOM-Stereo,93234,0.05064206424275055,0.06136487855201848,0.04492516172344796,0.027786131152525317,0.032121213964594095,0.9914408906622048,8.547311066778214,45.20775682690864,99.022888645773,100.0
10,FoundationStereo,93234,0.05058286740553861,0.05684558375667893,0.04443529524779767,0.030310274752431254,0.02617788544465701,0.9997962116824335,3.408627753823713,39.6647145890984,99.91526696269601,100.0
10,S2M2,93234,0.05120490137660226,0.06021622356397639,0.045400354348285356,0.030236077703093056,0.029632876256036517,0.9997962116824335,6.069674153205912,41.676856082544994,99.20200785121308,100.0
10,SGBM,93234,0.05968451858312611,0.06161419859934988,0.05041539247458473,0.042974354312868945,0.03298935933346363,0.9986914644872043,3.3732329407726795,20.45498423321964,99.45406182294013,100.0
10,LAS2-M,93234,0.04649506820579914,0.052934812767005936,0.04081808638659362,0.027842504524662193,0.027167088998361153,0.9997962116824335,8.020679151382543,47.83984383379454,99.81444537400519,100.0
10,LAS2-H,93234,0.04909528453295092,0.056909857227313274,0.04334577669535484,0.029317544063900636,0.028433883773937244,0.9997962116824335,6.835489199219169,45.22599051848038,99.56453654246305,100.0
11,RealSense D435i,92255,0.011207387776439724,0.013520037060425007,0.008997366580674621,0.006085886088138981,0.015318999599671194,1.0,87.04243672429679,96.64408433147254,100.0,100.0
11,UniDepthV2,92255,0.3164080215455118,0.24911537507313644,0.23926999106598285,0.218920084674589,0.05540499526336244,0.27408812530486154,0.0,0.0,2.3695192672483874,100.0
11,MoGe-2,92255,0.029985164440140672,0.03521784621205094,0.026590329793619333,0.023271782026804355,0.03746494841236034,1.0,40.89209256950843,62.503929326323785,100.0,100.0
11,DA3,92255,0.0903286042221764,0.09841165210795004,0.0768096749300696,0.054014835724461197,0.10599174646205409,0.979675898325294,9.8433689230936,20.722996043574874,96.22459487290662,100.0
11,BridgeDepth (RVC),92255,0.05122668922072488,0.0601579785733758,0.04516065078392545,0.026670751258875414,0.029815644925578144,1.0,5.29077014795946,44.74120643867541,100.0,100.0
11,BridgeDepth (Mid.),92255,0.0518301206660782,0.060979011501278574,0.04577584271193657,0.02718457861444812,0.03006216164225376,1.0,4.261015663107691,44.639314942279555,100.0,100.0
11,DEFOM-Stereo,92255,0.051527024403370536,0.06101961115570121,0.045912029950700324,0.027119843141532485,0.03297495607449174,1.0,12.18362148393041,47.448918757790906,100.0,100.0
11,FoundationStereo,92255,0.05163177671955684,0.059839668273521704,0.04564401480391412,0.027493068211477345,0.02871351079857923,1.0,4.780228713890846,44.16129207089047,100.0,100.0
11,S2M2,92255,0.053806956979648046,0.06310168068664694,0.047730770510587855,0.028770059286297833,0.030546167066496627,1.0,3.5813777031055225,42.09094358029375,100.0,100.0
11,SGBM,92255,0.06264514653165375,0.06867238939414777,0.05346835479934734,0.039480042100163426,0.04510426421753543,0.9973985149856376,2.988455910248767,21.964121185843585,99.50896970353911,100.0
11,LAS2-M,92255,0.04860113295868009,0.056359103240641126,0.042626259890511824,0.025608412826565563,0.031621487085545234,1.0,7.2949975611078,51.65573681643272,100.0,100.0
11,LAS2-H,92255,0.05054553311045685,0.05876976314887331,0.04449317843009187,0.02782358344982583,0.030192777016329286,1.0,6.564413852907701,46.51130020053114,100.0,100.0
12,RealSense D435i,92987,0.012584416955104425,0.018812775398915044,0.009969358764233488,0.005612107180193782,0.02145071362123092,0.9988170389409272,80.09614247152828,94.93154957144547,99.81072623054835,100.0
12,UniDepthV2,92987,0.29399590129613773,0.2242914431183633,0.2160670910012226,0.19869825232481442,0.044949689108298586,0.32732532504543643,0.0032262574338348367,0.006452514867669673,1.6195812317850882,100.0
12,MoGe-2,92987,0.043783116893003564,0.054661309225410924,0.036443803367049776,0.021541769969047664,0.041062301183569856,0.999257960790218,24.852936431974364,52.348177702259456,99.91396646843107,100.0
12,DA3,92987,0.09027874743456822,0.11092304665691727,0.07917855199102065,0.04335382272648847,0.09869532263987829,0.876273027412434,16.54102186327121,34.50052157828514,85.2291180487595,100.0
12,BridgeDepth (RVC),92987,0.05440238298256899,0.05676254882027505,0.045289097080918675,0.03261322040077319,0.030366444272147807,0.9992472065987719,5.037263273360793,34.08325895017583,99.80857539225913,100.0
12,BridgeDepth (Mid.),92987,0.055219656670115434,0.05728613657460525,0.045865063269525726,0.03322569144863419,0.03046477499327786,0.9990428769612957,3.642444642799531,31.33556303569316,99.82900835600675,100.0
12,DEFOM-Stereo,92987,0.05195584534595432,0.05380321488455613,0.0432455506740697,0.031670697656928426,0.029936191004057904,0.9993117317474486,7.210685364620861,36.15344080355318,99.85804467291128,100.0
12,FoundationStereo,92987,0.054876217428606586,0.05676383674137938,0.045625374195730144,0.03377805977575066,0.029595066941058193,0.9990966479185263,3.997332960521363,31.88725305687892,99.87094970264661,100.0
12,S2M2,92987,0.055555004129758334,0.05698031024579283,0.04590166623417125,0.03371258466651017,0.030565885776150496,0.9990321227698495,3.757514491272974,30.75376127845828,99.8150279071268,100.0
12,SGBM,92987,0.06242505879307279,0.058676837167623404,0.04954875031223553,0.04293630056470776,0.03743922246204989,0.9969350554378569,3.3854194672373557,15.34730661275232,99.42465075763278,100.0
12,LAS2-M,92987,0.05082415229383845,0.052630392034456526,0.04200152947885388,0.029705412004423226,0.03002765076534789,0.999354748513233,6.396593072149869,39.415187069160204,99.92256982158796,100.0
12,LAS2-H,92987,0.05210761157347225,0.05373981129948077,0.043209651361221485,0.031437130108330824,0.029512734853425895,0.9993009775560024,4.84906492305376,38.13221202963855,99.82900835600675,100.0
13,RealSense D435i,72387,0.02289465680516481,0.03457822669593027,0.014864410222698342,0.008503715328127326,0.06045524253331055,0.9842651304792297,68.54407559368396,88.07244394711758,98.29941840385705,100.0
13,UniDepthV2,72387,0.32674194683770597,0.24029069899079908,0.23021110773554393,0.21066393355651325,0.10078891994478481,0.3454902123309434,0.0,0.0,6.5840551480238165,100.0
13,MoGe-2,72387,0.072738406518487,0.08132984836835039,0.05976052312498017,0.03653813591463384,0.05552947938761619,0.9981073949742357,9.523809523809524,31.867600536007846,99.4916214237363,100.0
13,DA3,72387,0.1493498128251314,0.11923007136606921,0.09721366054359316,0.09204424694349367,0.16719304888290232,0.8917899622860458,10.64003204995372,18.732645364499152,74.21912774393192,100.0
13,BridgeDepth (RVC),72387,0.06302982486491794,0.06599381396398026,0.05220188249905056,0.03811232399725606,0.04531941066230215,0.9971265558732921,2.936991448740796,19.218920524403554,99.563457526904,100.0
13,BridgeDepth (Mid.),72387,0.06373316166188446,0.06600184656653298,0.052599405983295926,0.03917148105412205,0.04677081883351057,0.9943221849227071,2.4493348253139375,18.06954287372042,99.23190628151464,100.0
13,DEFOM-Stereo,72387,0.06180611419894872,0.06419078592913784,0.05075480781779805,0.03612903209100071,0.04736443747962118,0.9940320775829914,5.273046265213368,25.337422465359804,99.25400969787393,100.0
13,FoundationStereo,72387,0.06428377159912227,0.0647802465190413,0.05261680687232332,0.03807298475330334,0.05031381361587373,0.9899705748269717,1.9920703993811042,13.825686932736541,98.8837774738558,100.0
13,S2M2,72387,0.0657866844524752,0.06606673161668458,0.053456113647850946,0.039548881901965593,0.04884586565685924,0.9927196872366585,1.2391727796427534,16.187989556135772,99.04540870598312,100.0
13,SGBM,72387,0.08229913412386704,0.07936291882683608,0.06256461986073454,0.05492921920248517,0.08888758859122432,0.9715004075317392,2.7739787530910243,9.148051445701576,96.16782018870792,100.0
13,LAS2-M,72387,0.06374477442771298,0.06295477773559657,0.05062957917158715,0.03894904864204585,0.04665928660759657,0.9977343998231727,2.939754375785707,17.92863359442994,99.20151408402062,100.0
13,LAS2-H,72387,0.06332111194112373,0.06382098335177291,0.0515577353132856,0.039174716318037595,0.04185919801881563,0.9984251315844005,3.2630168400403385,16.936742785306755,99.70436680619447,100.0
14,RealSense D435i,93056,0.011316463850800247,0.013434931826527163,0.009085698253132556,0.005896562319358312,0.01571948156837018,1.0,82.07960797799174,96.92873108665749,99.9892537826685,100.0
14,UniDepthV2,93056,0.2677604667805917,0.211837621519916,0.20195804099983686,0.18502527230609683,0.04754780031499486,0.43713462861072905,0.0,0.0,8.219781636863823,100.0
14,MoGe-2,93056,0.07106950141537172,0.08854150467837678,0.06334804840102042,0.039263875969682116,0.04899211190367152,1.0,3.343148211829436,24.79152338376891,95.09327716643742,100.0
14,DA3,93056,0.08282382049499151,0.10355944098157488,0.07377207650295864,0.041223094230037616,0.10369755505280089,0.9205424690508941,19.938531636863825,36.51027338376892,89.7319893397524,100.0
14,BridgeDepth (RVC),93056,0.0588748206335285,0.06283942642920617,0.05047322124684523,0.035827808492990054,0.028079499961195874,1.0,4.158786107290234,18.90582015130674,99.67868810178817,100.0
14,BridgeDepth (Mid.),93056,0.0594916437393287,0.06453418693023748,0.05107730658250866,0.036989808287078096,0.02879166070288232,1.0,3.702071870701513,18.528627922971115,99.29289889958734,100.0
14,DEFOM-Stereo,93056,0.05781259978376288,0.06404155311186371,0.049836958244696125,0.034556514964519336,0.03089155201913171,0.9962388239339752,6.968921939477305,20.833691540577718,99.2982720082531,100.0
14,FoundationStereo,93056,0.05976514337064213,0.06369811624834538,0.05128974387235834,0.035195386808237805,0.02763264707848149,1.0,2.2620787482806053,17.571139958734523,99.28752579092159,100.0
14,S2M2,93056,0.06142405884066876,0.06578155257772361,0.05267062204316875,0.03847351033029389,0.02875151441123201,1.0,1.9611846629986247,16.142967675378266,99.30257049518569,100.0
14,SGBM,93056,0.07493601800629578,0.07717640600658845,0.061603807465678326,0.051931114077574,0.06302052825313854,0.991370787482806,1.737663342503439,6.493939133425035,98.21075481430537,100.0
14,LAS2-M,93056,0.055132347224033866,0.058991858236925834,0.04704602091407601,0.03418640672831602,0.02912773680658932,1.0,7.66205295735901,24.257436382393397,99.81838892709766,100.0
14,LAS2-H,93056,0.05630461344246876,0.061014140359422056,0.04848038488725054,0.03516269308047604,0.028685149421365994,1.0,7.592202544704264,21.641807083906464,99.51212173314993,100.0
15,RealSense D435i,85794,0.014720194354301374,0.017755715302830957,0.011263280626089302,0.008036373338201508,0.023041179440420393,0.9981933468540923,70.88024803599319,96.12210644100986,99.80068536261277,100.0
15,UniDepthV2,85794,0.37685497557149666,0.27544574732015753,0.26731795146969095,0.24441997609506966,0.06794010471063075,0.06934051332260997,0.0,0.0,0.3182040702147003,100.0
15,MoGe-2,85794,0.08024977295497852,0.07571427643153167,0.059581014330573015,0.049215611173158924,0.04643973537968827,0.9985779891367694,12.644240856003917,22.22649602536308,99.55474741823438,100.0
15,DA3,85794,0.08739874344449096,0.10896674092499546,0.07186625940439688,0.04110706454148427,0.12840620854041213,0.9349371750938295,13.358743035643519,27.754854651840454,91.8432524418957,100.0
15,BridgeDepth (RVC),85794,0.0618847358135721,0.06509980910055174,0.05119770422605104,0.03379241830645191,0.03229879060734939,0.9985430216565261,2.6866680653658763,13.63498612956617,99.83565284285615,100.0
15,BridgeDepth (Mid.),85794,0.06231715262000664,0.06494511187377229,0.05137626945715272,0.0340603961965274,0.03245920090776985,0.9982982492948225,2.038604098188684,12.726997225913234,99.81001002401099,100.0
15,DEFOM-Stereo,85794,0.06110704333019951,0.06485694664355769,0.0506212159317468,0.0315313877929187,0.032714196539496344,0.9987994498449775,4.291675408536728,16.920763689768513,99.85313658297783,100.0
15,FoundationStereo,85794,0.06384333598250194,0.06654698466817525,0.052769548575791234,0.034734567867504174,0.032001484586510455,0.9988111056717253,1.929039326759447,10.816607221950253,99.85430216565261,100.0
15,S2M2,85794,0.06404658297859404,0.06756963686510097,0.05301574320909928,0.035256326995008636,0.03282829765819822,0.9987994498449775,2.0630813343590457,11.557917803109774,99.75289647294683,100.0
15,SGBM,85794,0.07498610444429478,0.07203067624993584,0.059473470976448686,0.04684501822116993,0.04082727002673165,0.9938224118236707,2.574772128587081,7.003986292747745,98.74117071123855,100.0
15,LAS2-M,85794,0.05806076751424432,0.06150568812375275,0.04797443044111082,0.03285000689755302,0.035122499905790784,0.9982399701610836,7.294216378767746,20.80448516213255,99.7878639531902,100.0
15,LAS2-H,85794,0.060922692198165575,0.06320896648361429,0.05028901759986052,0.03554766265570747,0.03158842057652751,0.9988577289787165,4.489824463249178,13.985826514674685,99.86129566170129,100.0
16,RealSense D435i,80828,0.01190055619515342,0.014856307594106352,0.008341833943956269,0.004672792743769083,0.022697850282279323,0.9995174939377444,86.69396743702677,95.3864997278171,99.909684762706,100.0
16,UniDepthV2,80828,0.39225993720419944,0.3199460601136866,0.29608318333002026,0.27889462269968596,0.05847596974954274,0.011184243084079774,0.0,0.0,0.13980303855099718,100.0
16,MoGe-2,80828,0.10246824309249428,0.12500804390947193,0.08892408697649137,0.04280614726500798,0.11124060566817169,0.89164645914782,0.9885188301083783,3.2414509823328554,87.75053199386352,100.0
16,DA3,80828,0.16006073750556057,0.15510767061139402,0.11132479831915947,0.06997160556997617,0.19041672747922753,0.8334982926708566,2.356856534864156,6.751373286484881,78.97758202603057,100.0
16,BridgeDepth (RVC),80828,0.05964052380138972,0.06640201952239409,0.05018943909916424,0.02987609849017059,0.03486555602396168,0.9966348295145246,5.444895333300342,27.42242787152967,99.4704805265502,100.0
16,BridgeDepth (Mid.),80828,0.059759857990571444,0.06647141571695195,0.050276729006806097,0.030518545833054522,0.034550036603086004,0.9969441282723809,5.371900826446281,26.14316820903647,99.47914089177019,100.0
16,DEFOM-Stereo,80828,0.059666332891984884,0.0643158578913679,0.049406358002319774,0.030330751853033855,0.033641599689168036,0.9957193051912704,2.7181174840401843,22.91285198198644,99.29974761221358,100.0
16,FoundationStereo,80828,0.06046306325948784,0.06643408982480749,0.05063995620610525,0.03132587892843225,0.03492599772058268,0.995904884445984,5.230860592863859,26.53783342406097,99.34428663334488,100.0
16,S2M2,80828,0.06034035248661991,0.06764163487159709,0.05079354614060082,0.03105954685758333,0.03571139054530935,0.9955955856881279,5.606967882416984,25.716335923194933,99.21685554510813,100.0
16,SGBM,80828,0.0721464402404336,0.07454901725336174,0.058202567712905176,0.041738180012303394,0.05283940929221853,0.9928737566189935,3.615083881823131,12.496907012421438,97.72727272727273,100.0
16,LAS2-M,80828,0.057103766206832676,0.06144072542966946,0.046895172354324346,0.029554853426550454,0.03680394048341638,0.9949151284208443,6.276290394417776,33.93254812688672,99.16241896372544,100.0
16,LAS2-H,80828,0.058394223251013344,0.06501835209025267,0.04896185443860263,0.0291868171360678,0.035708203218582465,0.9950141040233582,5.814816647696343,31.72291780076211,99.3059335873707,100.0
17,RealSense D435i,94177,0.009903690524531711,0.014783810011636143,0.00831477953510555,0.00461775423990074,0.015362860116563426,1.0,87.79425974494835,97.28489971012031,99.99575267846714,100.0
17,UniDepthV2,94177,0.39806150590601486,0.3123180293541765,0.30154880004324697,0.2772319602024964,0.06305768300647273,0.021756904552066855,0.0,0.0,0.07114263567537722,100.0
17,MoGe-2,94177,0.056783022674138525,0.06395369034758218,0.044923458585640806,0.03568257903912675,0.04821984375659985,0.9997133057965321,28.058867876445415,36.39105089353027,99.18026694415833,100.0
17,DA3,94177,0.08877309552114923,0.08474840142623431,0.07044838035480101,0.054587486247897554,0.10184917992573692,0.9928432632171337,6.153307070728522,15.742697261539442,98.24797986769593,100.0
17,BridgeDepth (RVC),94177,0.06134650242013214,0.07097756989489058,0.05437351887384248,0.0369968505620607,0.03399225649827841,0.9999681450885035,5.390912855580449,24.688618240122324,98.97851917134757,100.0
17,BridgeDepth (Mid.),94177,0.061810558003843746,0.07090582267305186,0.054595192410666876,0.03750446799568441,0.03341033561399419,0.9999787633923357,3.803476432674645,22.709366405810336,98.53998322307994,100.0
17,DEFOM-Stereo,94177,0.058821380569791006,0.06847157046525479,0.05216393897658711,0.034601960545529,0.03416969529580077,0.9999893816961678,9.468341527124458,27.911273453178588,98.70562876286142,100.0
17,FoundationStereo,94177,0.060596842870464296,0.0687689456704301,0.053362456601698464,0.03737845072396406,0.03196085679345811,0.9999893816961678,3.403166378202746,23.944275141488898,99.15159752381155,100.0
17,S2M2,94177,0.06394808265119892,0.07275751607731715,0.0564312725245843,0.03848025166329472,0.033626517945599364,0.9999681450885035,2.6046699300253775,20.632426176242607,98.81924461386538,100.0
17,SGBM,94177,0.07511551511236068,0.07689934919689656,0.06324487103845947,0.05210373808323854,0.03711468729541124,0.9963579217855739,1.7732567399683576,7.712074073287534,98.56759081304352,100.0
17,LAS2-M,94177,0.057501840415016006,0.06668833412076139,0.050896253957519205,0.033784131636325765,0.03446076442751562,0.9998407254425178,9.144483260244009,30.60088981386113,99.9118680781932,100.0
17,LAS2-H,94177,0.061202982354535924,0.06988717200162008,0.05402446054212743,0.03543498942811729,0.0336981912688746,0.9998831986578464,3.783301655393567,26.32702252142243,99.42342610191449,100.0
18,RealSense D435i,90042,0.011681836280853886,0.017352897458082165,0.008530039712860434,0.005712741422202239,0.02297112391454867,0.9975455898358544,87.69018902290043,97.332356011639,99.64461029297439,100.0
18,UniDepthV2,90042,0.39021554262173996,0.32032153804672375,0.29709223403427987,0.24397174361186347,0.06233263701157012,0.03874858399413607,0.0,0.0,0.16881011083716488,100.0
18,MoGe-2,90042,0.14702225956823545,0.14679156032227175,0.12007973990576262,0.0822855792522888,0.054844054031548406,0.8642078141311832,0.019990671020190576,0.22878212389773664,83.06345927456076,100.0
18,DA3,90042,0.10839342389119484,0.09852832257415721,0.08062285756937194,0.06687203823241278,0.13005065353262238,0.9524666266853247,4.230248106439218,11.102596566046955,93.02880877812576,100.0
18,BridgeDepth (RVC),90042,0.058805708641878285,0.06913732401742341,0.05158297598523529,0.030436884297351474,0.03675014232872337,0.9986450767419649,5.600719664156727,34.095200017769486,99.51133915283978,100.0
18,BridgeDepth (Mid.),90042,0.05885732228774668,0.0693139170975386,0.05154763816456022,0.03111473786829555,0.03765498494717383,0.9984229581750739,5.612936185335733,33.10344061660114,99.32920192798916,100.0
18,DEFOM-Stereo,90042,0.057807234417061225,0.06729539334442743,0.04964847035489522,0.028966483487297467,0.04119768394131473,0.9961018191510629,7.130005997201307,34.87705737322583,99.31365362830678,100.0
18,FoundationStereo,90042,0.058893373108066235,0.06771799569722614,0.05125247270779056,0.03179438069988455,0.035998965690915,0.9984229581750739,4.673374647386775,33.12565247329024,99.3280913351547,100.0
18,S2M2,90042,0.058702855804381456,0.0674846809431436,0.05124924157562004,0.03180306235785757,0.034398008520419486,0.9990671020190578,4.756669109970903,31.691877124008794,99.52910863819106,100.0
18,SGBM,90042,0.07212454920039743,0.09174153223850341,0.061495786356559494,0.0407680032356863,0.09815324118771743,0.9861509073543457,3.5472335132493726,15.661580151484863,98.00759645498768,100.0
18,LAS2-M,90042,0.05453764229480462,0.06327226631629214,0.047346413757077085,0.027707377762324625,0.036830533540372364,0.9981119921814264,9.533328890961995,42.48128651073943,99.78121321161237,100.0
18,LAS2-H,90042,0.05723661675918562,0.06674452046832409,0.050121927592734504,0.030300259002801366,0.03593449879786654,0.9984895937451411,5.846160680571289,39.631505297527816,99.78232380444682,100.0
19,RealSense D435i,83778,0.012973788768284634,0.021199647216642248,0.009471769409089515,0.0062309198232197716,0.03007510224127441,0.9976008021198883,82.24235479481486,95.55372532168349,99.7397884886247,100.0
19,UniDepthV2,83778,0.31789773597235366,0.24422148445112207,0.23014542163876017,0.20170819939733575,0.09031711434934417,0.3382510921721693,0.003580892358375707,0.00835541550287665,6.658072525006566,100.0
19,MoGe-2,83778,0.04966757877111454,0.07797612575644064,0.044745274436168235,0.017832379327513193,0.06458882868090643,0.9949270691589678,39.465014681658666,63.18603929432548,99.2241399890186,100.0
19,DA3,83778,0.11183435830437868,0.10235138607329564,0.07997088535843982,0.06395227865378411,0.13719336761787473,0.9424550598009024,5.692425219031249,16.695313805533672,92.11368139607058,100.0
19,BridgeDepth (RVC),83778,0.059300679149950464,0.06683670309055921,0.049835606337840614,0.032880771832056066,0.04456545155116793,0.9970039867268257,1.9862016281123922,29.018358041490604,99.69562414953806,100.0
19,BridgeDepth (Mid.),83778,0.05993953002983803,0.06710944745513883,0.05032882797651752,0.03335993294541639,0.04377052161974489,0.9965384707202368,1.5218792523096756,27.23626727780563,99.58939100957292,100.0
19,DEFOM-Stereo,83778,0.060114595019377624,0.06702829235687426,0.050496965176123364,0.03262317348035232,0.04318250916378773,0.9962042541001217,2.085272983360787,26.676454439112895,99.55955023991979,100.0
19,FoundationStereo,83778,0.059573799324605,0.06607314405836359,0.049953781642955,0.033026632146539,0.04343719463739953,0.9961326362529542,1.5469454988183056,28.13745852133018,99.56074387070592,100.0
19,S2M2,83778,0.061933430912774055,0.06827333061623542,0.05194726231446785,0.03425959992375743,0.04345619979200195,0.995034495929719,2.278641170713075,23.448876793430255,99.23249540452147,100.0
19,SGBM,83778,0.08520625491726604,0.08669782660526967,0.06578021110819622,0.04548746122479064,0.07579190996033491,0.9446035952159278,1.1160447850270954,10.70328725918499,93.7322447420564,100.0
19,LAS2-M,83778,0.05583332982813025,0.06194189674950294,0.04602179735606168,0.03214758258375494,0.04692875437713301,0.9938408651435938,4.6790326816109244,33.6580009071594,99.23965718923823,100.0
19,LAS2-H,83778,0.05809537883090119,0.06461786201512396,0.04856754777955908,0.033620580646189724,0.04371328790257687,0.9954283940891403,2.7310272386545393,29.6187543269116,99.4939005466829,100.0
20,RealSense D435i,92940,0.010243052051390575,0.012224430919806267,0.008072005215964418,0.0061646245302440505,0.014049205388572525,0.9999677211103938,88.41618248332257,98.76587045405638,99.99677211103938,100.0
20,UniDepthV2,92940,0.30701449541459436,0.253990473314475,0.2406270683287826,0.2145255112340111,0.045888658876332096,0.2049279104798795,0.0,0.0,1.348181622552184,100.0
20,MoGe-2,92940,0.05916907770673605,0.08160168407505132,0.05236083083740927,0.0271081204627191,0.04909497219118519,1.0,18.67010974822466,42.23369916074887,93.01269636324511,100.0
20,DA3,92940,0.08519776028109408,0.0996840618207631,0.07504946508924396,0.05365158646501611,0.10228835482071316,0.9644501829137078,17.956746287927693,31.794706262104583,94.48891758123521,100.0
20,BridgeDepth (RVC),92940,0.06014510258477905,0.07035271949215287,0.05401453178177045,0.03645293206023742,0.033417677454591115,1.0,2.58769098343017,32.270281902302564,99.14783731439638,100.0
20,BridgeDepth (Mid.),92940,0.061236318987879124,0.07147371257032321,0.05491435629742422,0.036865536844192415,0.03354611978651447,1.0,1.9614805250699376,30.11297611362169,99.1349257585539,100.0
20,DEFOM-Stereo,92940,0.06226576597472997,0.07309451365885677,0.05594904562797295,0.03403438307304224,0.03553201271628249,1.0,2.7813643210673553,34.19625564880568,99.06821605336776,100.0
20,FoundationStereo,92940,0.06056456211883058,0.06929467192003025,0.053975319136976646,0.03758982675745748,0.032407021813413865,1.0,2.207876049063912,30.395954379169353,99.21131913062192,100.0
20,S2M2,92940,0.06357284097396974,0.07406689673647887,0.05678465290920585,0.0369593417099402,0.03655228113279699,0.9977619969873036,2.7512373574349045,29.140305573488273,98.66150204432968,100.0
20,SGBM,92940,0.09137178663865236,0.09293047251016237,0.0736022412423308,0.05863047313931463,0.06979196488672507,0.9438777706046912,1.000645577792124,9.86120077469335,93.3989670755326,100.0
20,LAS2-M,92940,0.055321636460844724,0.06491411945146122,0.04961667176450002,0.034095613757144705,0.03276769137467918,1.0,6.36001721540779,39.53410802668388,99.54271573057886,100.0
20,LAS2-H,92940,0.05859759059075812,0.06884109775591322,0.05268020250969355,0.03382587189798125,0.033261218654115,1.0,2.774908543146116,37.769528728211746,99.65676780718744,100.0
21,RealSense D435i,91056,0.010356201316505222,0.010880997358899901,0.007709542573312296,0.0054359612314553996,0.014740390321514965,0.9999890177473203,87.2770602706027,97.0842119135477,99.99560709892813,100.0
21,UniDepthV2,91056,0.26485985590019856,0.20809449914335928,0.19971480591938331,0.18249710783892575,0.045888909232248476,0.4275500790722193,0.0,0.0,10.746134247056755,100.0
21,MoGe-2,91056,0.038714400295283544,0.05717637464811708,0.0340824821050039,0.016177814681912983,0.04777814090642763,1.0,38.10622034791776,67.79344579160077,99.99890177473203,100.0
21,DA3,91056,0.1076401579937436,0.12595522136463955,0.09429041020405907,0.07410823162850855,0.12923267607713976,0.8830280267088385,17.395888244596733,29.62243015287296,83.40032507467932,100.0
21,BridgeDepth (RVC),91056,0.06360173818053644,0.07298189705984301,0.05582368308603371,0.03676949923140477,0.03493501960363728,1.0,3.2562379195220523,24.328984361272184,99.02367773677737,100.0
21,BridgeDepth (Mid.),91056,0.06431664892418763,0.07360752120983138,0.05634926475131803,0.03789169015017335,0.03485374469382813,1.0,3.0234141627130557,23.220875065893516,98.85455104551045,100.0
21,DEFOM-Stereo,91056,0.06466989833531614,0.07468672588501346,0.05665277692969885,0.03543477210831042,0.03673374716596113,0.9998901774732033,3.742751713231418,27.356791425057107,98.9094623089088,100.0
21,FoundationStereo,91056,0.06436317134288011,0.07158367920820895,0.05596313161293377,0.038658191526849295,0.03348969309072938,0.9998462484624846,2.9289667896678964,22.88262168335969,98.92923036373222,100.0
21,S2M2,91056,0.06599286534643492,0.0745749486183599,0.057526547841228834,0.03884146644870318,0.03572772027140764,0.9999780354946407,3.1573976454050254,21.790985767000524,98.70189773326304,100.0
21,SGBM,91056,0.09188980192270728,0.09356936122199314,0.0735961254815121,0.0555051886447987,0.071932500896526,0.9469337550518362,0.9301968019680198,7.936874011597259,93.56110525390969,100.0
21,LAS2-M,91056,0.059652669586017795,0.06757024174243832,0.05198550311628836,0.03516562293445202,0.03325205179477667,1.0,5.620716921454929,29.084299771569142,99.21257248286769,100.0
21,LAS2-H,91056,0.0628091211646227,0.07145802283180028,0.05501026933405908,0.036505711438679866,0.033900266158503146,1.0,3.3429977156914426,26.304691618344755,99.08298190124758,100.0
22,RealSense D435i,84626,0.025616682659133878,0.03197290635579554,0.014971368948454989,0.006319942792860189,0.059164641914720276,0.9611585092052088,82.31394606858412,92.46330914848865,94.98262945194148,100.0
22,UniDepthV2,84626,0.16670062068471117,0.13036279600200756,0.12023067818315518,0.10673120539999859,0.07043539225429345,0.9423345071254697,0.22215394795925603,0.6818235530451635,70.68631389880179,100.0
22,MoGe-2,84626,0.12620518381347925,0.11151968638685533,0.10059394095607048,0.10356068168378774,0.07559691713192859,0.9419445560466051,0.34268428142651197,0.7184553210597215,92.55784274336493,100.0
22,DA3,84626,0.10301283730261022,0.10636513274123144,0.08363350266225465,0.07146298671679124,0.12143186604773552,0.9113629381041287,14.502635123957175,25.851393188854487,86.39543402736749,100.0
22,BridgeDepth (RVC),84626,0.08306800906362294,0.08132578504363464,0.06549256402542929,0.04703087256564542,0.058914886956057094,0.9521896343913219,0.8531656937584194,12.99009760593671,93.17231111006073,100.0
22,BridgeDepth (Mid.),84626,0.08329488913797556,0.081295504381264,0.06556447483204166,0.04650231063686089,0.05921859322946899,0.9519887505022098,0.8626190532460474,13.083449530877036,93.41573511686715,100.0
22,DEFOM-Stereo,84626,0.08249288975400229,0.07962382465075854,0.06486580381788609,0.0498563908303738,0.05823862519299784,0.9523905182804339,1.1426748280670243,17.193297568123274,94.16255051638977,100.0
22,FoundationStereo,84626,0.08385239462522537,0.08076930921654787,0.06584876844714806,0.048602588901069055,0.058330348208690506,0.9523550681823553,0.7586320988821402,12.69940680169215,94.36816108524567,100.0
22,S2M2,84626,0.08574304187763676,0.08261872456478327,0.06740886281269161,0.04924799069231611,0.05918406795442788,0.9500626285066055,0.7503604093304658,10.792191525063219,94.26535580081772,100.0
22,SGBM,84626,0.11949159391712535,0.1139912243342976,0.08400895155976117,0.0631627477014381,0.12207603514719882,0.9365915912367357,0.5790182686172098,4.506889135726609,93.01278566870702,100.0
22,LAS2-M,84626,0.0796155242930704,0.07820825450689818,0.06295815950726336,0.04748013486619268,0.057070577277516306,0.9549429253420935,2.228629499208281,19.450287145794437,94.75693049417437,100.0
22,LAS2-H,84626,0.0825324076907571,0.08129540254864506,0.06520185444660521,0.04606027899386589,0.060479710078307145,0.9519887505022098,1.2135750242242336,16.629641008673456,94.63758183064307,100.0
23,RealSense D435i,82571,0.01295281383781191,0.01510191541006838,0.009438549983668955,0.005717075871825572,0.02027755750455921,0.9991038015768248,80.21823642683266,93.846507853847,99.89100289447869,100.0
23,UniDepthV2,82571,0.23316736069431931,0.17104908052110382,0.16669208700992372,0.15965670946846633,0.04847488129147657,0.5619406329098594,0.0,0.004844315800947064,29.70534449140739,100.0
23,MoGe-2,82571,0.08145720762557757,0.07849817531376413,0.06561053907393948,0.07107526051019875,0.04837760723561131,0.9821244746945054,1.6385898196703446,10.675660946337091,97.7764590473653,100.0
23,DA3,82571,0.0884735419133129,0.1016709309266859,0.07256938901666035,0.05898885076784899,0.115159369369253,0.9581087791113103,16.12793838030301,30.149810466144288,93.91553935401049,100.0
23,BridgeDepth (RVC),82571,0.06605768053631023,0.06813953609167685,0.054505073087520915,0.03803954873781756,0.03110213448049391,0.9994429036828911,1.0536386867059864,15.223262404476149,99.72024076249531,100.0
23,BridgeDepth (Mid.),82571,0.06685268247502422,0.06835830049581001,0.05501486065794654,0.0390551554113473,0.03126332518415315,0.9993217957878674,0.7557132649477419,14.419105981518934,99.80501628901189,100.0
23,DEFOM-Stereo,82571,0.06778874898255935,0.06888595009447365,0.055917649723558324,0.039086750528532166,0.03065751016838515,0.9995640115779147,1.1481028448244541,12.693318477431545,99.92006878928437,100.0
23,FoundationStereo,82571,0.06657006745789167,0.0675666952215736,0.054784763728021386,0.03835586410489766,0.030627887009769407,0.9995761223674171,1.0839156604619056,15.977764590473653,99.93339065773698,100.0
23,S2M2,82571,0.0678479884836432,0.06982549998191057,0.055819625236024364,0.038172304711742044,0.032700687964286816,0.9992612418403556,0.8780322389216553,13.562873163701541,99.6802751571375,100.0
23,SGBM,82571,0.10106076715290128,0.09767096476030017,0.07537653591910454,0.053161406131545186,0.08366749024067163,0.9249131050853205,1.4109069770258322,7.597098254835233,91.7452858751862,100.0
23,LAS2-M,82571,0.0637602801309699,0.0687743131752309,0.05328058779286406,0.03618493112799659,0.034520850102604035,0.9991401339453319,3.026486296641678,22.46067021109106,99.8583037628223,100.0
23,LAS2-H,82571,0.0654370866385669,0.06865303498429004,0.05438406686759701,0.03795604841906475,0.03270338224272105,0.9994671252618959,2.364026110862167,19.0757045451793,99.92733526298579,100.0
24,RealSense D435i,89082,0.01325032027552934,0.0158159298573417,0.009348587113240136,0.005561230352788438,0.02425842270123023,0.9998652926517142,85.15525021889944,95.59394714981703,99.77548775285692,100.0
24,UniDepthV2,89082,0.2198555393981942,0.15693825297061995,0.15145727545142032,0.14636858118138407,0.06881179244502082,0.5713724433667856,0.010103051121438673,0.03255427583574684,44.8418311218877,100.0
24,MoGe-2,89082,0.049492198319722396,0.0506894171302239,0.03867472840262456,0.02731315859503264,0.042526469930310735,0.995633236793067,16.815967311016816,45.57935385375272,99.49147976022093,100.0
24,DA3,89082,0.12253774727927705,0.1027459233705899,0.08573501504409382,0.07428310121400561,0.1391570624962837,0.87571001998159,7.047439437821333,14.053344109921195,82.59019779528973,100.0
24,BridgeDepth (RVC),89082,0.07010806872634841,0.07576181026176894,0.05925322084567703,0.0430844442224772,0.03817728064410596,0.9993264632585708,1.933050447901933,21.695741002671696,98.07031723580522,100.0
24,BridgeDepth (Mid.),89082,0.06962168726067507,0.07496316900540928,0.05875550002309568,0.043247329038991866,0.038002637193655424,0.9993152376462135,1.92406995801621,22.789115646258505,98.32064839136974,100.0
24,DEFOM-Stereo,89082,0.07093499403870283,0.07598862056586714,0.05991386633380958,0.043077141460136636,0.03780125176381215,0.9997193596910712,1.8185492018589613,19.451741092476592,98.3240160750769,100.0
24,FoundationStereo,89082,0.06999698654347714,0.07423019006646904,0.058976837566861624,0.04330799906948224,0.036642929577938105,0.999854067039357,1.5581149951729867,22.11782402730069,98.91560584629892,100.0
24,S2M2,89082,0.07117105265181817,0.07671547854353426,0.060240152859562815,0.043149320591373996,0.038581493589121156,0.9997193596910712,2.2541029613165398,19.77503872836263,98.69333872162727,100.0
24,SGBM,89082,0.0818444179472182,0.08444526538963934,0.06643109494085357,0.052806675071759956,0.054828598195655394,0.982589075234054,2.8030354055813747,12.900473720841472,96.73783704901102,99.99775487752856
24,LAS2-M,89082,0.06606763616972633,0.0699433237722398,0.055235878402654745,0.04079502065259383,0.03780366799139015,0.9993152376462135,3.8582429671538585,24.786152084596214,98.74609909970589,100.0
24,LAS2-H,89082,0.06736160364564325,0.07200327420405368,0.056757622882798876,0.04027016830115959,0.03737228185471501,0.9984284142699984,2.282166992209425,24.21813609932422,98.83253631485599,100.0
25,RealSense D435i,88908,0.010527374683931083,0.013079967211593397,0.00804438391301588,0.005374726523962647,0.016458061510303695,0.9997638007828317,88.24965132496513,96.5773608674135,99.96625725469023,100.0
25,UniDepthV2,88908,0.16124258435557318,0.12168858890601052,0.11795354844609439,0.11308187765865707,0.044167039036002886,0.9964232689971656,0.013497098123903362,0.06748549061951681,61.65136995545958,100.0
25,MoGe-2,88908,0.07398858479460024,0.07788528101481278,0.0631242384212269,0.0651281133059663,0.04928706252400649,0.9881000584874252,3.215683628019976,27.273136275700725,98.50182210824673,100.0
25,DA3,88908,0.0892627979476719,0.09754684847608676,0.0749838169977214,0.05408425711819442,0.10589504292061132,0.9685292662077654,9.734782021865298,22.287083277095423,95.48522067755432,100.0
25,BridgeDepth (RVC),88908,0.06889662208098746,0.07517967167253274,0.05943876590814466,0.04398928013026998,0.0341519762477392,0.9996400773833626,0.8278220182660728,13.756917262788502,98.26449813290142,100.0
25,BridgeDepth (Mid.),88908,0.06942031093992511,0.07622772052293718,0.0599750662982327,0.04434949333437044,0.03476300806591773,0.9996288298015926,0.950420659558195,13.926755747514285,98.0597921446889,100.0
25,DEFOM-Stereo,88908,0.07053476125528396,0.07675443291813501,0.06098914088795129,0.04359137481174613,0.03480430829800326,0.9994151257479642,0.9965357448148647,16.661042875781707,98.91348360102577,100.0
25,FoundationStereo,88908,0.06957107593349976,0.07557120902349901,0.05999104313083839,0.04415396378502695,0.03392455464284092,0.9996400773833626,0.7322175732217573,13.653439510505242,98.45120799028209,100.0
25,S2M2,88908,0.07231250639192922,0.08009192134026455,0.06272211532229897,0.0450082068352925,0.036753202493098845,0.9991001934584064,0.7333423313987493,12.550051738876142,98.23300490394566,100.0
25,SGBM,88908,0.08649176565692657,0.08572746147545038,0.07034537323398661,0.059594517414215065,0.05279933583593771,0.9750528636343186,0.6017456246906915,5.284113915508166,96.16794889098844,100.0
25,LAS2-M,88908,0.0673118121798248,0.07349818897305267,0.057941341701926,0.045234471030982215,0.03488311673783525,0.999583839474513,1.9717010842668827,17.231295271516625,98.79650875061861,100.0
25,LAS2-H,88908,0.06848769940347343,0.07466862798037478,0.05909965090306919,0.044004881650594685,0.03436159838347366,0.9994038781661942,0.9886624375759212,14.33391820758537,98.76164124713188,100.0
26,RealSense D435i,63102,0.025205545652250347,0.031171269553562003,0.015227222385230232,0.0067020550777516785,0.05626239670493,0.9708884029032361,75.81693131754936,88.66913885455294,95.76717061265887,100.0
26,UniDepthV2,63102,0.24802816388346668,0.1945987604059918,0.18152145155977314,0.1553990187482832,0.08415543339482713,0.5775569712528922,0.004754207473614149,0.08399099870051661,34.39986054324744,100.0
26,MoGe-2,63102,0.09983070429868751,0.08715858128700044,0.07907813793024646,0.08704472059140889,0.07002923161942354,0.9835821368577858,0.8858673259167696,3.0601248771829734,97.00326455579855,100.0
26,DA3,63102,0.14439749216255882,0.1271442609721237,0.09922637730168883,0.07468436603101253,0.18232679337369076,0.7953947576938925,7.2802763779278,15.151659218408293,76.2305473677538,100.0
26,BridgeDepth (RVC),63102,0.08526444541404386,0.09065718738046004,0.07105649150638933,0.04757878751661754,0.057611959572139944,0.9618712560616145,1.476973788469462,12.917181705809641,92.66267313238883,100.0
26,BridgeDepth (Mid.),63102,0.08622859754254966,0.09200261392539635,0.07192107398028524,0.04818123558327336,0.05775159501328002,0.9610630407911002,1.60058318278343,12.421159392729232,92.63731735919623,100.0
26,DEFOM-Stereo,63102,0.08698268641644642,0.09060576413358128,0.07220166567241577,0.0546406967252574,0.055194142231587584,0.9640106494247409,1.570473202117207,12.2531773953282,93.41859212069348,100.0
26,FoundationStereo,63102,0.08544940984736978,0.09010217620980313,0.07129118214592793,0.05092416018430579,0.05654577454690081,0.96418497036544,1.4785585242940003,12.60974295584926,92.93366295838483,100.0
26,S2M2,63102,0.08671541154630424,0.09322476552188617,0.0729185438477404,0.0472315403639843,0.056628048439595166,0.9611105828658363,2.0554023644258503,13.042375835948148,92.77994358340464,100.0
26,SGBM,63102,0.095777358729527,0.09692702950305275,0.07799819818239964,0.06952095829241739,0.07338870482643538,0.955770023137143,2.041139742005008,7.836518652340654,93.34569427276473,100.0
26,LAS2-M,63102,0.081700161091381,0.08650537318209416,0.06773145661870549,0.044784002926748834,0.05737720218095057,0.9671325789990809,3.876263826820069,17.634940255459412,93.84488605749422,100.0
26,LAS2-H,63102,0.08411400855569144,0.08904564722779525,0.06995883852759424,0.047434391275913534,0.057259905622907455,0.9646762384710469,1.7685651801844633,13.221450984120947,93.01448448543627,100.0
27,RealSense D435i,74722,0.014804132382556259,0.022199878836734917,0.01017088762357347,0.00591118870429766,0.033564853472830725,0.9959182034742111,77.62774015684805,94.01381119349054,99.58111399587806,100.0
27,UniDepthV2,74722,0.3240948771967309,0.23518103143336938,0.21959701263356604,0.18767359389860672,0.07482939198209153,0.200610262037954,0.0,0.0,3.12491635662857,100.0
27,MoGe-2,74722,0.07389117193352032,0.0588735945317289,0.04603153930085012,0.04067172983723777,0.06855169037588284,0.9795910173710554,13.476620004817857,21.21195899467359,97.67404512727175,100.0
27,DA3,74722,0.10093652284801848,0.10942310865260978,0.07291588743364254,0.043553639388341,0.1474025967132824,0.9020502663204947,17.62399293380798,30.897192259307833,86.05230052728781,100.0
27,BridgeDepth (RVC),74722,0.06581036668388164,0.07514417256034929,0.05303692469709612,0.02899928299792781,0.04737192471016776,0.9963999892936485,3.9626883648724602,21.175825058215786,97.28058670806456,100.0
27,BridgeDepth (Mid.),74722,0.06637004626771748,0.07608570605259203,0.05341276718959155,0.029224745626268034,0.04900971725626949,0.9958914375953535,4.6050694574556355,21.555900537994166,96.97545568908755,100.0
27,DEFOM-Stereo,74722,0.06611202678935933,0.07385038480849228,0.05310103908330763,0.028268581755000577,0.04517191093543653,0.9968951580525146,5.165814619523032,20.13329407671101,98.13441824362303,100.0
27,FoundationStereo,74722,0.06649393181995132,0.07594009337676841,0.053775850021027215,0.029479902463408536,0.04809109520292028,0.9960921816867857,3.7860335644120875,19.489574690184952,96.86036240999974,100.0
27,S2M2,74722,0.06780130486773082,0.07636809004978615,0.054691458543963234,0.030603113608066113,0.04757046924149961,0.9963063087176467,3.2574074569738496,15.953802093091726,98.18259682556678,100.0
27,SGBM,74722,0.07613875771818353,0.08156060029673902,0.06054938484119428,0.03377798639738244,0.053223959682799735,0.9856133401140227,2.2510104119268757,9.674526913091192,96.59538020930917,100.0
27,LAS2-M,74722,0.06667995837135643,0.07615707967848248,0.05425064263193171,0.02910353225364426,0.04860638185754113,0.9962929257782179,4.609084339284281,21.498353898450258,98.89992237895132,100.0
27,LAS2-H,74722,0.06651220269293517,0.07560943957609381,0.05415009493530566,0.02946300920900935,0.04588422556128739,0.9971761997805197,4.552875993683252,22.788469259388133,98.69516340569042,100.0
28,RealSense D435i,76728,0.017042528398991598,0.03787936105267373,0.011143599884540693,0.005886099131975464,0.05713672258426394,0.9930012511729747,83.55359190908143,96.63747263059118,99.27796892920446,100.0
28,UniDepthV2,76728,0.1290742927289507,0.10781565085744851,0.09365820773731451,0.07945397324555831,0.06742338323626804,0.9622953810864352,1.088259826921072,1.8884892086330936,93.29579814409342,100.0
28,MoGe-2,76728,0.12896187669215284,0.11756479276529397,0.10227184648097755,0.10704710341508666,0.08137707081799468,0.9387576895005735,0.1915858617453863,0.4926493587738505,90.71916379939526,100.0
28,DA3,76728,0.1091955743044162,0.10584064309313261,0.07934341244555844,0.058610485979603666,0.14313852458388773,0.9193645083932853,13.575226775101656,24.632467938692525,88.39276404962986,100.0
28,BridgeDepth (RVC),76728,0.06763027019288936,0.07105413708236845,0.055390965541805406,0.03859725029654637,0.04340243736521554,0.9958685225732458,1.088259826921072,15.839067876133875,99.11114586591596,100.0
28,BridgeDepth (Mid.),76728,0.0683239462979103,0.07154925171991094,0.05586433187498433,0.03968910842441137,0.04392329704309889,0.9959858200396204,1.011364821186529,14.41325200708998,99.1033260348243,100.0
28,DEFOM-Stereo,76728,0.0696791729901517,0.07120059443346755,0.05699850206193998,0.037707112025817446,0.0435878967559551,0.9959858200396204,1.3124283182149932,10.292201021791263,99.43306224585548,100.0
28,FoundationStereo,76728,0.06872682671804103,0.07105067822783974,0.056318896953997215,0.03987590177817407,0.04337859329595607,0.9959727869878011,0.943592951725576,12.466114065269524,99.42393910958191,100.0
28,S2M2,76728,0.07068183434149444,0.07367616332894311,0.05792648928007926,0.03954476642644411,0.04431270893762529,0.996129183609634,0.9905119382754666,9.30559899906162,99.34574079866542,100.0
28,SGBM,76728,0.08987152675499668,0.08834046723613677,0.06905502732228579,0.05031446592534994,0.06640245733205388,0.9497575852361589,0.5460848712334481,4.433844228964654,93.46262120738193,99.99478677927223
28,LAS2-M,76728,0.06566989489375007,0.06904137734261674,0.05359016169269578,0.03613610557730784,0.04572323336681541,0.9954644979668439,2.3941716192263582,16.76962777604004,99.41611927849026,100.0
28,LAS2-H,76728,0.0680054054851664,0.0713631304658327,0.055688357804082385,0.03741033991444237,0.045293005521054794,0.9957642581586904,1.0817433010113648,14.393702429360857,99.39917631112502,100.0
29,RealSense D435i,74839,0.012244074517945203,0.022279681815509902,0.00882568741818414,0.0050769602489650345,0.0340203717456292,0.9978888012934433,83.9722604524379,96.57932361469287,99.78754392763132,100.0
29,UniDepthV2,74839,0.18521553629545603,0.16668707032064814,0.13538451584770578,0.1058951640350847,0.09096303232916438,0.8328678897366346,1.2025815417095365,2.8260666230174105,58.88640949237697,100.0
29,MoGe-2,74839,0.05815674945260375,0.054936860099164805,0.03912381397410777,0.028580456729952575,0.06287637814289179,0.9919159796362859,20.04436189687195,36.60390972621227,99.11008965913494,100.0
29,DA3,74839,0.15179265246003812,0.1509273265075395,0.10381362779968592,0.06427773447944596,0.21392649620400478,0.8188778578014138,8.408717379975682,17.547000895255145,78.1718088162589,100.0
29,BridgeDepth (RVC),74839,0.06474580393679578,0.07304884346494493,0.05150422728310171,0.027817474598095804,0.04791625410546191,0.9971806143855476,2.938307566910301,26.398001042237336,98.27362738679031,100.0
29,BridgeDepth (Mid.),74839,0.06524971026282886,0.07387775307706383,0.051728367290246643,0.027967005341968165,0.05011044981069812,0.996980184128596,3.126712008444795,27.478988228062907,98.2469033525301,100.0
29,DEFOM-Stereo,74839,0.0654374784588022,0.07183961386062808,0.051600491157806655,0.027791527391672677,0.04706013533237777,0.9974612167452799,2.772618554496987,20.08578414997528,98.54487633453147,100.0
29,FoundationStereo,74839,0.06308350772023555,0.06922725762770668,0.04984378245254506,0.02703716723535876,0.044388776661551395,0.9978754392763132,3.0959793690455513,26.13610550648726,98.71190154865779,100.0
29,S2M2,74839,0.0658886536274006,0.07395088650748366,0.05227313979200677,0.028320972490547436,0.04709816673346606,0.9965525995804326,2.749903125375807,22.005906011571508,98.51815230027124,100.0
29,SGBM,74839,0.07322759324167653,0.07515108567613253,0.055872755543817015,0.035298667530878625,0.056317434770696076,0.9955103622442844,2.2835687275351084,13.02796670185331,99.13414128996914,100.0
29,LAS2-M,74839,0.06448234591724772,0.07227642741080822,0.05029905179175592,0.027501964462878337,0.05474725306067459,0.9956974304841059,3.185504883817261,23.698873581955933,98.45668702147276,100.0
29,LAS2-H,74839,0.06511976067178195,0.072063565557663,0.05102581513962176,0.028131160320653215,0.05121843448244716,0.9964056173920015,2.602920936944641,23.821804139552906,98.50078167800211,100.0
30,RealSense D435i,66305,0.017416589757812618,0.018591275523023285,0.010956718792319615,0.006768922373430131,0.031023218370915068,0.997707563532162,73.26898423949928,89.70816680491667,99.70439635019983,100.0
30,UniDepthV2,66305,0.14151578221485275,0.11544754675358516,0.09753419642369335,0.09142371941695826,0.06460240226792469,0.9572882889676495,4.532086569640299,11.902571450116884,70.33557046979865,100.0
30,MoGe-2,66305,0.10481896856797827,0.08759038868199058,0.07529628255925136,0.07174192629378684,0.0600492262965901,0.9722494532840661,0.9803182263781012,4.218384737199306,95.75597617072619,100.0
30,DA3,66305,0.1243763535099028,0.1468076618720439,0.10144900167444737,0.056314244304469185,0.1671818029809619,0.8001809818264083,11.137923233541965,22.799185581781163,73.5072769776035,100.0
30,BridgeDepth (RVC),66305,0.06838358742072649,0.07815120106802036,0.0560956274271497,0.03225489126463843,0.043407131978291054,0.9985370635698665,4.818641128120051,24.81864112812005,97.52356534198024,100.0
30,BridgeDepth (Mid.),66305,0.0692574191628025,0.07946089428494545,0.05684962071945043,0.033090426438970755,0.04390566476268825,0.9987482090340095,4.924213860191539,24.800542945479226,97.03189804690446,100.0
30,DEFOM-Stereo,66305,0.07061356479250944,0.07930547134570048,0.05742300942649189,0.03289864086761629,0.04262640991859251,0.9985219817509992,2.6589246663147574,20.995400045245457,97.12992986954227,100.0
30,FoundationStereo,66305,0.06866224810133244,0.07778451884481952,0.05640865271956643,0.03254876169308274,0.04221553787223799,0.9991403363245608,5.192670236030465,24.04796018399819,98.00015081818867,100.0
30,S2M2,66305,0.06974642599561055,0.07926583996215979,0.05705326113192494,0.032576562681064236,0.0428497863317499,0.9978583817208355,4.120352914561496,19.50984088681095,97.46022170273734,100.0
30,SGBM,66305,0.08237463815926309,0.08563125266629042,0.06343344872070264,0.03409130666214866,0.06435816826612885,0.9567604253072921,4.446120202096373,17.61254807329764,94.22969610134983,100.0
30,LAS2-M,66305,0.06596107768284283,0.07235811986772374,0.05288632480236641,0.0306488495030931,0.04055564630744405,0.9990800090490913,4.800542945479225,23.105346504788475,98.50840811401855,100.0
30,LAS2-H,66305,0.06886811589852466,0.07598540590913262,0.055784006203574134,0.033573544592176985,0.04155881373756733,0.9990950908679587,4.60598748209034,21.791720081441824,97.98205263554784,100.0
31,RealSense D435i,77105,0.01253282409938772,0.015849661722876718,0.008998712367452004,0.005287572660752637,0.02176054500591771,0.999221840347578,82.64574281823488,95.09759418974126,99.81324168341872,100.0
31,UniDepthV2,77105,0.09919492426857097,0.09750273749728149,0.07532329615736515,0.052334892793671095,0.05765568479043201,0.9898320472083523,7.623370728227741,16.1766422410998,92.00959730237987,100.0
31,MoGe-2,77105,0.11416762052647128,0.09961508973925982,0.0859085303298581,0.07982633799958927,0.05887676589997238,0.9384735101484988,0.6886712923934893,1.6691524544452372,92.33901822190519,100.0
31,DA3,77105,0.12074809696908523,0.1283652053575921,0.0960722017653317,0.05926378681868205,0.14374673607808847,0.8028402827313403,5.483431684067181,16.84067181116659,76.68244601517411,100.0
31,BridgeDepth (RVC),77105,0.06677979706179195,0.07458710461070249,0.05486584432401877,0.034631581104375586,0.04004428732818214,0.9977822449905972,2.6068348356137734,19.730237987160365,97.01446080020752,100.0
31,BridgeDepth (Mid.),77105,0.06692662513857435,0.07530859455757463,0.05516427039068434,0.035171909445267935,0.04003397548830991,0.9964204655988587,2.7105894559367094,20.386485960702938,97.13377861357888,100.0
31,DEFOM-Stereo,77105,0.06716712425473004,0.07279340177678922,0.054638681784390235,0.03492843893560049,0.038865516139604664,0.9974839504571688,2.3617145451008366,14.506192853900526,98.0740548602555,100.0
31,FoundationStereo,77105,0.06591311825887952,0.07325835485002818,0.054184038483421584,0.034628041917396324,0.03902761115674767,0.9983918033849944,3.014071720381298,18.822385059334675,98.01698981907788,100.0
31,S2M2,77105,0.06827460957051255,0.07576183671445991,0.05619940462728197,0.035532188862014924,0.03958964424351694,0.9981453861617275,2.698917061150379,16.332274171584203,97.60586213604824,100.0
31,SGBM,77105,0.08391539708156187,0.08394237260547052,0.06498601139990925,0.04282066336032697,0.05818060258668545,0.9623759808053952,1.7223266973607418,9.59470851436353,94.59179041566695,100.0
31,LAS2-M,77105,0.06564197505910227,0.07190314259766449,0.05336492915552666,0.03430638954830101,0.039429206726130255,0.9976136437325724,3.4135270086246026,17.879514947149993,97.99753582776734,100.0
31,LAS2-H,77105,0.06609735238954147,0.07135047853991718,0.05371697688603463,0.03580350926621079,0.03749590581633963,0.9981324168341872,2.285195512612671,17.342584786978797,98.45016535892614,100.0
32,RealSense D435i,67578,0.01356343293426339,0.02637785760346397,0.009914975752387777,0.005184438504788558,0.04046462951114501,0.9936961733108408,85.06762555861374,96.33608570836662,99.34890052975821,100.0
32,UniDepthV2,67578,0.1552722217366892,0.13688020506315832,0.11017488117475802,0.08578963194344502,0.08098135185082465,0.907617863801829,3.301370268430554,8.319275503862205,70.94320636893664,100.0
32,MoGe-2,67578,0.056529138028524065,0.05785883226438785,0.043264850434821735,0.03266570280218195,0.05531796992298197,0.9892124655953121,9.874515374826128,38.16774689987866,98.78066826481991,100.0
32,DA3,67578,0.14925894042150223,0.17817020728882588,0.11911981953341998,0.07421863137764173,0.21384364144547144,0.8111219627689484,5.967918553375359,15.89570570303945,74.53313208440618,100.0
32,BridgeDepth (RVC),67578,0.06574948812923984,0.06869242368717637,0.05187538144990037,0.032100689376051206,0.043794108387574505,0.9953239219864453,1.6514250199769158,14.750362544023202,98.94936221847347,100.0
32,BridgeDepth (Mid.),67578,0.06568539171346253,0.06817443831115763,0.05180774172708575,0.0323761757719736,0.04024740925066711,0.9973808044038001,1.4043031755896889,13.181804729349789,99.24827606617538,100.0
32,DEFOM-Stereo,67578,0.06483573145547021,0.0673923612027624,0.05105445867731757,0.03121222144561525,0.04145283885186531,0.9962857734765752,1.0743141258989612,14.361182633401404,99.11065731451065,100.0
32,FoundationStereo,67578,0.06526103012015352,0.067307809590093,0.051601903535281976,0.032149473602199496,0.0407590331371269,0.9971736363905414,1.2755630530646067,13.647932759181982,99.5279528840747,100.0
32,S2M2,67578,0.06715653489071721,0.0713080641245893,0.05353387222789869,0.03301351022587318,0.04468625530161254,0.9967297049335583,1.6159105034182724,13.7234011068691,99.12841457278996,100.0
32,SGBM,67578,0.09035408833437984,0.08820007157508986,0.06780268911084487,0.04264480245962782,0.07279056834753915,0.947172156619018,0.6096658675900442,6.799550149456923,92.41173162863655,100.0
32,LAS2-M,67578,0.06588337534994315,0.06883013617687081,0.051784134343277534,0.03316346885794785,0.047245202428407886,0.9956346740063334,2.465299357779159,19.15860191186481,98.717038089319,100.0
32,LAS2-H,67578,0.06523002238722962,0.06796954119894667,0.0517070499022835,0.03229756536862671,0.04224668239648683,0.9970700523839119,1.5907543875225665,15.516884193080587,99.49095859599278,100.0
33,RealSense D435i,69700,0.01453748193952089,0.019187844480335135,0.01005413570993119,0.005672085996963394,0.029697098457688146,0.9953945480631277,82.16786226685797,93.83213773314203,99.43328550932569,100.0
33,UniDepthV2,69700,0.2645967947625911,0.18431449083063883,0.17567687242792573,0.16117603209948106,0.0680405266480854,0.4541606886657102,0.0028694404591104736,0.007173601147776184,19.83357245337159,100.0
33,MoGe-2,69700,0.05303259711071994,0.05551471072882873,0.04121806855848178,0.03380025538933418,0.054681588812271614,0.9838737446197992,28.209469153515066,37.87374461979914,98.05164992826398,100.0
33,DA3,69700,0.11005520023335973,0.11031524533281188,0.08267698744125254,0.060948957375821955,0.13571949139953207,0.8926685796269728,12.692969870875178,23.46628407460545,86.20659971305595,100.0
33,BridgeDepth (RVC),69700,0.0685499994096776,0.07481352777692137,0.0551487272313556,0.0330568577727397,0.04222053099813645,0.9958393113342898,3.278335724533716,15.905308464849355,97.58536585365853,100.0
33,BridgeDepth (Mid.),69700,0.06899499079682347,0.0755530648557526,0.05565648966328126,0.03299127009755998,0.041226499626364585,0.9957819225251076,3.3486370157819225,15.284074605451936,97.6312769010043,100.0
33,DEFOM-Stereo,69700,0.07164384250144362,0.0771626753418051,0.057764401130509783,0.03325702947740733,0.04252066997166902,0.997819225251076,3.4461979913916787,16.44045911047346,98.15208034433286,100.0
33,FoundationStereo,69700,0.06767787400698823,0.07411356664374225,0.05468545151990533,0.032358028397709904,0.04108136657489755,0.9968292682926829,3.9096126255380197,16.555236728837876,97.84361549497848,100.0
33,S2M2,69700,0.0701346578033375,0.07866443265978502,0.05711012530746545,0.03284733755968483,0.043415281419256734,0.9909756097560976,3.5466284074605454,15.183644189383068,97.53802008608321,100.0
33,SGBM,69700,0.09006154567388132,0.09604201803051841,0.06947021795532254,0.04312772235116724,0.08607743413043517,0.9514634146341463,3.922525107604017,11.434720229555237,91.98278335724534,100.0
33,LAS2-M,69700,0.07147211104451433,0.07762292296062726,0.057424561309365706,0.03364771574285724,0.045464183963264605,0.9952367288378766,3.4447632711621234,14.080344332855093,97.50215208034433,100.0
33,LAS2-H,69700,0.06962485215520217,0.0763575674065219,0.056282373773553766,0.03228051711073243,0.04302830025038037,0.9964562410329986,2.898134863701578,14.684361549497849,97.64992826398851,100.0
34,RealSense D435i,86097,0.010194985170562958,0.012442047583470875,0.007992567965741392,0.005199111723196648,0.015360246493199397,0.9999651555803338,87.29920903167357,97.22406123326016,99.98490075147798,100.0
34,UniDepthV2,86097,0.13586901305280874,0.11830390792571163,0.10693909609509894,0.10190143396383822,0.042458321253011654,0.9755276025877789,0.9558985795091584,2.8572424126276177,84.45938882887906,100.0
34,MoGe-2,86097,0.09339862319344645,0.08639335650081778,0.07530348829840552,0.07521931387327274,0.04314060949346896,0.9913469691162293,0.9524141375425392,8.334785184152759,98.74908533398377,100.0
34,DA3,86097,0.12402044795994514,0.13657047768174613,0.10796310066759646,0.0778017083192788,0.11767201021221951,0.7635225385321207,4.791107704101188,12.513792582784532,73.00835104591333,100.0
34,BridgeDepth (RVC),86097,0.07571859833366998,0.08641248496047053,0.06666679809311583,0.04664316171234961,0.039485679753625665,0.9996283261902273,0.7398631775787774,11.132792083347852,96.5318187625585,100.0
34,BridgeDepth (Mid.),86097,0.07642361418376663,0.0874677116442871,0.06727974153879022,0.04767322983591804,0.039882625034222075,0.9989778970231251,0.7177950451235234,10.571796926722184,96.1624679140969,100.0
34,DEFOM-Stereo,86097,0.07702566166076098,0.08735943020477449,0.0677570487240521,0.044861946615208814,0.04004767891333474,0.9971311427808169,0.8606571657549044,9.089747610253552,97.365761873236,100.0
34,FoundationStereo,86097,0.0753725108332691,0.08532272803148543,0.06608784354765118,0.04670684557992255,0.038744609976961185,0.9965620172596026,0.7201180064346028,8.240705251054044,96.78269858415509,100.0
34,S2M2,86097,0.07916499997527114,0.09003909273459886,0.0696327485519053,0.04876675758676008,0.0406551536514684,0.9912308210506754,0.7224409677456822,6.726134476230299,96.74901564514442,100.0
34,SGBM,86097,0.09996444242171987,0.1002940458224293,0.08144575158433318,0.06975563969842924,0.06496078539561738,0.9518101676016586,0.5830632890809204,4.145324459621125,92.22969441443952,100.0
34,LAS2-M,86097,0.0736987946891895,0.08040932639865153,0.06378692210563608,0.04732874151831179,0.035947807969772975,0.9998838519344461,0.8153594201888567,10.820353787007678,98.55047214188647,100.0
34,LAS2-H,86097,0.07474526447133464,0.08271256162043274,0.06508560326244237,0.04426000653894213,0.036415006363345326,1.0,0.5935166149807775,7.676225652461759,97.9244340685506,100.0
35,RealSense D435i,77317,0.010505227654726378,0.014637520779888833,0.008282487561043982,0.0052062214076891156,0.017190950920131474,0.9993015766260978,85.9500497949998,97.65381481433579,99.92498415613642,100.0
35,UniDepthV2,77317,0.10297213374908713,0.09950079330716177,0.08249765271761061,0.07756378523646368,0.048925362335375554,0.9958611948213201,2.829908040922436,6.664769714293104,94.89245573418523,100.0
35,MoGe-2,77317,0.10489348251822006,0.093216913252194,0.08211690634931959,0.07269985875900797,0.0473470726017907,0.9849580299287349,0.2716090898508737,3.3653659609141586,97.23864091984944,100.0
35,DA3,77317,0.10738295678014832,0.1106674394899214,0.08602237632771594,0.062345661780130235,0.1304082992650155,0.8979137835146216,11.051903203693882,22.574595496462617,83.48487396044855,100.0
35,BridgeDepth (RVC),77317,0.07254453159960979,0.0796966588394736,0.06099830468545268,0.041727183204183005,0.03718264390159342,0.999689589611599,0.8135338929342836,9.00578139348397,96.91012325879173,100.0
35,BridgeDepth (Mid.),77317,0.07302655406181759,0.08042405325142099,0.061452762489360734,0.0414235270955442,0.03751700646927848,0.9997154571439657,0.6285810365120219,8.475496979965596,96.83122728507314,100.0
35,DEFOM-Stereo,77317,0.07417045851208826,0.08126220138920018,0.06249530058868666,0.043777073426023216,0.03837570418573648,0.996482015598122,0.8406948019193708,10.559126712107298,96.9644450767619,100.0
35,FoundationStereo,77317,0.07220415755496092,0.07856868978594012,0.06052817128563732,0.04263493122064432,0.03614301365480352,0.99793059741066,0.8264676591176585,7.18341373824644,97.71589689201599,100.0
35,S2M2,77317,0.07573767192087677,0.08390503378368513,0.0639091063277743,0.043596386956960886,0.03918333769311103,0.9902220727653686,0.7734392177658213,5.200667382335062,96.70706312971275,100.0
35,SGBM,77317,0.09845956958579062,0.09685075246538756,0.07680748214623274,0.05279294057641959,0.06832607218024814,0.9381765976434678,0.37895934917288565,3.433914921686046,91.13260990467815,100.0
35,LAS2-M,77317,0.06985189157232263,0.07647450140634374,0.058409812294088564,0.04208550891349305,0.03645084163480053,0.9998577285719829,1.0553953205633948,10.631555802734198,97.62665390535071,100.0
35,LAS2-H,77317,0.07138181403125134,0.07760757698547927,0.059827116526045616,0.0421656476124419,0.03615152949978836,0.9997154571439657,0.9687390871347827,10.782880867079685,97.88015572254484,100.0
36,RealSense D435i,83527,0.014089400611692494,0.028219943112289324,0.010478698388771083,0.004766421757008976,0.036043078584687346,0.9928047218264753,84.34997066816719,95.36437319669089,99.18589198702216,100.0
36,UniDepthV2,83527,0.1489170593869772,0.14290361407623026,0.11758109254629406,0.10262156629271069,0.058470471951989136,0.9267302788319944,1.9191399188286422,2.790714379781388,77.17025632430233,100.0
36,MoGe-2,83527,0.04285900782229684,0.046069787492512566,0.033171028296020366,0.027384485990257,0.04932775068792588,0.9942772995558322,23.809067726603374,42.868772971613964,99.1978641636836,100.0
36,DA3,83527,0.10563464871160652,0.1080033883612221,0.08395567772539039,0.0591253792820261,0.1301366712308498,0.9224562117638608,8.418834628323776,25.121218288697065,86.5085541202246,100.0
36,BridgeDepth (RVC),83527,0.07474401998473942,0.08120687194279559,0.06299005647204871,0.04447804331807337,0.04074065458949952,0.9932836088929329,1.5025081710105714,10.833622660935985,98.70580770289847,100.0
36,BridgeDepth (Mid.),83527,0.07591015780958274,0.08279238233284372,0.06404362975649736,0.04596396889373522,0.041590814512159374,0.9932117758329642,1.3516587450764423,10.311635758497252,98.60883307194081,100.0
36,DEFOM-Stereo,83527,0.07548227034555967,0.08054169404845762,0.06342053027644572,0.04463664755683072,0.03974865098158661,0.994732242268967,1.1493289594981264,9.088079303698207,99.1296227567134,100.0
36,FoundationStereo,83527,0.07530729541044988,0.08088782000668861,0.06329208331098753,0.04428907476161392,0.039867268498884716,0.9941575777892179,1.0331988458821697,8.015372274833288,99.02785925509117,100.0
36,S2M2,83527,0.07659468287319252,0.08168505626743183,0.06430988204988179,0.04585336880992563,0.04010286800646972,0.9943132160858166,1.1086235588492344,7.677756892980712,99.09849509739365,100.0
36,SGBM,83527,0.09008102338844333,0.08947044731215455,0.07215697362473421,0.05340361770805524,0.0720744000948533,0.9698061704598513,1.2355286314604859,5.676008955188143,95.99530690674871,100.0
36,LAS2-M,83527,0.07400741474802561,0.07934556647308247,0.061634748211491425,0.045931599611022667,0.042274435237987816,0.9936188298394532,2.073580997761203,10.98926095753469,96.73039855376105,100.0
36,LAS2-H,83527,0.07447245127824897,0.0793873910108655,0.062216290464869047,0.04357650722161677,0.039593462154602334,0.9947442144456283,1.3923641457253344,10.375088294802879,98.86144599949716,100.0
37,RealSense D435i,69745,0.015242250652289095,0.02944553941056888,0.010643832757240663,0.005718432507104021,0.04395791416099886,0.9965588931106173,76.71661050971396,92.13276937414868,99.64298516022654,100.0
37,UniDepthV2,69745,0.2386553761347048,0.18000216279659859,0.16550443170877732,0.14791728131314763,0.08649968925174539,0.6325901498315292,0.030109685282099074,0.07312352139938347,30.71904796042727,100.0
37,MoGe-2,69745,0.06226494478989522,0.06022619043847739,0.0445608186758047,0.032700654283352226,0.05473293761371432,0.9961000788586996,11.113341458169044,30.84092049609291,99.58419958419958,100.0
37,DA3,69745,0.12012403711155707,0.11359607384769005,0.08568030423322634,0.056811420695396686,0.15511809469409554,0.882185102874758,7.901641694745143,18.91318374076995,82.80593590938419,100.0
37,BridgeDepth (RVC),69745,0.07410522970727035,0.080361051923724,0.058797674384212094,0.040642454272572404,0.05447099775161692,0.9947236361029465,1.7205534446913757,11.810165603269052,98.31385762420246,100.0
37,BridgeDepth (Mid.),69745,0.0749952445257125,0.08151434925158611,0.05967678617366877,0.0412242361542261,0.052933147988924005,0.9868951179296007,1.8668004874901427,11.828804932253208,98.39128252921357,100.0
37,DEFOM-Stereo,69745,0.07597230648395557,0.08230778514122176,0.060961955864610735,0.04027778974591012,0.05194116292125349,0.9879704638325328,1.3535020431572156,11.425908667287977,98.50025091404402,100.0
37,FoundationStereo,69745,0.07387861745089694,0.0792107407634175,0.058998574695571536,0.041336522279825205,0.049622801624125384,0.9961574306401892,1.555667072908452,11.154921499749086,98.52175783210267,100.0
37,S2M2,69745,0.07532168990880016,0.0808634792283248,0.060152192634978084,0.04114823409923862,0.05061473091620407,0.996816976127321,1.3578034267689438,9.85733744354434,98.30668865151624,100.0
37,SGBM,69745,0.09301942826435226,0.0988161769070463,0.07118689170861053,0.0463836627878903,0.087406653322456,0.958505986092193,1.21299017850742,7.70664563768012,93.42175066312997,99.99713241092552
37,LAS2-M,69745,0.07362706279639794,0.07624999984300004,0.05781262916923944,0.04344845900186134,0.054636157088706554,0.9964585274930102,1.9786364613950822,11.285396802638182,98.38554735106459,100.0
37,LAS2-H,69745,0.07348857295458566,0.07800110762427487,0.05807997249825214,0.040446230100945946,0.05132927682506556,0.996014051186465,1.689009964872034,11.21370707577604,98.33106315864937,100.0
38,RealSense D435i,72617,0.015881086656695343,0.021977196327212928,0.011342388504864496,0.006364802863300101,0.03076949108470435,0.9978242009446824,78.4623435283749,91.36841235523362,99.59651321315945,100.0
38,UniDepthV2,72617,0.25460451703804593,0.20683169442285576,0.19082458763206864,0.17025934668858145,0.05712506716033963,0.5271906027514218,0.03993555228114629,0.07573984053320848,13.656581792142337,100.0
38,MoGe-2,72617,0.08777634519689341,0.08722491789918331,0.0694098487480024,0.0544213774400828,0.04887192799084115,0.9966812178966358,4.282743710150515,12.451629783659474,97.10260682760236,100.0
38,DA3,72617,0.11261680901581594,0.12700982916175835,0.08988158942681533,0.062436571353003734,0.151310411767118,0.87555255656389,11.703870994395253,22.12842722778413,83.84538055827147,100.0
38,BridgeDepth (RVC),72617,0.07931808200125154,0.08388097236862406,0.06550806019027798,0.04711910928699592,0.044329928006059595,0.989602985526805,2.1620281752206782,11.724527314540673,97.2196593084264,100.0
38,BridgeDepth (Mid.),72617,0.0802179566483525,0.08540610129735189,0.06633341117418606,0.04762590286483748,0.04588920003552629,0.9883222936777889,2.17717614332732,11.661181266094717,96.9883085227977,100.0
38,DEFOM-Stereo,72617,0.0800848471127729,0.08444722479533905,0.06627868929778435,0.047382717430828336,0.04472988269344309,0.9909525317763058,2.689452882933748,13.995345442527233,97.78013412837214,100.0
38,FoundationStereo,72617,0.07981850671868573,0.08441841968468938,0.06601425135777117,0.04819443133294188,0.04501085775129382,0.9915309087403776,2.0876654226971643,12.352479446961455,97.37802442954128,100.0
38,S2M2,72617,0.0811772495329282,0.08547191738980743,0.06704983349897141,0.04811637753738229,0.044442777515940314,0.9894515058457386,1.9733671178925045,10.037594502664666,97.4799289422587,100.0
38,SGBM,72617,0.09099844754754828,0.08931669753111947,0.07227513424608856,0.05495624856869774,0.05951329641786819,0.9808860184254375,1.2517730008124819,6.236831595907295,96.14277648484514,100.0
38,LAS2-M,72617,0.07744700149821301,0.0823772096898126,0.06361951090299944,0.04658284862525952,0.05114148185665362,0.988845587121473,3.065397909580401,12.69950562540452,97.34635140531832,100.0
38,LAS2-H,72617,0.07861298700636296,0.08590035634214123,0.06549814270712866,0.04484544177961158,0.05186605567060842,0.9873307903108087,3.0819229656967377,13.551923103405539,97.03375242711762,100.0
39,RealSense D435i,76895,0.017028316078456077,0.024871158566846376,0.012207579002999397,0.006776364009729141,0.03280235174363505,0.9979582547629885,77.99076662981989,91.12426035502959,99.78152025489304,100.0
39,UniDepthV2,76895,0.24946969547428943,0.1892102127895765,0.17905899774513973,0.16203777704564282,0.07191493258978095,0.5573054164770141,0.0169061707523246,0.09883607516743612,29.92912413030756,100.0
39,MoGe-2,76895,0.13372086062078753,0.11830617450242215,0.10224611259901357,0.08309549909522185,0.052315233236192325,0.9776968593536641,0.31731582027440014,0.6528382859743806,82.9117627934196,100.0
39,DA3,76895,0.10290661433268,0.08902059997061561,0.07421526820437051,0.07167127009921326,0.12041474168392545,0.9582027440015606,10.074777293712204,20.674946355419728,85.9730801742636,100.0
39,BridgeDepth (RVC),76895,0.08126829186076351,0.08555884567686564,0.06703131348342492,0.04814377629495181,0.04997926159452369,0.9914298719032447,1.3772026789778269,10.933090578060991,97.67215033487223,100.0
39,BridgeDepth (Mid.),76895,0.08184490456582177,0.08630780907658206,0.06768639020470599,0.0487698603434622,0.04987568883031082,0.9914038624097796,1.4435268873138696,11.038429026594706,97.47707913388388,100.0
39,DEFOM-Stereo,76895,0.07759883231402541,0.08176667976354669,0.06404174201167553,0.04414659115460229,0.047800036473901165,0.9929254177774888,1.715326094024319,13.733012549580598,98.23785681773848,100.0
39,FoundationStereo,76895,0.08122798990939288,0.08422223218813528,0.06702113627372591,0.04891684984579314,0.047738154096301604,0.9934976266337213,1.2900708758696926,9.458352298588984,98.03498276871058,100.0
39,S2M2,76895,0.08254881854681348,0.08672830422281796,0.06827883433474137,0.04969643588382866,0.04897824909310427,0.9923141946810586,1.30307562260225,9.882307042070355,98.26126536185707,100.0
39,SGBM,76895,0.09517672471691034,0.09302827061898855,0.07575868068334987,0.05820160637271321,0.06386374126958196,0.9695168736588855,0.8466090122894856,5.304636192210157,95.49905715586189,100.0
39,LAS2-M,76895,0.08107058265144043,0.08480753002466247,0.06645292642947083,0.050302246490510516,0.05591109781342199,0.9916769620911633,2.3564601079393976,12.411730281552767,97.51479289940829,100.0
39,LAS2-H,76895,0.08067311146363962,0.08498287442782222,0.06662050721702735,0.048133981269981474,0.054604092337453454,0.9914168671565121,2.1743936536835946,12.289485662266728,97.63963846804083,100.0
40,RealSense D435i,58164,0.020184084028928476,0.022335012598819388,0.012904266675801798,0.007384192121240196,0.03525895845603677,0.9962691699332921,71.20211814868304,86.38848772436559,99.35527130183618,100.0
40,UniDepthV2,58164,0.35223710118379636,0.2612393610632366,0.24413759752715844,0.21821567831075012,0.06592441900448774,0.08795818719482841,0.010315659170621003,0.012034935699057838,0.7822708204387593,100.0
40,MoGe-2,58164,0.17466173974114252,0.16828251329743193,0.13380232776799522,0.09530418340539798,0.08355518424177794,0.8084897874974211,1.0831442129152051,2.7147376384017607,60.39130733787223,100.0
40,DA3,58164,0.1817828989679585,0.18483059297446297,0.13228260143398382,0.09381016273686132,0.27068476905183847,0.7645106939000069,7.2261192490200115,14.33016986452101,64.16683859431951,100.0
40,BridgeDepth (RVC),58164,0.08073055743090055,0.0816243297636068,0.06112265494200965,0.04524109871087223,0.050401668176472826,0.9795921876074548,1.425280242074135,8.964307819269651,96.4153084382092,100.0
40,BridgeDepth (Mid.),58164,0.08104904595595348,0.08160567002227603,0.06122330640015891,0.04540337074563805,0.05075449777972391,0.9796093803727391,1.3513513513513513,8.776906677670036,96.49439515851729,100.0
40,DEFOM-Stereo,58164,0.08131406310660526,0.08011165819632492,0.061489077669687114,0.04531514912253165,0.04909997938390991,0.9916271233065126,1.9187126057355064,9.401004057492607,97.10301904958393,100.0
40,FoundationStereo,58164,0.07843081248769607,0.0776096777996221,0.05917015254115269,0.04465269335277472,0.04776985717607341,0.9863489443642115,1.426999518602572,8.766591018499415,97.087545560828,100.0
40,S2M2,58164,0.08246394122785379,0.08238811513961973,0.06212507308957716,0.047296221318503084,0.050206922386000614,0.9798500790867203,1.1742658689223575,7.050753043119455,96.45657107489168,100.0
40,SGBM,58164,0.13211472106865724,0.12187867515026057,0.08980553433398188,0.05390254807303019,0.12116881828386528,0.8615294683996975,1.7381885702496391,6.7653531393989415,83.07716113059624,100.0
40,LAS2-M,58164,0.0843442748588846,0.08177194777134195,0.062461897002344696,0.04845521676873643,0.06032845098717062,0.9781995736194209,2.566879856956193,9.168901726153635,95.51612681383673,100.0
40,LAS2-H,58164,0.08696200423171442,0.08696877475883674,0.06509931266933494,0.04917012847594171,0.061674462708705954,0.9711677326181143,2.1611305962451,8.941957224399973,95.15164018980813,100.0
41,RealSense D435i,94113,0.01324757689720695,0.01576080302994942,0.009398123187406208,0.005617206366687055,0.02199605263284875,0.9994793492928713,82.58795278016852,91.64514997928023,99.93412174726127,100.0
41,UniDepthV2,94113,0.24997576532818402,0.1844589579392,0.17958744176988858,0.1687493527299706,0.0648271247969759,0.5602095353458078,0.04250209854111547,0.10625524635278867,30.73114235015354,100.0
41,MoGe-2,94113,0.07294714759217995,0.0709309547120698,0.055072056130895775,0.04414090170365281,0.04385089970257689,1.0,7.495245077725713,29.51239467448705,99.25408817060342,100.0
41,DA3,94113,0.11350727480147409,0.12390421427673538,0.09732675944428767,0.08343418274092274,0.12911883591529022,0.8866362776662098,10.028370150776194,20.29687715830969,81.37239276189263,100.0
41,BridgeDepth (RVC),94113,0.0852738361802465,0.09181271237772166,0.07267240912591194,0.0573855412161659,0.04197628158060879,0.9964085726732758,0.5599651482791963,6.338125444943844,96.37882120429695,100.0
41,BridgeDepth (Mid.),94113,0.08595104924471504,0.09252077266688107,0.07323382933735942,0.05850043464867538,0.042135471114191116,0.9952822670619362,0.5387140990086385,6.029985230520757,96.19499962810664,100.0
41,DEFOM-Stereo,94113,0.08801648052150507,0.09551555689682587,0.075487950573641,0.05777576880808466,0.043813927534415285,0.9922433670162464,0.6917216537566542,5.906729144751522,96.47657603094153,100.0
41,FoundationStereo,94113,0.08604890082574468,0.09163757297366602,0.07307513159453041,0.058798939908298875,0.04153500941159234,0.9903307725818963,0.4908992381498837,5.3085121077853215,96.79746687492695,100.0
41,S2M2,94113,0.08925486408046229,0.09542737408608026,0.07601852778698627,0.05916423395790449,0.04277304462329932,0.9915633334395886,0.4367090625099614,4.907929829035309,96.25981532838183,100.0
41,SGBM,94113,0.11448607788817379,0.1176993259610329,0.09093446188762982,0.0770653955705114,0.10715620271864654,0.9306578262301701,0.7767258508388852,3.967570898813129,90.36583681319264,100.0
41,LAS2-M,94113,0.08451512971598991,0.08854548420537792,0.07125520308637483,0.0545664952134689,0.04097765576415903,0.9966635852645225,1.0954915898972513,8.654489815434637,96.54139173121673,100.0
41,LAS2-H,94113,0.08550621450034158,0.09120447181197454,0.07257343473341023,0.0570060330052794,0.04159586538003296,0.9934015492014918,0.544026861326278,6.608013770679927,96.59558190685665,100.0
42,RealSense D435i,94585,0.01185619371284998,0.01348563874088098,0.009019178176174387,0.005789848808083864,0.017343336759658483,1.0,83.7289210762806,94.83004704762912,100.0,100.0
42,UniDepthV2,94585,0.19368812251350992,0.14402982645016305,0.13871291799816754,0.1312002014250444,0.05853969555618725,0.653972617222604,0.05286250462546915,0.08880900777078818,53.06232489295343,100.0
42,MoGe-2,94585,0.04967244025837389,0.043219971039513,0.03830008489202481,0.03353173943183552,0.05315977927699872,1.0,5.325368715969763,26.080245282021465,99.9989427499075,100.0
42,DA3,94585,0.09855711785135256,0.11194904601067812,0.08583057172324805,0.07025799997136062,0.10405168571831751,0.9062219167944178,13.669186446053812,24.704762911666755,85.88994026536977,100.0
42,BridgeDepth (RVC),94585,0.08593448360163679,0.0963175943301997,0.0746732019670545,0.050517858250481606,0.04314911527296186,0.9899984141248612,0.596289052175292,4.409790135856636,96.22773166992651,100.0
42,BridgeDepth (Mid.),94585,0.08670187378281555,0.09728584297563801,0.07529417861237359,0.05270401773610811,0.04364776217643775,0.9896283765924829,0.574086800232595,4.313580377438283,96.10826240947296,100.0
42,DEFOM-Stereo,94585,0.08916930330456342,0.09972151520974612,0.0776170423369618,0.049380529659509564,0.044922420507754995,0.9899878416239362,0.6903843104086271,4.968018184701592,95.97822064809431,100.0
42,FoundationStereo,94585,0.08660127428794627,0.0964121469252304,0.07519468970199758,0.05129581362570257,0.042693049090165636,0.9875350214093144,0.8574298250251097,4.578950150658138,96.75635671618122,100.0
42,S2M2,94585,0.08965476188556659,0.1014959848786835,0.07820828040061034,0.05159513090280854,0.0456780643681405,0.9890997515462283,0.7263308135539462,4.188824866522175,95.49822910609504,100.0
42,SGBM,94585,0.11819003316885081,0.12335043710261896,0.09497104805496481,0.07538653090366998,0.1059991465671461,0.9202304805201671,0.5571707987524449,3.4498070518581168,89.31648781519269,100.0
42,LAS2-M,94585,0.08586340638696138,0.09594994683445057,0.07438708836947132,0.04928648759048648,0.043823424357403544,0.9903155891526141,0.9800708357561981,7.268594386002008,96.58191045091716,100.0
42,LAS2-H,94585,0.08609572969828305,0.09524672691428027,0.07450988898454447,0.051409463854451,0.04244179395164076,0.9905904741766665,0.6713538087434583,5.700692498810594,96.68974996035313,100.0
43,RealSense D435i,83572,0.013792505844559405,0.017930957592838127,0.009869641384303792,0.0058882242612270375,0.025015155677202503,0.9991504331594314,82.0980711243,92.56329871248744,99.90786387785383,100.0
43,UniDepthV2,83572,0.11527018161108717,0.09010204781364285,0.08268358054154129,0.07799071876775326,0.039419766258917646,0.9982290719379696,0.26922892834920786,2.4553678265447756,95.52721007035849,100.0
43,MoGe-2,83572,0.04137017446709522,0.051600044320363525,0.033677386240977165,0.020837076400213095,0.05581724597903811,0.9944239697506342,31.837218207054995,58.317379026468195,99.42684152586992,100.0
43,DA3,83572,0.1068600135438128,0.11937417398430142,0.08976196590380171,0.05748714024549889,0.12110312884901978,0.8724692480735174,8.480112956492606,20.74259321303786,84.8621547886852,100.0
43,BridgeDepth (RVC),83572,0.06608036028700583,0.0679598480435444,0.05431455242860877,0.03788511935399014,0.03341303459830452,0.9991743646197291,0.7155506629014503,15.977839467764325,99.12051883405925,100.0
43,BridgeDepth (Mid.),83572,0.06697180896741105,0.06918314163659534,0.0552305161990205,0.038546416005817485,0.03395766129012562,0.9989111185564543,0.9081989182979946,14.993059876513664,99.1827406308333,100.0
43,DEFOM-Stereo,83572,0.06921944029504003,0.06915076138171097,0.056865440891323865,0.04074630038135402,0.03210313635832874,0.9991863303498779,0.5635858900110086,11.618723974536927,99.75829225099315,100.0
43,FoundationStereo,83572,0.06778293496203619,0.06845194787776478,0.05584193590537886,0.041281245428908764,0.0317335948442342,0.999258124730771,0.9141817833724215,13.617000909395491,99.74393337481453,100.0
43,S2M2,83572,0.06812052898122156,0.07026176429774923,0.05638649747969034,0.0395942270051266,0.03355746534143452,0.9991504331594314,0.5516201598621548,14.625711960943857,99.42684152586992,100.0
43,SGBM,83572,0.09097776434917448,0.11808663219741333,0.07043497555123636,0.04873439469257346,0.09678390119353006,0.952567845689944,0.704781505767482,7.361317187574786,94.13080936198726,99.96769252859809
43,LAS2-M,83572,0.06856278791888501,0.07058170157428238,0.05645519776475158,0.04012082092716174,0.034894413681555554,0.9993897477624084,1.1750347006174318,16.19800890250323,99.2964150672474,100.0
43,LAS2-H,83572,0.06770803835075831,0.07028373832064852,0.055808952677671206,0.038969874687528105,0.0351270604312626,0.9994974393337481,0.6090556645766525,15.483654812616665,99.08462164361269,100.0
44,RealSense D435i,89105,0.014374231607620486,0.017808684495189006,0.010828209393221417,0.006736017031814312,0.022236239349959743,0.9991582963918972,76.48953481847259,92.18450143089613,99.91134055327984,100.0
44,UniDepthV2,89105,0.13756982511484,0.10366243640555231,0.09865114944678079,0.0957241462602515,0.04030970278992339,0.9898434431288928,0.2772010549351888,0.9528084843723696,88.03658605016554,100.0
44,MoGe-2,89105,0.04362390714162603,0.051039125539659974,0.03615073210280062,0.025834379657676876,0.049384370841552706,0.9955109140901184,27.578699287357612,53.84770776050727,99.53537960832726,100.0
44,DA3,89105,0.09283569944479926,0.10304170687965468,0.07669556136953988,0.05269638488379891,0.11432288999483561,0.9051792828685259,19.759833903821335,29.2778183042478,86.84922282700185,100.0
44,BridgeDepth (RVC),89105,0.061029798241266135,0.06267611748464948,0.05074165773215874,0.040313643131066224,0.03085123848416325,0.9994837551203636,6.110768194826329,22.149149879355818,99.87879468043319,100.0
44,BridgeDepth (Mid.),89105,0.06149063360301108,0.06337746152401529,0.05119168421743444,0.04068814979988011,0.03149691781102705,0.9993715279726165,5.9727288030974695,22.63284888614556,99.85747152236127,100.0
44,DEFOM-Stereo,89105,0.06403623954127588,0.06454231130840199,0.05301150889844686,0.041638841768599444,0.031269407345177955,0.9994276415464901,4.270242971774872,19.734021659839517,99.86196060827113,100.0
44,FoundationStereo,89105,0.06210445165024562,0.06323637138693565,0.05157025817147135,0.04064787376769585,0.031056357887061785,0.9993490825430672,4.776387408114023,22.342180573480725,99.8563492508838,100.0
44,S2M2,89105,0.06358101851978047,0.06483328632880804,0.05275782177506766,0.04059498965873032,0.0313528414459789,0.9994164188317154,4.142304023343247,20.74855507547276,99.85971606531619,100.0
44,SGBM,89105,0.07381454657468685,0.08925665009834706,0.05852096674953747,0.04980191193902317,0.052929899138951096,0.9836260591437068,3.846024353291061,12.298973121598115,97.98103361203076,99.9696986701083
44,LAS2-M,89105,0.06069183561932174,0.060826921521033826,0.0499015761267726,0.039801772751013376,0.02985354419756701,0.9993378598282925,5.691038662252399,20.808035463778687,99.8484933505415,100.0
44,LAS2-H,89105,0.060844560388325274,0.06192796523019449,0.05040755035818117,0.039538723902517225,0.03003927413748718,0.9995623141237866,4.9379945008697606,22.9953425733685,99.85298243645137,100.0
45,RealSense D435i,82200,0.012767641364766833,0.013563979695241287,0.009025451459724254,0.006014951661875045,0.018011466284377615,1.0,81.1654501216545,95.32481751824817,100.0,100.0
45,UniDepthV2,82200,0.09945486063769528,0.08182987487789033,0.07217893052429983,0.06868927708526368,0.03963167435843048,0.9998540145985402,4.85279805352798,7.480535279805353,98.67031630170317,100.0
45,MoGe-2,82200,0.03081370857604208,0.027315430554543885,0.02106882182209858,0.016800239021197483,0.036367363378101335,1.0,32.632603406326034,65.25060827250608,100.0,100.0
45,DA3,82200,0.13248392975212392,0.15816037706919844,0.10220841343855795,0.0508743131991351,0.21577060532391346,0.8036496350364963,4.4440389294403895,16.912408759124087,74.60097323600974,100.0
45,BridgeDepth (RVC),82200,0.05831741594374775,0.05491900391967164,0.0443244221544999,0.03574282371864784,0.02799917759506492,0.9998053527980535,5.086374695863747,25.19221411192214,99.90389294403893,100.0
45,BridgeDepth (Mid.),82200,0.058392275414849315,0.05541518598108596,0.0444949121893979,0.03530274556484225,0.028583445709983925,0.9998540145985402,5.60948905109489,26.350364963503647,99.90997566909977,100.0
45,DEFOM-Stereo,82200,0.05877822514799561,0.054958173673081326,0.04463529837867046,0.035206357124509646,0.027520339727369947,1.0,4.815085158150851,24.188564476885645,99.9294403892944,100.0
45,FoundationStereo,82200,0.05868589582254296,0.055077209403228466,0.0447178812773668,0.03693033775972432,0.027736521111694785,0.9997931873479319,4.912408759124087,25.720194647201943,99.87712895377129,100.0
45,S2M2,82200,0.05987129180052799,0.0562192697001083,0.045508141788213094,0.03672548060458408,0.02842423104022391,0.9998905109489051,4.355231143552311,23.21411192214112,99.90997566909977,100.0
45,SGBM,82200,0.0691344571850344,0.061967896008155124,0.05060926571625836,0.04274094775227344,0.042081348427658906,0.982603406326034,1.8856447688564477,13.009732360097322,98.09975669099757,100.0
45,LAS2-M,82200,0.057970248433805306,0.05337065165050457,0.04337499991569147,0.03375878924837794,0.02942100223419728,1.0,6.484184914841849,26.54744525547445,99.93430656934306,100.0
45,LAS2-H,82200,0.05873511941418158,0.054427003735638406,0.04428502011706521,0.03604050481973087,0.029767797090017884,0.9999513381995134,5.249391727493917,28.183698296836983,99.82968369829683,100.0
46,RealSense D435i,86071,0.015650378686538128,0.014866950388804354,0.009628368788413279,0.007873177224927863,0.021483178909002844,0.999395847614179,65.86190470657945,95.32943732499913,99.93261377235073,100.0
46,UniDepthV2,86071,0.1100474360632493,0.09724459244887826,0.0724541597219057,0.06641626535863765,0.05899865557052545,0.9670388400274192,4.231390363769446,11.234910713248365,95.07615805555878,100.0
46,MoGe-2,86071,0.03406148748949426,0.03276932973171839,0.021696934758406883,0.013212321593570331,0.04453855828613103,0.9993726109839551,34.2287181512937,74.07721532223397,99.93261377235073,100.0
46,DA3,86071,0.2918005403050822,0.2265503627774616,0.16457148161515928,0.10294757383980968,0.2749587078863897,0.6717477431422895,1.0944452835449803,2.3515469786571552,47.42015312939318,99.99651450546642
46,BridgeDepth (RVC),86071,0.05281200966466689,0.04472566220518244,0.03475823069902131,0.024738340895025357,0.03330585872122222,0.9997211604373134,15.86829477989102,40.26210918892542,99.96979238070895,100.0
46,BridgeDepth (Mid.),86071,0.052568899677567796,0.04498009234901263,0.0346464435667537,0.024726390103676166,0.03469660979992204,0.9995585040257462,16.953445411346447,40.86045241719046,99.95352673955223,100.0
46,DEFOM-Stereo,86071,0.05372778994301577,0.045792928407228414,0.03553326332876357,0.027548846739995025,0.03411269286175968,0.9995236490804104,15.326881295674502,40.81978831429866,99.92796644630596,100.0
46,FoundationStereo,86071,0.053166856308512894,0.044928346481779825,0.035025095515095125,0.024645146107492577,0.03315256829198736,0.9996979238070896,14.537997699573607,41.71788407245181,99.96165956013058,100.0
46,S2M2,86071,0.05417371456809548,0.04688561134640915,0.03588908714712625,0.025292434676522313,0.03429674922996247,0.9996630688617537,14.413681727875824,41.74576802872048,99.90589164759326,100.0
46,SGBM,86071,0.07401772438631903,0.23581085423793313,0.046625970804449406,0.0291190012588759,0.11292449219833517,0.9919136526820881,17.59477640552567,39.77646361724623,98.76264944057813,99.59452080259321
46,LAS2-M,86071,0.05217935945369877,0.044390118350083024,0.03415485421778695,0.02575418687750608,0.03529009690188716,0.9995468857106342,17.218342995898738,42.829756828664706,99.90705347910446,100.0
46,LAS2-H,86071,0.053301039894164605,0.04540755232079145,0.03519364247640805,0.024552887832048564,0.03367385913099354,0.9996979238070896,14.756422023678125,43.18992459713492,99.96630688617537,100.0
47,RealSense D435i,77161,0.028229326228469426,0.04459364355114206,0.01541039386927171,0.006080000237341621,0.07689946665129903,0.977307188864841,77.30589287334276,91.5410634906235,97.68665517554204,100.0
47,UniDepthV2,77161,0.15317346969102338,0.1536133532423117,0.12061780744056297,0.0554103899012649,0.0913747195433456,0.8069879861588108,4.0396055001879185,8.501704228820259,51.90316351524734,100.0
47,MoGe-2,77161,0.12235459398871168,0.13030738714771745,0.0983478026267534,0.08235655943012987,0.08164037637562015,0.931675328209847,9.180803773927243,21.294436308497815,71.85495263151074,100.0
47,DA3,77161,0.12021774683544394,0.11036802996973927,0.08064297991921912,0.060315703859440295,0.14623620181255442,0.8639597724238929,11.924417775819391,23.9343709905263,80.16096214408833,100.0
47,BridgeDepth (RVC),77161,0.07442597050253388,0.06398442958113132,0.054340198683911566,0.0445670777578282,0.0409850942808536,0.99631938414484,0.9408898277627299,6.027656458573632,99.58787470354194,100.0
47,BridgeDepth (Mid.),77161,0.07514320158362961,0.06453912229162993,0.05492050787439476,0.04508814340740641,0.04143648906082575,0.996008346185249,0.820362618421223,5.642746983579787,99.56065888207773,100.0
47,DEFOM-Stereo,77161,0.08126409250540753,0.07076900801320422,0.060027154401817745,0.04720632075777109,0.04073021924841984,0.992353650160055,0.8229546014178147,5.274685398063789,98.76362411062584,100.0
47,FoundationStereo,77161,0.07586742536266586,0.0655477852452735,0.05581604984203106,0.04516680341580048,0.038738583439833815,0.9971358587887663,0.7426031285234769,5.46130817381838,99.53085107761693,100.0
47,S2M2,77161,0.07650666119613005,0.06659505897411033,0.05643402518873294,0.044323514094086414,0.0403043626730072,0.9965526626145332,0.5715322507484351,3.8724225969077644,99.60990655901297,100.0
47,SGBM,77161,0.09254997523836005,0.08220669370821108,0.0654447791088664,0.050819555655880255,0.08353179210096101,0.9480048210883737,0.996617462189448,4.767952722230142,94.03325514184627,100.0
47,LAS2-M,77161,0.07486215976089436,0.06508921172264176,0.05465933287643162,0.04465783740540652,0.041603730854758804,0.9968248208291753,4.414147043195396,10.945944194606083,99.55029095009137,100.0
47,LAS2-H,77161,0.07641876479276494,0.06699095366371018,0.05633619778420518,0.046298079965194416,0.04079178848085941,0.996941460064022,1.6005495003952774,7.900364173611021,99.49326732416635,100.0
48,RealSense D435i,74046,0.027042104244997128,0.0228613019167231,0.017906914155264842,0.018491118737363754,0.023431371594842085,0.9986900035113307,33.064581476379544,77.97855387191746,99.85954676822516,100.0
48,UniDepthV2,74046,0.16191352511648502,0.13766416812771493,0.11511763557011455,0.08706501385215415,0.05253157974816121,0.9217108284039651,0.02295870134781082,0.04726791453961052,67.84701401831295,100.0
48,MoGe-2,74046,0.08788233822974448,0.09245211448056298,0.06712355960497537,0.03764046957429573,0.1002867300723735,0.9914377549091106,2.46603462712368,18.12116792264268,93.29200767090727,100.0
48,DA3,74046,0.1747070590519752,0.17010112206534259,0.11741634362526339,0.06702837579375892,0.22915644639585153,0.7254004267617427,5.2669961915566,11.729195365043351,66.44113118872053,100.0
48,BridgeDepth (RVC),74046,0.036863412912928196,0.03920341203487509,0.02789433626860843,0.017756551159359923,0.03189751953278581,0.9987440239850903,30.684979607271156,57.68981443967264,99.84874267347324,100.0
48,BridgeDepth (Mid.),74046,0.03767488746531976,0.04029262033653324,0.028566994743530513,0.018106095959910806,0.03291141873364826,0.9984874267347325,30.888906895713475,56.737703589660484,99.82308294843746,100.0
48,DEFOM-Stereo,74046,0.041726963838642724,0.04353168828790522,0.031333729090095706,0.01985583816433506,0.03463465028185443,0.9983928909056532,27.909677767874026,51.74351079058963,99.78932015233774,100.0
48,FoundationStereo,74046,0.03690060776064694,0.039479299733005,0.027885057483500307,0.01783989926278534,0.032658658899900085,0.9985009318531723,29.867919941657888,58.497420522377986,99.76636145098993,100.0
48,S2M2,74046,0.03833511003243698,0.0420129565939416,0.029342232683263445,0.01846878336471003,0.033303702954969636,0.9985279420900521,31.372390135861494,56.47435378008265,99.76771196283391,100.0
48,SGBM,74046,0.04217837008418672,0.04646007722479815,0.03182932590180054,0.01888163840705054,0.045174336549232454,0.9951516624800799,24.606325797477243,54.71598735920914,99.39091915836103,100.0
48,LAS2-M,74046,0.037806757621044323,0.03907506825184044,0.028038026463126985,0.01740254002707531,0.03269585013101141,0.999270723604246,33.56021932312346,57.3778462037112,99.81903141290549,100.0
48,LAS2-H,74046,0.03677195201611116,0.03887735048625963,0.02766374390928418,0.017605005316379707,0.03172640768466081,0.999149177538287,34.45966021122005,57.93020554790266,99.84604164978526,100.0
49,RealSense D435i,73625,0.034567760488258346,0.06204343128571078,0.01699434702589726,0.009354708463502615,0.095806697232436,0.9860509337860781,52.757894736842104,93.70322580645161,98.60237691001697,99.96332767402377
49,UniDepthV2,73625,0.32737562712934876,0.20776536262188938,0.18558039619892977,0.15957429971978854,0.12647332491502186,0.17123259762308998,0.0,0.0,0.6112054329371817,99.62784380305602
49,MoGe-2,73625,0.03450319358094129,0.041716288727842825,0.019539244019746296,0.015576264757383829,0.05537943696932697,0.9957894736842106,33.59185059422751,66.23157894736842,99.56943972835313,99.96740237691002
49,DA3,73625,0.22404135279075496,0.18403708986031744,0.12643268927885118,0.083462117636801,0.28650718788638424,0.6242852292020373,13.943633276740238,25.200679117147708,57.34601018675721,100.0
49,BridgeDepth (RVC),73625,0.05198505996796236,0.05327535976910251,0.032340247657763825,0.02220589748881696,0.054771207390381514,0.9965636672325976,12.65602716468591,43.21086587436333,99.57079796264856,99.9918505942275
49,BridgeDepth (Mid.),73625,0.05194500194111542,0.051472293838686435,0.03234975623407402,0.022444328884384523,0.050159846611523784,0.9968760611205433,12.855687606112054,42.4937181663837,99.56672325976231,99.98913412563667
49,DEFOM-Stereo,73625,0.05578856862706432,0.0602062495624175,0.03471695065700621,0.021332180138013523,0.0656386801638417,0.9944584040747029,10.535823429541596,41.9572156196944,99.28828522920203,99.97826825127335
49,FoundationStereo,73625,0.052254130149645216,0.05296640574279213,0.03215031448712458,0.022101024870070818,0.055757153183944266,0.9964142614601018,11.176910016977928,42.83870967741936,99.46485568760612,99.96332767402377
49,S2M2,73625,0.05092470187315899,0.04331777424389108,0.031580033562248075,0.022566715684902205,0.03412395505033234,0.9997011884550084,11.864176570458405,42.80339558573854,99.44448217317488,99.99320882852291
49,SGBM,73625,0.09090202145263195,0.32255998260874524,0.052260795410155436,0.019860894726400402,0.15241375890767597,0.9892971137521223,6.492359932088284,44.77147707979626,98.61460101867571,99.62376910016978
49,LAS2-M,73625,0.04788555084221943,0.04752704583287432,0.029818168035996632,0.021413821126940236,0.04688282392839852,0.9978132427843803,16.556876061120544,43.91035653650255,99.68217317487267,99.99320882852291
49,LAS2-H,73625,0.04683595045232002,0.04388746817492387,0.029557928427325235,0.021611430876719906,0.03819900777045473,0.999062818336163,16.262139219015282,44.31103565365026,99.80169779286928,99.99592529711376
50,RealSense D435i,77773,0.02021151613797108,0.015559788574269809,0.011996890300656085,0.010685098962918582,0.021465236476905066,0.9996271199516542,50.05721780052204,87.72967482288198,99.95628302881462,100.0
50,UniDepthV2,77773,0.1982143737588423,0.12219720200590188,0.11985681766807728,0.11836121954139378,0.04103973295144517,0.861700075861803,0.007714759620948144,0.010286346161264191,41.05923649595618,100.0
50,MoGe-2,77773,0.03820400660237808,0.03748765170308948,0.02571555649005194,0.013871669377439777,0.05087886446423971,0.9984956218739152,35.56247026603063,59.51294150926414,99.8405616345004,100.0
50,DA3,77773,0.12121925231627964,0.13668718806379596,0.08355473764613736,0.04025904559514304,0.19925702611864762,0.8202975325627145,12.510768518637574,29.00878196803518,77.31217774806166,100.0
50,BridgeDepth (RVC),77773,0.0774102463081708,0.06068095735333064,0.05190549471059362,0.040156322559624535,0.025137000771150355,0.9987527805279467,0.5323184138454219,3.0126136319802503,99.78912990369409,100.0
50,BridgeDepth (Mid.),77773,0.07754274578445787,0.06063967241634648,0.05199636156799958,0.04028034065320618,0.024893451280178024,0.998868501922261,0.5426047600066861,2.8570326462911293,99.80841680274646,100.0
50,DEFOM-Stereo,77773,0.08002020294985965,0.06131105536578659,0.053381748712943364,0.04065803680517177,0.024472928852564996,0.9989070757203656,0.39602432720867137,2.408290795005979,99.75184189885951,100.0
50,FoundationStereo,77773,0.07771704229420004,0.060313780639578006,0.05189876865544581,0.04049652789790992,0.025342371717569884,0.9984570480758104,0.33044887043061216,2.571586540316048,99.75312769212967,100.0
50,S2M2,77773,0.07856647519624976,0.06099714878938952,0.0524659545892681,0.040769033871653426,0.025430258292188396,0.9989199336530673,0.8164787265503453,3.1437645455363685,99.75569927866998,100.0
50,SGBM,77773,0.0827961758472246,0.06353973023955486,0.05492027777770004,0.04396899817750621,0.02678159427124148,0.9972612603345634,0.5271752407647898,1.819397477273604,99.42653620150952,100.0
50,LAS2-M,77773,0.09663587363211382,0.09223292674293543,0.06672213998064584,0.04023310384664036,0.06129111987032257,0.9485168374628727,0.9604875728080439,3.994959690380981,92.31995679734612,100.0
50,LAS2-H,77773,0.08908328994749246,0.07825357214364637,0.060831465817452884,0.04082528713908995,0.04659129341034826,0.9718282694508377,0.8859115631388785,3.3739215408946546,95.36985843416096,100.0
51,RealSense D435i,71493,0.014638796656032026,0.017678073862016527,0.009636046417116817,0.005937133022272556,0.02637794875955593,0.9994265172814122,80.7617528988852,92.61466157525912,99.88390471794442,100.0
51,UniDepthV2,71493,0.14336617635582963,0.09567923959594579,0.09272669644053773,0.08966375403128812,0.029899605781485494,0.9929503587763837,0.08672177695718462,0.2545703775194774,94.71556655896381,100.0
51,MoGe-2,71493,0.06953451925532543,0.05280472071635528,0.044628660365316826,0.0408821912448426,0.04557998808517512,0.9968388513560769,13.597135383883737,18.55566279216147,99.60835326535465,100.0
51,DA3,71493,0.1600556866826143,0.15600690946210216,0.11076525121996345,0.06258333294844731,0.227457815861641,0.7436112626410978,6.427202663197795,11.827731386289567,66.45265970094975,100.0
51,BridgeDepth (RVC),71493,0.06960624743499513,0.06187292154614889,0.05095034109720966,0.04299438324899241,0.03389863169648318,0.9987131607290224,1.7987775026925712,6.512525701816961,99.71885359405816,100.0
51,BridgeDepth (Mid.),71493,0.06979053093164005,0.061945207960720644,0.05105624192155054,0.04258910455920084,0.03402477670702434,0.9985592995118403,1.818359839424839,6.495740841760732,99.7440308841425,100.0
51,DEFOM-Stereo,71493,0.07339958245763535,0.06574559600021804,0.053815780745676445,0.04393858055802158,0.03490616129031927,0.9990908200802876,1.4588840865539283,6.183822192382471,99.6405242471291,100.0
51,FoundationStereo,71493,0.06896793671162771,0.061236266384066845,0.050428593046035725,0.041795934229982734,0.033635215572585586,0.9990908200802876,1.7512203991999216,6.140461303903879,99.82795518442364,100.0
51,S2M2,71493,0.07149013852761232,0.0627880062437088,0.05216045218493369,0.044858642673872184,0.03279248841336565,0.999188731763949,1.76940399759417,6.04394835858056,99.78459429594506,100.0
51,SGBM,71493,0.07774024436556706,0.07432506840033559,0.05595383375514332,0.04690095485100776,0.0656179361209217,0.9883345222609207,0.7609136558823941,3.794777111045837,98.29074175094064,99.99720252332396
51,LAS2-M,71493,0.07272564032455765,0.06524865933051043,0.05296149397124152,0.04021032710739292,0.03664787959082677,0.9991327822304281,1.0462562768382917,9.035849663603429,99.80417663267733,100.0
51,LAS2-H,71493,0.0710068135007781,0.062325008817124605,0.05162618267412104,0.04287293848181961,0.033031743808312225,0.9986432238121214,1.4043332913711832,6.38943672807128,99.82655644608563,100.0
52,RealSense D435i,79590,0.020477549189709347,0.020303984508811216,0.013870849700739239,0.010165570079914726,0.031025029855086043,0.9989445910290238,62.69883151149642,89.13682623445156,99.88817690664656,100.0
52,UniDepthV2,79590,0.2501536731811855,0.16974752900976073,0.16609296593787604,0.1591636187492519,0.056870135676701364,0.5019474808393014,0.0062821962558110315,0.01759014951627089,22.965196632742806,100.0
52,MoGe-2,79590,0.05847461380133154,0.04801881110419372,0.040969941032523736,0.03603494142097635,0.040551753190237703,0.9983540645809775,12.019097876617666,21.437366503329564,99.78263600954894,100.0
52,DA3,79590,0.15666077863412747,0.11364260941648771,0.09713589515811645,0.09298499066826693,0.12589044048812234,0.8439879381831888,6.497047367759769,13.118482221384594,63.212715165221766,100.0
52,BridgeDepth (RVC),79590,0.07037851178032584,0.06796981969806361,0.05456138491630148,0.04440433471267763,0.03993245414343227,0.9988566402814424,2.7113959040080413,16.11634627465762,99.67835155170248,100.0
52,BridgeDepth (Mid.),79590,0.07064536699338023,0.06837054846433775,0.05480853893800805,0.043651465625133,0.04085221080680001,0.9988063827113959,2.5844955396406584,15.733132303053146,99.66201784143736,100.0
52,DEFOM-Stereo,79590,0.07086625071287832,0.06862772507147204,0.05481203900932784,0.04240206510447109,0.0428278074786469,0.9986807387862797,3.0971227541148387,12.833270511370776,99.55522050508858,100.0
52,FoundationStereo,79590,0.0701066647490711,0.06808863614130482,0.05437143417038363,0.04195428898595971,0.041274674620914546,0.9990953637391632,2.1648448297524814,15.583616032164846,99.68086443020479,100.0
52,S2M2,79590,0.07351701142542319,0.07105434801298748,0.056890543687939076,0.043497428767567514,0.04236386430258776,0.9992084432717678,2.2188717175524566,12.821962558110314,99.50621937429325,100.0
52,SGBM,79590,0.08235803759834726,0.07655423425189345,0.0620888167341316,0.045081905625885654,0.06370120298953523,0.9816936801105667,1.5868827742178664,7.675587385349919,97.08003518029903,100.0
52,LAS2-M,79590,0.07134025004870194,0.06965537353206189,0.0550108882224745,0.04091718911027842,0.04448137145481894,0.9985048372911169,3.00665912803116,17.288604095991957,99.60045231813042,100.0
52,LAS2-H,79590,0.071707327818895,0.06866123642678333,0.05509745443875083,0.042193648094689284,0.04156573158504466,0.9986807387862797,2.447543661263978,15.353687649202161,99.45344892574444,100.0
53,RealSense D435i,70145,0.01530351777934244,0.017965439949676833,0.010328800283550885,0.005663132936157167,0.02808110628287906,0.9993442155534963,79.63361608097512,91.00149689928007,99.90448356974838,100.0
53,UniDepthV2,70145,0.23880905636857727,0.195906092887047,0.17548007705662108,0.13852999599204796,0.060751071304698936,0.6035070211704326,0.41057808824577663,0.7926438092522631,21.1846888587925,100.0
53,MoGe-2,70145,0.042998712342406785,0.040925052008057065,0.029826355251931693,0.024370029261775006,0.05571650785966413,0.9867132368664908,22.49483213343788,53.205502886877184,98.53588994226246,100.0
53,DA3,70145,0.24750955973723932,0.17376200614143245,0.15680353841356057,0.14988749748426466,0.18525778633012874,0.4798631406372514,3.489913750089101,6.302658778245064,34.51564616152256,100.0
53,BridgeDepth (RVC),70145,0.07854436888819513,0.0784761233989257,0.061859754831923026,0.04733327913002061,0.043302351370561896,0.9912181908902986,1.8846674745170717,12.924656069570176,98.58436096656925,100.0
53,BridgeDepth (Mid.),70145,0.07893166851860356,0.07856196059251792,0.06212887181018755,0.04738770684012883,0.04299846182406609,0.9910613728704826,2.075700335020315,12.179057666262741,98.60574524199872,100.0
53,DEFOM-Stereo,70145,0.0821768077521241,0.08024779776520506,0.06443702012416676,0.04907268543666543,0.04297766007910651,0.9986884311069927,2.3836339012046475,11.135505025304726,98.76826573526267,100.0
53,FoundationStereo,70145,0.07889546217432292,0.07836837106528893,0.062053153254719697,0.046353368952788965,0.044005522631550456,0.9977475229880961,2.099935847173712,11.377860146838692,98.58863782165514,100.0
53,S2M2,70145,0.08158625618207149,0.08147837905971977,0.06417600676314981,0.04737353036468839,0.04462579523574404,0.9906764559127521,1.9687789578729773,10.803335946966996,98.49454700976548,100.0
53,SGBM,70145,0.08430587930955648,0.07919879501571556,0.06469236468677235,0.054015879077722206,0.07326340286567383,0.9796706821583862,2.5318982108489556,13.114263311711454,97.16301945969063,100.0
53,LAS2-M,70145,0.08411197840900493,0.0898665555668217,0.06598816848352763,0.04076482260313674,0.0587154240806995,0.9832489842469171,4.2811319409793995,16.511511868272862,95.86285551357902,100.0
53,LAS2-H,70145,0.08028193904610835,0.08049560441754937,0.06301172325427011,0.044618219165226125,0.04449291595111554,0.9961508304226958,2.5418775393827073,12.333024449354909,98.5900634400171,100.0
54,RealSense D435i,76394,0.018032317955712758,0.021038396798441602,0.01227749343224966,0.00747848122062833,0.03102180843398989,0.9982459355446763,72.35384977877844,89.64971071026521,99.78139644474697,100.0
54,UniDepthV2,76394,0.17420938733375338,0.13985584655171948,0.12677010119748414,0.11352670938837534,0.04208390531038974,0.94358195669817,0.12697332251223917,0.46469618032829807,65.999947639867,100.0
54,MoGe-2,76394,0.03969169915562381,0.04734055336860817,0.02876665904790557,0.018306562465065346,0.058897569718119894,0.984527580700055,40.63015420059167,61.675000654501666,98.2406995313768,100.0
54,DA3,76394,0.15119891740604174,0.11091378249444535,0.09526816743064422,0.09896315876097339,0.11336619254365218,0.8606958661675,9.016414901693851,16.852108804356362,60.59507291148519,100.0
54,BridgeDepth (RVC),76394,0.07563922948165976,0.07686212225139068,0.05961509911194879,0.043114558834608074,0.04345858591383753,0.9990051574731,4.280440872319816,14.770793517815536,98.81142498101944,100.0
54,BridgeDepth (Mid.),76394,0.07655415782779354,0.07846374764787693,0.06048146127760499,0.043288998738614526,0.044689476165498405,0.9990444275728461,4.381234128334686,14.901693850302381,98.53653428279708,100.0
54,DEFOM-Stereo,76394,0.07572122031709794,0.07660742182017087,0.059598296564924026,0.04442359664146145,0.043619222931124566,0.9988480770741157,5.03442678744404,14.050841689137892,98.68706966515694,100.0
54,FoundationStereo,76394,0.07614942225696761,0.07692614064560897,0.05999808715022531,0.043078816055534375,0.04300905772109005,0.9992276880383276,4.347200041888106,12.989239992669582,98.74859282142576,100.0
54,S2M2,76394,0.07758344124393704,0.07846773687203235,0.06110555401463079,0.04427965616495183,0.04329923475668686,0.9992276880383276,4.372071105060607,12.312485273712594,98.70801371835485,100.0
54,SGBM,76394,0.08845319541132463,0.085896176053604,0.06657555190964481,0.04725776638645379,0.06634377294572028,0.9701809042594968,4.17572060633034,10.705029190774145,95.99968583920203,100.0
54,LAS2-M,76394,0.07674441138723093,0.07675132323410244,0.059384391067130074,0.042926322839202447,0.04642015415369994,0.9959944498259026,6.0672304107652435,16.427991727098988,98.43443202345735,100.0
54,LAS2-H,76394,0.07516722360698742,0.07493628818856526,0.058577650128399966,0.04247177735622626,0.04329221479103718,0.9991753279053329,4.3759981150352125,14.876822787129878,98.70670471502999,100.0
55,RealSense D435i,72151,0.014681259906118306,0.018442023186511676,0.009760356289684354,0.0062183966005600055,0.027564245267367123,0.9978240079832573,76.80281631578218,94.00701306981192,99.72280356474616,100.0
55,UniDepthV2,72151,0.2896299879008658,0.20250216129029738,0.19216825140122207,0.1815808482590836,0.07456088513538782,0.3436404207841887,0.0,0.0,10.855012404540478,100.0
55,MoGe-2,72151,0.06296087369072591,0.06516764985422252,0.043822758376479705,0.03504048093725565,0.0864880801602828,0.9835899710329725,6.198112292275922,25.341298110906298,98.31464567365664,100.0
55,DA3,72151,0.17231094586761833,0.13458099321114883,0.10978701089803779,0.09962359877155258,0.1349552787136266,0.8215686546271015,8.512702526645507,14.853570983077159,59.99916841069424,100.0
55,BridgeDepth (RVC),72151,0.0755677727879255,0.07714182661971196,0.05699250354757794,0.043020393203526575,0.053736939542787125,0.991088134606589,3.2140926667683054,15.527158320743995,98.91338997380494,100.0
55,BridgeDepth (Mid.),72151,0.07516984312857752,0.07616265036060364,0.05679209797399461,0.042775594550266804,0.051810972528460154,0.992210780169367,3.1156879322531914,14.95613366412108,99.03535640531663,100.0
55,DEFOM-Stereo,72151,0.07401040966778528,0.07644640192348433,0.05591863222987238,0.04258115675982321,0.0509181184616625,0.991129714071877,4.053997865587449,14.660919460575736,98.82052916799489,100.0
55,FoundationStereo,72151,0.07200744208470043,0.07169314787263369,0.05476028248776993,0.04076184544100114,0.04466121924250344,0.9952599409571593,3.340217044808804,15.89305761527907,99.33472855539077,100.0
55,S2M2,72151,0.07543569318179726,0.07529820232282228,0.05681260029971278,0.04312140355580096,0.04954493654826169,0.9934858837715347,2.846807390056964,14.045543374312205,99.16841069423847,100.0
55,SGBM,72151,0.08233743221511959,0.07660800611151664,0.05991895362157068,0.04707376722570922,0.058144702064019296,0.9849343737439537,2.383889343183047,9.995703455253565,98.19545120649748,100.0
55,LAS2-M,72151,0.07789159204862496,0.0826601465298418,0.057947479663637086,0.03962357289190033,0.06434673619839347,0.9862094773461213,4.706795470610247,16.888192817840363,97.61611065681696,100.0
55,LAS2-H,72151,0.0742225706912818,0.07389268350179853,0.05563278726686327,0.04247199391463752,0.05218977573965092,0.9924741167828581,4.221701708916023,15.931865116214606,99.12128730024531,100.0
56,RealSense D435i,81236,0.01559321895406871,0.023929399070334964,0.011503412201982312,0.005678156306698656,0.030431213714594885,0.9961224087842828,77.58259884780146,92.70766655177508,99.527303166084,100.0
56,UniDepthV2,81236,0.2156301727764281,0.1492789527053615,0.14468296458228405,0.14018135487931044,0.06331305776327856,0.6291791816436063,0.004923925353291644,0.014771776059874933,37.71357526219902,100.0
56,MoGe-2,81236,0.04277055595974712,0.050799127198541474,0.03445873849126282,0.024338907376659724,0.054165453599709826,0.9941774582697326,32.21108867989561,49.40174306957507,99.32172928258409,100.0
56,DA3,81236,0.10941400280207171,0.09701790709614097,0.07694891365637863,0.06389294183166488,0.12918654404729923,0.9184474863361072,8.398985671377222,15.923974592545175,85.67260820325964,100.0
56,BridgeDepth (RVC),81236,0.07915538209124849,0.08408453302660196,0.06488182754442587,0.044981592979260576,0.04368096549545816,0.9952484120340735,2.0163474321729282,10.417795066226795,96.79329361366882,100.0
56,BridgeDepth (Mid.),81236,0.07903825960498612,0.083926550445523,0.06479145946427278,0.044868317613868225,0.04367333360790176,0.9957900438229357,1.867398690235856,10.281156137672953,96.85361169924664,100.0
56,DEFOM-Stereo,81236,0.07955618536613786,0.08361696821380186,0.06510001692983608,0.04375524324458391,0.04263307640751115,0.9978211630311684,2.433650105864395,10.644295632478212,96.56433108474076,100.0
56,FoundationStereo,81236,0.0778639760278286,0.0817162247160532,0.06372030748609922,0.044323143554010236,0.04187815786820531,0.9982643163129648,2.6121423999212174,11.264710226992959,97.10719385494116,100.0
56,S2M2,81236,0.08086522885046159,0.08690441961294865,0.06631875442421233,0.04522942622201892,0.04516877382858348,0.9877148062435374,2.0237333202028656,9.435471958245113,96.45477374563002,100.0
56,SGBM,81236,0.08846478563070281,0.08822970404004152,0.07062850162445351,0.050166545196304924,0.04847377578247228,0.9888719287015609,1.3097641439755774,6.865182923826875,95.79989167364222,100.0
56,LAS2-M,81236,0.07781148971631276,0.08476600925558041,0.06371340861579324,0.04241848350214927,0.04647748765869865,0.9869639076271604,2.436112068541041,14.32246787138707,96.37968388399231,100.0
56,LAS2-H,81236,0.07946344264574196,0.08455490863541508,0.06516398708458752,0.04315854583604456,0.04543019497858359,0.9943251760303313,1.9831109360382095,10.927421340292481,96.61972524496528,100.0
57,RealSense D435i,32256,0.02353896882634318,0.030565274301729183,0.014573434753269176,0.00547834959815463,0.05820610077560985,0.9891183035714286,74.49776785714286,86.61954365079364,98.00347222222221,100.0
57,UniDepthV2,32256,0.4716805015521117,0.32158761021207616,0.3046017737533113,0.3087834455410431,0.1578439899752088,0.040891617063492064,0.6262400793650794,1.0323660714285714,2.9389880952380953,100.0
57,MoGe-2,32256,0.12737321115636627,0.09546045136937602,0.08268656426189838,0.07151720571695447,0.11711490539878164,0.9006386408730159,0.833953373015873,2.9172867063492065,85.68018353174604,100.0
57,DA3,32256,0.28994965079021906,0.19350927522642633,0.15223720841772995,0.10695450010786989,0.3441921633805118,0.6453062996031746,7.111855158730158,14.202008928571427,59.50210813492064,99.83878968253968
57,BridgeDepth (RVC),32256,0.09534167792897362,0.10695836645101231,0.0806142336162976,0.05173477096865614,0.0687970699395532,0.9828249007936508,2.0709325396825395,18.684895833333336,90.36768353174604,100.0
57,BridgeDepth (Mid.),32256,0.09597188583897237,0.10845150067364161,0.08130264633396388,0.051535264334855946,0.06948274455974937,0.9817398313492064,2.0709325396825395,18.96081349206349,90.14446924603175,100.0
57,DEFOM-Stereo,32256,0.09782737065410156,0.10886784535958081,0.08261544623313999,0.05601456242562197,0.06645294856853397,0.9826388888888888,1.7795138888888888,13.798983134920634,89.30121527777779,100.0
57,FoundationStereo,32256,0.09579014659775127,0.10570688802760013,0.08045881863371841,0.05288003500846078,0.06907468968255245,0.9835379464285714,1.9283234126984128,11.83655753968254,91.16443452380952,100.0
57,S2M2,32256,0.09873608445310882,0.11108871231459663,0.08384387924249621,0.0543313317275137,0.06817283868380386,0.984437003968254,1.8446180555555556,15.733506944444445,89.07180059523809,100.0
57,SGBM,32256,0.1294685472894741,0.1504886413396585,0.09468409856378437,0.06562031831681392,0.11753413017510841,0.9213479662698413,1.6431051587301588,6.4577132936507935,85.72358630952381,99.98759920634922
57,LAS2-M,32256,0.09357119292135005,0.10483592490859464,0.07776813249459773,0.05054339291008958,0.08053980458992341,0.9789806547619048,3.24280753968254,23.02517361111111,90.98152281746032,100.0
57,LAS2-H,32256,0.09383729937278047,0.10338398562387052,0.07870047630061225,0.055485178178531436,0.06556412603701381,0.9837549603174603,2.027529761904762,18.303571428571427,91.48995535714286,100.0
58,RealSense D435i,81054,0.014167169967802483,0.020666447700043732,0.009909329610728754,0.00577791478348938,0.028182066909478734,0.9976805586399191,80.21935993288425,94.51230044168085,99.68662866730821,100.0
58,UniDepthV2,81054,0.2758331234179449,0.19217286958888435,0.18113749926163933,0.16624556252452038,0.060477229771289755,0.30554938682853405,0.027142398894564115,0.04934981617193476,9.918079305154588,100.0
58,MoGe-2,81054,0.19913792117483708,0.13772146807919758,0.12940807190383918,0.11961806123516677,0.053426902681541995,0.9122190144841711,0.09376465072667604,0.23441162681669012,32.06504305771461,100.0
58,DA3,81054,0.17179963913662438,0.12415902117907661,0.10490437351414596,0.09780805007521481,0.13578732647671415,0.8051669257532016,4.358822513386137,8.145187159177832,60.043921336393026,100.0
58,BridgeDepth (RVC),81054,0.0717059356862885,0.07848221127555993,0.05480355000082928,0.03222530206122981,0.05093977189844747,0.9854788165914082,1.4003010338786488,13.090038739605694,97.12043822636761,100.0
58,BridgeDepth (Mid.),81054,0.07318941405825155,0.07926565039217913,0.055730213578778,0.03342711103411977,0.05057316374371705,0.9852567424186345,0.9203740716065831,10.976632862042589,96.99706368593777,100.0
58,DEFOM-Stereo,81054,0.07416773611960402,0.08088113683667689,0.05635314887463511,0.03126538231446946,0.053929991691511595,0.9843314333654107,1.4965331754139217,12.210378266340959,97.09946455449453,100.0
58,FoundationStereo,81054,0.07400179485672219,0.07882154446648605,0.05610564710396674,0.03368619542113177,0.04923160480635118,0.9847755817109581,0.6045352481062009,9.71944629506255,97.19322920522121,100.0
58,S2M2,81054,0.0744085723333212,0.08035754457791214,0.05672177589076999,0.03409157932590573,0.05042611827409603,0.9874034594221136,1.1658894070619585,8.977965307079232,96.84531300120906,100.0
58,SGBM,81054,0.07576444496446577,0.0769672806356715,0.05685588883898863,0.03661564150498603,0.049652414576864354,0.9857255656722679,1.0042687590988724,7.675130160140153,97.24628025760605,100.0
58,LAS2-M,81054,0.07227233450776095,0.07761025420697369,0.05441432463378252,0.03251010639773044,0.05296594599018869,0.9812347324006218,2.6636563278801786,18.164433587484886,96.59609642954081,100.0
58,LAS2-H,81054,0.0735928268038184,0.07808885411727715,0.055614874620726805,0.0341841745071752,0.04964497393113526,0.9831100254151554,1.2423816221284576,11.175265872134627,96.77375576775977,100.0
59,RealSense D435i,81483,0.015810289286030794,0.02448234276796217,0.011486199976404522,0.004888740081817389,0.033036536912725525,0.9960850729600039,80.52845378790668,90.44217812304407,99.38637507210093,100.0
59,UniDepthV2,81483,0.256049159298259,0.1864989182116236,0.17368152626180905,0.1525199335843802,0.0597409774170823,0.4719634770442914,0.030681246394953548,0.1583152313979603,11.242835928966779,100.0
59,MoGe-2,81483,0.032108607623946316,0.04108146255362664,0.024366321846849535,0.015486781981936204,0.05243327342136354,0.9940355657008211,44.423990280181144,72.251880760404,99.19246959488483,100.0
59,DA3,81483,0.1237190289382755,0.09990170426914236,0.07839597305273299,0.06772721613329102,0.11881062360940024,0.9264877336376913,6.590331725636023,13.671563393591303,85.00055226243511,100.0
59,BridgeDepth (RVC),81483,0.08100052919784853,0.08610889684017885,0.06265501955154897,0.03858510674458926,0.05208878666339016,0.9790753899586416,1.176932611710418,10.463532270534959,96.55265515506302,100.0
59,BridgeDepth (Mid.),81483,0.08131301958147505,0.08699599289699098,0.06298375184116674,0.038597052913204255,0.05229086363351209,0.9769645202066689,1.0677073745443835,9.354098400893438,96.54529165592824,100.0
59,DEFOM-Stereo,81483,0.0839857388004811,0.08929272260748879,0.06511951181768236,0.03835064274883293,0.05407648259688699,0.9758477228378926,1.1720236122872256,7.746401089797872,96.52565565823546,100.0
59,FoundationStereo,81483,0.08180706853298811,0.08510988723576658,0.06309887680402297,0.03867828322025901,0.050031812997460574,0.9798240123706785,1.0075721316102746,7.901034571628437,96.73060638415375,100.0
59,S2M2,81483,0.08426797000993072,0.08951355690256911,0.06508623443849686,0.0402886748852429,0.052600233695671766,0.9787685774946921,1.159751113729244,6.0184332928340885,96.4336119190506,100.0
59,SGBM,81483,0.08490442313179339,0.084620523985127,0.06470775202299295,0.042128387625714026,0.055939137088272216,0.9832848569640293,0.968300136224734,6.142385528269701,96.97728360516918,100.0
59,LAS2-M,81483,0.07914708362144596,0.0820528263627141,0.06085690844088313,0.03873254697210238,0.05031498728838403,0.9833584919553772,1.7721487917725172,13.365978179497565,97.01410110084312,100.0
59,LAS2-H,81483,0.07930122323371579,0.08247716247558022,0.06125596822034703,0.039308314501972585,0.047711830545523276,0.9824748720592026,1.3327933433967822,9.406870144692759,97.04232784752648,100.0
60,RealSense D435i,88080,0.013424349714309903,0.010851132048369431,0.006691967662704695,0.004970393678078472,0.01896758911221371,0.999227974568574,83.46049046321525,94.26884650317892,99.88873751135333,100.0
60,UniDepthV2,88080,0.3250846733004554,0.16015316436080998,0.15782189387569942,0.15489864393844077,0.03933879706157068,0.08774977293369664,0.0,0.0,1.021798365122616,100.0
60,MoGe-2,88080,0.06949405963372234,0.03555943360178454,0.033487355423974706,0.035483647846367095,0.02567778888393975,0.9999205267938238,3.5558583106267028,12.310399636693916,99.94209809264305,100.0
60,DA3,88080,0.2031823955412065,0.10069288626405566,0.0960698533382691,0.09709261012253834,0.06099980417781201,0.7855812897366031,0.9184831970935513,1.8029064486830153,39.978428701180746,100.0
60,BridgeDepth (RVC),88080,0.0325420718326636,0.02038851457609481,0.016572660911937265,0.01467309505171277,0.022445005189574343,0.9991371480472298,15.47229791099001,73.32652134423252,99.8807901907357,100.0
60,BridgeDepth (Mid.),88080,0.03266747166699529,0.02025249416977209,0.016617429650214913,0.014755301898351059,0.02158595604515732,0.9992052679382379,14.22683923705722,73.37988192552226,99.88646684831971,100.0
60,DEFOM-Stereo,88080,0.03564131634561835,0.022019435894270464,0.01813280381434031,0.016263469081601256,0.02349156720297776,0.999182561307902,12.018619436875568,59.49931880108992,99.89100817438693,100.0
60,FoundationStereo,88080,0.03294249423138545,0.02056455478517425,0.016796117581733067,0.014793017659939511,0.020861916418335593,0.9991144414168938,13.774977293369664,74.59241598546775,99.88873751135333,100.0
60,S2M2,88080,0.03421299945211331,0.021271814276990965,0.01745835590792637,0.015434300777972088,0.021614982813904386,0.9991598546775659,13.497956403269754,70.38033605812898,99.89100817438693,100.0
60,SGBM,88080,0.04050502942528359,0.02628532785421925,0.02045913698283236,0.01734247590257293,0.030590638691401422,0.9959922797456857,8.153950953678473,52.63510445049955,99.19845594913714,100.0
60,LAS2-M,88080,0.03414879354654436,0.020500393587263504,0.0172049787150464,0.015794935839263002,0.023288073573726698,0.9994209809264305,15.83560399636694,63.89645776566758,99.91030881017257,100.0
60,LAS2-H,88080,0.0333970813155853,0.020154409674509835,0.01687866673914824,0.015239065032278953,0.022253667390540997,0.9993528610354223,14.028156221616712,71.17506811989101,99.90803814713897,100.0
61,RealSense D435i,65847,0.016083735815804565,0.012873821982564301,0.007335865655265415,0.004522380889177335,0.027356062666234544,0.9988154357829514,75.30335474660956,91.08995094689205,99.76308715659027,100.0
61,UniDepthV2,65847,0.39580808351897667,0.18307409646896694,0.17979969814672242,0.17644116786016417,0.08326208555501019,0.10216107036007716,0.0,0.0,0.9005725393715734,100.0
61,MoGe-2,65847,0.1368273030333738,0.06699368494115039,0.06406199931304847,0.05926237366011011,0.03654329830122308,0.9657083845885158,0.06378422707184837,0.16097923975276018,91.41190942639756,100.0
61,DA3,65847,0.19931464885143949,0.09542856524024576,0.08637208870499076,0.08762337506858431,0.1119956936094293,0.7809315534496636,5.424696645253391,10.404422373076981,41.70577247255,100.0
61,BridgeDepth (RVC),65847,0.03323779151150368,0.019956389854165167,0.016543651541318677,0.012640549718848315,0.023046051684786312,0.9997418257475663,15.683326499309006,69.21044238917491,99.96355187024466,100.0
61,BridgeDepth (Mid.),65847,0.03380493908588769,0.02021681629865379,0.016827190635686485,0.012929114268432573,0.023065306816041742,0.9997418257475663,14.8085713851808,66.84131395507768,99.95292116573269,100.0
61,DEFOM-Stereo,65847,0.034380135172386216,0.02099236853981045,0.01719093037783247,0.012931797442508275,0.02277744007082933,0.9996658921439093,13.797135784470061,66.85042598751652,99.94532780536699,100.0
61,FoundationStereo,65847,0.03409105208437589,0.02042394617626612,0.017025704350049124,0.012805388100441073,0.023202767927050977,0.9998177593512233,14.231475997387886,66.39938038179416,99.96810788646407,100.0
61,S2M2,65847,0.03458488852104662,0.02062297777436903,0.017276837627674006,0.013410948700096736,0.022994870629661355,0.999848132792686,14.366637811897276,63.85560465928592,99.97114523061036,100.0
61,SGBM,65847,0.037533934430304255,0.028796463527115283,0.01892185272993537,0.013736567173230685,0.04559834664962224,0.9967652284842135,14.86779959603323,62.44931431955898,99.53224900147312,100.0
61,LAS2-M,65847,0.03180999349710432,0.019321157406664007,0.015734601564572223,0.012346367639202604,0.02524114443467097,0.9997114523061036,20.79365802542257,69.64478260209273,99.96810788646407,100.0
61,LAS2-H,65847,0.03252753175392819,0.01945750442518742,0.016077615939595016,0.012794784401843007,0.023663853349399716,0.9997721991890292,17.520919707807494,68.37517274894832,99.96355187024466,100.0
62,RealSense D435i,67334,0.025568435332679953,0.021883151875827404,0.011620826621776867,0.009188207452454966,0.04236042763744014,0.9932426411619687,41.84661538004574,89.08575162622152,99.27673983425906,100.0
62,UniDepthV2,67334,0.503303105312337,0.22192755914023632,0.2141633158004493,0.19933389579472632,0.1192335947172934,0.019633468975554697,0.0,0.0,0.439599607924674,100.0
62,MoGe-2,67334,0.16538843834383996,0.07817104158304228,0.06979808078271779,0.06198201067610665,0.0786648564743686,0.9341046128256156,0.03267294383223929,0.13069177532895715,80.68434965990436,100.0
62,DA3,67334,0.25542106666893094,0.12349647579969752,0.1044992249796332,0.08227691015209437,0.14798280925863175,0.7507202898981198,1.1183057593489174,2.4920545341135236,51.62176612112751,100.0
62,BridgeDepth (RVC),67334,0.02435050696229221,0.023691061080061807,0.01065146109586733,0.00677580354132945,0.04758983200614834,0.9954257878634865,57.998930703656406,88.82733834318472,99.48168830011585,100.0
62,BridgeDepth (Mid.),67334,0.024925341142221415,0.024125946757056323,0.010877522514534348,0.006968021852833184,0.04840005022494258,0.9953218284967476,56.46330234354116,88.57486559539014,99.46832209582084,100.0
62,DEFOM-Stereo,67334,0.024920897720695355,0.02248856849964216,0.011002242842862844,0.00726301377226346,0.04562235827851699,0.9957525173018089,54.00689102088098,86.6516173107197,99.51436124394807,100.0
62,FoundationStereo,67334,0.0235588710945517,0.02242638533812698,0.010428493503942251,0.006699850618696379,0.04509611649968138,0.9954851932159088,58.142988683280365,88.97139632280869,99.50248017346362,100.0
62,S2M2,67334,0.024600157449783656,0.02357847364814479,0.010748988106079094,0.007132954447316486,0.04733032389586801,0.9952772744824309,56.25835387768438,89.0664448866843,99.46089642676806,100.0
62,SGBM,67334,0.028108059662176464,0.024535800061524247,0.012824846546589837,0.007991644978857182,0.04930278807480206,0.9930495737665964,50.1292066415184,80.18385956574687,99.02426708646449,100.0
62,LAS2-M,67334,0.022864351052706438,0.02139654687617158,0.009988096306679664,0.006935845453168221,0.04350281407138464,0.996940624350254,56.25538361006327,88.00605934594708,99.6257462797398,100.0
62,LAS2-H,67334,0.025738348646046922,0.024020410436271115,0.011264035060960437,0.007730350124575347,0.04932189430869905,0.9950990584251641,51.17177057652894,85.94766388451599,99.45050049009416,100.0
63,RealSense D435i,71683,0.021532465675141572,0.03375432695434704,0.00975258294224039,0.005687909632732191,0.06474131889396678,0.9926063362303476,70.43092504498975,92.56309027244953,99.20901747973717,99.99860496910007
63,UniDepthV2,71683,0.4612932127469563,0.20626552785538713,0.198915572726157,0.18767702374923778,0.09900447244039168,0.022348395016949626,0.0027900617998688673,0.0027900617998688673,0.45478007337862536,99.67495780031528
63,MoGe-2,71683,0.1426557806448946,0.06944664482580927,0.061791969732720886,0.056693394978845735,0.06239517562736616,0.976256574083116,0.2245999748894438,1.12020981264735,91.6660854037917,100.0
63,DA3,71683,0.31804050668314515,0.14955682441210189,0.13300271708898315,0.10924213798445159,0.1392850764558978,0.4664843826290752,0.018135401699147638,0.10183725569521365,10.10699887002497,100.0
63,BridgeDepth (RVC),71683,0.0316219850276669,0.025039468783346158,0.014012342433870928,0.011354648719940852,0.0432404139133541,0.9980051058130938,22.080549084162215,74.85177796688197,99.7977205195095,100.0
63,BridgeDepth (Mid.),71683,0.032185907006616825,0.025210996452558344,0.014188054826364167,0.011793946072504613,0.04314626401136004,0.9980469567400918,21.70389074117992,73.31584894605415,99.80330064310925,100.0
63,DEFOM-Stereo,71683,0.033369149579221304,0.022833213198621225,0.014736949794549531,0.012668119524605781,0.0367991884368259,0.9986747206450622,19.98660770336063,67.3423266325349,99.81027579760891,100.0
63,FoundationStereo,71683,0.030823441923135284,0.02397354008646581,0.01370919611882761,0.011211391263432624,0.04105674108066302,0.9981306585940879,24.482792293849307,75.26331208236262,99.80748573580904,100.0
63,S2M2,71683,0.031673016830457194,0.024381965021767205,0.014043171938206173,0.011642930834104448,0.041765825003135984,0.9981446089030872,22.292593780952245,74.36909727550464,99.8130658594088,100.0
63,SGBM,71683,0.038193073192304666,0.030519701133677458,0.01686737541350791,0.013011489263304088,0.05447400091819364,0.9958428079181953,19.245846295495443,63.86869969169817,99.57172551372014,100.0
63,LAS2-M,71683,0.034602007072308115,0.028650615851734694,0.01518485369360264,0.011976351143964004,0.05075527771096711,0.9968890810931462,25.626717631795543,67.81803216941256,99.6679826458156,100.0
63,LAS2-H,71683,0.03229727867975586,0.024926212760179735,0.01429646284262964,0.011715040687037215,0.04333034341820882,0.997935354268097,22.997084385419136,72.11472734121061,99.77819008691043,100.0
64,RealSense D435i,70216,0.025904139132985626,0.023620220665692027,0.01194233376746372,0.010036602630065533,0.04459970131057059,0.9910419277657514,41.34812578329725,89.14777258744446,99.04864988036914,100.0
64,UniDepthV2,70216,0.3608294479291299,0.17495613832137577,0.16873881984165778,0.15498621320492234,0.07079479071349992,0.05898940412441609,0.0,0.0,0.6522729862139683,100.0
64,MoGe-2,70216,0.033754422749505755,0.02392163456938677,0.01602779773960509,0.014508931876374087,0.04118978380071552,0.9881508488093882,25.588185029053207,68.76637803349664,98.76523869203601,100.0
64,DA3,70216,0.22811990928163026,0.11211034921302733,0.10291770866093707,0.09299325287483062,0.09021023513037012,0.7742537313432836,0.03418024381907258,0.418707986783639,38.397231400250654,100.0
64,BridgeDepth (RVC),70216,0.024295929148484306,0.018342581259812217,0.011986997647646668,0.00880538820114013,0.030892744902287127,0.9969949868975732,49.32636436139911,82.25333257377237,99.64110743989974,100.0
64,BridgeDepth (Mid.),70216,0.024910733044252776,0.01863178970443117,0.012305388659540369,0.008928724731542659,0.031414283238751096,0.9968810527515096,48.65130454597243,80.75652272986214,99.61832061068702,100.0
64,DEFOM-Stereo,70216,0.024374801239009924,0.017971315469048295,0.011987676075808617,0.00858568164800838,0.027661620879300637,0.9968952945197675,50.43722228551897,82.1636094337473,99.6525008545061,100.0
64,FoundationStereo,70216,0.023797055493928514,0.01702228797822667,0.011758690053687685,0.0091613498062883,0.027428895762452353,0.9977925259200182,47.25988378717101,83.70741711290874,99.74222399453116,100.0
64,S2M2,70216,0.02447848533502202,0.01729848467391679,0.011938617000572057,0.009367484925724145,0.02831142079561702,0.9978352512247921,46.577703087615355,82.97823857810187,99.7607382932665,100.0
64,SGBM,70216,0.04489468222709816,0.03538316930052419,0.022122331992349583,0.012414105775260087,0.058537366925833674,0.9816850860202803,29.31667995898371,65.86390566252706,96.20884128973454,100.0
64,LAS2-M,70216,0.025307035444879864,0.019292517003202073,0.012395300013708076,0.009257003986224865,0.03473679323799097,0.9947020622080438,44.820268884584706,82.8614560783867,99.36624131252137,100.0
64,LAS2-H,70216,0.02407137533214016,0.017439049332600164,0.011677034496976345,0.008658457676656794,0.03037314490876728,0.9970946792753789,50.773328016406516,83.21180357753218,99.68383274467358,100.0
65,RealSense D435i,53026,0.01760385498615687,0.01161994319167523,0.007623209076227261,0.006114093475403565,0.025300951772638,0.9972654923999548,72.63983706106438,93.92750726058915,99.62094067061442,100.0
65,UniDepthV2,53026,0.5111139806819756,0.22586784141595778,0.22226485092244802,0.2165882820062417,0.07253224007806558,0.006958850375287594,0.013201071172632292,0.015086938483008336,0.07354882510466564,100.0
65,MoGe-2,53026,0.12890829802935042,0.05787871167482362,0.05494518620190369,0.04837376614600414,0.045657771823110586,0.9465733790970468,0.47712442952513856,1.8594651680307772,86.81778750047147,100.0
65,DA3,53026,0.26280606376789256,0.12623094317925526,0.10706277837199421,0.09123473049218456,0.1625602006090231,0.6635801305020179,2.881605250254592,5.106928676498321,33.83245954814619,100.0
65,BridgeDepth (RVC),53026,0.03498761550889441,0.019178841479889127,0.01583751843266707,0.012971166859210626,0.027519247220716855,0.9965865801682193,13.881869271678044,69.2697921774224,99.60773959944179,100.0
65,BridgeDepth (Mid.),53026,0.033987138582755545,0.01863780728453364,0.015395303926834355,0.01268430152429001,0.027536535345678657,0.9958510919171727,14.802172519141553,70.62573077358277,99.55304944744088,100.0
65,DEFOM-Stereo,53026,0.03550414799856996,0.019489468752183863,0.01610833255854836,0.013380215857486943,0.028002276989504395,0.9962848413985592,11.317089729566627,67.89122317353751,99.58510919171727,100.0
65,FoundationStereo,53026,0.03309006964487136,0.01804684109677058,0.015025001583547243,0.012423611117437394,0.025227381643493942,0.996926036284087,16.26560555199336,71.9628106966394,99.66054388413231,100.0
65,S2M2,53026,0.03502191542343786,0.01903251800580885,0.01585961724196705,0.012863185628202767,0.02689311499901538,0.9962282653792479,14.10817334892317,67.5215931807038,99.59642439557953,100.0
65,SGBM,53026,0.03772833840864957,0.021151437850919295,0.017132261728966813,0.014324831366658575,0.031179905630843986,0.9961339720137291,13.21238637649455,61.013465092596086,99.54550597819937,100.0
65,LAS2-M,53026,0.03466444391083246,0.018667371500310278,0.01570820611096707,0.013585788368346563,0.02649187007027776,0.9963037000716629,13.710255346433826,66.62769207558557,99.60396786482103,100.0
65,LAS2-H,53026,0.03415490642739094,0.018325127219697562,0.015426757863315797,0.013147717275341642,0.02727954103649234,0.9959453852826915,12.109153999924565,71.13302908007392,99.56436465130314,100.0
66,RealSense D435i,72012,0.016344910048794306,0.012930582055932343,0.007436126312275025,0.004675363010483352,0.02810741247358248,0.9974170971504749,77.66899961117592,91.80969838360274,99.6083986002333,100.0
66,UniDepthV2,72012,0.5091267914048242,0.23248991842465874,0.2292641226522608,0.22234704114891624,0.06536886749864333,0.007359884463700494,0.0,0.0,0.209687274343165,100.0
66,MoGe-2,72012,0.13056711825324924,0.0601522278246055,0.058554058310744485,0.05617601602523664,0.030426727774128862,0.9939037938121424,0.04582569571738043,0.14580903182802868,94.55368549686163,100.0
66,DA3,72012,0.38083870988634183,0.17673039339384272,0.1694327948812135,0.15475911473154308,0.09172935891279893,0.08661056490584902,0.0013886574459812252,0.0708215297450425,5.800422151863578,100.0
66,BridgeDepth (RVC),72012,0.039574234426734314,0.021070295767697395,0.018340035539386325,0.01629138551435344,0.022434152696501147,0.9998333611064822,10.276065100261068,54.09376215075265,99.97361550852636,100.0
66,BridgeDepth (Mid.),72012,0.03862562304723991,0.02072496948025369,0.017982753356619766,0.01604341935977155,0.022324462995677544,0.999847247680942,10.735710714880852,55.06304504804754,99.97500416597234,100.0
66,DEFOM-Stereo,72012,0.04003670887924043,0.021595442383758833,0.0186308328495308,0.016324637159784383,0.02279813991855058,0.9998750208298617,10.387157695939566,53.186968838526916,99.97778148086431,100.0
66,FoundationStereo,72012,0.0379816432004467,0.02041309543888175,0.017683518832299232,0.015302113844920306,0.02237141500156277,0.9998611342554019,11.00372160195523,57.171027051047055,99.98055879575625,100.0
66,S2M2,72012,0.03926246415951792,0.020762065979617,0.018225636209605323,0.015866345016483263,0.021600229155795708,0.9999444537021608,8.262511803588291,55.293562184080436,99.99166805532411,100.0
66,SGBM,72012,0.047094001811120126,0.028897603384854215,0.02184485935033157,0.017996235405251693,0.038829282210303157,0.9920985391323668,10.126090096095096,43.77048269732822,98.40720990945954,100.0
66,LAS2-M,72012,0.036958361710971575,0.02004374971634993,0.017061267521265768,0.015343418349509086,0.0282382412161357,0.9995000833194467,15.72932289062934,57.96395045270233,99.9333444425929,100.0
66,LAS2-H,72012,0.039028975204753895,0.020861193880939526,0.01809501470189767,0.016080424592896103,0.028169357620896954,0.9999305671277009,12.316002888407487,53.403599400099985,99.98055879575625,100.0
67,RealSense D435i,72402,0.02399393263524801,0.016043178174840685,0.010999808520509254,0.009820808040305717,0.030756675934607895,0.995455926631861,43.17284052926715,91.78475732714566,99.43371730062705,100.0
67,UniDepthV2,72402,0.5013629371153451,0.23057997295451885,0.22740393110965754,0.22042031637014659,0.07164105382582536,0.007720781193889671,0.0,0.0,0.2624236899533162,100.0
67,MoGe-2,72402,0.12883891816969986,0.06028791702773382,0.057987803566776644,0.05601487146022499,0.03578925435227727,0.9834673075329411,1.4833844368940083,2.9046158945885474,93.93110687550067,100.0
67,DA3,72402,0.27831817532338743,0.132374819780144,0.1239487273062613,0.11578297941004795,0.09435949083487159,0.4078064141874534,2.073147150631198,3.5482445236319435,16.27855584099887,100.0
67,BridgeDepth (RVC),72402,0.026317028614736223,0.014918521893989116,0.012373096738141619,0.01120291610436508,0.02104223485998738,0.9999861882268446,29.972928924615346,85.15372503522002,99.99309411342227,100.0
67,BridgeDepth (Mid.),72402,0.02668879956399341,0.015175469925904543,0.01256223626541937,0.011461669939190955,0.021759152951301406,0.9999171293610674,27.724372254910083,84.96864727493715,99.9779011629513,100.0
67,DEFOM-Stereo,72402,0.028503015965079235,0.016263847812306317,0.01342666071830589,0.011689668438703393,0.022822873674834758,0.9999447529073783,24.612579762989974,81.50879809950001,99.89779287864977,100.0
67,FoundationStereo,72402,0.026132307170052962,0.015109696199906554,0.012370499223697255,0.011115198117967573,0.021584209571525004,0.9999861882268446,30.432860970691415,86.19789508577111,99.92817877959172,100.0
67,S2M2,72402,0.027090813558951855,0.015581558746048904,0.012819279009364469,0.011393767493690754,0.02114512467462494,0.9999861882268446,28.443965636308388,83.18140382862353,99.9143670064363,100.0
67,SGBM,72402,0.036406352165923195,0.025990404666142712,0.017255131028468814,0.013442377121023197,0.043791377404826276,0.9956354796828817,23.301842490538935,70.23562885003176,98.85500400541422,100.0
67,LAS2-M,72402,0.026904478820060196,0.015468600683761507,0.012590302266168066,0.01097882363945285,0.022973483109299118,0.9996408938979586,32.01154664235795,82.70904118670755,99.95165879395597,100.0
67,LAS2-H,72402,0.0275971178813675,0.01570776189611133,0.012882943315195886,0.010999448310646809,0.023712550824872086,0.9999585646805337,28.6746222480042,82.37203392171487,99.97099527637357,100.0
68,RealSense D435i,65206,0.024274803113114054,0.016023403674470242,0.011087302925879002,0.009128994086658099,0.0292894619359937,0.9996012636873908,45.95282642701592,88.03024261571021,99.89111431463363,100.0
68,UniDepthV2,65206,0.5722662935092129,0.2580794927569302,0.2540986390580835,0.24601588574140704,0.08728484104365804,0.00716191761494341,0.0,0.0,0.5014875931662731,100.0
68,MoGe-2,65206,0.14557301669476702,0.06679447311792176,0.06382053892529108,0.06115891291855491,0.04641681478637822,0.9569518142502224,1.1456000981504768,3.591694015888108,86.43529736527313,100.0
68,DA3,65206,0.37240262987406025,0.17266708830675565,0.16722724731624414,0.15205063619172543,0.07279309597094237,0.05628316412600067,0.0,0.0214704168328068,1.4323835229886819,100.0
68,BridgeDepth (RVC),65206,0.02531100473780786,0.015160811266255004,0.011664548019395527,0.009688738280182685,0.024848090344289725,0.9994785755912032,42.67858786001288,82.5522191209398,99.92025273747814,100.0
68,BridgeDepth (Mid.),65206,0.02606871512891629,0.015406314278779122,0.012032229659527762,0.010439612316293367,0.025269913741332896,0.9994939116032266,38.306290832132014,81.9479802472165,99.92025273747814,100.0
68,DEFOM-Stereo,65206,0.027079184116342116,0.015971881468831085,0.012507951844784614,0.010791100352157468,0.024684256383719343,0.9993558874950158,36.57638867588872,79.42980707296876,99.88191270741956,100.0
68,FoundationStereo,65206,0.0250173001861696,0.014898856045921104,0.011533588696802557,0.009770657002660998,0.023425018195013893,0.9996319357114376,41.440971689721806,83.17332760788885,99.90491672545471,100.0
68,S2M2,65206,0.026209451964495162,0.015597975255402952,0.012051696451031862,0.010265531320635513,0.02431080986464998,0.9994939116032266,38.91666411066466,81.60291997668926,99.90184952305002,100.0
68,SGBM,65206,0.03343288392239244,0.020890375798003267,0.015459311472013963,0.012041276141667612,0.036304206429753225,0.9997392877956016,33.25920927522007,68.87096279483484,99.54145324049935,100.0
68,LAS2-M,65206,0.026304465206835204,0.015945496787835082,0.012182620315093717,0.010220237844944968,0.026020442817830843,0.9994939116032266,40.74778394626261,78.63386804895255,99.91565193387112,100.0
68,LAS2-H,65206,0.026617195365308002,0.015838088081737776,0.012323679893821663,0.010412070371710325,0.025782920042073644,0.9994785755912032,40.29690519277367,79.55402877035856,99.91258473146642,100.0
69,RealSense D435i,73155,0.021343244399685535,0.014577500776322841,0.010049399093230897,0.006963604452660865,0.028499694138963003,0.9992891805071423,61.33415350967124,84.29909097122548,99.92071628733511,100.0
69,UniDepthV2,73155,0.3409815904960326,0.16310553010075288,0.1605258029596341,0.16035989037569953,0.05956124315077831,0.12972455744651767,0.0,0.0,4.978470371129793,100.0
69,MoGe-2,73155,0.08924547241868892,0.04529115876581414,0.041884808863319,0.04091996360037353,0.034576803685246765,0.9979495591552183,6.3727701455813,10.059462784498667,98.75879980862553,100.0
69,DA3,73155,0.2346058582424163,0.11298359221251315,0.10874215302707695,0.11184247604218045,0.06859501640469666,0.4989679447747932,0.32533661403868497,1.2658054815118585,28.168956325610004,100.0
69,BridgeDepth (RVC),73155,0.03881379354994499,0.022427244437411537,0.01928239859598851,0.01765197992534051,0.026758425600294625,0.9999179823662088,12.627981682728453,53.233545212220626,99.95762422254117,100.0
69,BridgeDepth (Mid.),73155,0.038738985631422966,0.022390428898730667,0.019236980357389764,0.017653594177130638,0.02740011399661878,0.9999043127605769,13.102316998154603,53.156995420682115,99.93985373521974,100.0
69,DEFOM-Stereo,73155,0.04070793238545865,0.024119793193568554,0.02023448014525485,0.018394354683247238,0.026247402542099164,0.9997949559155218,14.545827352880869,49.895427516916136,99.85920306199166,100.0
69,FoundationStereo,73155,0.037740244128686026,0.02205764357779576,0.0188381068955649,0.017268874079502616,0.025142918020947428,0.9998633039436812,14.592304012029253,55.065272366892216,99.95625726197798,100.0
69,S2M2,73155,0.038979020488074785,0.022384242787586137,0.019381956472463248,0.018045352405949067,0.02455833514609674,0.9999179823662088,12.122206274348985,51.03273870548834,99.96172510423075,100.0
69,SGBM,73155,0.056224090848656774,0.03661265970202573,0.027569986763135493,0.02234455973435079,0.0530024861428168,0.9864260816075456,11.906226505365321,41.9533866447953,96.2381245301073,100.0
69,LAS2-M,73155,0.03745037698981464,0.021631829250043907,0.01855680729884587,0.017308013186288274,0.031017955798005207,0.9998359647324174,15.419315152757843,55.81026587382954,99.9671929464835,100.0
69,LAS2-H,73155,0.03882838958705236,0.022358269455578256,0.019228502102591798,0.017722707768602075,0.032004773164997176,0.9999589911831044,13.84594354452874,51.807805344815804,99.96309206479394,100.0
70,RealSense D435i,76330,0.02150461137879287,0.013582623722304007,0.010640464024532203,0.009410246445455017,0.023629354145034007,0.9994235556137823,45.60461155508974,90.05109393423294,99.93842525874493,100.0
70,UniDepthV2,76330,0.3009200016209238,0.14807746811769473,0.14555742318189413,0.14348600415089863,0.055389227712387426,0.16268832700117908,0.0,0.0,7.964103235949168,100.0
70,MoGe-2,76330,0.07311327866140546,0.03703275880608986,0.03423864441870144,0.035605833384741103,0.034269702165674695,0.9988340102187868,11.137167561902267,13.972225861391326,99.15629503471767,100.0
70,DA3,76330,0.10112049471152001,0.05282778644302275,0.04648099394678752,0.049931495428906125,0.06835445246489535,0.9736538713480938,8.257565832569108,18.790776889820513,95.47491156819075,100.0
70,BridgeDepth (RVC),76330,0.037972928518846386,0.022035991212676378,0.019398632856258282,0.018267581704386138,0.01917873557705935,0.9999475959648892,9.508712170837153,54.0377309052797,99.98820909210009,100.0
70,BridgeDepth (Mid.),76330,0.03873168845334281,0.022417333483709147,0.019780890435785906,0.019041736616734917,0.018940720456165096,0.9999082929385563,8.503864797589413,52.71845932136775,99.98427878946679,100.0
70,DEFOM-Stereo,76330,0.039674074937843175,0.022801633593093232,0.020196361931550263,0.018621023677892312,0.018462892886340225,0.9998427878946679,8.130486047425652,51.9848028298179,99.94890606576706,100.0
70,FoundationStereo,76330,0.03706193549854792,0.02154759896122058,0.018859507806843107,0.017519506643169758,0.019538574053259067,0.9997379798244465,11.678239224420281,56.71164679680335,99.9593868727892,100.0
70,S2M2,76330,0.040818279635305765,0.023723503975626108,0.02067694928430264,0.019581125628128415,0.02326665919416647,0.9995676667103367,8.325691078213023,50.48735752652954,99.94497576313375,100.0
70,SGBM,76330,0.055959031931623514,0.03944971081063314,0.02822205124415874,0.020722084729424883,0.050619004914294975,0.973850386479759,8.316520372068648,43.65518144897157,94.11764705882352,100.0
70,LAS2-M,76330,0.03909006371930484,0.02252120982183915,0.01980374101981534,0.01884378718538232,0.01999251320462457,0.9999344949561116,11.433250360277741,51.25245643914581,99.99213939473339,100.0
70,LAS2-H,76330,0.039072280915835686,0.022190614137832236,0.0197480956314017,0.01867221569760452,0.019340253187915088,0.999960696973667,8.747543560854186,52.354251277348354,99.99475959648892,100.0
71,RealSense D435i,82233,0.019873223726409612,0.018558909541222638,0.010109284896892957,0.007993490383910173,0.019983730395794874,0.9999878394318582,55.230868386171004,92.86782678486739,99.99635182955747,99.99878394318583
71,UniDepthV2,82233,0.3520254238397303,0.1701345097647663,0.16786487217589482,0.16566900959611708,0.05025920028915096,0.07922610144345944,0.0,0.0,1.2805078253255993,100.0
71,MoGe-2,82233,0.03794717777842405,0.019883090610277016,0.017163535286839716,0.01873694404176085,0.03035120704009506,0.9999756788637165,27.549767125120084,48.23854170466844,99.99391971592912,100.0
71,DA3,82233,0.09384290205117682,0.04907645912445951,0.04283203685805611,0.04282612370910488,0.07455210077404556,0.9774056643926404,8.458891199396836,18.90968346041127,94.75028273320929,100.0
71,BridgeDepth (RVC),82233,0.033294479804324775,0.019006892159395723,0.016420530860404625,0.01484458389336274,0.02012657298247849,0.9999756788637165,19.58216287864969,65.38129461408437,99.99513577274331,100.0
71,BridgeDepth (Mid.),82233,0.03332469568009355,0.019019927325198777,0.016422738196263272,0.014771010223958214,0.01988383662016463,0.9999756788637165,19.128573686962653,65.99783541887076,99.96716646601729,100.0
71,DEFOM-Stereo,82233,0.0339354652206203,0.01921997402874253,0.016690124168451028,0.015752085927093984,0.018664549856444616,0.9999756788637165,18.637286734036216,59.462746099497764,99.97324675008817,100.0
71,FoundationStereo,82233,0.032125142784167414,0.01837571554750199,0.01587993490904662,0.014696395606579316,0.01887882448647084,0.9997203069327399,19.67579925334112,66.48060997409799,99.96595040920312,100.0
71,S2M2,82233,0.03475548003977613,0.02004366792794217,0.017133768235706,0.015461507531469021,0.021718702615854305,0.9997446280690234,17.699706930307784,61.63097539917065,99.96473435238894,100.0
71,SGBM,82233,0.04154864475979683,0.0260499944170363,0.02036486602353853,0.018142442266866787,0.023172538257958324,0.9998175914778739,8.742232437099462,45.04760862427493,99.88812277309596,99.99270365911495
71,LAS2-M,82233,0.033025587577518896,0.018964755066776105,0.01619151063397743,0.014962421987388841,0.020605021277824837,0.9999878394318582,20.096554911045445,64.28441136769911,99.98540731822992,100.0
71,LAS2-H,82233,0.03258891381218833,0.018476497391682573,0.01599463094790875,0.014964933975215367,0.020209577506195214,0.9999756788637165,20.469884352996974,65.85190860116985,99.9902715454866,100.0
72,RealSense D435i,72803,0.013541685708846745,0.011936141415654187,0.0063884174505703505,0.0040216863769032,0.023259834338371293,0.998186887902971,83.16415532326965,94.92191255854841,99.66347540623326,100.0
72,UniDepthV2,72803,0.2763226018289044,0.12867830930445812,0.12425953244236529,0.12595876069490208,0.06459418959647739,0.2870348749364724,0.07417276760573054,0.23350686098100354,11.730285839869236,100.0
72,MoGe-2,72803,0.10613397469559695,0.050916809519016774,0.04795761091370196,0.04586679822810591,0.033926062102666875,0.990124033350274,0.9354010136944906,3.611114926582696,97.81739763471286,100.0
72,DA3,72803,0.21853683228342685,0.10231030742903405,0.09698434758802837,0.09750117392383695,0.06992100190806269,0.7074983173770312,1.5274095847698586,3.2938203096026264,30.941032649753442,100.0
72,BridgeDepth (RVC),72803,0.03536681703525949,0.018919496502675787,0.016604906408074948,0.0153653091355761,0.01947495911877888,0.9991483867423046,11.907476340260704,60.94941142535335,99.88599370905045,100.0
72,BridgeDepth (Mid.),72803,0.037785202204560414,0.021653034411392023,0.017620348392598902,0.015370291357982846,0.027500413939230486,0.9984066590662473,12.52283559743417,60.461794156834195,99.20745024243507,100.0
72,DEFOM-Stereo,72803,0.035638647667749344,0.01877106318116123,0.016677493174983606,0.015258464965576368,0.01853889460224388,0.9995741933711523,10.862189744928093,61.07990055354862,99.93818936032855,100.0
72,FoundationStereo,72803,0.034820570204303056,0.018623199144304336,0.016371962447541532,0.014926199249802319,0.019910487186807498,0.9993544222078761,11.599796711673969,64.33251377003695,99.92170652308285,100.0
72,S2M2,72803,0.036715143214708576,0.019626485331452365,0.017272779019774635,0.015516843888589205,0.020738666461189693,0.999065972556076,10.28391687155749,58.715986978558576,99.84616018570664,100.0
72,SGBM,72803,0.04786833235160842,0.03785209990759924,0.02304393476666454,0.01766030320021228,0.06913272253766235,0.9863055093883494,8.69881735642762,41.89387799953298,98.38330838014917,100.0
72,LAS2-M,72803,0.03618745635797881,0.019605526972657297,0.016907259817226225,0.015410318090241959,0.022848500340120998,0.9993132151147618,12.22614452701125,58.865706083540516,99.8544016043295,100.0
72,LAS2-H,72803,0.03448081574531763,0.018171617340028673,0.016078328381326095,0.014942600866223454,0.019658363345898943,0.9996154004642666,14.063980879908794,62.531763800942265,99.93956293009903,100.0
73,RealSense D435i,73984,0.016615021609173466,0.017041868622812484,0.007751181191000412,0.004474886861440319,0.03190791338063719,0.9969993512110726,76.8166089965398,92.6038062283737,99.68912197231833,100.0
73,UniDepthV2,73984,0.23341249534457556,0.10704280233465867,0.10323265617510227,0.10229730674602022,0.058861732242782926,0.6810796929065744,0.08245025951557093,0.1581423010380623,17.1280276816609,100.0
73,MoGe-2,73984,0.18389982512099137,0.08676381646060947,0.08309626874855854,0.07748613741056332,0.044116316455227206,0.9210910467128027,0.002703287197231834,0.0040549307958477505,70.8396410034602,100.0
73,DA3,73984,0.15062648418578442,0.07246251747788851,0.06568280182177234,0.0626268272386622,0.07709406203563753,0.8855833693771626,2.7911440311418687,6.095912629757786,79.68344506920415,100.0
73,BridgeDepth (RVC),73984,0.030956648124476908,0.01684801311105549,0.01433329295874422,0.013524624108278982,0.01943261418857155,0.9995539576124568,19.808336937716263,74.27551903114187,99.94458261245674,100.0
73,BridgeDepth (Mid.),73984,0.03134390028697425,0.017653186257666854,0.014535499060765856,0.01369662160257723,0.021475651932812343,0.9992971453287197,19.94079801038062,73.06309472318338,99.90538494809688,100.0
73,DEFOM-Stereo,73984,0.0329598015636435,0.017493408905260625,0.015195701518585767,0.01402008470135524,0.01802541631369261,0.9995674740484429,15.135705017301039,68.96491133217994,99.94323096885813,100.0
73,FoundationStereo,73984,0.030799881003899673,0.016473202727849724,0.014204932395829449,0.013516697958677937,0.01909307969002702,0.999580990484429,18.974372837370243,75.39332828719724,99.94593425605537,100.0
73,S2M2,73984,0.03187751540416378,0.017523713925079374,0.014752118301185547,0.013822762594207783,0.021293297192368516,0.9993917603806228,18.330990484429066,71.74929714532871,99.92836288927336,100.0
73,SGBM,73984,0.03726695538196981,0.02420862611141327,0.017499765551831244,0.015423345412721778,0.0316452758844265,0.9949583693771626,15.695285467128029,56.03508866782006,99.40798010380622,100.0
73,LAS2-M,73984,0.030333286158434374,0.01679588576718192,0.013879851232362463,0.013654547417113527,0.021896480740377113,0.9993512110726643,23.588884083044984,69.63127162629758,99.91214316608996,100.0
73,LAS2-H,73984,0.031561308783945155,0.017238323208375976,0.014528630578206265,0.013986633614068156,0.0210217660134658,0.9994998918685121,19.54341479238754,71.48842993079585,99.92430795847751,100.0
74,RealSense D435i,57512,0.020910865859052774,0.021501493576206863,0.009738111626913687,0.005170283721087382,0.05365180151893298,0.9824732229795521,72.67700653776603,92.5632911392405,98.12734733620809,100.0
74,UniDepthV2,57512,0.31250983002692356,0.1510803082636999,0.14566040369190533,0.14914938081973572,0.0833571976507207,0.22871748504659897,0.09215468076227569,0.14953401029350397,13.15377660314369,100.0
74,MoGe-2,57512,0.18018188603329172,0.08954778800919673,0.08530693898819793,0.08459695229034003,0.05883278503954315,0.8986298511614967,0.39991653915704545,0.6815968841285297,67.8519265544582,100.0
74,DA3,57512,0.15316705220635585,0.0790799109630213,0.07029114665850326,0.062046277500844016,0.08455370903078051,0.8494575045207957,2.9819863680623175,7.584504103491445,75.50076505772708,100.0
74,BridgeDepth (RVC),57512,0.03679972204175835,0.023648908645948884,0.017945735972719878,0.015298293694884002,0.0458905127167782,0.9894282932257615,18.757824454026988,65.39330922242314,98.84719710669077,100.0
74,BridgeDepth (Mid.),57512,0.036956809329830205,0.023709597779455305,0.018042038817469973,0.015414760001876304,0.04549268106062572,0.9897934344136876,18.50222562247879,64.53261927945472,98.8680623174294,100.0
74,DEFOM-Stereo,57512,0.04022788528125754,0.025046274572505814,0.019599766216125032,0.017467798134662538,0.045964639445234476,0.988611072471832,10.436082904437335,58.37912087912088,98.74634858812074,100.0
74,FoundationStereo,57512,0.038138387021031665,0.023996293581467803,0.018724279993241385,0.016245480277613855,0.04440575245915922,0.9905411044651551,12.559118097092782,63.997078870496594,98.94630685769926,100.0
74,S2M2,57512,0.03883983544910506,0.024228811332881062,0.01897085363720958,0.016533891494137976,0.04487971598186706,0.9904367784114619,12.925998052580331,60.78557518430936,98.92022534427598,100.0
74,SGBM,57512,0.051025739048371176,0.032209487821546735,0.024922579018204136,0.020558878344468567,0.05447970534115252,0.9919842815412435,11.029002642926693,39.689108359994435,98.50813743218806,100.0
74,LAS2-M,57512,0.03626510337844859,0.02315785679304548,0.017328540672084575,0.015385029636675374,0.047525991219486,0.989376130198915,20.51224092363333,63.81972457921825,98.8680623174294,100.0
74,LAS2-H,57512,0.036921720835456924,0.02324694615357445,0.017783963481814147,0.015605119210597096,0.04664861959832162,0.9896021699819169,15.760189177910696,66.18097092780637,98.87327862011406,100.0
75,RealSense D435i,73701,0.02018398333716202,0.015323967034506373,0.009344769293826553,0.0072143582478693125,0.027753490740191247,0.9985617562855321,57.723775796800595,91.37189454688539,99.85481879486031,100.0
75,UniDepthV2,73701,0.398782413981226,0.18126753253840702,0.17507364590500582,0.16549296384520018,0.08541023893580849,0.018303686517143595,0.0,0.0,0.4260457795687982,100.0
75,MoGe-2,73701,0.19175812637535986,0.0898084747402594,0.0839421381487215,0.07727677370723429,0.06501377816574541,0.8585093825049863,0.013568336928942618,0.08141002157365572,71.04381215994356,100.0
75,DA3,73701,0.14906839265362282,0.09326949405411812,0.06032066822291759,0.03506663671578536,0.16884699289039196,0.8733124380944628,7.759731889662285,14.088004233321122,82.59046688647372,100.0
75,BridgeDepth (RVC),73701,0.03271726608714553,0.029571288293283447,0.01448792226505704,0.011061489658274692,0.05239589283121918,0.9956038588350226,26.531526030854398,82.83198328380891,99.55902904980937,100.0
75,BridgeDepth (Mid.),73701,0.032260543311717835,0.02853439864963478,0.014325350405733161,0.011027585211957347,0.05036301695361641,0.9959294989213172,27.04169549938264,82.548405041994,99.59294989213173,100.0
75,DEFOM-Stereo,73701,0.032724848946385374,0.027613379858159023,0.014576757174396326,0.01169979181867209,0.04706015123331836,0.9965536424200486,23.543778239101236,79.48874506451745,99.65400740831197,100.0
75,FoundationStereo,73701,0.0322482045706391,0.028448540538771275,0.014363428072384424,0.010855462125597293,0.049503906689271814,0.9958209522258856,26.755403590181952,82.54162087352952,99.5739542204312,100.0
75,S2M2,73701,0.03233156637615801,0.028021527977502562,0.014352408665770535,0.011102667457195903,0.0487762839585221,0.9962687073445408,25.486764087325813,82.10200675703179,99.6228002333754,100.0
75,SGBM,73701,0.038436387564133326,0.033553918729544746,0.017087324216251313,0.012688164866365703,0.05746942249141065,0.995033988684007,23.30497550915184,68.5038194868455,99.4816895293144,99.99728633261421
75,LAS2-M,73701,0.032720421406827356,0.029366421803221913,0.014545391154311636,0.011156354599549556,0.05193419693242589,0.995278218748728,29.194990570005835,79.11018846419994,99.5264650411799,100.0
75,LAS2-H,73701,0.03213251981276977,0.02804240946525453,0.014302287162723413,0.011289767721008537,0.04880257436750912,0.9963501173661145,26.35106714969946,81.24448786312261,99.62958440183986,100.0
76,RealSense D435i,73081,0.025002680527869133,0.018165091090894158,0.011759338063365063,0.009601965788094413,0.03507969282736678,0.9983032525553838,43.03580958114968,87.97224996921224,99.82485187668478,100.0
76,UniDepthV2,73081,0.20656847848549112,0.09827381948706215,0.09267312972936682,0.08944964209729644,0.07290403148647936,0.8128378101011207,0.23946032484503496,1.6064366935318344,44.24679465250886,100.0
76,MoGe-2,73081,0.22593902353707185,0.10756210709534045,0.10363989687623398,0.09762146644165814,0.06178214406272298,0.733131730545559,0.0,0.006841723567000999,31.742860661457833,100.0
76,DA3,73081,0.08993785988840884,0.05666450486218749,0.040638095209430576,0.024730745691656453,0.1130827638371253,0.9023549212517618,10.262585350501498,25.474473529371522,85.70216608968131,100.0
76,BridgeDepth (RVC),73081,0.03239065524267758,0.020990197780517687,0.01583756920676405,0.012159010872546339,0.02839204770923855,0.9992884607490319,31.874221753944255,68.64438089243443,99.91653097248259,100.0
76,BridgeDepth (Mid.),73081,0.032419115958913586,0.02112060226665307,0.015890243105163786,0.012233084459311594,0.028697158355249094,0.9992063600662279,31.526662196740602,68.471969458546,99.90968924891558,100.0
76,DEFOM-Stereo,73081,0.03345177168619629,0.021040366961942156,0.016336422393546036,0.013334522108743974,0.027425741072142993,0.9992610938547639,29.688975246644134,64.84038258918187,99.91516262776918,100.0
76,FoundationStereo,73081,0.03228108807021517,0.02058762295844799,0.015854069053337902,0.012085192410938639,0.027368312380417096,0.9995073959031759,32.43113805229814,68.44186587485119,99.9438978667506,100.0
76,S2M2,73081,0.03302613221077159,0.02110089640045604,0.01618980435634292,0.012348514862072113,0.02812567038372251,0.9994116117732379,30.67007840615208,66.89016296985537,99.92884607490319,100.0
76,SGBM,73081,0.03919221715019042,0.026840910777958173,0.019122105532677035,0.014517006942425414,0.039848695343520396,0.9914478455412488,25.96570928148219,58.547365252254345,98.628918597173,100.0
76,LAS2-M,73081,0.03233031980311949,0.02120175839624528,0.01574967176276591,0.012670497220073629,0.0307288011644748,0.9985221877095278,30.95606245125272,66.82858745775235,99.84674539209918,100.0
76,LAS2-H,73081,0.03140317081177054,0.019663465627222584,0.015215664092705085,0.01210082512814703,0.02706886385974028,0.9994116117732379,32.52281714809595,67.61128063381727,99.93158276432999,100.0
77,RealSense D435i,67134,0.0217797260983772,0.015540857583283598,0.010054815089043772,0.007093961517415148,0.029063536563094385,0.9983167992373462,58.94181785682366,86.44650996514433,99.79295141061161,100.0
77,UniDepthV2,67134,0.3596405560146625,0.1655937754550965,0.15948670242042726,0.15160442491900128,0.0898658276841154,0.18915899544195192,0.014895581970387584,0.031280722137813924,6.518306670241607,100.0
77,MoGe-2,67134,0.14989919815838795,0.07150806934767803,0.06682753224022041,0.06166989589521926,0.05295996364362953,0.9469717281854202,0.5124080197813329,3.2382995203622604,81.8065361813686,100.0
77,DA3,67134,0.18526768207534255,0.09164263479539782,0.0793168305292521,0.07883019442196065,0.1073335360559824,0.788587005094289,2.995501534244943,7.95424077218697,51.68915899544195,100.0
77,BridgeDepth (RVC),67134,0.028988024169301917,0.017583878503885254,0.013237264029385696,0.012330464465111546,0.028715193641234774,0.9991062650817767,33.93213572854291,74.05189620758483,99.90317871719247,100.0
77,BridgeDepth (Mid.),67134,0.02875621779222951,0.017245243520759002,0.013164147414767811,0.012282324277945844,0.028367508002618825,0.9991211606637471,34.770756993475736,74.43322310602676,99.90168915899544,100.0
77,DEFOM-Stereo,67134,0.0320055532470065,0.018791102947284265,0.014714899368913044,0.013312608951024485,0.027636862510877984,0.9989722048440433,26.60946763190038,69.12592724997766,99.89573092620728,100.0
77,FoundationStereo,67134,0.02917881788892775,0.017792859409077627,0.013382050512481477,0.012105573210807352,0.02838516105749287,0.9989424136801025,34.80501683200763,74.2544761223821,99.8927518098132,100.0
77,S2M2,67134,0.029411993556790108,0.017980603380548594,0.01348006430452781,0.012251101202435333,0.028584852786979437,0.9989573092620728,33.29013614561921,74.20383114368279,99.89424136801026,100.0
77,SGBM,67134,0.04634977864119603,0.03019102682424795,0.021601713733026072,0.01603216819784692,0.05692807776329163,0.9890964339976763,18.826526052372866,52.42797986117318,98.2974349807847,100.0
77,LAS2-M,67134,0.03160152578209747,0.020188492330818625,0.014393356370971196,0.012570027786226179,0.0341375327624246,0.9979146185241458,31.71716268954628,68.98739833765305,99.77805582864121,100.0
77,LAS2-H,67134,0.02987549213062798,0.017867754832038864,0.013645144927991869,0.01246721340593887,0.02862788899140929,0.999001996007984,31.539905264098667,72.48041230970894,99.9001996007984,100.0
78,RealSense D435i,60059,0.023744505526255268,0.12041125077273465,0.010114162684441742,0.005066954038258242,0.0564398268255794,0.996969646514261,75.79213773123095,91.40345327095022,99.10254915999268,99.98001964734678
78,UniDepthV2,60059,0.3565031337254563,0.15954266089258934,0.15553156381748925,0.15465818578887713,0.07759233064958145,0.12084783296425182,0.0,0.043290764081986045,7.8372933282272434,100.0
78,MoGe-2,60059,0.21255844806371735,0.09701564829774845,0.09324933566598059,0.09038966839461138,0.055188289796655195,0.8008458349289865,0.07326129306182254,0.15984282122579463,24.317754208361777,100.0
78,DA3,60059,0.19537361604758757,0.0980968880424337,0.08230206828004613,0.0820703128695246,0.1300083375537708,0.7109009474017216,6.989793369852978,13.468422717660966,49.17830799713615,100.0
78,BridgeDepth (RVC),60059,0.03567166045161331,0.019698245648592478,0.016302801143902302,0.014668261707861174,0.02691382014347179,0.9978687623836561,15.491433423799931,61.77425531560632,99.56043224162906,100.0
78,BridgeDepth (Mid.),60059,0.03571602161636233,0.019539001891369295,0.01634571291465226,0.014716428450460617,0.026577148290030685,0.998135167085699,14.660583759303353,62.332040160508825,99.54544697713915,100.0
78,DEFOM-Stereo,60059,0.03721281266835675,0.02048543277437139,0.01694946094568484,0.015043256837438124,0.026831920912931306,0.99755240679998,12.159709618874773,58.261043307414376,99.59706288815997,100.0
78,FoundationStereo,60059,0.035971059360418126,0.01986394811033086,0.016506302203745372,0.014917842243060808,0.02722540870691973,0.9978521120897784,13.984581827869262,59.72127408048752,99.5637623004046,100.0
78,S2M2,60059,0.03689826190752076,0.02029982960008026,0.016915284761292382,0.01509622335054528,0.027316398051135928,0.9977522103265123,12.337867763366022,60.36397542416624,99.53545680081254,100.0
78,SGBM,60059,0.04273585796737734,0.02550264641227848,0.019662506367529708,0.016752552595099557,0.043377167218937765,0.9944055012570971,10.772740138863451,47.0587255865066,99.38393912652558,100.0
78,LAS2-M,60059,0.03720252621957687,0.022184846800997676,0.01701656587821018,0.014803319643872936,0.032035185227328705,0.9975690570938577,17.233054163405985,55.816780166169934,99.59373282938444,100.0
78,LAS2-H,60059,0.03557037096106977,0.01962635278161842,0.016241551707892304,0.014772824096877524,0.026899538697651923,0.9983183203183537,15.075176076857758,59.63469255232356,99.70362476897718,100.0
79,RealSense D435i,74528,0.016406926827559194,0.016494167778824117,0.007705204013091201,0.004738664105690543,0.03223138031051811,0.9962027694289395,73.01685272649206,93.91369686560755,99.57734006011164,100.0
79,UniDepthV2,74528,0.3890024100832156,0.1772051856407021,0.17197035253750886,0.16368750640739177,0.08539755221729815,0.06759875483039932,0.0,0.004025332760841563,4.76599398883641,100.0
79,MoGe-2,74528,0.18072278090072272,0.08506670792400231,0.08009408161224812,0.07532199704447451,0.059736351200697056,0.8918527264920567,0.10600042936882781,1.123067840274796,73.89705882352942,100.0
79,DA3,74528,0.3153280604329663,0.14715863321353712,0.13728824350019894,0.1252256461850348,0.11328760886903198,0.29391638042078144,0.6064834693001289,0.8319021039072564,13.068913696865609,100.0
79,BridgeDepth (RVC),74528,0.03575328283572755,0.020169321375742334,0.016560571582856037,0.014903330444124951,0.025419607181563404,0.9982422713610992,11.181032632030915,63.41106698153715,99.77189781021897,100.0
79,BridgeDepth (Mid.),74528,0.03571478301077785,0.020172695610299912,0.016565450817211894,0.014860137856663846,0.02551449609589265,0.9982422713610992,11.829111206526406,63.20443323314727,99.78263203091456,100.0
79,DEFOM-Stereo,74528,0.038717386164816354,0.02125401292123144,0.017830858143671385,0.016047987783941675,0.025297149962969917,0.9981617647058824,7.2778016316015455,52.77211249463289,99.79470802919708,100.0
79,FoundationStereo,74528,0.03613726725457012,0.020410652063873467,0.016717258310018173,0.015181606668713765,0.026290747708135113,0.998067840274796,8.539072563331903,61.515135251180766,99.79739158437097,100.0
79,S2M2,74528,0.036448510877780636,0.02014384115164134,0.016877089228969754,0.015245996014064123,0.024345080632473995,0.9984301202232718,8.496135680549592,60.979765993988835,99.79068269643624,100.0
79,SGBM,74528,0.046992947653024794,0.030023256037847987,0.021827983683838027,0.016588782243340205,0.046060184191331024,0.9892255259768141,11.205184628595964,46.86158222413053,98.37376556462002,100.0
79,LAS2-M,74528,0.037485450943806335,0.022534521005686564,0.017291149952767114,0.015611872442218955,0.03077616686044581,0.9971420137398025,12.406075568913696,56.05275869471876,99.63235294117648,100.0
79,LAS2-H,74528,0.03687405368233381,0.020983590424234113,0.017055422044367007,0.01537177935679046,0.02729387524533957,0.9980007513954486,11.939136968656076,57.67228424216402,99.7557964791756,100.0
80,RealSense D435i,46103,0.02306285631764509,0.021901052810909687,0.010047617767879576,0.004572806927803819,0.055288430939428736,0.9834717914235516,73.96264885148472,88.66017395831074,97.98711580591285,100.0
80,UniDepthV2,46103,0.39947074789917175,0.18204857113973863,0.1738063127931166,0.1703131769861328,0.11649489919471943,0.17591046135826302,0.00867622497451359,0.10628375593779148,13.524065679023057,100.0
80,MoGe-2,46103,0.23460538302635794,0.10916224130329155,0.10337633103682728,0.09264835425958717,0.08118893874885996,0.7283473960479795,0.041212068628939544,0.20822939938832616,22.16775480988222,100.0
80,DA3,46103,0.17897192034870002,0.08906221751795927,0.07284904010785327,0.0675535142795669,0.1530833714811957,0.7413183523848773,5.936706938810923,17.719020454200376,64.58364965403553,100.0
80,BridgeDepth (RVC),46103,0.040930417724775674,0.02430210426670291,0.019643203398333083,0.016233176760513834,0.036371818650261255,0.9949027178274733,8.98640001735245,53.57568921762142,99.40784764548944,100.0
80,BridgeDepth (Mid.),46103,0.04043299557565971,0.023565391024081127,0.019354166386097566,0.01598100028425753,0.03511949502013471,0.9953582196386352,8.140468082337375,55.1330716005466,99.47075027655468,100.0
80,DEFOM-Stereo,46103,0.039493074730212345,0.022605352238302706,0.0187021237108346,0.015574784163569055,0.032334903786112625,0.9965728911350671,12.144545908075397,53.23080927488449,99.54666724508166,100.0
80,FoundationStereo,46103,0.04005787094889611,0.02289607941618332,0.01907967120722708,0.016227374733231326,0.03381871863910116,0.9957703403249246,7.556991952801336,56.362926490683904,99.49894800772185,100.0
80,S2M2,46103,0.03988762135508391,0.023427518567333692,0.019201232311528975,0.015661039174509783,0.03442745222080891,0.9955968158254344,9.075331323341214,55.28273648135696,99.49677895147822,100.0
80,SGBM,46103,0.0518288991735873,0.03357228649515515,0.024228604409719124,0.0189057925343189,0.049938111549573304,0.9923866125848644,7.392143678285577,40.00390430123853,99.00874129666181,99.99783094375637
80,LAS2-M,46103,0.04017962274927224,0.02546973756817104,0.018733778654217655,0.014845682357149115,0.04476700781688894,0.9906513675899616,14.543522113528404,59.65989198099907,98.90245754072403,100.0
80,LAS2-H,46103,0.039064228785644826,0.02266499444843914,0.018446217529726,0.015752797188410383,0.03547525878759335,0.995184695139145,11.298613973060322,54.887968245016594,99.45339782660564,100.0
81,RealSense D435i,61508,0.024948498696170787,0.018553196496648112,0.011604961528910072,0.007119969469665338,0.043351949495453214,0.9945535540092346,57.80061130259478,81.88040580087144,99.22449112310593,100.0
81,UniDepthV2,61508,0.4442441625063544,0.2043414842235781,0.2009124758238792,0.19775489109884525,0.08594432580806159,0.033459062235806726,0.0,0.0,0.5625284515835338,100.0
81,MoGe-2,61508,0.15427699232723757,0.0747851103389668,0.0715316896208019,0.06514500365072545,0.04218535643895586,0.9529817259543474,0.027638681147167846,0.24224491123105937,84.75645444495025,100.0
81,DA3,61508,0.3362279107951238,0.15702972945745622,0.15179689137783284,0.15026874801788725,0.08512889032834248,0.21582558366391363,0.013006438186902516,0.12843857709566234,5.716329583143656,100.0
81,BridgeDepth (RVC),61508,0.047948549929384784,0.027090523433815746,0.023083497611124982,0.02078602086745507,0.03502126143761562,0.9972361318852833,11.307472198738376,29.508356636535083,99.63581973076673,100.0
81,BridgeDepth (Mid.),61508,0.047762178241677604,0.026922187218134594,0.022982314046827663,0.020631891143602588,0.033716068744111836,0.9975612928399558,11.51232360018209,29.602653313390125,99.66996163100735,100.0
81,DEFOM-Stereo,61508,0.04842601681809888,0.027130716426716016,0.023186292554820333,0.020445937301171446,0.033514217427437404,0.998032776224231,10.06210574234246,31.34714183520843,99.66508421668726,100.0
81,FoundationStereo,61508,0.04827304538107218,0.026780601469159504,0.023153226608960333,0.021078124700542877,0.03349062258708851,0.9977238733172921,10.045847694608831,27.290758925668207,99.69597450738115,100.0
81,S2M2,61508,0.048062925925514095,0.02703412853347972,0.02311974506868469,0.020924025537944813,0.03450449053359872,0.9979189698900955,11.00344670611953,29.66768550432464,99.66671002146063,100.0
81,SGBM,61508,0.05590966003247761,0.03213986161950574,0.026773892805171035,0.022537186586990776,0.04266412698381917,0.9974312284580867,9.619886843987773,25.18371593939,99.30252975222736,100.0
81,LAS2-M,61508,0.04817328828113734,0.027028242183936197,0.02308209225938669,0.02053547757261115,0.03572382917126805,0.99650451973727,9.46218378097158,31.010600247122326,99.5496520777785,100.0
81,LAS2-H,61508,0.048058618299801056,0.026437206009124557,0.02295723196941642,0.02123403233329957,0.034126082994239054,0.9969922611692787,9.888144631592638,27.26962346361449,99.63419392599336,100.0
82,RealSense D435i,70136,0.024396859254583222,0.021601839575657547,0.011466638034648908,0.00530182091841222,0.04515449777119952,0.995694080073001,69.32388502338314,83.77580700353599,99.38975704345843,100.0
82,UniDepthV2,70136,0.40111642851604146,0.17705648749254455,0.1707087247539515,0.17391571212321966,0.11234493442619316,0.14945249230067298,0.10550929622447816,0.386392152389643,12.896372761491959,100.0
82,MoGe-2,70136,0.16327902232576708,0.0735937204350604,0.06930582884707434,0.06791484831060535,0.06713405413702798,0.887133569065815,1.3131629976046537,3.491787384510095,71.57379947530512,100.0
82,DA3,70136,0.30949504816776446,0.14003195982348723,0.13021876758877438,0.13519609937999355,0.11601210183653717,0.32061993840538383,2.115889129690886,3.9266567811109843,23.632656552982777,100.0
82,BridgeDepth (RVC),70136,0.047395913457156796,0.027055398222642548,0.02232830606622751,0.018182825146291326,0.04216014486447728,0.998474392608646,5.966978441884339,39.05982662256188,99.75048477244212,100.0
82,BridgeDepth (Mid.),70136,0.047176845291087205,0.02715270555907699,0.02223510084143194,0.018031786098059832,0.042862146074367724,0.9979325881145203,6.514486141211361,40.290293144747345,99.7219687464355,100.0
82,DEFOM-Stereo,70136,0.0490068872639615,0.027476225303450022,0.02290787744934124,0.019213045911751492,0.04243188509705963,0.9974478156724079,5.127181475989506,34.63556518763545,99.68347211132657,100.0
82,FoundationStereo,70136,0.045748775895631894,0.025909652832700008,0.02142119014825288,0.01786230661561622,0.04098566452493087,0.9979040720885137,6.49452492300673,41.30546367058287,99.72054294513516,100.0
82,S2M2,70136,0.04699839173146244,0.02660334645813859,0.022073469075500313,0.01810542266679327,0.041881666520646,0.9975761377894377,5.402361126953348,38.92722710163112,99.7219687464355,100.0
82,SGBM,70136,0.059257228825707935,0.040871209511511936,0.027970627591361444,0.018562977547797788,0.06299311313237146,0.9672208281053952,6.401847838485229,33.815729439945244,95.23639785559484,100.0
82,LAS2-M,70136,0.04799114010521915,0.027596622155161066,0.022579084522200414,0.018657454006175134,0.04429378614658892,0.997034333295312,5.534960647884111,38.34835177369681,99.59934983460705,100.0
82,LAS2-H,70136,0.046717829261301164,0.026664421686823342,0.021940645621021656,0.01831911077729148,0.04235943211236235,0.9974905897114178,5.492186608874188,38.87162085091821,99.70628493213187,100.0
83,RealSense D435i,75371,0.015173153747068124,0.010490261463882565,0.007016217693974095,0.00480304918358293,0.02203980972777202,0.9998540552732483,73.93825211288161,92.84074776770906,99.97744490586565,100.0
83,UniDepthV2,75371,0.42186271648394186,0.19434184333784205,0.18989371404291236,0.1912355766900501,0.0760886809611315,0.07245492298098738,0.0,0.0,1.2047073808228628,100.0
83,MoGe-2,75371,0.17991851484747873,0.08452701932749773,0.08149715215611675,0.07802520349567177,0.04127715669301441,0.9188547319260724,0.15257857796765334,0.24279895450504838,61.23973411524326,100.0
83,DA3,75371,0.28751116707681473,0.13331872661069583,0.12848240565034713,0.13283490422321742,0.07388810232073491,0.27079380663650476,1.020286317018482,1.846864178530204,15.175598041687122,100.0
83,BridgeDepth (RVC),75371,0.042358228026504324,0.021478337493312693,0.019609042426709317,0.018806657885591993,0.020183227478535057,1.0,7.351633917554497,34.275782462750925,100.0,100.0
83,BridgeDepth (Mid.),75371,0.04240352593089066,0.021662555858182084,0.01968491810721904,0.0187778096765715,0.01960696386396006,1.0,7.942046675777156,33.68935001525786,100.0,100.0
83,DEFOM-Stereo,75371,0.04399244998152343,0.021915687584105715,0.020286822978368757,0.019424719242246535,0.018531013132385997,1.0,6.678961404253625,28.955433787531014,99.9986732297568,100.0
83,FoundationStereo,75371,0.041166068728465594,0.020905865350434195,0.019074921619286728,0.018111453001442013,0.01954933418601374,1.0,7.3940905653368,35.848005200939355,99.9986732297568,100.0
83,S2M2,75371,0.04222545436513848,0.02133911121722595,0.019542438907653673,0.01873711130387512,0.019196061763905634,1.0,7.472370009685422,32.46076077005745,99.9986732297568,100.0
83,SGBM,75371,0.13807197222549283,0.5493981964262489,0.06324258657728662,0.02023542409828727,0.21148781005016273,0.9918536307067705,6.79173687492537,26.73442040041926,99.07789468097809,99.34855581059028
83,LAS2-M,75371,0.03895510131141975,0.01964651711437927,0.017956161642549158,0.017256450562839865,0.018225679010518248,1.0,9.238301203380612,45.73509705324329,99.99601968927041,100.0
83,LAS2-H,75371,0.041079408817598514,0.02079527926943007,0.0189937104869168,0.018275598310682706,0.01890223983613895,1.0,8.958352682066046,37.20529115972987,99.9986732297568,100.0
84,RealSense D435i,68036,0.019800382660062142,0.015767196193837114,0.008504045577187242,0.004505010737409054,0.03864509427239584,0.9908430830736669,74.92797930507379,88.88970545005586,98.8917631841966,100.0
84,UniDepthV2,68036,0.42339589278813816,0.18715221178468838,0.18492796083808535,0.18225152986714432,0.05896458850237568,0.006628843553412899,0.0,0.004409430301605033,0.276324298900582,100.0
84,MoGe-2,68036,0.1831524020366294,0.08243977817706248,0.07975423630228057,0.07609949692797707,0.04533623982381982,0.9178082191780822,0.014698101005350107,0.02792639191016521,65.40507966370744,100.0
84,DA3,68036,0.36146942510198415,0.1652742517404561,0.15395097227132068,0.15179600576702862,0.11705842009487565,0.18472573343524018,2.464871538597213,3.8215062613910287,10.747251455112,100.0
84,BridgeDepth (RVC),68036,0.043060188431337826,0.021619080863036915,0.01928373724317479,0.0177229303546112,0.032919410672886215,0.998192133576342,7.084484684578753,37.303780351578574,99.76630019401493,100.0
84,BridgeDepth (Mid.),68036,0.04291223040752537,0.02160571903543661,0.019256859458026663,0.01760179532932682,0.032571209623376916,0.998530189899465,6.941913104826856,37.42283496972191,99.7354341819037,100.0
84,DEFOM-Stereo,68036,0.04419649865692763,0.0223352950079614,0.01975100302988325,0.01756332007634631,0.03196598158878442,0.9983832088894115,5.9600799576694685,36.58210359221589,99.7354341819037,100.0
84,FoundationStereo,68036,0.043466519222860274,0.022206032777282565,0.019464209905894255,0.01669319764987437,0.03724138251247574,0.9961637956376036,5.173731553883238,42.09683108942325,99.51055323652184,100.0
84,S2M2,68036,0.04410824256002529,0.022733521321826277,0.019798248908563243,0.01777310701525353,0.038503530383966915,0.9951055323652184,7.948733023693339,36.249926509494976,99.32976659415603,100.0
84,SGBM,68036,0.05057615022374293,0.02655565477774119,0.022658929234818024,0.01890974127063977,0.043865150506350974,0.9970750778999353,4.822446939855371,30.135516491269325,99.6810512081839,100.0
84,LAS2-M,68036,0.039528776527203054,0.02003481585134954,0.017666613844081937,0.015849093804800596,0.027252756391507028,0.9977658886471867,9.639014639308602,50.502675054382976,99.68399082838498,100.0
84,LAS2-H,68036,0.040952548660030584,0.02053058804249931,0.018352503187532794,0.016366004762510933,0.027994192511891582,0.9983538126874008,7.46516550061732,44.85125521782586,99.79863601622671,100.0
85,RealSense D435i,64884,0.018737503116446497,0.024572211471247808,0.00823049135902919,0.005747275675027863,0.035154084437252195,0.9992139818753468,79.11195364034278,93.4498489612231,99.58079033351828,99.9799642438814
85,UniDepthV2,64884,0.4747324995685965,0.20888179335344065,0.20549925293019494,0.1976625441456415,0.07286680844632992,0.02336477405831946,0.0,0.006164848036495901,0.4284569385364651,100.0
85,MoGe-2,64884,0.09996324987559835,0.045356113966792316,0.04302924952734828,0.04115295720809814,0.034910103864840836,0.9886104432525739,2.2717465014487392,4.973491153443067,98.10122680475926,100.0
85,DA3,64884,0.1906419840990785,0.08789362255287297,0.07941893558786327,0.06847533288767854,0.1125606099237279,0.7844152641637384,2.1977683250107884,4.691449355773381,71.27643178595648,100.0
85,BridgeDepth (RVC),64884,0.04033256147177179,0.021985003716877775,0.018481138536467597,0.01655111274872456,0.023388426375782544,0.9983663152703286,9.41372295172924,43.33579927254793,99.67942790210222,100.0
85,BridgeDepth (Mid.),64884,0.04054242174028414,0.022196402816510894,0.01858718170235687,0.01653633923753134,0.02358185085129683,0.9982892546698724,9.056161765612478,43.57622834597127,99.65785093397447,100.0
85,DEFOM-Stereo,64884,0.04405969777202805,0.024759593145332853,0.02023689256321334,0.017124028087270426,0.02512929932529741,0.997688181986314,4.455643918377412,37.34048455705567,99.50835336908945,100.0
85,FoundationStereo,64884,0.040196675151533155,0.021557268103031466,0.018340945514530683,0.016301625761663496,0.023188242695687596,0.9981043092287775,7.741507921829727,45.82639787929227,99.61623820972812,100.0
85,S2M2,64884,0.040125655627379714,0.021814519089434225,0.018361698341137656,0.016265896637587263,0.024186375456201274,0.9983046667899637,9.125516306023057,45.68306516244375,99.63473275383762,100.0
85,SGBM,64884,0.04859519132960845,0.03997166552875573,0.02263748231448135,0.01782818097534461,0.057478214666051713,0.9900591825411503,5.667036557548856,33.93748844090993,98.7716540287282,99.99229393995438
85,LAS2-M,64884,0.03832165871844124,0.02122812757651668,0.01742063449935293,0.015594040346833982,0.028414736580361803,0.9982584304296899,13.608902040564699,52.37038407003267,99.65014487392885,100.0
85,LAS2-H,64884,0.039020781124406,0.021094468481618375,0.01769867979929912,0.016094608028403512,0.027387616918852314,0.9983046667899637,11.793354293816657,48.40946920658406,99.65014487392885,100.0
86,RealSense D435i,66819,0.01725595737279092,0.02437935680325777,0.007828587609386246,0.004547474866926582,0.03666054495955483,0.9997605471497628,76.18042772265373,92.43029677187626,99.85632828985767,99.98054445591823
86,UniDepthV2,66819,0.3956581978907737,0.17526020121409477,0.17202937241552632,0.1717579546975485,0.07483679053549244,0.0962001825827983,0.0014965803139825498,0.007482901569912749,2.390038761430132,100.0
86,MoGe-2,66819,0.07002628960383962,0.03537822372459087,0.03088462936695657,0.03047019812800411,0.04088049051145337,0.9964980020652808,6.528083329591883,18.936230712821203,99.41184393660485,100.0
86,DA3,66819,0.18480405369148223,0.08618372693156308,0.07882517301483755,0.0746068336199941,0.09862037538902475,0.8084676514165132,0.8560439395980186,3.2520690222840805,59.307981262814465,100.0
86,BridgeDepth (RVC),66819,0.04985419214963535,0.026674175708570898,0.022878195506915344,0.021744182097837572,0.029245576271631032,0.9998802735748814,13.166913602418473,28.48291653571589,99.80694113949625,100.0
86,BridgeDepth (Mid.),66819,0.04922562408314218,0.02624918375574295,0.022550056984946186,0.021629207376423487,0.0289363623999325,0.9998653077717415,13.026235052904115,29.436238195722776,99.78898217572846,100.0
86,DEFOM-Stereo,66819,0.052457760396217266,0.027927084074618913,0.024013539775677988,0.02260611893232456,0.02654604176283394,0.9983387958514793,8.948053697301665,24.805818704260766,99.6662625899819,100.0
86,FoundationStereo,66819,0.04971765989691913,0.026322764617868772,0.022738431543278315,0.022158994432185053,0.028272189256410757,0.999910205181161,13.59792873284545,27.029737050838833,99.79646507729836,100.0
86,S2M2,66819,0.049967254264636364,0.026599531168087238,0.02290853469692599,0.022089774472055956,0.029039301896264264,0.9998054445591823,13.404869872341699,26.790284200601626,99.80095481824031,100.0
86,SGBM,66819,0.0630346094572465,0.03492097341600039,0.028743252317126353,0.024747161881065405,0.05433425733957379,0.987743007228483,7.363175144794146,20.77852107933372,97.37200496864664,100.0
86,LAS2-M,66819,0.049183259152718865,0.026479812848287036,0.022508395790135322,0.02117129146701968,0.02965629943182987,0.9998353761654619,13.63384666038103,32.24980918600996,99.83836932608988,100.0
86,LAS2-H,66819,0.04945095991747506,0.02653768511361256,0.022565927631453212,0.020715377486056785,0.029290106636362688,0.9997755129529026,13.00677950882234,30.901390323111688,99.76952663164668,100.0
87,RealSense D435i,60549,0.015427724879636768,0.021384729810980378,0.00686586236912434,0.0028348871983447377,0.03647223952626263,0.9981832895671274,81.90391253365044,92.02298964475052,99.65977968257114,99.99009067036614
87,UniDepthV2,60549,0.44861315129460205,0.19691603872348765,0.1940877909897655,0.18949711683167292,0.06994769930503808,0.014418074617252143,0.0,0.009909329633850269,0.3468265371847595,100.0
87,MoGe-2,60549,0.16407584210494094,0.07459646609962342,0.07193687070713783,0.06875260003572659,0.03915360457801453,0.9485045170027581,0.0511982031082264,0.14368527969082892,85.98325323291878,100.0
87,DA3,60549,0.20582547968354623,0.09971916052145957,0.08806101050304281,0.0787402486749571,0.1892096429121255,0.7486498538373879,1.28325818758361,3.6565426348907497,49.69693966869808,100.0
87,BridgeDepth (RVC),60549,0.04528252859775561,0.02329956534544956,0.020463766882472006,0.01964894535368311,0.0268996890667581,0.9989925514872252,8.356867991213727,29.179672661811097,99.82823828634659,100.0
87,BridgeDepth (Mid.),60549,0.04509246425097561,0.023038898107497506,0.020340625179418013,0.0197019403901757,0.027125241638458156,0.9990255825860047,8.237956035607525,28.623098647376505,99.81832895671275,100.0
87,DEFOM-Stereo,60549,0.047954646965292544,0.024876213057427148,0.021666745536548754,0.020062124278465987,0.025749091945147334,0.9991081603329535,6.097540834695867,24.66762456853127,99.83154139622454,100.0
87,FoundationStereo,60549,0.04491486215501745,0.022765345720966376,0.020221375134364523,0.019484133510842994,0.025333996728607783,0.9989925514872252,6.609522865778131,28.86587722340584,99.81998051165172,100.0
87,S2M2,60549,0.04521487466047599,0.02327527013059451,0.020369017084258447,0.019349165555531567,0.027707566836420346,0.9984640539067532,6.697055277543808,28.849361674016087,99.7819947480553,100.0
87,SGBM,60549,0.05428278660890837,0.031006616847302947,0.024683290796760526,0.02113608167516534,0.046234785847453205,0.990999025582586,7.212340418504022,23.896348412029926,98.54002543394607,100.0
87,LAS2-M,60549,0.04355272183693621,0.022588921281481954,0.019581714599645132,0.01847410931791471,0.027021547170796426,0.998876942641497,8.79948471485904,35.5464169515599,99.80841962707889,100.0
87,LAS2-H,60549,0.04496248746767819,0.022872810525939567,0.02020166828912806,0.019379991296513355,0.025121539410680852,0.999141191431733,8.180151612743398,29.045896711754114,99.81998051165172,100.0
88,RealSense D435i,76063,0.01599367857823877,0.014903495101117208,0.007297145464923366,0.003739728950628407,0.029841809728448337,0.9974100416759791,75.51371889091936,91.05609823435836,99.68578678200964,100.0
88,UniDepthV2,76063,0.5752624320107897,0.25285462515278523,0.2491687563566899,0.24871498182637664,0.07189447792275959,0.01025465732353444,0.002629399313726779,0.017091095539224065,0.5140475658335854,100.0
88,MoGe-2,76063,0.15314466466665758,0.06902967309388121,0.06669477341133918,0.06330756295336071,0.03468141739725915,0.971273812497535,0.3023809210785796,0.7257142105885911,87.70624350867044,100.0
88,DA3,76063,0.21370652346084312,0.09922103120277907,0.09163367054993081,0.09534081386400772,0.08935632519944987,0.6919001354140647,0.553488555539487,2.582070126079697,33.28425121281043,100.0
88,BridgeDepth (RVC),76063,0.04593316842910731,0.022946601104148576,0.020431998130658987,0.01908159151274047,0.022616536410771458,0.9990928572367642,4.977452900884793,24.91618789687496,99.85669773740189,100.0
88,BridgeDepth (Mid.),76063,0.04658410851137262,0.023567071515031495,0.02073059825697699,0.019260643127578247,0.023822836251505317,0.9986590063499994,4.380579256668813,24.620380474080697,99.79227745421558,100.0
88,DEFOM-Stereo,76063,0.04701952950891379,0.023164748199649626,0.020872007710921053,0.01928577530214237,0.021269345063882186,0.9992769151887252,3.5694095683841027,24.838620617120018,99.87641823225484,100.0
88,FoundationStereo,76063,0.04686152508356178,0.023647722651414356,0.02086930605990599,0.019048367666779975,0.024015257570283347,0.9988299173053916,3.8113143052469662,24.600659979227746,99.81725674769599,100.0
88,S2M2,76063,0.04728419407974452,0.023384274701950206,0.020982286271348172,0.019438414064327336,0.023126041078027744,0.9990008282607838,3.9256931753940814,23.377989298344794,99.84618014014698,100.0
88,SGBM,76063,0.05005974263916498,0.025435315119606828,0.022289566199274788,0.02083612326313944,0.028562686873197424,0.998672153346568,5.454688876326204,21.46115719863797,99.75809526313714,100.0
88,LAS2-M,76063,0.04549925698130144,0.022803739581916952,0.020204159523354987,0.018869572312819827,0.02292227280720864,0.9990928572367642,5.250910429512378,30.24466560614228,99.87904763156857,100.0
88,LAS2-H,76063,0.04531734806634227,0.022481470750749927,0.020093125089767495,0.01889413182810351,0.022252041103567374,0.9992900621852938,6.066024216767679,28.3370364040335,99.8921946281372,100.0
89,RealSense D435i,78306,0.02350110487415966,0.020128031623823015,0.010869466783584952,0.008387959159971176,0.03440189447543902,0.9979950450795597,49.96551988353383,84.63080734554185,99.70628048936224,99.993614793247
89,UniDepthV2,78306,0.376902171504509,0.17474039157192237,0.170464918816461,0.17959772559696635,0.08392503123785541,0.15842974995530354,0.0,0.003831124051796797,8.616197992490997,100.0
89,MoGe-2,78306,0.13112382662095498,0.0606735544562657,0.05891327353061385,0.06285782735120282,0.03837342746373015,0.9996041171813144,0.40737619084105947,1.4558271396827829,98.95282609250887,100.0
89,DA3,78306,0.1602258787178685,0.08381386289893424,0.07145138196858311,0.08060450998710983,0.10244024681339864,0.8964447168799325,7.492401603963936,17.32178887952392,52.67923275355656,100.0
89,BridgeDepth (RVC),78306,0.060373135325428956,0.030134838056819394,0.02801551719134931,0.028828702701721776,0.02463423763244098,0.9999233775189641,7.275304574362118,14.255612596735881,99.99233775189641,100.0
89,BridgeDepth (Mid.),78306,0.062399258891458274,0.031246203593434798,0.028994712389194557,0.029190788785050825,0.025578404975334913,0.9999361479324701,6.699358925242,13.642632748448394,99.993614793247,100.0
89,DEFOM-Stereo,78306,0.06252900092175606,0.030892752653953776,0.029160351046066707,0.029339179222204637,0.020460426039099856,0.999987229586494,3.0138175874134805,12.756366051132737,99.9974459172988,100.0
89,FoundationStereo,78306,0.06016797034896631,0.029669554911813507,0.027925237606779205,0.028617527432108325,0.02222140181075654,0.999987229586494,4.446657982785482,14.066610476847242,99.9961688759482,100.0
89,S2M2,78306,0.06154460891871315,0.030790519654636445,0.028660478244781403,0.028907934807085978,0.023650696228982873,0.999987229586494,4.972799019232243,12.821495160013283,99.73948356447781,100.0
89,SGBM,78306,0.11824900801967202,0.26373996278659323,0.055325404237084895,0.03203328434292391,0.14975981786525558,0.9589303501647384,3.2155901208081117,8.921410875284142,94.64664265828927,99.61433351211912
89,LAS2-M,78306,0.06017049033041395,0.030432572611080757,0.027960336071461974,0.0282244578944717,0.02568359344382991,0.9994508722192424,6.970091691568974,15.075473143820398,99.93997905652185,100.0
89,LAS2-H,78306,0.05951664642560126,0.029698261107513554,0.02761438932590916,0.028279016130396295,0.024446722785295652,0.999987229586494,7.3532040967486525,14.918397057696728,99.9987229586494,100.0
90,RealSense D435i,77106,0.014632487261640632,0.014342443897920361,0.0069264045076807,0.0031250251220536485,0.028445716295989656,0.9986382382693954,74.98508546676005,90.9436360335123,99.76136746816071,100.0
90,UniDepthV2,77106,0.34290869036347305,0.16027039086395165,0.15382396745241322,0.15815128205026424,0.08330344910658057,0.2176354628692968,0.0,0.001296915933909164,13.831608435141234,100.0
90,MoGe-2,77106,0.1152154825043496,0.05407939130553645,0.05204281509271769,0.053140230253902854,0.031621777298471106,0.9985085466760044,0.19194355821855627,0.616035068606853,98.67584883147875,100.0
90,DA3,77106,0.16172287623748982,0.08373811248115112,0.0715136318119483,0.07982454322278287,0.08495228891783238,0.8981402225507743,12.84465540943636,17.367001270977614,55.63639664876923,100.0
90,BridgeDepth (RVC),77106,0.04910588911486119,0.025408876004974098,0.022709409475373563,0.021944942419158675,0.02512948613141585,0.9995331102637927,8.457188805021659,20.264311467330685,99.95331102637927,100.0
90,BridgeDepth (Mid.),77106,0.05044149471293604,0.02593186289749415,0.023286884984245367,0.022299380570989513,0.025211531935800887,0.9997535859725573,8.052551033642,20.53666381345161,99.97406168132181,100.0
90,DEFOM-Stereo,77106,0.05289414129254635,0.027150330669141718,0.024448965237590308,0.02306451431947576,0.02422250811802083,0.9998573392472699,6.627240422275828,17.133556402873964,99.93256037143672,100.0
90,FoundationStereo,77106,0.047619695684372736,0.024252605841061117,0.021996924766642532,0.02148875555725649,0.02196121210475787,0.9996498326978446,8.201696366041553,23.39766036365523,99.96498326978445,100.0
90,S2M2,77106,0.04963808974000693,0.02566112348146505,0.022975109889958014,0.022051892103545967,0.024123124210054508,0.9993645111923846,7.231603247477499,21.4548802946593,99.87938681814644,100.0
90,SGBM,77106,0.06521040214171181,0.03972704009955751,0.030408445008516385,0.025611669207579624,0.04694398496884198,0.9776282001400669,5.279744766944207,13.270043835758566,96.43996576141934,100.0
90,LAS2-M,77106,0.05137540046548272,0.027384432890124877,0.023804714490728525,0.023143089987049892,0.02842590291514461,0.9991051280056027,8.475345628096386,21.048945607345733,99.71597541047389,100.0
90,LAS2-H,77106,0.05012146552706816,0.025904108504707028,0.023158860507996693,0.022267844673587056,0.02463453300469793,0.9996628018571836,8.49998703084066,20.312297356885324,99.96498326978445,100.0
91,RealSense D435i,64795,0.022242226452304368,0.017512029217922265,0.01028013954319145,0.004892558240714384,0.036180114917083235,1.0,68.95593795817578,82.61285593024154,99.8364071301798,100.0
91,UniDepthV2,64795,0.5401170391451896,0.24009188475411755,0.2364707461984794,0.23236456860707233,0.08450592244388921,0.009306273632224709,0.0,0.0,0.2361293309668956,100.0
91,MoGe-2,64795,0.2645374939887823,0.12102778767294006,0.1178781159718891,0.11402796620777378,0.04678678931399075,0.3318002932325025,0.0,0.0015433289605679451,8.397252874450189,100.0
91,DA3,64795,0.3183581910366093,0.14961711315097964,0.13908855754639488,0.1326706158628559,0.10214351639935858,0.20432132108959025,1.458445867736708,3.355197160274712,10.892815803688556,100.0
91,BridgeDepth (RVC),64795,0.0533485497693737,0.029984020354462744,0.024783289802773487,0.020579472704042145,0.033186487259676406,0.9972374411605833,5.904776603132958,22.2532602824292,99.05548267613243,100.0
91,BridgeDepth (Mid.),64795,0.0538797282121414,0.030276818685442533,0.025029236442290912,0.02063878594452817,0.03364030027609667,0.9978393394552049,5.406281348869511,21.603518790030098,98.94127633305038,100.0
91,DEFOM-Stereo,64795,0.05490533837217626,0.030194702248531036,0.025485172690990637,0.020964749037456598,0.03098461231330595,0.999614167759858,4.950999305501968,19.824060498495257,99.38266841577283,100.0
91,FoundationStereo,64795,0.05260932619923479,0.028886780009893278,0.02442775164000912,0.020418421572456547,0.029493005500821023,0.9999074002623659,5.424801296396327,21.790261594258816,99.557064588317,100.0
91,S2M2,64795,0.05314623189969346,0.029020029472181897,0.02468388626314883,0.02069608627356001,0.02975910297849105,0.9999382668415773,5.816806852380585,20.442935411683,99.54471795663245,100.0
91,SGBM,64795,0.07671532098667794,0.058049620294403186,0.03591766632014982,0.022218634386430347,0.07920443974622163,0.9289914345242688,3.1252411451500888,14.198626437225096,92.84667026776758,100.0
91,LAS2-M,64795,0.052797696986820644,0.028665182402344693,0.024414968364069912,0.021108998803564316,0.031235846392973002,0.9996296010494637,6.95424029631916,24.180878154178565,99.55860791727757,100.0
91,LAS2-H,64795,0.0525399933832807,0.028483184831505675,0.024228522048084986,0.021067964432141317,0.030580055847405394,0.9993363685469557,7.068446639401188,20.54788178100162,99.41816498186589,100.0
92,RealSense D435i,76130,0.019128425167924935,0.0204270755153573,0.00847636524175089,0.00728719242683204,0.026857693074994818,0.9998686457375542,63.75279127807697,92.77288848023119,99.98686457375541,99.98686457375541
92,UniDepthV2,76130,0.3853087818994441,0.17203843741493519,0.17035425999398385,0.16980554263904746,0.04946257758122305,0.03830290292920005,0.0,0.0,0.5411795612767634,100.0
92,MoGe-2,76130,0.14707287691006105,0.06710155702225915,0.06517207200617789,0.06374872743821663,0.03147204143584631,0.9920399316957835,0.8143964271640615,1.6484959936949957,91.22947589649284,100.0
92,DA3,76130,0.22489055044270667,0.10578599280317413,0.09774116974487738,0.08994128911172505,0.09577514619454211,0.6860764481807434,2.5995008538027062,4.889005648233285,26.502035991067913,100.0
92,BridgeDepth (RVC),76130,0.03932249069971353,0.02242853403033619,0.01855330059936366,0.015630177040458437,0.02226988490535366,1.0,14.745829502167346,52.030736897412325,99.98029686063312,100.0
92,BridgeDepth (Mid.),76130,0.03913826581727193,0.02224317322450778,0.018451274679194572,0.015501234021313592,0.0222219444778548,1.0,15.004597399185604,52.06226192039932,99.96190726389071,100.0
92,DEFOM-Stereo,76130,0.042415616298812964,0.02362557061474605,0.019872077779470365,0.016591590749757856,0.021755379470575854,0.9999605937212662,10.089320898463155,44.680152370944434,99.9750426901353,100.0
92,FoundationStereo,76130,0.039387971979831335,0.02236926155294943,0.018565135622340505,0.01555300419202471,0.02192788800422068,1.0,14.355707342703269,52.03599106791016,99.96453434913963,100.0
92,S2M2,76130,0.04003884798631767,0.022537699318741104,0.018855333587188716,0.0159098982895709,0.021930095635793432,1.0,13.134112701957179,49.95402600814396,99.98292394588204,100.0
92,SGBM,76130,0.04484475504993771,0.025084081735535158,0.020946455384020658,0.017645702633167004,0.025363329412199064,0.9999737291475108,9.129121239984238,40.35991067910153,99.96322080651517,100.0
92,LAS2-M,76130,0.0392885854276552,0.0219406088504733,0.018349724213793717,0.01587435063715259,0.023840299738482965,1.0,17.401812688821753,50.56088270064364,99.9908052016288,100.0
92,LAS2-H,76130,0.039171074123825964,0.021556631097714638,0.01832477058322107,0.0159517783509312,0.021507534698019828,1.0,14.29134375410482,49.68212268488112,99.9658478917641,100.0
93,RealSense D435i,72774,0.02426551731768934,0.014514050434486203,0.010846407212678771,0.00969920909060909,0.028136832535041553,0.9999725176574051,42.5907604364196,88.32000439717481,99.8570918185066,100.0
93,UniDepthV2,72774,0.5353139776447223,0.23732308663783896,0.2345505093120865,0.2285885452707312,0.08005736643853309,0.013672465440954186,0.0,0.0,0.0975623162118339,100.0
93,MoGe-2,72774,0.10392343181494355,0.049262336991370656,0.045827015474784794,0.04464419751837201,0.04084978194307594,0.983125841646742,0.5839997801412592,2.7262483854123727,96.55646247286118,100.0
93,DA3,72774,0.22123511598100856,0.10569817266105802,0.09678498726625975,0.08444065860890959,0.10110872864549299,0.6661994668425537,1.4895429686426471,2.422568499738918,48.59840052766098,100.0
93,BridgeDepth (RVC),72774,0.03884149282706203,0.022962686327935123,0.018036256018570722,0.014379924121045384,0.029080158428968616,0.9999862588287025,23.83818396680133,56.201390606535305,99.23186852447301,100.0
93,BridgeDepth (Mid.),72774,0.03924489147428824,0.023098085872164213,0.01824224165065932,0.014824718322978991,0.0291786002501295,0.9999862588287025,22.862560804682992,55.56105202407453,99.27446615549509,100.0
93,DEFOM-Stereo,72774,0.040190320465031,0.022792364531781104,0.01872871684958402,0.016165874518451473,0.024656601063935676,0.9999862588287025,16.04419160689257,52.29614972380246,99.88732239536098,100.0
93,FoundationStereo,72774,0.03925054190376207,0.021983357787266636,0.018224665605436903,0.016156012469804304,0.024764247535567076,0.9999862588287025,18.38019072745761,52.31263912935938,99.82411300739274,100.0
93,S2M2,72774,0.04073812700236931,0.023050083613780303,0.018861293501476317,0.01670635026451689,0.027346034500466493,0.9999862588287025,18.92983757935526,51.02509137878912,99.30194849808997,100.0
93,SGBM,72774,0.05614423136368614,0.037177887750377496,0.0259907228323077,0.018114314189597414,0.05174952269183451,0.9738230686783741,13.526809025201308,45.006458350509796,95.1218841894083,100.0
93,LAS2-M,72774,0.03820619232635008,0.022592348654964095,0.017687079413346404,0.01364882340044854,0.028941420224715075,0.9999587764861076,26.71970758787479,58.43158270811004,99.32668260642538,100.0
93,LAS2-H,72774,0.0399044840336498,0.022896569207778657,0.018394085827101142,0.015306648130547273,0.02827475512064681,0.9999862588287025,21.404622530024458,53.7980597466128,99.03262154066013,100.0
94,RealSense D435i,61738,0.01915955362898994,0.013100243519740486,0.008306222655199315,0.006259431355460338,0.026991208764366916,0.9984936343904889,63.173410217370176,93.23107324500309,99.6922478862289,100.0
94,UniDepthV2,61738,0.5721163501659976,0.24161207050512876,0.23851908197201005,0.2337861055797093,0.08352556367859275,0.006155042275421944,0.0,0.0,0.09070588616411286,100.0
94,MoGe-2,61738,0.14777895627976886,0.06489467928006167,0.06120410607164198,0.05798167036461255,0.0500294028775398,0.9513589685444945,1.237487446953254,2.0360231947908907,85.15986912436425,100.0
94,DA3,61738,0.2882768371918747,0.13010640641494042,0.1170750970973199,0.10591128602578798,0.1364785339748228,0.4939097476432667,3.1325925685963263,4.395995983025041,18.568790696167675,100.0
94,BridgeDepth (RVC),61738,0.04213932571655284,0.0232423759900711,0.018615333322533838,0.015286606256334878,0.026515454528202906,0.9989471638213094,10.00680294146231,49.058926431047325,99.36019955294955,100.0
94,BridgeDepth (Mid.),61738,0.04330515621690385,0.023731954840642132,0.019137738964440595,0.015762673388872717,0.026570941668833017,0.9988823739026208,8.30768732385241,45.757880073860505,99.31160711393308,100.0
94,DEFOM-Stereo,61738,0.046528181738855416,0.02584361629235871,0.020460822338954302,0.016004488730876287,0.03131180649114952,0.9967767015452396,6.24412841361884,43.11445139136351,98.55194531730864,100.0
94,FoundationStereo,61738,0.04255462445827221,0.02295893468587338,0.01878695833882289,0.01565636914333296,0.02529271986534876,0.9988337814636042,7.196540218342026,46.87712591920697,99.42174997570378,100.0
94,S2M2,61738,0.04313093187112705,0.023338842716874735,0.019023018635096586,0.015894804197604973,0.02590708742157039,0.9990443486993423,7.225695681751919,45.37076030969581,99.3844957724578,100.0
94,SGBM,61738,0.0488978704290989,0.028561093211508664,0.021535658159393786,0.017105733672356016,0.03611459327023395,0.9956914704072046,5.7630632673556,38.61155204250218,99.53513233340892,100.0
94,LAS2-M,61738,0.04339765467366076,0.02459487914199233,0.01916701610611834,0.014749549873497414,0.029916477623751585,0.9984936343904889,12.44128413618841,51.94693705659399,99.37153778872008,100.0
94,LAS2-H,61738,0.04314207891141119,0.023961345886750546,0.019031821706083633,0.01529107251474393,0.028114778293446035,0.9987689915449156,9.577569730149989,48.39321001652143,99.36181930091678,100.0
95,RealSense D435i,60047,0.023347974570926,0.03582217928913001,0.010148682247754138,0.005776066012403214,0.042190984162106974,0.9986843639149333,64.70098422902059,83.55621429879928,99.84678668376439,99.98667710293603
95,UniDepthV2,60047,0.512368661357708,0.2252393701774325,0.2215023143741068,0.21606808051223314,0.08150815509367271,0.023881292987160057,0.0,0.0,0.6594834046663447,100.0
95,MoGe-2,60047,0.19150820212865305,0.08693309326117918,0.08353922835030589,0.08099193374419189,0.047975637988419584,0.9168984295635085,0.3164188052692058,0.8726497576898097,47.07812213765884,100.0
95,DA3,60047,0.2748827830243552,0.12565842668832652,0.11859550606344757,0.10719518833133312,0.09295614430040883,0.549402967675321,0.17985911036354857,0.30642663247123086,15.807617366396324,100.0
95,BridgeDepth (RVC),60047,0.04679474522835981,0.025318894435859034,0.02150639965472264,0.019815957754227065,0.0336430398785749,0.9995003913601013,11.942311855713026,30.64932469565507,99.89341682348827,100.0
95,BridgeDepth (Mid.),60047,0.046847121435270304,0.02541078850637485,0.021549069487522516,0.01965370818159662,0.03362615534708425,0.9994837377387713,11.735806951221543,30.82751844388562,99.84678668376439,100.0
95,DEFOM-Stereo,60047,0.051682964509915184,0.026947155050864067,0.02325456601164085,0.02107051693884865,0.033231690468259134,0.9977018002564658,8.594933968391427,23.80801705330824,99.49372991156928,100.0
95,FoundationStereo,60047,0.045997752622089015,0.024652852437337534,0.021108234841064565,0.019426115117346154,0.032656431762020544,0.9997668493013806,12.76500074941296,31.11063000649491,99.90673972055222,100.0
95,S2M2,60047,0.04637659348934774,0.02489010564572845,0.021285686252825276,0.019596650667383142,0.033540047059201446,0.9997668493013806,12.280380368711176,29.07555747997402,99.89841290988726,100.0
95,SGBM,60047,0.059954742825440055,0.03227813950888416,0.027030707053053916,0.0228831485896257,0.053388169308600374,0.99603643812347,5.432411277832365,21.068496344530118,99.01743634153246,100.0
95,LAS2-M,60047,0.04731982990880302,0.02616874565098395,0.021720959950190594,0.019437160615911164,0.03551078090868194,0.9990673972055223,11.121288324146086,37.12258730660982,99.7585224907156,100.0
95,LAS2-H,60047,0.047186562183268055,0.02560810862806014,0.021636573986154945,0.01959577879566221,0.03414594714954524,0.9995670058454211,10.763235465551984,34.666178160440985,99.86010958082835,100.0
96,RealSense D435i,78316,0.02733931726015374,0.036491174399002665,0.01234530432475198,0.009116019771016115,0.04734780031515423,0.9953904693804586,47.36069257878339,78.08621482200316,99.50840185913479,99.96297052964911
96,UniDepthV2,78316,0.3752526783616516,0.1750874683851287,0.1692098187963994,0.16405177667062332,0.07541893921245726,0.09337810919863118,0.0012768782879615916,0.012768782879615914,0.5081975586087134,100.0
96,MoGe-2,78316,0.16029546925022234,0.0772253265119789,0.07270614505968473,0.06612437830388329,0.04764536099449317,0.9172327493743296,0.006384391439807957,0.01915317431942387,84.98774196843557,100.0
96,DA3,78316,0.16095801467959456,0.08126161764700596,0.07065213110792135,0.06347552103019732,0.09847348216206185,0.8822079779355432,1.6586648960621075,3.6710250778895754,76.87701108330354,100.0
96,BridgeDepth (RVC),78316,0.03651235011448248,0.020658240290745714,0.01700518906298199,0.015727687677930036,0.02506749042532079,0.9994764799019358,27.307319066346597,53.37734307165841,99.8901884672353,100.0
96,BridgeDepth (Mid.),78316,0.03789605230860841,0.021146114340208404,0.017595233783056743,0.016534078611569913,0.025234955990907637,0.9992721793758619,24.71014862863272,50.78528014709638,99.89274222381123,100.0
96,DEFOM-Stereo,78316,0.03797858456258035,0.021282571470857048,0.017611166958411893,0.01696929386168644,0.02461626301019264,0.9991444915470657,26.398181725317944,50.1928086214822,99.90423412840288,100.0
96,FoundationStereo,78316,0.03768629357270307,0.021080552391402965,0.01750061073217913,0.016802671350275578,0.024599621427633583,0.9991700291128249,26.00873384748966,50.43669237448286,99.89784973696307,100.0
96,S2M2,78316,0.03875313743676863,0.02175437315642506,0.017987950638572097,0.017192882701293877,0.025271547160538983,0.9992211042443434,24.827621431125184,48.79462689616425,99.88763471065938,100.0
96,SGBM,78316,0.04474192150125475,0.06489573582989393,0.020661076618021818,0.018069511248460624,0.05160620115534673,0.997739925430308,16.475560549568417,45.09934113080341,99.74334746411972,99.95147862505746
96,LAS2-M,78316,0.037796603501040284,0.02133458842269141,0.01757253041563038,0.015910594697391145,0.0268557269893952,0.9993232545073804,23.8431482711068,52.46437509576587,99.86592777976404,100.0
96,LAS2-H,78316,0.038051266486266055,0.02141501943682978,0.017680331265441634,0.016291427330741404,0.02540395685191607,0.9988763471065938,24.36666836917105,50.83890903519076,99.86848153633996,100.0
97,RealSense D435i,59822,0.019123408503699642,0.020727777437604223,0.0086943374729631,0.0049788907028485985,0.04298448808927132,0.9978268864297416,73.81398147838588,92.4475945304403,99.74925612650864,99.99832837417672
97,UniDepthV2,59822,0.44470653197715276,0.1955212638216394,0.19270462194651214,0.1926211155043167,0.07464711764536545,0.04065394002206546,0.003343251646551436,0.028417638995687205,1.2186152251679985,100.0
97,MoGe-2,59822,0.11961275964922848,0.05426231584043042,0.05183439737855481,0.05071560365334937,0.041357967274764346,0.9912239644278025,0.42292133328875664,1.3122262712714388,97.07131155762094,100.0
97,DA3,59822,0.18093124789452641,0.08637899534529779,0.07486752680099541,0.05780148860196682,0.1295655664472813,0.6579686402995554,3.461937080004012,8.526963324529438,60.86891110293872,100.0
97,BridgeDepth (RVC),59822,0.04688655420780785,0.027426593645762096,0.021689166432993214,0.01812307029504584,0.037659926435950376,0.9977600213968105,6.109792384072749,32.67359834174719,99.72251011333623,100.0
97,BridgeDepth (Mid.),59822,0.04758624354515588,0.027593525521028225,0.021997908708038656,0.01874354418609353,0.037659949284145,0.9981277790779312,5.349202634482298,29.12975159640266,99.7726588880345,100.0
97,DEFOM-Stereo,59822,0.049986612878722844,0.029118591299190755,0.023030865873001755,0.018662656129111388,0.03945538769356517,0.9975427100397847,3.8781719099996654,31.958142489385178,99.25946976028885,100.0
97,FoundationStereo,59822,0.047675605607420866,0.027576043252671857,0.021996745118074226,0.018609747337743177,0.03813013199930144,0.997793453913276,4.966400320952157,29.300257430376785,99.70245060345692,100.0
97,S2M2,59822,0.0490829578041978,0.028354395523897798,0.022690401817736926,0.018867477193995008,0.03829452769867012,0.9977767376550433,4.535120858547023,27.685466885092442,99.69409247434055,100.0
97,SGBM,59822,0.06942700379392323,0.23159684501088293,0.03161476038690444,0.020059163038543493,0.10208938273181781,0.9939821470362075,5.957674434154659,27.63030323292434,99.31964828992679,99.87462806325432
97,LAS2-M,59822,0.04573861365867732,0.0274424779617937,0.021147435993060616,0.017012472997561756,0.03883213321604145,0.9985456855337501,8.789408578783725,41.24068068603523,99.7793453913276,100.0
97,LAS2-H,59822,0.04558363966412773,0.027451331031061853,0.021101270136603956,0.017437790643741957,0.039464206208516685,0.9982615091437933,10.678345759085287,38.10303901574672,99.72585336498278,100.0
98,RealSense D435i,54954,0.022224202110445093,0.020665799348354667,0.010147922594077013,0.006391771845874528,0.04264661103341735,0.9983622666229938,64.68136987298467,90.66673945481676,99.81439021727263,100.0
98,UniDepthV2,54954,0.45411797525714614,0.20398451490371733,0.19877857150284908,0.19002451906259954,0.08270535911794061,0.030625614150016377,0.005459111256687412,0.043672890053499294,0.26749645157768315,100.0
98,MoGe-2,54954,0.28421172016755863,0.13504728602693147,0.12739312249774606,0.11439108879734805,0.06618930115009673,0.36446846453397386,0.001819703752229137,0.003639407504458274,3.4537977217309024,100.0
98,DA3,54954,0.3378664469203085,0.15326971769756542,0.14200487173515947,0.13419164152034324,0.13023926070241096,0.28542053353714014,0.6059613494923026,1.0281326200094625,20.337009134912837,100.0
98,BridgeDepth (RVC),54954,0.04610315162993002,0.028317583576657226,0.02165030502763108,0.016749624077146752,0.03983098172844848,0.9967063362084653,8.7309386031954,40.36284892819449,99.55235287695163,100.0
98,BridgeDepth (Mid.),54954,0.046561463960953446,0.028502291085495464,0.021886766712246264,0.016978282479546247,0.039793497719812304,0.9968337154711213,7.726462131964916,39.71139498489646,99.5377952469338,100.0
98,DEFOM-Stereo,54954,0.04895305644633485,0.02986168328411209,0.022882541258513432,0.017507996269105763,0.04166376778213836,0.9959966517450959,6.971285074789824,38.355715689485756,99.16111657022236,100.0
98,FoundationStereo,54954,0.046860200605496644,0.028391096491939334,0.021966282711892642,0.017220645067329787,0.04000536900953249,0.9970156858463443,6.907595443461805,39.00353022527933,99.5250573206682,100.0
98,S2M2,54954,0.047519626466756316,0.028789143922620785,0.02230530645604318,0.017348324657586733,0.039859521286819244,0.9971976562215671,7.226043600101903,36.71434290497507,99.55599228445608,100.0
98,SGBM,54954,0.14568000054402297,0.35457969705591214,0.06762067609095544,0.01982375959560656,0.22961078877842642,0.9304691196273247,6.247042981402628,29.89773264912472,90.99064672271354,98.800815227281
98,LAS2-M,54954,0.04443911486575552,0.027830630894308463,0.020905614975935193,0.016589896204180166,0.04105803913899671,0.9983622666229938,13.338428503839575,43.77843287112858,99.61422280452742,100.0
98,LAS2-H,54954,0.045069419650025706,0.027276071231010425,0.021038512157460602,0.016948986932242116,0.040090566611615995,0.9983440695854715,9.775448556974926,40.43745678203589,99.68155184335991,100.0
99,RealSense D435i,54045,0.02044687051262877,0.020933438733290885,0.008936057314353369,0.004821693411299621,0.04424224666731525,0.998538255157739,74.9227495605514,90.5726709223795,99.84642427606623,100.0
99,UniDepthV2,54045,0.3707863304901607,0.1594802836385287,0.15480226452395068,0.15301307611761883,0.0711354029574989,0.08317143121472846,0.007401239707651031,0.012952169488389306,0.8159866777685262,100.0
99,MoGe-2,54045,0.2956161341063117,0.13186053554275115,0.12497361133323023,0.1170357782036312,0.06985143471199115,0.1975760939957443,0.02775464890369137,0.03330557868442965,10.441298917568693,100.0
99,DA3,54045,0.30534737616302915,0.1348075374345372,0.12117796821981902,0.1311936995000671,0.13997386733749637,0.4541585715607364,1.5690628180220187,4.79045240077713,22.20927005273383,100.0
99,BridgeDepth (RVC),54045,0.04644918275166122,0.02672540312069999,0.020311078335737958,0.016915478468440104,0.04196828495419843,0.9973540568045147,7.712091775372374,30.73549819594782,99.58923119622537,100.0
99,BridgeDepth (Mid.),54045,0.04603701547419798,0.026693035498790256,0.02012979732771659,0.016823025064063968,0.04208135998039095,0.9972430382089,7.963733925432511,31.854935701730042,99.54667406790637,100.0
99,DEFOM-Stereo,54045,0.05134344153063164,0.030732433203801555,0.022422206145600376,0.01722099022559731,0.045432763693984204,0.9942455361273014,4.536959940790082,29.69932463687668,98.57711166620409,100.0
99,FoundationStereo,54045,0.04635550459101362,0.026786648570171424,0.02029749480491034,0.016650358415604694,0.04187932324692265,0.9977241187898973,7.123693218614117,32.01406235544454,99.57812933666389,100.0
99,S2M2,54045,0.04722204337126652,0.02703278210352723,0.02064320631140828,0.017280704425843396,0.04203888507436329,0.9972060320103617,6.170783606254047,29.312609862151913,99.53927282819872,100.0
99,SGBM,54045,0.05344640695453466,0.03198435690991684,0.023186793134346486,0.018187336624039374,0.05321158553489194,0.9847349431029697,7.471551484873716,26.24664631325747,97.9998149690073,100.0
99,LAS2-M,54045,0.04551808528212353,0.026415387168500525,0.019697156836733246,0.016006071338754424,0.04357665621300436,0.9984457396613933,10.596724951429366,43.051161069479136,99.61328522527523,100.0
99,LAS2-H,54045,0.045579512929925195,0.026152150381637,0.01984844066727646,0.01688952464417881,0.04241166975500384,0.9983902303635859,9.50689240447775,33.214913498010915,99.6373392543251,100.0
100,RealSense D435i,83156,0.01232317824793684,0.010113276425205462,0.00621864645168565,0.00396996798612681,0.018506921794738864,0.9999158208668045,82.96094088219732,94.23974217134061,99.94949252008274,100.0
100,UniDepthV2,83156,0.30848939587645663,0.1482037379820848,0.14597215127075577,0.15002313886006358,0.05085502163055264,0.21494540381932753,0.0,0.024051180912982827,4.8390975996921455,100.0
100,MoGe-2,83156,0.08107641355893601,0.04145174723867412,0.03838495436042283,0.037247120315820004,0.030941097820589382,1.0,1.8435230169801335,10.289095194574054,99.97594881908701,100.0
100,DA3,83156,0.1852077094396452,0.08862002823334204,0.08492473387973168,0.08952325060944666,0.062405986517363454,0.8307758910962528,1.8158641589302034,4.087498196161431,48.016980133724566,100.0
100,BridgeDepth (RVC),83156,0.04840165989233831,0.02659267049255658,0.024013522575454367,0.02153791383780801,0.01857654354629008,0.9999879744095435,4.794602915003127,22.133099235172445,99.98677185049786,100.0
100,BridgeDepth (Mid.),83156,0.047997457023002676,0.026399703789269112,0.02382424456361363,0.02134165096867341,0.018426581547040383,0.9999398720477175,4.7669440569531965,22.177593919861465,99.97594881908701,100.0
100,DEFOM-Stereo,83156,0.04911059698597693,0.026964356606837044,0.02439602549612291,0.022118993772726803,0.017189040383055444,0.9997715137813267,3.2757708403482613,21.095290778777237,99.97113858290442,100.0
100,FoundationStereo,83156,0.04732633736483707,0.02588251944520586,0.02350759001410762,0.02083506762595677,0.01697464031458096,1.0,3.5571696570301605,23.214199817211025,100.0,100.0
100,S2M2,83156,0.04930985570345563,0.02693253852397736,0.024425043580759174,0.02223512421925994,0.01791349879855,0.999975948819087,4.463899177449613,20.079128385203713,99.96753090576748,100.0
100,SGBM,83156,0.05930261525689676,0.03744242459176501,0.029547510506750637,0.02532832096264781,0.048555495197991835,0.9931574390302564,3.184376352878927,12.596806003174757,99.20991870700851,100.0
100,LAS2-M,83156,0.046696577869641286,0.025068418447317647,0.023018426429722155,0.021727023930568468,0.016571149546166095,0.999975948819087,5.156573187743518,23.353696666506327,99.9927846457261,100.0
100,LAS2-H,83156,0.04698208588064701,0.025188357025460476,0.023209891512224936,0.021215307913650117,0.01561258831702731,1.0,3.9660397325508683,20.065900235701573,100.0,100.0
101,RealSense D435i,79314,0.014919293072182909,0.049826844839222666,0.007079874037902322,0.004482228955688061,0.03958983882182213,0.9992687293542124,81.23282144388129,95.76493431172302,99.91552563229695,99.97100133646015
101,UniDepthV2,79314,0.32074595214497054,0.15232823809369306,0.14837719661732168,0.14882141101914703,0.0655663910581841,0.19145421993595077,0.0,0.02647704062334518,7.406006505787125,100.0
101,MoGe-2,79314,0.13627904319891365,0.06636316018166383,0.06385452430695573,0.06150143726015722,0.032464247911476805,0.9849080868446932,0.14499331769927123,0.4236326499735229,95.29213001487757,100.0
101,DA3,79314,0.17021391240146677,0.08333384958374944,0.07587346599567159,0.08269207022774722,0.08359398087729038,0.8918223768817611,3.2201124643820767,7.505610610989233,52.02864563633154,100.0
101,BridgeDepth (RVC),79314,0.04258697515835666,0.023405218334910237,0.020733228443249097,0.018560039860056,0.019029057146602656,0.9997982701666793,9.143404695261871,35.239680258214186,99.95461078750284,100.0
101,BridgeDepth (Mid.),79314,0.04300407645988839,0.02359506532812055,0.020876539184567545,0.01862536516701102,0.020039420400059033,0.9996595809062713,8.461305696346168,34.42015281034874,99.92939455833775,100.0
101,DEFOM-Stereo,79314,0.04468909420451701,0.02411967865329047,0.02166861427353304,0.019062500519799463,0.01814784278412886,0.9997352295937666,4.135461583074867,31.82918526363568,99.95082835312807,100.0
101,FoundationStereo,79314,0.04290901853403082,0.023212672346564125,0.020850375103363114,0.018616423655759717,0.01818145515997443,0.9997100133646014,6.141412613157828,34.184381067655146,99.94578510729507,100.0
101,S2M2,79314,0.043379123507599315,0.023544599283173775,0.021055785071066944,0.01931063935165611,0.01888157323621865,0.9995965403333585,7.142496911011928,32.73444789066243,99.93569861562902,100.0
101,SGBM,79314,0.05143297939685822,0.030150930568648777,0.025064314588649682,0.022058762506737883,0.029885635979113936,0.9966336334064604,5.2550621580048915,22.782863050659405,99.19055904380059,100.0
101,LAS2-M,79314,0.042807631380797524,0.023410159028736034,0.020797235239647736,0.01822155936853731,0.019177877852063402,0.9998108782812618,7.616562019315632,38.28075749552412,99.96091484479412,100.0
101,LAS2-H,79314,0.04259131807478176,0.022899195981396506,0.020549546065264306,0.018241256939379613,0.019017857595091243,0.9996847971354363,6.5839574350051695,37.22293668204857,99.93443780417076,100.0
102,RealSense D435i,64248,0.01939040694138072,0.03742399385145179,0.008657561621273879,0.004815822342162601,0.03924780110887192,0.9988637778607894,72.12675880961274,88.48680114556096,99.81478022662183,99.9844353131615
102,UniDepthV2,64248,0.46496462428101687,0.20934920286518183,0.20407617406105702,0.20376304348426266,0.08429052848993951,0.062243182667164734,0.014008218154650729,0.018677624206200973,1.3012078196986676,100.0
102,MoGe-2,64248,0.15938203850718832,0.07449844224639193,0.0699703877785796,0.06813359001334907,0.05210863401051969,0.9287915577138588,0.5042958535674262,1.0506163615988047,84.87112439297721,100.0
102,DA3,64248,0.19876284598098176,0.09225149825850835,0.08369369317742335,0.08779051865933946,0.0955234205902083,0.77803200099614,6.006412650977462,10.02988419872992,40.54133980824306,100.0
102,BridgeDepth (RVC),64248,0.04037177207822451,0.022316801205463768,0.018768669895358168,0.017231679723813176,0.0270282164229907,0.9994241065869754,14.333520109575396,39.28838251774374,99.89882953554975,100.0
102,BridgeDepth (Mid.),64248,0.040989073937692855,0.02280182395246883,0.019066026331766676,0.017206195330917107,0.02680540516827429,0.999284024405429,12.657203337068859,39.34130245299465,99.906611878969,100.0
102,DEFOM-Stereo,64248,0.04609299491220441,0.024152214629402726,0.021201734492648665,0.019138234641181417,0.024104353587672732,0.999315153779106,4.860851699663803,29.01724567301706,99.89727306686589,100.0
102,FoundationStereo,64248,0.040785348056929106,0.021807618985878238,0.018838518893707693,0.017372594553457577,0.025969124648535468,0.9993929772132985,10.518615365458848,37.886004233594825,99.88015191134355,100.0
102,S2M2,64248,0.041510339697162224,0.023050379420169236,0.019294079397887028,0.01741633992967684,0.02690084509551713,0.9992373303449135,12.349022537666542,38.11791806748848,99.67625451375919,100.0
102,SGBM,64248,0.05200252198195565,0.03131112518651066,0.023990045031698683,0.02023307754450443,0.04108876418714476,0.9946613124143943,6.064001992279915,24.965757688955296,99.27935499937742,100.0
102,LAS2-M,64248,0.042618702570153086,0.024086095428021915,0.019807644465083186,0.017500376983165866,0.02808090788686778,0.9992684597185905,11.279728551861536,39.498505790063504,99.84902253766654,100.0
102,LAS2-H,64248,0.04241756945854762,0.023102646662509913,0.01959968144794767,0.018094207702911203,0.027463656574190656,0.9990816834765285,10.811231478022663,35.453243680737145,99.84902253766654,100.0
103,RealSense D435i,52050,0.026092152922720126,0.024129481267664905,0.01096690795441594,0.008835609871572114,0.03770929269954332,0.9977329490874159,44.57444764649375,83.3698366954851,99.5907780979827,99.98270893371757
103,UniDepthV2,52050,0.46627219716593404,0.20525259405250276,0.19961413240422363,0.19379489575825415,0.08936043403720623,0.0381940441882805,0.0,0.0019212295869356388,1.2833813640730067,100.0
103,MoGe-2,52050,0.187588474799464,0.08701287913084126,0.08087639494874818,0.074285861001472,0.06367243568662312,0.8148511047070125,0.1633045148895293,0.3861671469740634,61.12968299711815,100.0
103,DA3,52050,0.21312723446242018,0.09774019781146813,0.08856365068149694,0.08120061496000436,0.09730873875187829,0.6559269932756965,2.658981748318924,6.215177713736791,53.11623439000961,100.0
103,BridgeDepth (RVC),52050,0.03590759936528789,0.020629853521428963,0.016298624298196476,0.01261279466784404,0.029980499310722764,0.9992507204610951,26.438040345821324,57.95389048991354,99.64649375600384,100.0
103,BridgeDepth (Mid.),52050,0.03507394541030748,0.02046535647708286,0.015997250142954555,0.011891184116363696,0.029321824894494926,0.9999615754082612,30.13640730067243,59.640730067243034,99.64841498559079,100.0
103,DEFOM-Stereo,52050,0.03764949180801708,0.021783428676413506,0.01725181022117895,0.013780314040538477,0.02879469457436642,0.9999231508165226,29.248799231508166,53.894332372718544,99.73102785782902,100.0
103,FoundationStereo,52050,0.03360854549880967,0.01987306341848986,0.015416100493293698,0.011097856168768738,0.028861791878571443,0.9984630163304515,31.779058597502402,60.92411143131604,99.71565802113352,100.0
103,S2M2,52050,0.035879088219037215,0.020888282969986346,0.01627775019003501,0.012282510916905798,0.029387493749031757,0.9984245917387128,26.964457252641687,58.945244956772335,99.40441882804996,100.0
103,SGBM,52050,0.0434006748835486,0.024378762039224858,0.019462848540792093,0.016276655213553648,0.039984569401729994,0.998328530259366,17.723342939481267,47.404418828049955,99.46589817483189,100.0
103,LAS2-M,52050,0.036136599764256754,0.020954634286968803,0.01648126782218232,0.012935376451998992,0.02961723233937208,0.9999039385206532,29.39673390970221,57.519692603266094,99.77713736791547,100.0
103,LAS2-H,52050,0.035532240956438164,0.02037343651096055,0.016086884908732998,0.012405695310269471,0.02915630128951014,0.9997502401536984,28.20749279538905,59.14889529298751,99.65033621517772,100.0
104,RealSense D435i,60632,0.029470375945481877,0.03405068083677196,0.01311290497839385,0.009468549832840373,0.04309697900813512,0.9956293706293706,43.160377358490564,79.58008972159915,99.35842459427366,99.98845494128513
104,UniDepthV2,60632,0.6191735187536402,0.27737586009896664,0.2721305509961198,0.2655081733650803,0.08273809089436628,0.005657078770286318,0.0,0.0,0.06267317588072305,100.0
104,MoGe-2,60632,0.24294816771544006,0.11250038525722658,0.1077580498409471,0.09921270241705166,0.05463524281235175,0.7091469850903813,0.014843646919118617,0.04123235255310727,12.239411531864363,100.0
104,DA3,60632,0.18712957623969412,0.09135966788098783,0.08004403380338294,0.07983253031277893,0.09587443320298625,0.7978130360205832,6.117231824778995,9.34819897084048,57.68571051589919,100.0
104,BridgeDepth (RVC),60632,0.03824360562937634,0.020977253881874373,0.017326015354456308,0.015270458935638553,0.036498060683945184,0.9997690988257026,14.558319039451115,55.41958041958041,99.89609447156617,100.0
104,BridgeDepth (Mid.),60632,0.03840156736059401,0.02076742735269555,0.017354679426328606,0.015462817407383311,0.03526380268353227,0.9998350705897876,14.493996569468267,54.715331837973345,99.87795223644281,100.0
104,DEFOM-Stereo,60632,0.041336675581596566,0.02268818873974188,0.018656130823430882,0.016238131686259483,0.03775885690333706,0.9978064388441747,12.519791529225492,50.24574482121652,99.64540176804327,100.0
104,FoundationStereo,60632,0.038005892792612524,0.02079254952357837,0.01717974716838576,0.014773318119653434,0.036389234781402435,0.999455732946299,13.128381052909354,57.07052381580684,99.77074811980472,100.0
104,S2M2,60632,0.03918487969428608,0.021606068764237134,0.01768539179435686,0.015245227639421877,0.036937561049312555,0.9996206623565114,15.211439503892334,55.44926771341866,99.72291859084312,100.0
104,SGBM,60632,0.044153354300411965,0.023693809612385815,0.019922583831333343,0.017754344479327777,0.03606797747198945,0.9975755376698773,9.915556141971237,42.64909618683204,99.6602454149624,100.0
104,LAS2-M,60632,0.037053245919151837,0.01933529167321184,0.01662206868601252,0.015166787481001198,0.029899243683469356,0.9996866341205964,15.965166908563136,55.02210054096847,99.92578176540441,100.0
104,LAS2-H,60632,0.03867866764894395,0.02058566857771404,0.01735169731916612,0.015459286364495395,0.03491490385597202,0.9997361129436602,14.142696925715795,54.25517878348067,99.86805647183006,100.0
105,RealSense D435i,68009,0.018495122508393285,0.03493392154366328,0.008439302852000289,0.005304863203197396,0.04069237004536945,0.9977061859459777,72.34630710641238,92.35689394050787,99.74268111573468,99.97941448925877
105,UniDepthV2,68009,0.5505263271918686,0.2528944036545488,0.24925911525087477,0.24571435013537202,0.07649776078042717,0.006058021732417768,0.0014703936243732447,0.0014703936243732447,0.08822361746239468,100.0
105,MoGe-2,68009,0.142990320780941,0.0683406589531297,0.06527968323531537,0.06076226710587662,0.0373986375816921,0.9633871987531062,0.14703936243732446,0.702848152450411,89.68812951227044,100.0
105,DA3,68009,0.17546064175776332,0.08535326669292233,0.07749724010573493,0.0797663059756819,0.08649254053336082,0.8690026320045876,4.211207340204973,8.009234071961064,52.12986516490464,100.0
105,BridgeDepth (RVC),68009,0.04428129686923859,0.0247006490112085,0.02129846163905616,0.01782448975354367,0.02704112419187425,0.9999411842550251,8.109220838418445,37.02598185534268,99.77797056271964,100.0
105,BridgeDepth (Mid.),68009,0.0442889915134172,0.02474212380803542,0.02133768903199759,0.017861138370666274,0.025849477829742028,0.9999852960637563,7.773971092061345,36.23343969180549,99.77650016909526,100.0
105,DEFOM-Stereo,68009,0.04791564612793863,0.025847317725004083,0.022851592713026937,0.019594548646056253,0.025086812617170624,0.9987060536105515,4.002411445543972,26.033319119528297,99.79561528621211,100.0
105,FoundationStereo,68009,0.04344815728630243,0.024263820475818848,0.02095808356688459,0.01755077985393383,0.02591886237494011,0.9999558881912688,6.8843829493155315,38.41991501124851,99.80443764795835,100.0
105,S2M2,68009,0.04314533893620849,0.0244407659634486,0.020887386475556977,0.01726705349640889,0.02607413252736073,0.9999264803187813,8.181270126012734,39.34773338822803,99.79414489258774,100.0
105,SGBM,68009,0.04947979778742351,0.02675225086112154,0.02358762631896546,0.020274194294472414,0.02809467168541924,0.9999705921275125,4.48175976708965,26.6155949947801,99.91618756341073,100.0
105,LAS2-M,68009,0.0434986498270647,0.024821283897176253,0.021073952325494517,0.017220321154820306,0.02537525327867586,0.9999411842550251,7.2343366319163644,42.403211339675636,99.9558881912688,100.0
105,LAS2-H,68009,0.04386252137070137,0.024094042146827876,0.021010963350094294,0.01805665615526275,0.025516218638174347,0.9999117763825376,7.271096472525695,35.59675925245188,99.91471716978634,100.0
106,RealSense D435i,77992,0.01751292778939768,0.029930615051199327,0.013147380683266293,0.0058212064356836235,0.03752342926926167,0.9941276028310596,78.90937532054569,92.49923069032721,99.22556159606113,100.0
106,UniDepthV2,77992,0.3262861813506341,0.23424416145324892,0.2254963924970189,0.22017881591833666,0.05766532360015906,0.10588265463124423,0.02179710739563032,0.10257462303826033,3.568314698943481,100.0
106,MoGe-2,77992,0.028985875119910586,0.038496463675011146,0.022984753453710437,0.011363914058524605,0.04401262041281787,0.9977177146373987,50.85136937121756,76.51554005539029,99.6345779054262,100.0
106,DA3,77992,0.11381387328957586,0.09045803018472817,0.0739146969378592,0.0685405437001651,0.11319200163702667,0.9389680992922351,11.592214586111396,22.09713816801723,77.48615242588983,100.0
106,BridgeDepth (RVC),77992,0.06385875698926025,0.06239728304934359,0.04947126861208951,0.03602941432930534,0.04033977333959154,0.9990768283926557,3.132372551030875,19.708431634013746,99.49610216432455,100.0
106,BridgeDepth (Mid.),77992,0.06397201198452544,0.0626035642405422,0.049541779923251233,0.036154680293981334,0.040539060697714735,0.9988973228023387,3.7260231818648064,19.317365883680377,99.45635449789721,100.0
106,DEFOM-Stereo,77992,0.06596549707809468,0.06245531264242994,0.050596592665156544,0.03785172969654926,0.03910787124615561,0.9987562826956611,2.102779772284337,16.358088009026567,99.43583957328957,100.0
106,FoundationStereo,77992,0.06477338712398566,0.06336291399091319,0.05031411315995068,0.037085362951898126,0.039394161704158014,0.9988845009744589,3.0490306698122884,17.505641604267105,99.19735357472561,100.0
106,S2M2,77992,0.06630987921912257,0.06477047790501414,0.05143304637032741,0.037843432543030575,0.0401555023215504,0.9979613293671146,2.6387321776592474,16.878654220945737,99.08195712380757,100.0
106,SGBM,77992,0.08018638614737202,0.09812371961855954,0.062259425725939746,0.04202014608037902,0.13014562041829508,0.9785106164734845,2.6643758334188123,13.412914145040517,96.64837419222484,99.99615345163606
106,LAS2-M,77992,0.0672235199211707,0.06750420887556409,0.052471895067766644,0.03656082987355874,0.043301558142068576,0.9986665299005026,3.740127192532568,22.90747769001949,98.93578828597805,100.0
106,LAS2-H,77992,0.06517167595485368,0.06580900104269873,0.05094558844481814,0.036632854376772384,0.04228521181811667,0.9988460354908195,3.3926556569904607,24.658939378397786,98.96912503846549,100.0
107,RealSense D435i,77928,0.020130242534425708,0.036382752408350184,0.015213858717550068,0.0062823371589573185,0.04551617489105726,0.9857689148958012,74.09018581254492,90.50277178934401,98.41007083461658,100.0
107,UniDepthV2,77928,0.34963025501318407,0.2338031060924633,0.22638381988210807,0.22316669235015757,0.08210919089513415,0.13979570885946002,0.20403449337850324,0.4337337029052458,2.9629914793142387,100.0
107,MoGe-2,77928,0.08463036151552711,0.06256274620834744,0.05513821843270282,0.052425183157760624,0.05803244094144918,0.9887588543270711,3.170875680114978,10.050302843650549,97.92500769941485,100.0
107,DA3,77928,0.14804627820830057,0.1189419011771867,0.08994480754670688,0.07456914968101475,0.15005920578602241,0.8085540498922081,10.647007494097114,21.100246381275024,69.85037470485577,100.0
107,BridgeDepth (RVC),77928,0.0671042073409711,0.0674332202171631,0.051282421255037576,0.031138294582689185,0.04923733448385643,0.9978313314854738,3.4159737193306645,20.37521815008726,99.33015090853095,100.0
107,BridgeDepth (Mid.),77928,0.06726980360350514,0.06787363384072066,0.05145367496592011,0.03173486210374671,0.049655705600966264,0.9980238168565856,3.7406323786058926,20.652397084488243,99.09275228415973,100.0
107,DEFOM-Stereo,77928,0.06926429209426437,0.06869899889065192,0.05250763138475505,0.03185471711476928,0.046007972440894065,0.9982676316599939,2.5023098244533415,16.18032029565753,97.72610614926599,100.0
107,FoundationStereo,77928,0.06752064451188787,0.06825332226857564,0.051616800520406805,0.031199002034779655,0.05037783433093083,0.9973693665948055,2.986089723847654,18.5889539061698,98.8733189610923,100.0
107,S2M2,77928,0.0681604220122027,0.06904488005302183,0.052106680048412055,0.032313679359673886,0.05109852587746338,0.9959578072066523,3.4660199158197313,19.05348526845293,98.83738835848476,100.0
107,SGBM,77928,0.07718806811818886,0.07889957308758373,0.058207562141102835,0.034495285242201024,0.062223066489328765,0.9843316907914998,4.028077199466174,16.43696745713992,96.0553331280156,100.0
107,LAS2-M,77928,0.06806891655396552,0.07061601725839815,0.05226322109003052,0.03032521705135688,0.05131987429931466,0.9951108715737604,3.992146596858639,26.876090750436298,98.58587414023201,100.0
107,LAS2-H,77928,0.0683568903749539,0.07148480987721195,0.05279521936240544,0.030557794516441528,0.051860407819095046,0.9972282106559901,3.2991992608561747,25.94574479006262,98.88101837593676,100.0
108,RealSense D435i,71474,0.08041063830123792,0.11180694516364352,0.05975581567166547,0.008291469112160277,0.15174955262603188,0.8015781962671741,57.245991549374594,69.54556901810449,79.34493662030948,100.0
108,UniDepthV2,71474,0.38611261351066023,0.27750300463902877,0.232673466824354,0.21599175548046573,0.19846118417009975,0.2561211069759633,2.307132663625934,4.965441978901419,21.619050284019366,99.7971290259395
108,MoGe-2,71474,0.11477704181590166,0.12217851712664586,0.08211611233893076,0.041461228212732404,0.16733122631673586,0.8189131712231021,6.862635363908554,17.355961608417047,80.16481517754708,100.0
108,DA3,71474,0.20588007100972436,0.17944555535344345,0.13324055579500602,0.09683104285484895,0.19145918286088595,0.7117553236141814,5.9881915101995125,10.22609620281501,56.728320787978845,100.0
108,BridgeDepth (RVC),71474,0.09936013945751265,0.1058808003430629,0.07195487200869997,0.031869758568406736,0.1532708317650952,0.8462098105604835,1.8552200800291014,18.886588129949352,83.26384419509192,100.0
108,BridgeDepth (Mid.),71474,0.10040744358076366,0.10769178079875995,0.07274167710753406,0.032596766581433456,0.15671552359940513,0.8418725690460866,2.1532305453731424,20.042253127011218,82.97003106024569,100.0
108,DEFOM-Stereo,71474,0.06250347106378312,0.06371188296316617,0.04253448417848198,0.027451437370099585,0.060974763399642244,0.9936620309483168,8.16800514872541,25.49178722332596,97.373870218541,100.0
108,FoundationStereo,71474,0.09931871946685525,0.105819848272839,0.07198154871194876,0.03171515623574489,0.15249696843966917,0.8460419173405714,1.8188432157148053,17.340571396591766,82.6174552984302,100.0
108,S2M2,71474,0.09905104803736497,0.10588281814336085,0.07161847434634501,0.031103558671529752,0.15308297913905575,0.8451045135293953,2.0622883845874025,18.58577944427344,83.38556677952822,100.0
108,SGBM,71474,0.11261790564332197,0.13300422581402407,0.08162103003665878,0.034627490198740896,0.2126601744534692,0.8659792372051376,4.38621037020455,17.998153174580967,85.13165626661443,99.99720177966813
108,LAS2-M,71474,0.10087098010232978,0.10895037680222064,0.07248512858866744,0.030808974046509452,0.15659408375556172,0.8428239639589221,3.4320172370372446,23.46027926238912,83.14072250048969,100.0
108,LAS2-H,71474,0.09817424382319705,0.10630859400039215,0.07092490059610208,0.030766816831647392,0.15365803803271552,0.8472871253882531,3.268321347622912,23.790469261549653,83.54506533844474,100.0
109,RealSense D435i,66656,0.030764148073975924,0.06626424226337999,0.017808350688653895,0.006511879588351865,0.11240439118144233,0.9810519683149304,72.7781445031205,91.92570811329813,98.00618098895823,99.71795487277964
109,UniDepthV2,66656,0.473915407853031,0.3231949630929864,0.29412048713532996,0.2557038526624146,0.15285092192209448,0.012902064330292846,0.0,0.01200192030724916,0.13952232357177147,98.81481036965914
109,MoGe-2,66656,0.1291043376967776,0.12101214732555234,0.08852924984092976,0.06463733362514656,0.09525691299900388,0.9399753960633701,2.9134661545847336,5.748919827172347,86.74687950072013,99.75996159385502
109,DA3,66656,0.2443774992766094,0.18686988386378292,0.13256392791049126,0.0930651354979643,0.2655020532854126,0.7288466154584734,2.767942870859337,6.170487277964474,59.612037926068176,98.07369179068651
109,BridgeDepth (RVC),66656,0.06850854437764285,0.07293415825838606,0.046841726666099696,0.03145338836526257,0.07337593593839539,0.9948241718674988,4.688250120019203,23.277724435909747,97.9476716274604,99.73895823331733
109,BridgeDepth (Mid.),66656,0.06930912994186134,0.07428248803663032,0.04704516353361186,0.0320143137503025,0.0760902447787537,0.9937890062409985,4.247179548727797,22.694131060969756,97.59061449831972,99.71645463274123
109,DEFOM-Stereo,66656,0.07444829549314287,0.07888905662244708,0.05074631608772597,0.032221742928134955,0.07893385177437451,0.9849525924147864,1.6622659625540086,19.393602976476238,96.6529644743159,99.71645463274123
109,FoundationStereo,66656,0.07074791958722859,0.0753672755556094,0.04810405847057767,0.032415122555657316,0.07604620292772166,0.9917786845895343,3.6035765722515603,19.981697071531446,97.63862217954873,99.72695631301008
109,S2M2,66656,0.07053572055740268,0.07333100400993409,0.04800939983805075,0.03284990823197065,0.07263242198629381,0.995109217474796,2.497899663946231,17.156745079212673,97.8756601056169,99.73895823331733
109,SGBM,66656,0.07779411027967789,0.07894049257406763,0.052200346406616,0.03633684726119096,0.08580204114912009,0.9907585213634181,2.8564570331253,15.074411905904944,98.17720835333652,99.71795487277964
109,LAS2-M,66656,0.06900710088039233,0.07302460278539886,0.04697669547284948,0.030202479969454132,0.07630346288112361,0.9937289966394623,4.419707153144503,27.041826692270764,98.79380700912147,99.77346375420068
109,LAS2-H,66656,0.0691391528122347,0.07553500864590079,0.046816484436094735,0.03020086690629764,0.07993084286950738,0.9938790206433029,3.3350336053768603,25.613598175708113,97.70013202112338,99.69995199231877
110,RealSense D435i,76676,0.020221374581717647,0.02623162198433893,0.01256453545379385,0.00613252978480025,0.041311250846890225,0.9920444467630027,75.72904168188221,91.60102248421931,98.43366894465022,100.0
110,UniDepthV2,76676,0.21493583877679637,0.19606786913835983,0.14697819010330648,0.09656949354613337,0.11330247072812669,0.7225468203870833,0.027387970160154415,0.14476498513224478,62.58933695028431,100.0
110,MoGe-2,76676,0.07392003745746165,0.10126428053380022,0.05579621530859728,0.028794905957503503,0.07836933166838124,0.9522927643591215,23.99186186029527,39.26130731910898,91.86838124054462,100.0
110,DA3,76676,0.12383791270115894,0.10852092243690298,0.07723784292340949,0.056033190726753945,0.145114746622072,0.8928087015493766,11.984193228650424,22.382492566122387,80.74104022119046,100.0
110,BridgeDepth (RVC),76676,0.07268792506704691,0.07031405259283433,0.04973399281659684,0.031085582918707666,0.06157396402349518,0.9693645990922845,4.577703583911523,19.972351192028796,95.07668631644843,100.0
110,BridgeDepth (Mid.),76676,0.07233495504003408,0.06992311935077013,0.04953973160283623,0.03148130807355498,0.06009443859295747,0.970068861182117,4.396421305232407,19.0111638583129,94.84714904272523,100.0
110,DEFOM-Stereo,76676,0.08215213419768938,0.08227864809270657,0.055663101668354274,0.030801692329068486,0.07525623830163965,0.9561662058532004,2.4127497522040793,19.038551828473054,92.70958318117795,100.0
110,FoundationStereo,76676,0.07220870251693015,0.06787363338796966,0.04940611353742921,0.031606659385372604,0.056161688069081776,0.9708905002869216,3.4065418123011106,15.840680265011217,95.11711617716104,100.0
110,S2M2,76676,0.07332536053846228,0.06941926230264679,0.04998416877022862,0.031529419865583164,0.059361002805442854,0.9707339976002921,3.0061557723407586,16.77969638478794,96.07699932182169,100.0
110,SGBM,76676,0.07015072789044136,0.08891839813737488,0.047850322983496306,0.03448700090373247,0.06099769310599136,0.9931530074599614,3.4078460013563565,15.448119359382337,98.42193124315301,99.99869581094475
110,LAS2-M,76676,0.07191404660954634,0.06937915817202206,0.04855540633679926,0.028482831620156246,0.06300128647969964,0.9679430330220669,4.379466847514216,26.126819343732066,95.99222703323073,100.0
110,LAS2-H,76676,0.07248268674176718,0.07017334893076016,0.04924801951554139,0.02940051080788103,0.06286751649462896,0.9695080598883614,3.405237623245866,23.0085033126402,95.8187698888831,100.0
111,RealSense D435i,84219,0.02065049737647445,0.04522137022975227,0.016279786355481992,0.004586978480509707,0.059096374263593626,0.9732601906933115,80.02113537325307,90.66481435305572,97.07904392120543,100.0
111,UniDepthV2,84219,0.17438200604949045,0.17683449806469134,0.13010936337878423,0.07732307997364796,0.10214197782684488,0.7219273560597965,0.9012218145549105,6.998420783908619,68.16632826321852,100.0
111,MoGe-2,84219,0.08097005003643391,0.09608847520810303,0.0623587332625756,0.03733976297508512,0.07574348589727442,0.9523860411546088,8.589510680487775,26.758807395005878,94.19489663852575,100.0
111,DA3,84219,0.10639244020117103,0.09257497168556371,0.07189511526657934,0.05470045901644138,0.1266747040529072,0.9180944917417685,11.502155095643502,21.425094099906197,81.66090787114545,100.0
111,BridgeDepth (RVC),84219,0.07273464137859244,0.07004627223755187,0.05316532064247367,0.03510903063694115,0.06278548950234211,0.9840178582030183,2.231087996770325,10.405015495315784,97.36876476804521,100.0
111,BridgeDepth (Mid.),84219,0.07332993331967104,0.07193514489507913,0.05381988862154175,0.034563285133878185,0.06578942952464,0.9813462520333891,2.1455965993421913,10.318336717367815,96.26093874303898,100.0
111,DEFOM-Stereo,84219,0.0716990125538893,0.06745431423336296,0.05207840143545086,0.034285553369449384,0.04593830821293151,0.9965447226872796,2.0446692551562,8.412590983032333,97.7831605694677,100.0
111,FoundationStereo,84219,0.07236402586739302,0.06988381842840331,0.052955106383287535,0.034364099784298996,0.06041815006669933,0.9862382597751101,2.178843253897577,10.421638822593476,96.81425806528217,100.0
111,S2M2,84219,0.07234471829498511,0.0691600458228666,0.052864376880518836,0.03402898415378308,0.06020922026612855,0.9866419691518541,1.9959866538429571,8.847172253292012,98.0633823721488,100.0
111,SGBM,84219,0.08600509141788698,0.08645275291055526,0.0625871140224925,0.039939707765648036,0.10258553399273918,0.9560787945712963,1.6195870290552015,6.231372968095085,94.48461748536553,100.0
111,LAS2-M,84219,0.06869784202092234,0.06622959103708993,0.05014286420237254,0.031194402683971334,0.05816777068864582,0.9881499424120448,2.8663365748821525,15.618803357912109,98.0396347617521,100.0
111,LAS2-H,84219,0.06859972880645555,0.06400091372585344,0.04969010207825203,0.03282455736215373,0.05292010522883188,0.9919139386599224,2.0660421045132336,10.085610135480119,98.58820456191596,100.0
112,RealSense D435i,50416,0.01752524805102277,0.024198126399749463,0.010671819725832988,0.00510656514918717,0.038680913302359524,0.9947040622024754,77.570612503967,90.45541098064108,98.58378292605522,100.0
112,UniDepthV2,50416,0.2983209551038317,0.19585263502223516,0.17737198247854113,0.1390551277836103,0.11373631872894018,0.4928197397651539,0.04363694065376071,0.1447953030783878,17.544033640114247,100.0
112,MoGe-2,50416,0.08422455357745828,0.08696633045493979,0.0590414726734748,0.03212098372501648,0.08791123938947494,0.9554109806410663,10.831878768644874,28.88170422088226,90.54863535385593,100.0
112,DA3,50416,0.18762032593272387,0.12478976393468505,0.09725471331153249,0.06542800648202479,0.1852087743254093,0.6959298635353856,6.977943509996827,16.236908917803873,65.76285306251984,100.0
112,BridgeDepth (RVC),50416,0.07206752172921801,0.07630868114664702,0.05342652882127588,0.02849068686931927,0.057715534277083376,0.979649317676928,6.646699460488733,27.22350047603935,96.56061567756268,100.0
112,BridgeDepth (Mid.),50416,0.0719581495334876,0.0763212669974185,0.05340141900316047,0.02856229074805322,0.05756337159828213,0.9799468422722946,6.539590606156775,26.80696604252618,96.4753252935576,100.0
112,DEFOM-Stereo,50416,0.09018954184906887,0.08739223407857914,0.06287696878439934,0.03218427454133915,0.0741525724416843,0.9388487781656617,4.175261821643923,16.25674389082831,91.28649635036497,100.0
112,FoundationStereo,50416,0.07379796534981815,0.0772850588554018,0.05441807197626018,0.02892427260132807,0.05823226713816075,0.9783203744842907,6.48801967629324,23.240637892732465,95.95366550301492,100.0
112,S2M2,50416,0.07347474550223741,0.07696778195017746,0.05435427130095923,0.02924213964641259,0.05693543901156242,0.9806807362741987,5.357426213900349,24.57354807997461,96.74904792129483,100.0
112,SGBM,50416,0.08431017998901039,0.08547358014423255,0.059710868457550643,0.035148852393650065,0.0756020073316694,0.9758211678832117,3.7269914312916534,13.093065693430658,95.85449063789272,100.0
112,LAS2-M,50416,0.07223849587099976,0.07710341404242906,0.05343954942793893,0.030081073924590584,0.0610488288601884,0.9808989209774674,9.090368137099333,27.5210250714059,94.94803237067597,100.0
112,LAS2-H,50416,0.07664610306950359,0.0825043578188927,0.0568518734185998,0.03080994676737686,0.06378610368264141,0.9754046334496985,7.178276737543637,24.430736274198665,91.90931450333227,100.0
113,RealSense D435i,74998,0.01220337645409195,0.014574218455929993,0.008948965582927836,0.005928032817920426,0.018757335427848243,0.9995199871996586,82.57020187204992,97.1252566735113,99.94133176884718,100.0
113,UniDepthV2,74998,0.29212096405114857,0.22191570727013252,0.20750502074991464,0.19540723880638694,0.05348242717776612,0.25860689618389826,0.0013333688898370622,0.005333475559348249,5.757486866316435,100.0
113,MoGe-2,74998,0.135058115027897,0.1413640740868628,0.10871601214536672,0.0998564655521445,0.07259093805846407,0.8988773033947572,1.028027414064375,7.994879863463026,79.5981226166031,100.0
113,DA3,74998,0.11042131873289839,0.0816840679561135,0.06814577546194592,0.061923577713472566,0.10887245861615687,0.9204912130990159,12.58566895117203,24.271313901704044,79.12744339849063,100.0
113,BridgeDepth (RVC),74998,0.07664859811077762,0.07614813366451442,0.06013788479749224,0.0447929501618759,0.03870538189913755,0.9968932504866796,1.7240459745593215,7.281527507400197,98.09728259420251,100.0
113,BridgeDepth (Mid.),74998,0.07665934344441813,0.07726067783433573,0.06027966790666606,0.04386115771515808,0.039978344156639846,0.9925731352836076,1.8453825435344944,7.634870263207019,98.23861969652525,100.0
113,DEFOM-Stereo,74998,0.07910595573939745,0.07943314391395734,0.062164532739490845,0.047618561234164025,0.04061416940223198,0.9845462545667885,1.5880423477959413,8.300221339235712,97.81860849622657,100.0
113,FoundationStereo,74998,0.07673360931778708,0.07559258983250226,0.06008223617821526,0.04530707752895291,0.03807645998243791,0.9975599349315982,1.7400464012373662,7.017520467212458,98.06528174084642,100.0
113,S2M2,74998,0.07675178178262008,0.07593092250745401,0.06020594163489097,0.04474836853113234,0.03813484654353183,0.9986266300434679,1.4813728366089762,6.0294941198431955,97.89994399850663,100.0
113,SGBM,74998,0.09329285322527257,0.08875771518319582,0.07145313175427248,0.06110443485277589,0.06905899048757574,0.9806394837195659,1.5640417077788742,6.137496999919998,94.99853329422118,100.0
113,LAS2-M,74998,0.07735114911909878,0.07622160283381327,0.060287032453812624,0.042916962624748034,0.040209866224359396,0.9987466332435532,1.6800448011946985,8.338889037040987,97.07992213125684,100.0
113,LAS2-H,74998,0.07682442978979043,0.07787747993861559,0.06051243479652781,0.0429028534070624,0.04106242014233864,0.9985999626656711,1.4920397877276728,8.566895117203126,95.72121923251287,100.0
114,RealSense D435i,73593,0.01530850243753905,0.019412879718227187,0.01008954936075764,0.005499223530647024,0.03211361405944102,0.9945103474515239,81.79174649762885,95.04028915793621,98.82053999701058,100.0
114,UniDepthV2,73593,0.28674183840528966,0.2228236620237541,0.20222212254106475,0.17545769122172938,0.05940342710544221,0.3465818759936407,0.013588248882366528,0.033970622205916325,8.123055181878712,100.0
114,MoGe-2,73593,0.15912533304058044,0.16129630904247655,0.12434271813765123,0.07483072588223949,0.08008657327593591,0.8584783878901526,0.6237006237006237,3.539738833856481,61.97872080225021,100.0
114,DA3,73593,0.1397892696276068,0.09971070406725695,0.0839875281451969,0.0749486251658833,0.12580651599361603,0.8413436060494884,8.11490223254929,15.218838748250512,70.69965893495306,100.0
114,BridgeDepth (RVC),73593,0.07856249702602963,0.07804082490953539,0.05974710738997024,0.04138775865605737,0.046232251534135745,0.9856643974291033,2.5505143152201972,10.64095769978123,96.8896498308263,100.0
114,BridgeDepth (Mid.),73593,0.0786788819604454,0.07865962828796401,0.05994091607177855,0.04128165525943461,0.046739601521192345,0.9854605736958678,2.6456320573967633,11.022787493375729,96.79589091353797,100.0
114,DEFOM-Stereo,73593,0.07952007995104758,0.07801039321824421,0.060436172939257654,0.040725389016050606,0.04408993073000113,0.9859361624067506,1.8643077466606879,10.842063783240254,96.95487342546166,100.0
114,FoundationStereo,73593,0.07874507840510997,0.07763642439028791,0.05990154415776548,0.04011295645878821,0.045550322581094184,0.9867922220863398,2.2665199135787373,9.526721291427172,96.68310844781432,100.0
114,S2M2,73593,0.07881127567132919,0.07800210219552234,0.05997326947442687,0.04111228528782518,0.045692192024080244,0.9870368105662223,2.353484706425883,10.223798459092578,96.78094383976736,100.0
114,SGBM,73593,0.0929388814049562,0.09903213625527066,0.07100588441045327,0.0430981140940061,0.10763103733224604,0.974644327585504,1.7406546818311526,8.065984536572772,95.29982471158942,100.0
114,LAS2-M,73593,0.08023496258627558,0.07792026317700246,0.06005094094646655,0.04045481676888896,0.047997830583852125,0.9866563395975161,2.811408693761635,11.668229315288139,95.15171279877163,100.0
114,LAS2-H,73593,0.0788344938539094,0.0789429986803885,0.05995299247631782,0.03887420474923786,0.04754354419884878,0.9868601633307515,2.216243392713981,11.068987539575776,94.89761254467138,100.0
115,RealSense D435i,72502,0.013402329336779567,0.014468236686037072,0.009121795468797385,0.006065115569677454,0.021549714329365754,0.9995724255882596,80.08330804667457,95.75322060081102,99.92689856831535,100.0
115,UniDepthV2,72502,0.21242422670533098,0.17669801261484747,0.15351186745790438,0.1274732435522084,0.06339824096120167,0.7282833577004773,0.08551488234807315,0.17516758158395632,38.58652175112411,100.0
115,MoGe-2,72502,0.07048819908944129,0.08517351924619176,0.05809170388268965,0.02688821070352876,0.07602392267252572,0.9960001103417837,24.88345149099335,42.94088438939615,92.9574356569474,100.0
115,DA3,72502,0.11574529472205841,0.08621341571015029,0.06963653704576024,0.0566887681086799,0.12282206644772836,0.8953270254613666,9.850762737579654,20.255992938125843,77.80888803067502,100.0
115,BridgeDepth (RVC),72502,0.07773798221333074,0.078760387875764,0.06060793398879015,0.04348800574787359,0.041719148930679906,0.9952139251330998,4.540564398223497,11.836914843728449,98.21246310446608,100.0
115,BridgeDepth (Mid.),72502,0.07865535221464029,0.08029736300949587,0.06144133399773101,0.043571327641136914,0.042778453901662156,0.9942484345259441,4.409533530109514,11.75829632286006,98.04832970124963,100.0
115,DEFOM-Stereo,72502,0.07731122543853809,0.07794059188896321,0.05993036182858389,0.042200350720989155,0.040844652211115315,0.9953518523626934,3.144740834735593,11.099004165402333,97.76006179139885,100.0
115,FoundationStereo,72502,0.07842801042664667,0.07923877539614421,0.06113974358712519,0.04297078236558333,0.04151592966415019,0.9961380375713773,4.267468483628037,10.344542219524978,97.93798791757469,100.0
115,S2M2,72502,0.07996259017057594,0.08181121028747747,0.06253482329181673,0.04390831242685872,0.042957781282682676,0.9952415105790186,4.100576535819702,10.699015199580701,96.9338776861328,100.0
115,SGBM,72502,0.09321912448257055,0.09672306845211494,0.07126945703642056,0.049212919556858914,0.09045882083438439,0.9775178615762323,2.5668257427381316,6.561198311770709,94.61118313977546,100.0
115,LAS2-M,72502,0.07918317685753279,0.08193686037853971,0.061711857283309274,0.041367855563756384,0.04555558631414838,0.9962070011861742,4.759868693277427,11.5265785771427,95.0677222697305,100.0
115,LAS2-H,72502,0.07939969714229773,0.08343941426406308,0.062444361388607615,0.04140602526781534,0.04553023256870045,0.9970621500096549,4.481255689498221,11.107279799177954,95.00289647182146,100.0
116,RealSense D435i,69770,0.015230843857272199,0.016062458303900653,0.010224978791846659,0.006575465486244658,0.023932511362775463,0.9994266876881182,74.08198366059912,92.13558836176007,99.93836892647269,100.0
116,UniDepthV2,69770,0.2305266567379387,0.1702095830146093,0.15569411943184838,0.13778754576842084,0.055243645656873015,0.6535043715063781,0.018632650136161676,0.05016482728966605,22.62577038841909,100.0
116,MoGe-2,69770,0.038765507173627596,0.054217296403438656,0.03166785291386048,0.013381233072983945,0.05282241568474399,0.9971334384405905,44.801490612010895,66.32363480005733,99.65027948975205,100.0
116,DA3,69770,0.13442895016656528,0.09781405189014794,0.07661395124786094,0.067012969431413,0.13450587132799988,0.8620467249534184,15.185609860971763,25.694424537766945,70.62061057761215,100.0
116,BridgeDepth (RVC),69770,0.07503759809549052,0.07085688770468594,0.05560037426191448,0.037609018802189864,0.037479621525644456,0.998179733409775,1.8331661172423679,8.989537050308154,99.32349147197937,100.0
116,BridgeDepth (Mid.),69770,0.07523680253424041,0.07159815339828517,0.05584810249321435,0.037914485522724695,0.038258196752812446,0.9982083990253691,2.043858391858965,9.479719076967177,99.28765945248674,100.0
116,DEFOM-Stereo,69770,0.0749030471918277,0.07001007952595888,0.055466098833656496,0.03759985846824432,0.03544792219456818,0.9989967034542067,1.5522430844202377,8.558119535617028,99.6072810663609,100.0
116,FoundationStereo,69770,0.07671360677354476,0.07280937233432326,0.05700430534131494,0.03776832001169056,0.03864342579592587,0.9986383832592804,1.2584205245807654,7.916009746309302,98.65558262863695,100.0
116,S2M2,69770,0.07654839894287771,0.07293909634965837,0.05689765923100433,0.03790304293289504,0.038937654802810064,0.998179733409775,1.8073670632076826,8.434857388562419,98.77024509101334,100.0
116,SGBM,69770,0.09168606657743701,0.1723725739232854,0.06735944256709543,0.043431981906092376,0.06939833410813302,0.9769815106779418,2.4623763795327505,7.801347283932923,94.70976064210979,99.96560126128709
116,LAS2-M,69770,0.07757887814528433,0.0764716925271061,0.05804903809397978,0.03720095048089184,0.042601556753608064,0.9986527160670775,3.154650996130142,8.962304715493765,96.24193779561416,100.0
116,LAS2-H,69770,0.07781067147169701,0.07768149215574564,0.058512515185786554,0.03750763496677989,0.04339462827393074,0.9984807223735129,2.7132005159810806,8.361760068797478,96.31216855381969,100.0
117,RealSense D435i,74841,0.013794500462935387,0.01714346374099788,0.01020621802734766,0.006215629688085089,0.021491888776246273,0.9993720019775257,78.05748186154648,94.74485910129474,99.91448537566308,100.0
117,UniDepthV2,74841,0.2153230942946841,0.1875953931847442,0.16194022780882208,0.11704900295207354,0.07237633649121611,0.6295078900602611,0.06413596825269571,1.4510762817172407,46.28078192434628,100.0
117,MoGe-2,74841,0.05951706556156724,0.07723309598638242,0.05092132892133793,0.023121142667254957,0.06050212495960593,0.9989978754960517,40.87465426704614,50.99611175692468,96.07167194452238,100.0
117,DA3,74841,0.11386023186999704,0.08287867248767336,0.06804677101984109,0.0610409644513884,0.11542792363719141,0.8771796207960877,14.903595622720168,27.619887494822358,76.18150479015513,100.0
117,BridgeDepth (RVC),74841,0.08004942943970228,0.07624949816148653,0.06183621724843351,0.04603051848243267,0.03692027476729574,0.9976349861706818,0.6907978247217434,6.39221816918534,98.78275276920404,100.0
117,BridgeDepth (Mid.),74841,0.08112123765884044,0.07769865643536154,0.06279528160274903,0.04631376434798551,0.037780757789405935,0.9972742213492605,0.795018773132374,7.072326665864967,98.731978461004,100.0
117,DEFOM-Stereo,74841,0.08195009305527108,0.07813469856410724,0.06349412631877323,0.04533816380833244,0.03750176895531554,0.9991849387367887,0.889886559506153,6.032789513769191,98.68654881682501,100.0
117,FoundationStereo,74841,0.08094308406296223,0.07682985100575634,0.062485067532398075,0.047078439057882004,0.03691150734204487,0.9989310671957884,0.8658355714113922,5.390093665236969,98.6264213465881,100.0
117,S2M2,74841,0.08142417774802202,0.07761264169953165,0.06296240494649159,0.04842270635532786,0.037140595691198944,0.9981026442725244,0.9500140297430553,6.321401370906321,98.57698320439331,100.0
117,SGBM,74841,0.09894942992047119,0.16131559432315742,0.07534795048608772,0.05530520899394098,0.08268293336870633,0.9724215336513409,0.8631632394008631,4.281075880867439,94.28254566347323,99.97060434788419
117,LAS2-M,74841,0.08439391615591264,0.08190509727063698,0.06558240381169596,0.04560928509210804,0.0406863911625001,0.9983164308333667,0.6854531607006854,5.529054929784476,96.9856094921233,100.0
117,LAS2-H,74841,0.08434350752017222,0.08422595682397235,0.06603360518213545,0.044760907161515484,0.042916306062625705,0.9974746462500501,1.0154861640010155,5.581165403989791,95.69220079902728,100.0
118,RealSense D435i,72119,0.01580515435054223,0.022118637609597955,0.011209009621077407,0.006140466596384231,0.029770997881076948,0.9986272688195899,77.07400268999848,92.21564358906807,99.8349949389204,100.0
118,UniDepthV2,72119,0.2868287363958916,0.2113199811396083,0.19881024477594456,0.1868759710319574,0.054168841585332354,0.21996977218208794,0.0069329857596472505,0.01247937436736505,5.5463886077178,100.0
118,MoGe-2,72119,0.03463646709236562,0.043505194342133166,0.027874069372600174,0.01255995774743024,0.044714380508932644,0.999057113936688,47.20392684313426,66.88112702616509,99.80448980157794,100.0
118,DA3,72119,0.15610871036775562,0.11287113400875837,0.09340019674011008,0.08256286626027509,0.1340519422679953,0.8212953590593325,6.712516812490467,13.100569891429442,72.64521138673581,100.0
118,BridgeDepth (RVC),72119,0.08207033116358024,0.08147211415540721,0.06343209179003038,0.043810174430882864,0.04623592493951345,0.9953133016264785,3.0990446345623206,8.971283572983541,97.28920256797792,100.0
118,BridgeDepth (Mid.),72119,0.08383537487492738,0.08395852532224383,0.06515511197962363,0.043894683886475216,0.047765256997650385,0.9948279926233031,3.4581732969120482,9.473231741982001,97.15192944993692,100.0
118,DEFOM-Stereo,72119,0.08401246601485726,0.08257316169389586,0.06454687937571003,0.04407810891277841,0.04686104356840237,0.9887962950124101,2.262926551948862,7.357284488137661,97.16856861576007,100.0
118,FoundationStereo,72119,0.08240137918766932,0.08170653704543572,0.06382216902881152,0.0435242260413079,0.04532148123589492,0.9958402085442116,2.7759674981627587,7.823181131185956,97.47500658633648,100.0
118,S2M2,72119,0.08421612598870097,0.08417728906534518,0.06536961667351604,0.044809796775957866,0.04722215255348026,0.9954380953701522,2.956225127913587,9.040613430580013,96.6763266268251,100.0
118,SGBM,72119,0.0951398117540093,0.10685388855288802,0.0720067460878678,0.052900389237886536,0.060040025455205794,0.9768992914488553,1.4379012465508396,4.904394126374465,94.96803893564802,99.99445361139229
118,LAS2-M,72119,0.08665574950031273,0.08889289775692101,0.0673308900292702,0.043887636390034124,0.0518417903979822,0.9909732525409393,2.4362511959400432,8.94632482424881,93.73951385903854,100.0
118,LAS2-H,72119,0.08492634455119563,0.08936299313927608,0.06642912295256587,0.04076760607758012,0.05290982906153456,0.9924430455219845,2.868869507342032,9.072505165074391,92.90200917927315,100.0
119,RealSense D435i,79211,0.011180834602012786,0.016495646604860095,0.0078072654312676916,0.004763016184431645,0.022239822586324967,0.9986491775132241,87.85395967731753,97.12413679918194,99.83335647826691,100.0
119,UniDepthV2,79211,0.2992426973973101,0.21568979449598527,0.19747788904107832,0.1711495695731693,0.06221498554287075,0.22365580538056584,0.012624509222203985,0.029036371211069167,5.917107472447008,99.99873754907777
119,MoGe-2,79211,0.07503684009673706,0.055572959150594806,0.04847540239325215,0.04468589364299902,0.03388374478204789,0.9991162843544458,3.2482862228730855,11.238338109605989,99.2513666031233,100.0
119,DA3,79211,0.14479193678326693,0.1122380724036732,0.08582632399544812,0.07185906753953808,0.12150578441566248,0.8785395967731754,9.487318680486297,16.440898360076254,74.01497266793753,100.0
119,BridgeDepth (RVC),79211,0.07342477091933049,0.06946937685472818,0.05336311711408056,0.034986958653202005,0.039815765452323834,0.9973109795356706,1.2308896491648889,9.166656146242316,98.06213783439168,100.0
119,BridgeDepth (Mid.),79211,0.07533209467418972,0.0717927079468044,0.05488265253733307,0.03573685188981757,0.04164331915989887,0.9953289315877846,0.9859741702541314,8.433172160432264,98.06213783439168,100.0
119,DEFOM-Stereo,79211,0.07480346182818245,0.07149121931107232,0.053896146717294785,0.034886137712155985,0.04331012054994014,0.9898120210576814,0.9506255444319602,8.559417252654303,97.83489666839202,100.0
119,FoundationStereo,79211,0.07461033890431709,0.07081164364396175,0.05401961177969534,0.03526566017585875,0.04182801871052101,0.9971973589526707,0.8748784890987362,6.563482344623853,97.24533208771508,100.0
119,S2M2,79211,0.07330449749261955,0.06818904335630092,0.05289196389185076,0.03546346602999706,0.038731243445881115,0.9988385451515572,1.1298935753872568,7.357563974700483,97.6354294226812,100.0
119,SGBM,79211,0.08384236022518975,0.07546835767182478,0.059590936911257796,0.04165509844849957,0.045741583218933624,0.9917435709686786,1.0150105414652004,3.9464215828609666,96.82241102877126,100.0
119,LAS2-M,79211,0.07548637754071488,0.07420516094984281,0.0549557342539168,0.03502770990603965,0.04602911065408991,0.994243223794675,1.567964045397735,8.718486068854073,96.58128290262717,100.0
119,LAS2-H,79211,0.0749053416294856,0.0743681028644557,0.05504656932983198,0.035603317957697334,0.04443985269055986,0.9984598098748911,1.209427983487142,10.51369128025148,95.22414816124024,100.0
120,RealSense D435i,79682,0.011156950768778488,0.016732062181156984,0.007843746382652223,0.0047156909126039315,0.02257024709676772,0.9984438141612911,87.51411862152054,97.4435882633468,99.82053663311665,100.0
120,UniDepthV2,79682,0.19690614462501366,0.160820304880415,0.13602520440974383,0.11252031121312678,0.07340525880721725,0.7424135940362943,1.6289751763258955,3.4687884340252504,53.60432720062247,99.9987450114204
120,MoGe-2,79682,0.035399618965938524,0.0303636058731907,0.022619342747163308,0.020555132070001092,0.036188781937596906,0.9978163198714892,28.313797344444165,53.618132074998115,99.72515750106675,100.0
120,DA3,79682,0.11797139108855174,0.09717631158703251,0.07103535634502398,0.0515852254189752,0.11566171782774642,0.9318792198990989,9.67345197158706,20.280615446399437,81.0760272081524,100.0
120,BridgeDepth (RVC),79682,0.07364046764802286,0.07105393960579925,0.053850782179389545,0.034830486924699144,0.04168158874450133,0.9950929946537487,1.0918400642554151,10.58833864611832,97.80251499711352,100.0
120,BridgeDepth (Mid.),79682,0.07614367883584479,0.07413291878870203,0.055461089706360385,0.03548046510175418,0.04608218347160574,0.9930097136116062,0.5459200321277076,8.108481212820964,97.80753495143195,100.0
120,DEFOM-Stereo,79682,0.07607337891742788,0.0720054542630072,0.05490018373961904,0.03594573348927099,0.04413289022534083,0.9972892246680555,0.5496849978665194,6.888632313445947,97.62681659596898,100.0
120,FoundationStereo,79682,0.07449418006022404,0.07082652941280376,0.05402539595191917,0.03561101804386074,0.041423869499235315,0.9972139253532792,0.6714188900881002,6.482016013654275,97.28545970231671,100.0
120,S2M2,79682,0.07312386842848116,0.06719779919503865,0.05270848309111739,0.03606312624885971,0.03642994875325919,0.9995105544539544,0.5785497351974097,5.612308927988755,98.56303807635351,100.0
120,SGBM,79682,0.09119439477083482,0.0804830841503763,0.06382578405498586,0.04467245193918756,0.05345469920318116,0.9722020029617731,0.8998268115760146,3.298109987199117,93.90954042318215,100.0
120,LAS2-M,79682,0.07685402390843209,0.0739556835453428,0.05571056169188765,0.03769662977253185,0.04545215605782688,0.9959463868878793,0.8483722798122537,7.235009161416631,96.84621369945533,100.0
120,LAS2-H,79682,0.07603233728480509,0.07474338471270331,0.05576893330680478,0.0370153865826966,0.0436322572640741,0.9983434150749229,0.623729324063151,7.942822720313244,94.65625862804649,100.0
121,RealSense D435i,66194,0.02010726241983037,0.021987571332759945,0.013995367421773116,0.008735121735124945,0.032424404835782066,0.9981720397619119,65.6131975707768,87.30851738828292,99.35341571743662,100.0
121,UniDepthV2,66194,0.3232467787685294,0.252431426591104,0.23690471548133626,0.2459212413732499,0.059700970397342984,0.12007130555639484,0.08308910173127475,0.16466749252198085,5.459709339215035,100.0
121,MoGe-2,66194,0.1335710766117621,0.11894738439231406,0.10161748763264031,0.08590593088654302,0.05274623006580516,0.9604646946853189,0.8747016345892377,2.2932592077831826,81.97268634619452,100.0
121,DA3,66194,0.16519514124953938,0.11669291048344765,0.09980009323642257,0.09681874289165965,0.15467490008456394,0.7849502976100553,8.225821071396199,16.95773030788289,64.58138199836844,100.0
121,BridgeDepth (RVC),66194,0.09404209625924162,0.0937865337319675,0.07567795614193525,0.0607673151888935,0.04986896040379724,0.9919328035773635,1.968456355560927,7.410037163489138,94.19584856633531,100.0
121,BridgeDepth (Mid.),66194,0.09487243496968413,0.0952790850369706,0.0765117858700497,0.06058495613336562,0.050917960709543464,0.990996162794211,1.9986705743722997,7.3269480617578635,94.00700969876425,100.0
121,DEFOM-Stereo,66194,0.09445570736522214,0.09419561473532582,0.07558959095332343,0.05948432536269682,0.04965402655300428,0.9895307731818593,1.9201136054627306,6.704535154243588,94.26231984772033,100.0
121,FoundationStereo,66194,0.09489026068927338,0.09468288874283592,0.07629366908698831,0.060354342120214954,0.05011313390469005,0.9913889476387588,1.6950176753180046,7.097319998791431,93.63386409644379,100.0
121,S2M2,66194,0.09608296826753829,0.09769725280624256,0.07780696108860057,0.061188511412226754,0.05245651995402943,0.9888962745868206,2.021331238480829,7.731818593830256,92.5401093754721,100.0
121,SGBM,66194,0.10981478774227747,0.10419229049359821,0.08543536553733162,0.07027868963913264,0.07956105022471298,0.962866725080823,1.7267426050699457,5.98392603559235,90.56712088708947,100.0
121,LAS2-M,66194,0.09534062873883484,0.09711578481139949,0.07690616766848515,0.06103435558125608,0.05744086725455519,0.9864791370819107,2.0047134181345743,9.431368401969968,91.57325437350818,100.0
121,LAS2-H,66194,0.09705141244235495,0.10045475686971488,0.07901224622944095,0.060285630156833137,0.06043353748354617,0.9903012357615494,2.18599873100281,8.686587908269631,89.87370456536846,100.0
122,RealSense D435i,81156,0.010184629818280836,0.013523458285812804,0.006423437464514211,0.003462649548439667,0.0207268733371341,0.9989896002760116,87.18887081669871,96.54615801665928,99.87431613189412,100.0
122,UniDepthV2,81156,0.22773458749934278,0.16478700060401083,0.14767066621092756,0.13015255330957182,0.054150559331509945,0.6553551185371383,0.020947311350978364,0.03326925920449505,32.15535511853714,100.0
122,MoGe-2,81156,0.03271236071700041,0.033436272873559415,0.022375383927128102,0.015365862596179392,0.045103718044137237,0.9980284883434374,39.19488392725122,63.2214500468234,99.78066932820741,100.0
122,DA3,81156,0.39636585880283415,0.27396982848500023,0.2045507533819099,0.14503135779727627,0.282231462585751,0.4878259155207255,3.5327024496032333,9.346197446892404,41.73813396421706,100.0
122,BridgeDepth (RVC),81156,0.06962413550803846,0.0630152621742872,0.04802313102145305,0.031616118606649035,0.03505404087231129,0.9988910246931835,2.3633495983045,9.449701808861946,97.68347380353887,100.0
122,BridgeDepth (Mid.),81156,0.06960512686566156,0.06235408045938156,0.04790053848486539,0.031629049930567255,0.03436339887444098,0.9991004978066933,1.9530287347823942,8.768298092562473,97.80053230814727,100.0
122,DEFOM-Stereo,81156,0.07021773285323116,0.06379573015449451,0.04826319861623653,0.031538375626035564,0.035566892018447226,0.9987431613189413,2.3128296121050815,9.310463798117206,97.57750505199863,100.0
122,FoundationStereo,81156,0.06985013235656876,0.061797186423685285,0.047910046075015596,0.031172865271176464,0.03395315557011223,0.9987554832667949,1.5698161565380255,8.203952880871409,98.15294001675785,100.0
122,S2M2,81156,0.07084742104992407,0.06318751582071776,0.04867296873273904,0.03236157748907137,0.034780280947710705,0.9988047710582089,1.6486766228005323,8.046231948346394,98.11227758884125,100.0
122,SGBM,81156,0.10901082387400432,0.363015238834103,0.06932198377226882,0.03392626642770141,0.13746903329326254,0.9853738478978757,1.163191877371975,5.3920843806989005,97.05998324215092,99.73754251072009
122,LAS2-M,81156,0.06899793237443597,0.06215905284499858,0.0474176865601993,0.03218131295936838,0.039532766063996604,0.9974123909507615,3.1741337670658982,10.05101286411356,98.35501996155553,100.0
122,LAS2-H,81156,0.06991349113730419,0.061895530910965925,0.04803293780428205,0.03177778313973134,0.04074403767108531,0.9987185174232343,1.9998521366257578,9.03321997141308,98.58051160727487,100.0
123,RealSense D435i,76393,0.012340203039579575,0.014435764144513946,0.009313254129437044,0.006074513555909267,0.019756738942702953,0.9998167371356014,82.54028510465619,95.50220569947508,99.96727448850025,100.0
123,UniDepthV2,76393,0.24111445278985844,0.17728400330687988,0.17459605684514487,0.17698958078992866,0.054788378373139046,0.6194546620763682,0.0,0.0,23.307109290118206,100.0
123,MoGe-2,76393,0.03443975659521342,0.03931245054348866,0.028024116475521825,0.018880743615470652,0.04358919541951228,0.9999607293862003,39.40675192753263,61.88132420509732,99.95811134528033,100.0
123,DA3,76393,0.21813600502437647,0.17165903916450861,0.14897120453159773,0.14661601418306003,0.12388573137030179,0.6109329388818348,8.047857788017227,13.909651407851506,42.36513816710955,100.0
123,BridgeDepth (RVC),76393,0.08382502470336343,0.08278308035062185,0.06977247943174024,0.059382573076161016,0.03807945944372446,0.9980364693100153,0.9555849357925463,8.14996138389643,99.52875263440367,100.0
123,BridgeDepth (Mid.),76393,0.08333983603562198,0.08202997805414035,0.06932857240777782,0.058661435730399836,0.037794333006466875,0.999096775882607,1.0171088974120666,7.784744675559279,99.60860288246305,100.0
123,DEFOM-Stereo,76393,0.0837504590673083,0.0819492790665346,0.06939612846953293,0.05728341788300717,0.03719666107366527,0.9995025722252039,0.9568939562525361,9.51788776458576,99.45152042726427,100.0
123,FoundationStereo,76393,0.08430906617794527,0.08228472011580143,0.06985741830821748,0.06005050900957609,0.03720062458309692,0.9989658738366081,0.8024295419737411,6.615789404788397,99.49210006152396,100.0
123,S2M2,76393,0.0858975966289442,0.08359050444162357,0.07106080033110508,0.05948571238801614,0.03770458145339883,0.9989527836320081,0.7513777440341393,5.260953228698964,99.20149751940622,100.0
123,SGBM,76393,0.11633427842479611,0.12589265748994563,0.09312796372065342,0.07187437196909685,0.1730043316365141,0.9369313942376919,1.1584831070909638,3.262078986294556,91.6157239537654,100.0
123,LAS2-M,76393,0.08448758958639647,0.0843686084504022,0.07018711709610091,0.05688760764587475,0.04590556414919787,1.0,1.288076132629953,7.545193931381148,97.74193970651761,100.0
123,LAS2-H,76393,0.08625452556480809,0.08513546880024472,0.07162372331961901,0.05844758742366718,0.046472183078049296,0.9994502114068042,1.6388936159072165,5.673294673595748,98.32576283167306,100.0
124,RealSense D435i,80295,0.012151532840774585,0.014422159905312844,0.008516539963142632,0.00579107404096324,0.017764544316354994,0.9999003673952301,83.50582228034125,97.78815617410798,99.94893829005542,100.0
124,UniDepthV2,80295,0.14255980177288372,0.16250097576481132,0.11567721161937616,0.040955013438820353,0.10244476623592116,0.7243788529796376,4.91188741515661,17.334827822404883,62.36627436328539,100.0
124,MoGe-2,80295,0.034644428027696315,0.03650134378952591,0.024543022358927455,0.017602852375017464,0.04307992876515292,0.9995516532785353,31.285883305311664,61.59785789899745,99.9065944330282,100.0
124,DA3,80295,0.0955486619277156,0.10233598128531254,0.071206268266126,0.04111783375528277,0.1268329635572273,0.8825954293542562,10.437760757207796,27.818668659318764,85.03269194844013,100.0
124,BridgeDepth (RVC),80295,0.0780327585525981,0.07590459396203271,0.059052941951408824,0.03545036090527598,0.036554487036762236,0.9979575316022168,0.3923033812815244,3.086119932747992,98.46067625630488,100.0
124,BridgeDepth (Mid.),80295,0.07810678265304792,0.07662504638785758,0.05921536278692971,0.03526032803212653,0.037135018524083255,0.9980571642069868,0.3985304190796438,3.503331465221994,97.99863005168442,100.0
124,DEFOM-Stereo,80295,0.07684308050980838,0.07419634902368823,0.05796261431775941,0.03488905143487686,0.03533418033564403,0.9989414035743197,0.528052805280528,4.827199701102185,98.87041534342114,100.0
124,FoundationStereo,80295,0.0791454002591149,0.07679990799578273,0.05989626523328172,0.03600566766235047,0.03625641627848357,0.9982937916433152,0.4209477551528738,2.721215517778193,97.56647362849492,100.0
124,S2M2,80295,0.07921900442339837,0.07697240169687812,0.05997778676383953,0.03651970806102278,0.03615608831300484,0.9986674139112024,0.3337692259792017,2.610374244971667,98.17921414782987,100.0
124,SGBM,80295,0.0863516166153262,0.08822355485645737,0.06439214262108504,0.040520329472068295,0.08423848555045584,0.9907341677563983,0.48446354069369196,2.917989912198767,98.50675633601097,100.0
124,LAS2-M,80295,0.07855646226871865,0.07679681570647195,0.05927785006803664,0.03579447839823802,0.03810230228498373,0.9968242107229591,0.7011644560682483,4.2717479295099325,97.2837661124603,100.0
124,LAS2-H,80295,0.0765321585925029,0.07437193703043272,0.05773875710257824,0.03569274765439523,0.036093023248735825,0.9976835419390996,0.616476742013824,4.605517155489134,98.8629428980634,100.0
125,RealSense D435i,87652,0.03707328152494596,0.02469773649159781,0.021773680925227593,0.02244768835431843,0.026569277603609526,0.9999771824944097,26.046182631314746,49.18313329986766,99.99771824944096,100.0
125,UniDepthV2,87652,0.1569222012533355,0.13009559202278687,0.11033697679604544,0.07757768339905291,0.0511140148479589,0.9161456669556884,0.6160726509377995,1.5972253913202208,73.89905535526856,100.0
125,MoGe-2,87652,0.036597158369328975,0.04005398785362524,0.02765404710761953,0.01667242201128577,0.03754881544853743,0.9981517820471866,40.888970017797654,58.27362752703874,99.7478665632273,100.0
125,DA3,87652,0.1246213073559337,0.1086198118813729,0.08631211270231948,0.06499968996496724,0.14999643413340544,0.870613334550267,10.029434582211474,18.222059964404693,81.28394103956555,100.0
125,BridgeDepth (RVC),87652,0.10752580048813724,0.08200844706421691,0.0726645518654525,0.06162710882631067,0.02701646330261399,0.9972961255875508,0.4438004837311185,1.2287226760370555,98.44612786930132,100.0
125,BridgeDepth (Mid.),87652,0.10802101140749118,0.08279241027773221,0.07308883811533133,0.06181769766460404,0.027532261498998057,0.9969766805092867,0.42554647925888744,1.1317482772783278,98.29781408296445,100.0
125,DEFOM-Stereo,87652,0.1073042221148623,0.07954434427750849,0.0715424893168107,0.062250118267024424,0.0260781752054416,0.9988363072148952,0.6160726509377995,1.8276821977821385,99.09870852918358,100.0
125,FoundationStereo,87652,0.1081426622028364,0.0813200242542075,0.072793925474996,0.06219249237225605,0.02585600122618912,0.9964062428695295,0.4175603523022863,1.1134942728060968,98.99717062930681,100.0
125,S2M2,87652,0.10965795894795509,0.08305924403294941,0.07404115502701857,0.06261370563574364,0.026791192790024957,0.9976155706658149,0.40158809838908405,1.1237621503217268,98.55679277141422,100.0
125,SGBM,87652,0.11581464619933926,0.08983006069051123,0.07755087886676022,0.06664211559230432,0.06322857275459487,0.9937936384794415,0.22132980422580203,0.6445945329256605,97.5037648884224,100.0
125,LAS2-M,87652,0.10379101964278438,0.07938949159801528,0.07016588668682479,0.058748976075811477,0.02743685629925197,0.9992812485739059,0.6194952767763429,1.705608542874093,98.3251950896728,100.0
125,LAS2-H,87652,0.1063459418203533,0.08046085715555205,0.0717947832832009,0.061287217751824996,0.026055345878784084,0.9983913658558846,0.4472231095696618,1.2538219321863733,98.71081093414867,100.0
126,RealSense D435i,82480,0.010798154314575573,0.01304674445515272,0.00802355724160053,0.005267003069088477,0.01564426430703902,0.9995271580989331,84.55625606207565,97.50484966052376,99.94301648884579,100.0
126,UniDepthV2,82480,0.07693353641652499,0.07709881172607322,0.06047005298340172,0.06237638643611687,0.05071954915416434,0.9996605237633366,13.012851600387974,30.725024248302617,99.75145489815714,100.0
126,MoGe-2,82480,0.05863214417220613,0.043758513693543416,0.03715833914434231,0.03641861173604988,0.043959768678483585,0.9986542192046557,17.70732298739088,29.670223084384094,99.8605722599418,100.0
126,DA3,82480,0.10160009453973658,0.09835260887533384,0.07451252738211034,0.049834999389578194,0.12788261906879772,0.9050678952473327,11.505819592628516,23.001939864209504,86.3506304558681,100.0
126,BridgeDepth (RVC),82480,0.0801655947689143,0.07315787294806511,0.06065701681105409,0.050153686047402835,0.03037360657454095,0.9989936954413191,0.35281280310378277,4.490785645004849,99.29679922405431,100.0
126,BridgeDepth (Mid.),82480,0.0803281091563454,0.0735073721225023,0.060815785819290785,0.04992552536646877,0.03058676405664193,0.9993089233753637,0.3600872938894278,4.4544131910766245,99.28709990300679,100.0
126,DEFOM-Stereo,82480,0.0817441591121121,0.07352658203386882,0.061458548250311544,0.05088239140519346,0.029927311957219035,0.9992725509214355,0.19034917555771094,2.6721629485935985,99.46653734238603,100.0
126,FoundationStereo,82480,0.08113866620533072,0.07368344161180261,0.06129122524359993,0.05075144236625945,0.030187138987845037,0.9993695441319108,0.38918525703200774,4.591416100872939,99.33680892337536,100.0
126,S2M2,82480,0.08212516313342032,0.07461933735204135,0.061995240669161567,0.0515740000451716,0.030508687779291714,0.9991028128031038,0.2909796314258002,3.6687681862269645,98.95974781765277,100.0
126,SGBM,82480,0.0892313959188096,0.08006578008299493,0.06627448847206141,0.053711056118629974,0.06168626882218186,0.9886517943743938,0.5977206595538311,2.6976236663433557,97.88554801163919,100.0
126,LAS2-M,82480,0.07613933935568303,0.07109308295211438,0.05769471791492074,0.0462741958061445,0.032177001379468294,0.9993089233753637,0.7771580989330746,6.51066925315228,98.69301648884579,100.0
126,LAS2-H,82480,0.07866045509158115,0.07324245339978942,0.05969351100610106,0.04817194199488051,0.03187235889976375,0.9991270611057226,0.23278370514064015,4.000969932104752,98.92458777885548,100.0
127,RealSense D435i,90099,0.009660452311891887,0.018486900322499146,0.006183043088153905,0.003294139179343125,0.02471194154362008,0.9987236262333655,87.99875692294033,97.58376896524933,99.86903295264098,100.0
127,UniDepthV2,90099,0.10734921576765755,0.08312005982012374,0.06649760159248441,0.05805939322454445,0.052149582474049466,0.9883794492724669,1.9667254908489549,5.132132432102465,94.54488951042742,100.0
127,MoGe-2,90099,0.1030662658473357,0.07786247302189052,0.061229241214527934,0.05202120573152902,0.07554053651742239,0.9761040633081388,1.0000110989023185,2.5860442402246417,97.02216450793017,100.0
127,DA3,90099,0.13478184943343086,0.12909731220240336,0.08092618083014726,0.03320026862197156,0.17485536395225582,0.8046926159002875,18.053474511370826,34.70737744037115,77.25945903950098,100.0
127,BridgeDepth (RVC),90099,0.06280935236498794,0.05575734373552662,0.04080946481662321,0.031189924009647374,0.03197753539146058,0.9982019778243931,1.3152199247494423,15.158880786690196,98.8479339393334,100.0
127,BridgeDepth (Mid.),90099,0.06305230568087429,0.05557284685381259,0.040902810248179246,0.03135657045342277,0.0313977641390798,0.9965704391835647,1.407340813993496,14.905825813827011,98.90897790208548,100.0
127,DEFOM-Stereo,90099,0.06676401289130664,0.06099919050743573,0.0436789609662166,0.03178187541797495,0.03662848260405268,0.9948279115195507,1.4506265330358827,12.849199214197714,98.11318660584469,100.0
127,FoundationStereo,90099,0.06298866029288339,0.05503968850299227,0.040737637256729034,0.03169843723096566,0.031236834543022684,0.9968812084484845,1.1931319992452747,15.258770907557242,99.06325264431348,100.0
127,S2M2,90099,0.06479940812474269,0.05783115092668463,0.042104740939377036,0.03236345945583863,0.033171421211647505,0.9956603291934427,1.039967147249137,13.312023440881696,98.7291756845248,100.0
127,SGBM,90099,0.0706384526908839,0.07883680509406608,0.04620631810215338,0.03183153205785194,0.09045486180294592,0.9940176916502957,1.248626510838078,9.542836213498484,98.47057126050234,99.98557142698587
127,LAS2-M,90099,0.062296522844645354,0.05301984233431668,0.039846961867578204,0.031117610078404856,0.031115092665573763,0.9961264830908223,1.5638353366852018,14.908045594290725,99.32629662926337,100.0
127,LAS2-H,90099,0.06267855116330721,0.05452228603533161,0.04045550947788136,0.03094104877653281,0.03132042221720321,0.9986792306240913,1.7081210668264908,13.846990532636323,98.98778010854727,100.0
128,RealSense D435i,91639,0.011464999510484585,0.012423127962286076,0.007972215312416701,0.005386287754280961,0.017065834770693858,0.9999672628466046,82.33939698163447,96.44583637970733,99.98690513864184,100.0
128,UniDepthV2,91639,0.20477828224960296,0.1450833801838223,0.13749611281779042,0.1305988784690355,0.04372713143710901,0.8907452067351237,0.3099117188096771,1.0290378550617094,35.41287006623817,100.0
128,MoGe-2,91639,0.05454232912043157,0.0467372228488818,0.038371215087466194,0.029417973756291294,0.0357804956405887,0.9987887253243706,9.646547867174455,28.748676873383605,99.82212813321838,100.0
128,DA3,91639,0.10414676595561258,0.07970462580125559,0.06807100955922554,0.061985043165768805,0.10935348075391754,0.9795938410502079,7.022119403310817,14.720806643459664,94.32337760123964,100.0
128,BridgeDepth (RVC),91639,0.07326820306122615,0.07040427319172109,0.05568549871598068,0.041808003606616406,0.03312661677537701,0.9958314691343205,0.9712022173965233,9.086742544113315,98.70360872554261,100.0
128,BridgeDepth (Mid.),91639,0.07376181419979656,0.07130946633180316,0.05614610340949992,0.04182644245938705,0.03362202216195574,0.9952858499110641,0.9646547867174455,8.536758367070789,98.64686432632395,100.0
128,DEFOM-Stereo,91639,0.076015390814566,0.07345483721960577,0.05784712097262369,0.04396342235850248,0.034708269247646674,0.995700520520739,1.0617750084570978,8.231211602047162,97.87863245997883,100.0
128,FoundationStereo,91639,0.07402502517927277,0.07076228190119983,0.05634609272919106,0.043184081225118964,0.033026816604177736,0.9959951549012975,0.9057279106057464,9.36719082486714,98.99387815231506,100.0
128,S2M2,91639,0.07616834563462692,0.07231286999011985,0.057787161534706075,0.04382860503452024,0.03326219456563136,0.9957659948275298,0.8238850271172753,7.984591713135238,98.67087157214723,100.0
128,SGBM,91639,0.08486001516790884,0.08581846721168429,0.06409606918247626,0.048338714087563184,0.07250046470718277,0.988792981154312,0.5936337149030435,6.783138183524481,97.32100961381072,100.0
128,LAS2-M,91639,0.07177635577559105,0.06890975634765309,0.05449071254765026,0.04279260625877224,0.03333265051909002,0.9992797826253015,1.6346751928763954,11.196106461222842,98.819280000873,100.0
128,LAS2-H,91639,0.07253874418093006,0.07021590631656217,0.055306443919341,0.04111477030772692,0.03393860625373815,0.996038804439158,1.6815984460764524,10.404958587500955,98.98951319852901,100.0
129,RealSense D435i,86210,0.010554555912238141,0.01226773678467361,0.007310868044992477,0.004363716958649871,0.016579090737443295,0.9999072033406797,84.06333371998608,96.99570815450643,99.98724045934347,100.0
129,UniDepthV2,86210,0.16885264772031233,0.11805489826502913,0.10946911946401429,0.10328902613944868,0.04049381540312274,0.9609094072613386,0.0974364922862777,0.4558635889107992,72.5635077137223,100.0
129,MoGe-2,86210,0.04396674234617057,0.04176306466313953,0.03136091682137157,0.02210389375568722,0.03649440208617845,0.9984340563739705,18.7020067277578,48.233383598190464,99.79816726597842,100.0
129,DA3,86210,0.13504733818185477,0.0961390848837297,0.08239378675448183,0.07899957173970606,0.10085720092627169,0.9233615589838766,5.715114255886788,11.422108804083052,72.54726829834127,100.0
129,BridgeDepth (RVC),86210,0.07009429144978133,0.06343845472235919,0.05038699509877464,0.03791612183991172,0.03171590920988758,0.9998492054286046,1.3490314348683448,8.478134787147662,99.0882728221784,100.0
129,BridgeDepth (Mid.),86210,0.07058824496357528,0.06389237323513074,0.05074908821691723,0.038338178696329606,0.03157940206677649,0.9996172137803039,1.144878784363763,7.973552952093725,98.9131191277114,100.0
129,DEFOM-Stereo,86210,0.07082506808562065,0.06205108124185652,0.050364443337779743,0.03835641200186546,0.02959173081860509,0.9997448091868693,0.22851177357615127,6.567683563391719,99.04883424196728,100.0
129,FoundationStereo,86210,0.07010230114214364,0.06369457667942469,0.05043444882454546,0.03740003743912401,0.0317938132054218,0.9994896183737385,0.7852917294977381,8.431736457487531,99.00011599582415,100.0
129,S2M2,86210,0.07235386686037298,0.06518163823716772,0.05192657741095055,0.0385536546600197,0.03212557131173102,0.9983528592970653,0.8328500173993737,6.8367938754204856,98.89687971233036,100.0
129,SGBM,86210,0.23704617116782858,1.0392532392456135,0.17564681001932053,0.04169590018862579,0.30189806776480504,0.9539264586474887,1.5763832502029926,5.637397053706067,93.95545760352627,97.22190001159959
129,LAS2-M,86210,0.06735772578076388,0.06272451893366193,0.048240991647393275,0.03407739637100976,0.034594124962912295,0.9990256350771373,2.3001971929010554,14.995940146154737,98.19858485094537,100.0
129,LAS2-H,86210,0.06937766505233553,0.0643943825804631,0.05005487331387801,0.03582309221382002,0.03333196563823454,0.9997332096044542,0.864168889919963,10.229671731817655,98.41897691683099,100.0
130,RealSense D435i,77158,0.01506843684334451,0.014853776441924062,0.009195713757647868,0.005973932620426309,0.023638881068210146,0.9999351979055963,78.13706939008269,92.32743202260298,99.98185541356696,100.0
130,UniDepthV2,77158,0.13685030474946314,0.09978188861863908,0.08750526778861055,0.07212138535294982,0.046343442647677986,0.9709427408693849,0.05832188496332202,0.44065424194509967,83.06591669042743,100.0
130,MoGe-2,77158,0.08625418351404161,0.06026519082042785,0.0509324223892246,0.038467980913726274,0.06673937521107494,0.9973301537105679,6.249513984291973,16.200523600922782,99.59822701469712,100.0
130,DA3,77158,0.16899476408323105,0.14198209084931512,0.10383475828225006,0.06696063366544258,0.18045824099314295,0.785323621659452,3.5550428989864957,9.34446201301226,72.52131988905882,100.0
130,BridgeDepth (RVC),77158,0.0670572454546102,0.06199569387966223,0.046605347617153466,0.032466047467092585,0.03827565512843287,0.9996759895279815,7.465201275305218,18.320848129811555,99.03574483527308,100.0
130,BridgeDepth (Mid.),77158,0.06746689114804695,0.06229207866372588,0.046811956940793396,0.03258402792948989,0.03867961257419686,0.9997148707846237,6.959744938956428,17.91518701884445,98.7674641644418,100.0
130,DEFOM-Stereo,77158,0.06645042221193914,0.05956492300193163,0.04563547043366007,0.03218398842078807,0.03567655582824052,0.9997537520412659,5.010497939293398,15.568055159542757,99.4012286477099,100.0
130,FoundationStereo,77158,0.06624048776404631,0.06120319183184307,0.04601274514809887,0.03206844475999565,0.03806228343942144,0.9998315145545504,8.33354934031468,17.71170844241686,99.37789989372456,100.0
130,S2M2,77158,0.06945052088756276,0.06418471744690891,0.048285274567364006,0.033751919130950825,0.039036777453051924,0.9996371082713393,7.090645169651884,15.529173902900542,98.27367220508567,100.0
130,SGBM,77158,0.08384430433764772,0.10523307592971701,0.059504851849786496,0.031765594171157374,0.15568391326187697,0.958163767852977,3.23103242696804,12.255372093626066,94.3907307084165,100.0
130,LAS2-M,77158,0.06637680372152523,0.061982626296264165,0.04596942227039671,0.031873481911387724,0.04111797606158078,0.9989242852328988,9.146167604136966,21.528551802794265,98.22053448767464,100.0
130,LAS2-H,77158,0.06655761006585807,0.06131328501481079,0.04614467218668211,0.0325002953479232,0.03921652948704668,0.9994815832447704,8.827341299670806,19.2345576609036,98.61712330542524,100.0
131,RealSense D435i,78984,0.012797549691997272,0.017571460874260394,0.008615045377924044,0.005357081417103782,0.02572828910511542,0.9987845639623215,81.3468550592525,94.87744353286742,99.86199736655526,100.0
131,UniDepthV2,78984,0.18493069802428833,0.12235050375849822,0.11450128869703702,0.11418615926714559,0.07489786379854417,0.8375873594652081,0.060771801883925856,0.4405955636584625,51.242023701002736,100.0
131,MoGe-2,78984,0.0694594170327349,0.06395249269213155,0.05140749704380576,0.04032723116835857,0.049823584432139814,0.991378000607718,3.875468449306189,22.00952091562848,99.02511901144535,100.0
131,DA3,78984,0.10755220671377377,0.10195750146034362,0.07779438352202706,0.0541637709693949,0.13402424346971478,0.9146536007292616,6.664640939937202,16.86037678517168,87.6835814848577,100.0
131,BridgeDepth (RVC),78984,0.08144505776839198,0.07999149433814942,0.06259799714400933,0.04402397584689888,0.043827422311799334,0.9949103615922212,3.119619163374861,11.360528714676391,98.71619568520207,100.0
131,BridgeDepth (Mid.),78984,0.08141586598319878,0.08010593906184066,0.06253693598395432,0.043197224926210975,0.04386544848646152,0.99313785070394,3.0385900941962927,11.331408892940342,98.68707586346602,100.0
131,DEFOM-Stereo,78984,0.08346909712270532,0.0791473215578552,0.06335942879323986,0.04467029590808497,0.04188967927083717,0.9973538944596374,0.8621999392281982,9.552567608629596,98.88458421958877,100.0
131,FoundationStereo,78984,0.08169847390615488,0.08004603991559589,0.06288746635431876,0.044037618563380676,0.042671442516091014,0.9953281677301732,4.118555656841892,11.361794793882305,98.67947938823053,100.0
131,S2M2,78984,0.08274981313794386,0.0811421579267466,0.06352095540771495,0.04319059816052773,0.04331195318931038,0.9946698065430973,2.64737161956852,10.543907626861136,98.05530233971437,100.0
131,SGBM,78984,0.10204565284048493,0.12183207787036407,0.07850792523011016,0.04847591836991394,0.16977950066551625,0.9637774739187683,1.8712650663425503,6.077180188392585,95.13192545325636,100.0
131,LAS2-M,78984,0.08207202259837035,0.08122538969043176,0.06263830808280715,0.0431384398225782,0.048856990608023544,0.995809277828421,3.921047300719133,12.75448192038894,97.5640636078193,100.0
131,LAS2-H,78984,0.08072093661577481,0.07960348572090632,0.06218247351814139,0.04379659307507561,0.043874628898254234,0.9975438063405246,2.727134609541173,11.63020358553631,97.91350146865187,100.0
132,RealSense D435i,85218,0.009867753577898921,0.011166211239410036,0.006865635768347935,0.004500429594091471,0.016198465685431835,0.999870919289352,89.89532727827454,97.16257128775611,99.97535731887629,100.0
132,UniDepthV2,85218,0.16733337195357215,0.1473282922399371,0.12547679360461825,0.07973651526193298,0.059389663276025705,0.8680443098875824,0.01408153207068929,0.30040601750803825,58.62141801027951,100.0
132,MoGe-2,85218,0.07979236264151188,0.07717503481563948,0.06166588629424605,0.036467942603522985,0.08182847371364414,0.9985097045225187,1.996057171020207,10.908493510760637,98.59771409796052,100.0
132,DA3,85218,0.18213412743336166,0.14834549027349025,0.11694071188572701,0.09274041338664385,0.1322171901462539,0.7605200779178108,6.490412823581872,11.636039334412917,59.95446971297144,100.0
132,BridgeDepth (RVC),85218,0.07964678499569053,0.07865330181986198,0.061801878170263246,0.042054446304923665,0.03640035287002942,0.9947546293036682,0.20770259804266705,5.245370696331761,98.60944870801943,100.0
132,BridgeDepth (Mid.),85218,0.07988516462958854,0.07903399164579998,0.0619682487212451,0.042557366925941364,0.03652817339596323,0.9945551409326668,0.23469220117815484,4.835832805275881,98.53200028163064,100.0
132,DEFOM-Stereo,85218,0.07980910407109905,0.07884212113701201,0.061932325998754915,0.043295936642483934,0.03621028410577198,0.9948837100143162,0.29101832946091205,4.799455514093267,98.28440000938768,100.0
132,FoundationStereo,85218,0.08068323165108515,0.07866631955297239,0.062424352339545915,0.043694331301612876,0.03548481003464743,0.9943908563918421,0.2675491093430965,3.3596188598652867,98.48154145837734,100.0
132,S2M2,85218,0.08345825053971964,0.08337561901383136,0.06503191312191299,0.04364774691026396,0.038725681669685756,0.994015348869957,0.19362106597197776,5.505879039639513,97.57914994484733,100.0
132,SGBM,85218,0.10455165236163291,0.13035464204007347,0.08206259185861145,0.04936746205247455,0.16734846990483931,0.9581895843601117,0.639536248210472,3.9217066816869677,93.76657513670821,100.0
132,LAS2-M,85218,0.0783793357042048,0.07886744594819876,0.06076658765580056,0.04283811444464719,0.03886901188594338,0.993264333826187,0.38606867093806474,6.363679034945669,97.8643009692788,100.0
132,LAS2-H,85218,0.07995752071497342,0.07976324850226758,0.06204682429731307,0.044235511195333144,0.03756287905414804,0.9940740219202516,0.29101832946091205,5.323992583726443,98.17644159684573,100.0
133,RealSense D435i,71918,0.01868236186198909,0.025778924515974844,0.011370914975818868,0.007149992693074481,0.04351034396280606,0.9923802107956283,70.81398259128451,93.2339608999138,99.21438304735949,100.0
133,UniDepthV2,71918,0.26527332009376425,0.1680946835658892,0.15795328419911392,0.14387283673830864,0.08673836583871841,0.47750215523234796,0.0,0.0,25.76267415667844,99.99860952751744
133,MoGe-2,71918,0.06876429972296356,0.07222499560023171,0.04872592278589506,0.028830592928741183,0.060654303913117234,0.9823966183709224,8.173197252426375,27.021051753385798,96.72404683111321,100.0
133,DA3,71918,0.26077566966383453,0.1740415586952076,0.14867308738413337,0.1211330050516784,0.15157770662609843,0.6256291887983537,1.725576350844017,5.172557635084401,35.83803776523263,100.0
133,BridgeDepth (RVC),71918,0.0679433681134997,0.058842270308899575,0.04616695184462877,0.033066510614300826,0.04045579571381108,0.9976083873300148,1.4961483912233378,9.174337439862065,99.35064935064936,100.0
133,BridgeDepth (Mid.),71918,0.06854009636101431,0.059185040341090955,0.04659473096593611,0.03336807646093759,0.0395588635666646,0.9977196251286187,1.4613865791595986,8.408187101977251,99.31727801106817,100.0
133,DEFOM-Stereo,71918,0.06912941209019698,0.05964991145322999,0.0464153128497734,0.03359967308419198,0.043276461833106405,0.9965933424177535,1.4586056341944993,7.213771239467171,99.32979226341111,99.99582858255235
133,FoundationStereo,71918,0.06882429618324215,0.05858232124695008,0.04659518348505237,0.03301427463452822,0.04069435046935759,0.9971356266859479,1.2987012987012987,8.006340554520426,99.32283990099836,100.0
133,S2M2,71918,0.07035098614290862,0.05945158282941451,0.047541392524043456,0.03536294323957695,0.04012581546106175,0.9974693400817598,1.701938318640674,6.8605912288995805,99.31727801106817,100.0
133,SGBM,71918,0.08205501655464917,0.07655530254000706,0.05564590891823977,0.038991775077314106,0.0843699616014507,0.9716899802552907,1.1499207430684948,6.57137295252927,96.82555132233934,100.0
133,LAS2-M,71918,0.06699643913450642,0.056356275532551854,0.045412032663826186,0.03493551665465877,0.03930767539339229,0.9968158180149614,1.7895380850412972,9.921021162991185,99.50916321366,100.0
133,LAS2-H,71918,0.06799051078782688,0.05792169473438125,0.04596342376120256,0.034012577788479936,0.042721409742141156,0.9963569620957201,2.2928891237242417,8.825328846742122,99.31866848355071,100.0
134,RealSense D435i,86458,0.013791540440030094,0.017169144407826156,0.009124352356843033,0.006073073753299685,0.029547172474287207,0.995558537093155,81.92879779777465,97.23333873094451,99.50264868491058,100.0
134,UniDepthV2,86458,0.20909587655514156,0.15964863000134386,0.14538078157441656,0.12944658137017606,0.05534346173797495,0.8893566818570867,0.0011566309653242037,0.011566309653242037,42.572115940687965,100.0
134,MoGe-2,86458,0.042680094153304475,0.06311837949820197,0.03509835044583559,0.020380150137707886,0.05622850562660625,0.9781859399939855,24.533299405491686,58.161188091327574,96.5312637349927,100.0
134,DA3,86458,0.16120466298470576,0.13094850575650174,0.10447061493025236,0.08757040645747466,0.12114165550815552,0.8483541141363437,8.375164819912559,14.357260172569339,66.2286890744639,100.0
134,BridgeDepth (RVC),86458,0.07666667143788701,0.07147611092827434,0.05877330607346896,0.04644633126109565,0.031219109205935215,0.99703902472877,0.1920007402438178,3.9556779014087766,98.93474288093641,100.0
134,BridgeDepth (Mid.),86458,0.07733532315492986,0.07221820751325073,0.05930608828643965,0.04710666953033005,0.03130783785320539,0.9958129959055264,0.17233801383330632,3.8724004719054337,98.93474288093641,100.0
134,DEFOM-Stereo,86458,0.08009187475810164,0.0751192191440641,0.061718867118782765,0.04955283396122612,0.03258646896018055,0.9958476948344861,0.1885308473478452,3.0754817367970575,98.81676652247334,100.0
134,FoundationStereo,86458,0.07841222464500837,0.07221414798652381,0.06002021050571969,0.048030760940771966,0.030784765241335475,0.9956742001896874,0.16771148997200952,2.6313354461125633,99.08626153739388,100.0
134,S2M2,86458,0.08166486783441014,0.07646133274493566,0.06279637115993526,0.05064556360959771,0.032803302690744794,0.9950149205394527,0.16424159707603692,2.3757200027759144,98.51951236438502,100.0
134,SGBM,86458,0.10100541174210223,0.11629054857450696,0.0774488700731347,0.058317654869999014,0.14882962362930546,0.9536190982904994,0.4198570404126859,2.108538249786023,94.09539892201994,100.0
134,LAS2-M,86458,0.07552700300717838,0.07045310666816343,0.05797517385091209,0.04600756766512115,0.032805881743416504,0.9967845659163987,0.22785630016886813,5.934673483078489,99.08857479932452,100.0
134,LAS2-H,86458,0.07699541734232379,0.07199214177623528,0.05912907443064956,0.0465862095255864,0.031714837515503705,0.9966226375812534,0.17696453769460316,3.7093155057947214,98.9625020241042,100.0
135,RealSense D435i,88406,0.014830417028906449,0.017460523790295158,0.009899481184473658,0.006896267560864144,0.02911801679769815,0.9962672216817863,79.92557066262471,95.58061670022397,99.59957468950071,100.0
135,UniDepthV2,88406,0.2501961701645133,0.17982680677460666,0.17073549922090578,0.15629151277989622,0.06351200407208511,0.5084270298396036,0.0011311449449132411,0.01696717417369862,23.994977716444584,100.0
135,MoGe-2,88406,0.12220031650028074,0.09879616872096798,0.08531498507585213,0.07387207521296879,0.045750950129909436,0.9723548175463204,0.1346062484446757,0.4988349207067394,91.64649458181572,100.0
135,DA3,88406,0.20864092379602692,0.14936937859401975,0.12791564480744938,0.13960333741120118,0.13939042696718826,0.5208583127842001,6.554984955772232,12.91315069112956,43.06721263262674,100.0
135,BridgeDepth (RVC),88406,0.0789359033687601,0.079807480422841,0.06314982567381164,0.050529466030146464,0.040634119562228205,0.9948759133995431,0.6232608646471959,18.795104404678415,98.5645770649051,100.0
135,BridgeDepth (Mid.),88406,0.0790328366125041,0.08024470998713285,0.06327415808187987,0.050568772326862355,0.04077105371410417,0.9946157500622129,0.5904576612447119,18.520236183064497,98.39264303327828,100.0
135,DEFOM-Stereo,88406,0.07909041182851954,0.07978430995395544,0.06319251466053542,0.04986770658561013,0.04100958549752567,0.9957355835576771,0.7465556636427392,19.192136280342964,98.03067665090605,100.0
135,FoundationStereo,88406,0.07927147188901046,0.0792595511312809,0.06326122058793927,0.05179337806863554,0.04033366014183513,0.9960296812433546,0.4682940071940819,18.62203922810669,98.6505440807185,100.0
135,S2M2,88406,0.08187169969230731,0.08318031781313383,0.06562227420663112,0.052143518049816706,0.04240866477093631,0.9939257516458159,0.5305069791643101,17.22281293124901,98.02275863629166,100.0
135,SGBM,88406,0.10262659826339227,0.1332120352830496,0.0840069378227568,0.06204154139516049,0.17931879860429176,0.958916815600751,0.7601294029816981,12.045562518381105,94.39404565300997,100.0
135,LAS2-M,88406,0.07872699757008784,0.07953231082140996,0.06272521652596065,0.053256964227940295,0.04183234875369482,0.9937673913535281,1.8878809130601995,16.649322444177997,97.55107119426283,100.0
135,LAS2-H,88406,0.07996728414866187,0.08081107515733121,0.06399781234223989,0.05223943912488116,0.04138315239041431,0.9958826324005158,0.6074248354184105,18.153745220912608,98.018234056512,100.0
136,RealSense D435i,84036,0.01325339362008639,0.01668176624394736,0.009124422805960224,0.006334088320160441,0.020193243316409672,0.998845732781189,80.57856156885144,96.14926936075015,99.87743348088914,100.0
136,UniDepthV2,84036,0.16814634977727766,0.14730167384415824,0.12472404811938964,0.1033036457715002,0.052705372573387844,0.9222714074920272,0.08210766814222477,0.28678185539530676,69.56066447712885,100.0
136,MoGe-2,84036,0.07791467515589799,0.06545533006657298,0.05502184406339625,0.04734286985764774,0.03216014085814424,0.99792945880337,1.767099814365272,6.398448284068732,98.68865724213433,100.0
136,DA3,84036,0.25166527766633984,0.18327967852805715,0.1586501753708167,0.15181910908969942,0.14485995412264194,0.46149269360750156,4.072064353372364,7.868056547194059,36.35941739254605,100.0
136,BridgeDepth (RVC),84036,0.07280947853123118,0.07482991900670338,0.057322788454439666,0.04338856174785183,0.038933713715609476,0.9928840020943405,1.8599171783521349,20.3579418344519,97.9794373839783,100.0
136,BridgeDepth (Mid.),84036,0.07264074495100671,0.07474111175052647,0.057293539498012,0.04346170498506513,0.03895543428667503,0.9943000618782426,1.837307820457899,21.848969489266505,98.14841258508258,100.0
136,DEFOM-Stereo,84036,0.0733665180471253,0.0749156065954989,0.05751191481331843,0.043234869175693635,0.038638473206418444,0.9957875196344423,2.068161264220096,17.899471655004998,97.93778856680471,100.0
136,FoundationStereo,84036,0.07231409647701603,0.07342519323248164,0.05675455606594422,0.042669349030996395,0.03795092093831188,0.9953353324765577,1.5124470465038793,20.322242848303105,98.3019182255224,100.0
136,S2M2,84036,0.07540845699545681,0.07794880338235086,0.059392381836998555,0.0443634605695713,0.04031079254818155,0.9932766909419772,1.1875862725498596,17.995858917606743,97.38802418011329,100.0
136,SGBM,84036,0.08895206959667189,0.10650998784280342,0.07033030425149403,0.05192300647338122,0.12070023873943282,0.979556380598791,1.1554571850159456,11.247560569279832,95.75896044552334,100.0
136,LAS2-M,84036,0.07383621818380004,0.07548825774225046,0.057745155327917075,0.04481173452603093,0.04009878382889582,0.993847874720358,2.8023704126802795,19.71417011756866,97.88305012137656,100.0
136,LAS2-H,84036,0.07317659427965467,0.07482843952714537,0.05760938741861226,0.04386396225144734,0.03895070530552083,0.9951925365319625,1.6540530248940932,21.77281165214908,98.14960255128754,100.0
137,RealSense D435i,79544,0.014476829332228044,0.01457986372205681,0.010205529348250215,0.0070329945856695275,0.019857787720045143,0.9999371417077341,74.71210902142211,92.85804083274665,99.96982801971235,100.0
137,UniDepthV2,79544,0.1923612863554248,0.15421913558524294,0.14063466595237142,0.11760614678068604,0.03897459634601841,0.9007593281705722,0.012571658453183143,0.021371819370411344,52.4162727547018,100.0
137,MoGe-2,79544,0.06923551053098013,0.06045774957204322,0.05129517334105577,0.039131951194397385,0.03792246701077207,0.9953484863723222,3.8016695162425824,12.595544604244191,99.42924670622548,100.0
137,DA3,79544,0.215663343997619,0.18100313675259042,0.1448108259633591,0.125040689300982,0.12263284316533521,0.6263325957960374,9.18862516343156,13.973398370713063,39.317861812330285,100.0
137,BridgeDepth (RVC),79544,0.08541909585898533,0.07692946694386162,0.06524068754983967,0.05559101250910986,0.030785965894826146,0.9956124911998391,0.7593281705722619,2.223926380368098,98.88740822689329,100.0
137,BridgeDepth (Mid.),79544,0.085828230639798,0.07771958981377451,0.06564074180826052,0.05574041748384684,0.031289416726406546,0.9955747762244795,0.7693854973348084,2.091923966609675,98.87106507090415,100.0
137,DEFOM-Stereo,79544,0.08674034699618582,0.07873325852432818,0.06633004911604612,0.057564677276474296,0.0318704247794924,0.993550739213517,0.5254953233430554,1.8832344362868352,98.53414462435885,100.0
137,FoundationStereo,79544,0.08627346348905329,0.07697200845565988,0.06575031530213689,0.05712473653542405,0.029832124386054305,0.9950844815448054,0.7668711656441718,2.1044956250628584,98.83712159308055,100.0
137,S2M2,79544,0.09027535876319824,0.08219254706980622,0.06917118597042761,0.06057574802370391,0.03329923292075675,0.9942547520868953,0.9617318716685105,1.9900935331388918,98.325455094036,100.0
137,SGBM,79544,0.11089044850656463,0.13444738032540227,0.08628858303216924,0.06312324883447495,0.17702033750458715,0.9518002614904958,0.823443628683496,2.8587951322538467,93.57713969626873,100.0
137,LAS2-M,79544,0.08404381114187685,0.0766850051137727,0.06421386664095326,0.054731810111575296,0.032610003633420585,0.9937644574072212,0.3633209292969929,2.362214623353113,98.29528311374837,100.0
137,LAS2-H,79544,0.08519832349773501,0.07756144330562179,0.06525595125223363,0.055404760569464306,0.03206284677545658,0.9949084783264608,0.6952127124610279,1.907120587347883,98.40591370813637,100.0
138,RealSense D435i,80193,0.011701083223088313,0.012705379018261232,0.008693145222225376,0.0062437489561004145,0.016116878479661034,0.9999750601673463,84.89144937837467,96.78026760440439,99.99750601673463,100.0
138,UniDepthV2,80193,0.14585317070516715,0.11136693501663761,0.10624166448898942,0.0980889687186306,0.025753962844847288,0.9986532490366989,0.04115072387864277,0.10848827204369459,92.94950930879253,100.0
138,MoGe-2,80193,0.07632803313733735,0.05762477153114735,0.053051121177798644,0.050350401282445945,0.0347641096703192,0.9979175239734142,2.888032621301111,14.249373386704574,99.69947501652264,100.0
138,DA3,80193,0.0787028894360156,0.0737939858801643,0.05730612031853139,0.04309539470503454,0.09134072148480335,0.9838140486077338,9.785143341688176,24.554512239222877,96.02583766662926,100.0
138,BridgeDepth (RVC),80193,0.08625334441248218,0.08546979980439376,0.06992817061597519,0.052389815605560996,0.037228303063584704,0.9994388537652912,0.09851233898220543,2.4166697841457485,97.10448542890278,100.0
138,BridgeDepth (Mid.),80193,0.08624561611031813,0.08553655819496385,0.0699300013176378,0.05197178200580743,0.037129439360786505,0.9996009626775404,0.10848827204369459,2.107415859239585,97.20050378461961,100.0
138,DEFOM-Stereo,80193,0.08624675736353285,0.08473249050933059,0.06972400841887512,0.052050339880482466,0.03626994021952468,0.9998503610040776,0.17457882857606025,3.177334680084297,98.2442357811779,100.0
138,FoundationStereo,80193,0.08680285839100847,0.08566323444914489,0.07026705512248503,0.05133621354381157,0.03681305217287907,0.9998503610040776,0.1197111967378699,1.6161011559612435,97.1556120858429,100.0
138,S2M2,80193,0.08986641712855502,0.09065112364084596,0.0729017651945222,0.053709086830263764,0.05150273762983182,0.9948000448916988,0.12220518000324218,1.0711658124773984,96.52712830296909,100.0
138,SGBM,80193,0.09911230489317564,0.09168876511784829,0.07693399060111158,0.06268903685564564,0.05003813918883448,0.9750476974299502,0.16460289551457108,1.0237801304353247,96.5346102527652,100.0
138,LAS2-M,80193,0.08550599286609178,0.086716736123921,0.06954720400198026,0.05150550519304753,0.040500603863811754,0.9994887334305986,0.15462696245308194,5.500480091778584,95.55821580437195,100.0
138,LAS2-H,80193,0.08667174046103414,0.08757706195544053,0.07059595118473368,0.05084255667774629,0.03971098156984247,0.9994762635142718,0.11597022183981145,3.336949609068123,95.3287693439577,100.0
139,RealSense D435i,80542,0.011378574648569182,0.014164181657679175,0.008526303791820984,0.005754195536837314,0.01771866022227837,0.9991805517618138,85.49700777234239,97.99980134588165,99.91184723498299,100.0
139,UniDepthV2,80542,0.17981005574511197,0.1662364217976227,0.1407327079778629,0.13321421581992726,0.06467397125349827,0.7895880410220755,0.06952894142186686,0.3252961187951628,57.25708326090735,100.0
139,MoGe-2,80542,0.10101114144592192,0.0769108008100005,0.06882913165142458,0.064016050377664,0.05178460033350299,0.9823446152318045,1.6364132998932235,4.916689429117727,98.15499987584117,100.0
139,DA3,80542,0.07916533729824707,0.07370213061459097,0.05655526387207168,0.04274553297657141,0.09043743815644123,0.9803332422835291,8.796652678105833,22.845223610041966,96.18584092771472,100.0
139,BridgeDepth (RVC),80542,0.08504038051737292,0.0859144418598775,0.06830416428068184,0.0485954916691711,0.03860705361655972,0.9950833105708823,0.23962653025750538,1.3222914752551465,97.59504357974721,100.0
139,BridgeDepth (Mid.),80542,0.0849032470856538,0.08570475449648293,0.06818040451688971,0.04831823500456872,0.03829235122949643,0.994052792331951,0.22472747138139107,1.1906831218494698,97.83591169824439,100.0
139,DEFOM-Stereo,80542,0.0873857120126138,0.087783430736701,0.06998264802907647,0.04743917005052556,0.039338553892926884,0.9971443470487448,0.3464031188696581,1.5656427702316802,97.1989769312905,100.0
139,FoundationStereo,80542,0.08530156938534741,0.08601097359604318,0.06843354300805664,0.04759847504526726,0.038347584399375835,0.9947729135109632,0.2619751185716769,1.4241017109085943,97.7316182861116,100.0
139,S2M2,80542,0.08756794464074104,0.08809701955048815,0.07016933744944925,0.0492437182098745,0.0389587154505272,0.9947604976285664,0.27314941272876264,1.2515209455936034,97.04626157781033,100.0
139,SGBM,80542,0.10763508477341732,0.11914943786296048,0.08441995755572414,0.05925064732404933,0.14208126334736168,0.9624667875145887,0.24583447145588638,1.3806461225199276,93.2619006232773,100.0
139,LAS2-M,80542,0.08433908782080728,0.08865152017224105,0.06828730690957761,0.04509202600286977,0.04345437011559668,0.9935437411536838,0.35012788358868663,4.353008368304735,95.28941421866853,100.0
139,LAS2-H,80542,0.08487345700250948,0.08797061588818195,0.06846028665739531,0.04672961964149425,0.04176350636569202,0.9929850264458295,0.22845223610041965,2.4633110675175685,95.7550098085471,100.0
140,RealSense D435i,79227,0.013030073192789541,0.014674085686377543,0.009299896321572744,0.006702568971725498,0.019392776334875964,0.9989902432251632,80.75656026354652,96.3459426710591,99.89145114670504,100.0
140,UniDepthV2,79227,0.16911555875006307,0.1332332816642408,0.12277921522533264,0.10649339579742634,0.035691203984912864,0.9652769889052975,0.04417685889911267,0.08204273795549498,75.7595264240726,100.0
140,MoGe-2,79227,0.0670761577495176,0.06201019808693495,0.048819129074868746,0.03882621777030537,0.04965415069430467,0.9844623676271979,3.3120022214649047,11.532684564605502,98.3755537884812,100.0
140,DA3,79227,0.0782123365723973,0.08151622639948979,0.05988795474883978,0.04105405971092857,0.10113833824330877,0.958170825602383,17.765408257286026,30.527471695255404,93.82028853799841,100.0
140,BridgeDepth (RVC),79227,0.08539213984200925,0.08622758472132012,0.06864909740485116,0.04976045330700596,0.0385088168201462,0.9952036553195249,0.8557688666742398,3.9658197331717724,98.11680361492925,100.0
140,BridgeDepth (Mid.),79227,0.08544458365757199,0.08629688752925344,0.06866829410823165,0.05006806499108285,0.038367314592039514,0.9947997526095902,0.9302384288184584,4.036502707410353,98.12690118267761,100.0
140,DEFOM-Stereo,79227,0.08805777230301187,0.08958252716800273,0.07084754129126182,0.05116438445887439,0.039945826873713536,0.9949385941661303,0.807805419869489,3.681825640248905,97.21812008532444,100.0
140,FoundationStereo,79227,0.08546094147571323,0.08617139402501829,0.06874151234444054,0.05132486693014493,0.03836059880928282,0.9960367046587654,0.9807262675603013,3.8661062516566322,98.15845608189127,100.0
140,S2M2,79227,0.08886062949753547,0.09083314418668513,0.07161081292478262,0.053225152881157256,0.04100964739440552,0.9932220076489076,0.8507200828000555,3.7487220265818473,96.12127178865791,100.0
140,SGBM,79227,0.10571560378324626,0.10353506335360027,0.08128057689476965,0.06541945554048356,0.0737533278046393,0.9514938089287743,0.776250520655837,3.820667196788973,92.60226942835145,100.0
140,LAS2-M,79227,0.08610697171644839,0.08944099031289263,0.06956447411786043,0.05136353204458177,0.04241795294685114,0.9940045691494062,0.8280005553662262,4.533807919017507,95.51289333181869,100.0
140,LAS2-H,79227,0.08710361016338287,0.08993133022163799,0.07033888974373102,0.05124207856828955,0.04185321968321689,0.9939162154316079,0.8898481578249838,3.787850101606775,95.71105809888043,100.0
141,RealSense D435i,71786,0.01772952853620678,0.0356517013313601,0.011339326077845973,0.007424011738530828,0.04913342186915782,0.9947900704872816,75.5662664029198,94.79424957512606,99.47900704872816,100.0
141,UniDepthV2,71786,0.2549369977253073,0.17836718767251272,0.1627795999610565,0.14094698412258583,0.07809698294363514,0.5724514529295406,0.0,0.0,9.571504193018137,99.98606970718524
141,MoGe-2,71786,0.06322260384086315,0.08210305182914208,0.044524053978548354,0.025105073030642078,0.1081083438474756,0.9832139971582202,9.767921321706183,38.52422477920486,98.24617613462236,100.0
141,DA3,71786,0.12132400127027264,0.1340458229927452,0.07841706325049776,0.03908377701552174,0.166556124505034,0.9031148134733792,15.5030228735408,28.083470314546013,83.81160671997326,100.0
141,BridgeDepth (RVC),71786,0.07523657133763964,0.07767514021038083,0.05662076877318251,0.037707631086904836,0.044824867907912014,0.9971303596801605,1.5030785947120608,14.52650934722648,98.53731925445072,100.0
141,BridgeDepth (Mid.),71786,0.07462738388780216,0.0765871879984875,0.05624626393533217,0.03756742952501135,0.042468048586787675,0.9967821023597916,1.44457136489009,15.080935001253726,98.5219959323545,100.0
141,DEFOM-Stereo,71786,0.07804523311672029,0.0803993036755798,0.0583061240276407,0.037764492561106366,0.04738864671253404,0.9963363329897195,0.8581060373889058,10.386426322681302,97.63881536789903,100.0
141,FoundationStereo,71786,0.07571394797111623,0.07738636197709113,0.056746705884947256,0.03756244713106799,0.04404214838176688,0.9976875713927507,1.02387652188449,12.19039924219207,98.6752291533168,100.0
141,S2M2,71786,0.07749085705629292,0.07917562168046563,0.05817073845546528,0.03885994004407789,0.04371102973101698,0.9971442899729752,0.8873596522998914,9.653692920625192,97.78229738389102,100.0
141,SGBM,71786,0.08868373940078839,0.10361026841826589,0.06701486746562466,0.040047313283671004,0.1072956639764176,0.9687961440949489,2.4238709497673643,11.112194578330037,94.51285766026803,100.0
141,LAS2-M,71786,0.07765449562388153,0.08315388356281316,0.05852172470721511,0.03781793716764409,0.05168625659227906,0.9954447942495751,0.8901457108628423,16.533864541832667,95.92538935168417,100.0
141,LAS2-H,71786,0.07755455091807728,0.08243104160382202,0.05855791630693974,0.037924729544315805,0.049805923714125615,0.9963084724040899,1.1854679185356476,13.653079987741343,96.01036413785418,100.0
142,RealSense D435i,69568,0.01787252121482781,0.018205312703257523,0.011443148635950712,0.00851376879339949,0.02772110357822526,0.998864420423183,67.54111085556578,91.19997700091996,99.71682382704692,100.0
142,UniDepthV2,69568,0.26835412197171205,0.19604680924836707,0.18002340523835667,0.17492100780130942,0.08273778765183758,0.38177035418583255,0.0905588776448942,0.3291743330266789,20.198942042318308,100.0
142,MoGe-2,69568,0.04589433635694997,0.04259470272527798,0.028996195343667746,0.020958416784090994,0.05765142420593836,0.9722142364305428,29.164270929162832,55.660648574057035,96.64500919963201,100.0
142,DA3,69568,0.12575614159248846,0.10047611304561098,0.07778929836638172,0.07425977485042579,0.14001658447803006,0.8683733900643974,12.060142594296227,22.113615455381787,78.44698712051517,100.0
142,BridgeDepth (RVC),69568,0.07485789771391309,0.08072776667713533,0.05866890568501724,0.03426867794942745,0.04521250631784799,0.9961764029438822,5.426345446182153,16.030358785648573,97.54916053357866,100.0
142,BridgeDepth (Mid.),69568,0.07527709684984454,0.08116864674366071,0.059021484809234,0.034163055354588745,0.0453801085309601,0.9951270699172033,5.342973781048758,15.852115915363385,97.68715501379944,100.0
142,DEFOM-Stereo,69568,0.07990748010072973,0.08321666317820577,0.061281955273277386,0.035946047930470015,0.051429868656335705,0.9887591996320148,4.901678932842686,13.491835326586937,96.14190432382705,100.0
142,FoundationStereo,69568,0.07488307008720387,0.079623919828396,0.05836654060092241,0.03411260941233235,0.04464159554612691,0.9978582106715731,5.31709981600736,14.443422263109476,97.80790018399263,100.0
142,S2M2,69568,0.07812977649555669,0.08443966300996548,0.06115765927200042,0.035757054188867154,0.046805789468249155,0.9945233440662373,5.233728150873965,13.60539328426863,95.25931462741491,100.0
142,SGBM,69568,0.09469021766648894,0.12123548943154659,0.07416524773756997,0.04002805148727062,0.13563838906360445,0.9632733440662373,5.074172033118676,13.60539328426863,92.27374655013799,99.95687672493099
142,LAS2-M,69568,0.07714842810191426,0.08506813733037623,0.06053845917596618,0.036034770961754115,0.049674036104558894,0.9949689512419503,5.705209291628335,17.575609475620976,94.97757589696411,100.0
142,LAS2-H,69568,0.07811285702922048,0.08563276019617896,0.061377958946624504,0.03595792634579781,0.0489615497826792,0.9936321297148114,5.62614995400184,15.902426402943881,94.76914673413064,100.0
143,RealSense D435i,73303,0.017351286391236412,0.01844068623973383,0.0120256103430329,0.007508453226448664,0.026223539400780316,0.9996862338512749,67.2619128821467,91.96485819134278,99.96725918448085,100.0
143,UniDepthV2,73303,0.2952196111435424,0.20242158826361661,0.19163778709600646,0.18793540914998264,0.06069434795673842,0.3139434948092165,0.0,0.002728401293262213,5.389956754839502,100.0
143,MoGe-2,73303,0.051263338725546545,0.05020190075978674,0.033786380234183455,0.025012496970433618,0.07818619619121873,0.9539445861697339,28.138002537413204,42.779968077704865,94.84059315444115,100.0
143,DA3,73303,0.0851730982853731,0.08054419047452543,0.05496704386706176,0.04883791617389799,0.10608737247142498,0.9625254082370435,19.435766612553373,36.07492189951298,92.82976140130691,100.0
143,BridgeDepth (RVC),73303,0.08746353739344595,0.08515611295796076,0.06524928669174679,0.04200843414433253,0.04236207345072073,0.9967941284804169,0.8226129899185572,5.384499952252978,94.96609961393122,100.0
143,BridgeDepth (Mid.),73303,0.08747616197784033,0.08483605419894132,0.06516709980508963,0.04199934680819428,0.041930319276542026,0.9969578325580126,0.8035141808657217,4.675115616004802,94.85287096026084,100.0
143,DEFOM-Stereo,73303,0.08788386334868911,0.08344133063939482,0.06495727382075739,0.044602008524437964,0.04154280836591021,0.997503512816665,0.6425385045632511,6.044773065222433,95.14208149734664,100.0
143,FoundationStereo,73303,0.08837408005853097,0.08445451516667948,0.06544383167091533,0.043394774745704634,0.041009506696114216,0.9968077704868832,0.5183962457198205,3.246797538982033,94.30719070160839,100.0
143,S2M2,73303,0.09003873936723827,0.08675753724250604,0.06688587479400433,0.04489407270281509,0.04161403402929442,0.9943112833035482,0.41880959851574967,3.343655784892842,93.97568994447704,100.0
143,SGBM,73303,0.10525598680459569,0.11505623110415861,0.0787458167473482,0.04818550838456892,0.11403918505060694,0.972675061047979,1.3014474168860757,4.074867331487115,91.29639987449355,100.0
143,LAS2-M,73303,0.09036840966929371,0.08953111530660199,0.06741473575933647,0.043590475773514825,0.04719800988429941,0.9914464619456229,0.6507237084430378,3.5823908980532857,92.18449449545038,100.0
143,LAS2-H,73303,0.09036159177522443,0.08848614057607786,0.06731080675393657,0.04434986095191573,0.04533849275358162,0.9919785001978091,0.679371922022291,4.062589525667435,93.19673137525068,100.0
144,RealSense D435i,73179,0.013261936951922777,0.015616201733600609,0.00920680095179022,0.006146529168988835,0.022579557019135624,0.999535385834734,80.85106382978722,95.4836770111644,99.95217207122262,100.0
144,UniDepthV2,73179,0.23140136471289555,0.1650967278926793,0.15638463295536648,0.15463882317487876,0.056247590852262816,0.6101613850968174,0.054660490031293134,0.09292283305319832,21.959851870072015,100.0
144,MoGe-2,73179,0.05906053123483945,0.05256888697989002,0.043285404761681336,0.04038710914581278,0.03504120503551638,0.9985105016466472,11.48006941882234,27.562552098279564,99.830552480903,100.0
144,DA3,73179,0.12637034754204185,0.09616416281433005,0.07863605545852195,0.06791139675550362,0.11514664794663035,0.8890255401139672,7.726260265923283,16.107079899971303,75.28525943235081,100.0
144,BridgeDepth (RVC),73179,0.08874544933336966,0.08773803740971685,0.0690384474960367,0.0498055470347174,0.04250550849489265,0.9951625466322306,1.1765670479235846,7.137293485836101,96.72583664712555,100.0
144,BridgeDepth (Mid.),73179,0.08851410067851082,0.08757392574711757,0.06882252431998007,0.04934004703984218,0.04250550639642298,0.9952718676122931,1.1137074843875974,7.421528033998825,96.92398092348898,100.0
144,DEFOM-Stereo,73179,0.09069853200985604,0.09040100872659636,0.07055749822164238,0.04848260486495004,0.04330588203134757,0.9944656253843316,0.9333278672843303,5.046529742139138,95.20217548750325,100.0
144,FoundationStereo,73179,0.08789609203855717,0.08665593319499064,0.0682553064820309,0.0497828631935161,0.04155854290411979,0.9962284261878408,1.203897292939231,6.822995668156165,96.28445319012286,100.0
144,S2M2,73179,0.08982407331409803,0.0899393566443943,0.06995346626747538,0.049090431570702586,0.04366758133596953,0.9947525929569958,1.1096079476352505,6.0167534401945915,94.84414927779827,100.0
144,SGBM,73179,0.11454703761150324,0.1742177328241282,0.09111283033440513,0.05413449131265902,0.17280834609948587,0.9556430123396056,0.7570477869334099,4.494458792823078,90.85393350551388,99.99590046324765
144,LAS2-M,73179,0.09031358448696365,0.09056544823976483,0.07007921166784169,0.04979333526815555,0.044478857884139716,0.9935363970537996,1.1984312439361018,6.984244113748479,94.21282061793684,100.0
144,LAS2-H,73179,0.09149305597863783,0.09161022514504379,0.07116555550392187,0.04980134594074437,0.04466034445190168,0.9930717828885336,0.9196627447765069,6.0440836852102375,93.74957296492164,100.0
145,RealSense D435i,71533,0.01342726040037204,0.016250732767798752,0.00939577729834497,0.006229600542489944,0.02239322122491787,0.9992311240965708,78.01154711811333,95.58665231431647,99.9133267163407,100.0
145,UniDepthV2,71533,0.2366877501070022,0.17632604273511207,0.16433098883795333,0.16209722850545893,0.05199774403955097,0.6367271049725302,0.009785693316371465,0.025163211384955197,20.60168034333804,100.0
145,MoGe-2,71533,0.05321044044274514,0.042485988720935716,0.032363521524551055,0.03215970202955398,0.05455079152397445,0.99341562635427,30.406945046342248,40.71687193323361,99.09272643395356,100.0
145,DA3,71533,0.12550162480675728,0.11061828678328213,0.08542758100350908,0.07838928693339864,0.13465370694364312,0.9001439894873695,12.047586428641328,21.999636531391108,80.91370416451149,100.0
145,BridgeDepth (RVC),71533,0.08821339706084975,0.09321790133639278,0.07091993182684683,0.04677304672314597,0.04724650603040121,0.9924650161463939,4.465072064641494,11.612822054156823,95.82150895390939,100.0
145,BridgeDepth (Mid.),71533,0.0881989027538459,0.09368450116355168,0.07096762801286978,0.04663201521251448,0.04789815726238009,0.9933037898592258,4.551745348300784,12.007045699187788,95.63418282471028,100.0
145,DEFOM-Stereo,71533,0.09654739584209758,0.10528793910646772,0.07794392153866553,0.045551303440612756,0.05595092645870315,0.9662113989347574,2.245117638013225,8.837879020871487,88.52976947702459,100.0
145,FoundationStereo,71533,0.08810656056306186,0.09142052015899396,0.07032642223299805,0.04577605851044064,0.04520396343149053,0.9950512350942922,2.4044846434512746,10.54058965792012,95.62998895614612,100.0
145,S2M2,71533,0.09095399083156627,0.09843275045544497,0.07336714592687513,0.04666050686454237,0.050800180346613995,0.9885786979436064,4.165909440398138,11.16547607397984,93.11226986146254,100.0
145,SGBM,71533,0.10194457117369055,0.10327891678250822,0.08010060354173568,0.050736816366744986,0.054392426134719105,0.9808899389093145,1.494415165028728,5.466008695287489,92.4999650510953,100.0
145,LAS2-M,71533,0.09086913724910657,0.09819013455053421,0.07305674243723938,0.04584911275913783,0.052447727578284635,0.9858107446912614,3.02238127857073,9.416632882725455,92.84665818573245,100.0
145,LAS2-H,71533,0.09088108402927024,0.0970659548696771,0.07320974236146377,0.04564343772384549,0.050104416376706526,0.9880195154683852,3.8331958676415083,9.82902995820111,93.6882278109404,100.0
146,RealSense D435i,76209,0.01780814423478648,0.04531804374289235,0.011800858543233168,0.005639433945470618,0.05678126002564743,0.993399729690719,83.1358500964453,95.68161240798331,99.3386607880959,100.0
146,UniDepthV2,76209,0.24508124275336843,0.1730336577571477,0.16549421524917468,0.15701735313322773,0.06651664003435365,0.5302523324016848,0.00131218097600021,0.01180962878400189,26.41420304688423,100.0
146,MoGe-2,76209,0.029579475490917516,0.03833188491458755,0.023175448704469265,0.013157858706664305,0.04244856122427667,0.9975199779553596,44.384521513207105,75.33887073705205,99.66276948916794,100.0
146,DA3,76209,0.13747436920036527,0.10614677589225062,0.08844026782819445,0.08643906822976777,0.11471321124611077,0.93736960201551,6.634387014657062,14.616383891666338,72.30642050151556,100.0
146,BridgeDepth (RVC),76209,0.09152922002803321,0.09419740722450545,0.07297799429924878,0.0512986189281226,0.04919734644536898,0.9899749373433584,1.1048563817921768,4.920678660000787,96.15662192129538,100.0
146,BridgeDepth (Mid.),76209,0.09256333602210605,0.09633184563111816,0.07394049887479719,0.05149740574087114,0.05030899756110656,0.9870487737668779,1.0339986090881654,4.305265782256689,95.55433085331128,100.0
146,DEFOM-Stereo,76209,0.0932628044993457,0.09462377024916892,0.07402023137211927,0.05001370442887876,0.04903561542281851,0.9962077969793594,1.051056961776168,3.8420658977286144,95.79183560996732,100.0
146,FoundationStereo,76209,0.09096473658710796,0.09292532893093591,0.07234362540979675,0.0504519231454712,0.049061006899383704,0.9953811229644792,0.9906966368801584,4.701544437008752,96.65262633022347,100.0
146,S2M2,76209,0.09413427474211852,0.0969163152488716,0.07493867071669005,0.05085946270489705,0.05155587730465266,0.993334120641919,0.9697017412641552,3.8656851552966187,95.03339500583921,100.0
146,SGBM,76209,0.11283719336222817,0.11454569339801088,0.08700338655715825,0.060992232158180726,0.0957977050943689,0.9514361820782322,0.6232859636000997,2.9222270335524674,90.72944140455851,100.0
146,LAS2-M,76209,0.09305090506310237,0.0977965520107442,0.07440932820963643,0.0510488649589973,0.05474981025126803,0.9944625962812791,1.518193389232243,5.6003884055688955,93.1044889711189,100.0
146,LAS2-H,76209,0.09510399938179034,0.09878408772723138,0.07599290248099663,0.052534839988217286,0.05281945393410465,0.9860777598446377,1.0799249432481728,3.7475888674566,93.82225196499101,100.0
147,RealSense D435i,74085,0.011910041383673636,0.013424937265684674,0.008098637493080794,0.005261716341303124,0.019081474745028502,0.999797529864345,84.19923061348452,95.84801241816831,99.97705338462578,100.0
147,UniDepthV2,74085,0.3242690864522903,0.21755362977832324,0.21128920602458603,0.2006573966402354,0.06389606564942411,0.23709252885199433,0.0013498009043666059,0.014847809948032666,3.466288722413444,100.0
147,MoGe-2,74085,0.027524988110539345,0.03200937362372331,0.020709339426722078,0.012603802782444218,0.038072018360952135,0.9986906931227644,45.284470540595265,76.78747384760747,99.8623203077546,100.0
147,DA3,74085,0.10311220552889441,0.0851456313590835,0.06639354605850281,0.05985532955489903,0.10706709021395368,0.9594384828237835,9.18269555240602,19.41688600931363,93.46831342376998,100.0
147,BridgeDepth (RVC),74085,0.08842071263852182,0.08853080635426143,0.06832021618775937,0.04668425068160598,0.0422103580796066,0.9949787406357562,0.81527974623743,5.374907201187825,95.88175744077748,100.0
147,BridgeDepth (Mid.),74085,0.0886048110280175,0.0893734766622703,0.06854334750715733,0.0464846450044919,0.04296903521656322,0.9951137207261929,0.7086454747924681,5.199433083620166,95.84531281635958,100.0
147,DEFOM-Stereo,74085,0.08760653172535361,0.0853796456066076,0.06680016473736247,0.047319554236799455,0.039533108213005465,0.9965985017209962,1.0325976918404536,4.193831409867045,96.23810487953027,100.0
147,FoundationStereo,74085,0.08810049893777601,0.0871834528978336,0.06781314562492893,0.0459228376954689,0.04053854347529463,0.9959505972869002,0.5183235472767767,4.421947762705001,96.35688735911452,100.0
147,S2M2,74085,0.08998987908226956,0.09165314137998426,0.0697683505592817,0.045946504667657706,0.04392709085537562,0.9948437605453195,0.5534183707903084,4.616319092933793,94.36728082607814,100.0
147,SGBM,74085,0.10376467382371396,0.11153433121174958,0.07938714068587634,0.05015271411859179,0.10210942794978334,0.9755686036309644,0.5858135924951069,2.9479651751366673,93.19700344199231,100.0
147,LAS2-M,74085,0.09104218630508679,0.092697648489207,0.07060999853745933,0.04885490051718899,0.04621262617302975,0.9950192346628872,1.3039076736181412,7.13504758048188,93.94479314301141,100.0
147,LAS2-H,74085,0.09008195651614914,0.09145719259357946,0.06979493584798768,0.04801261057602102,0.04459952672382556,0.9935209556590403,0.9124654113518257,5.0658027940878725,94.25794695282445,100.0
148,RealSense D435i,80621,0.013483624999012997,0.017606150366900396,0.008907014361911826,0.005686473474781906,0.024374118707617604,0.9990077027077312,78.42001463638506,95.58923853586535,99.76805050793217,100.0
148,UniDepthV2,80621,0.2349533305988578,0.1503698482243247,0.14481862278993227,0.14408578159356766,0.07094131527491324,0.50950744843155,0.004961486461343818,0.014884459384031457,33.25684375038762,100.0
148,MoGe-2,80621,0.03469626290947563,0.03280113055559244,0.023682045160665428,0.01851344885311834,0.03854512751020914,0.998548765210057,30.039319780206146,61.23714664913608,99.76805050793217,100.0
148,DA3,80621,0.14154508150865375,0.11124246027452514,0.08808509824787637,0.07955041284069031,0.1519191272625607,0.8771784026494338,6.658314831123405,14.259312089902135,78.28109301546743,100.0
148,BridgeDepth (RVC),80621,0.08140879113602359,0.08585076029012405,0.06345689579799327,0.04339080204752366,0.04661494881714403,0.9949144763771226,7.493084928244502,15.832103298148127,96.15980947891988,100.0
148,BridgeDepth (Mid.),80621,0.08079810769854101,0.08613455759751645,0.06326985592244691,0.042993705880658095,0.04699764819937015,0.9952989915778767,7.256173949715334,18.04368588829213,95.82614951439452,100.0
148,DEFOM-Stereo,80621,0.08490386185855484,0.0877414871294096,0.06578668195494568,0.043732350919541085,0.04616472134179134,0.9963160963024522,5.6114411877798585,13.916969524069412,96.23423177584004,100.0
148,FoundationStereo,80621,0.0814716242386483,0.08464757651837629,0.06331364720533873,0.0418315450608836,0.0451628853774517,0.996204462857072,6.68436263504546,14.852209722032722,96.61874697659418,100.0
148,S2M2,80621,0.08289642208229725,0.08763679905893862,0.06467348951531805,0.04251253732710358,0.04693857385691612,0.9946788057702087,6.266357400677243,15.040746207563785,95.29030897656938,100.0
148,SGBM,80621,0.10180762394764631,0.25258818783612996,0.07809656243197097,0.046206749200235264,0.13901509567381043,0.9799804021284777,6.7364582428895705,13.242207365326653,94.72718026320686,99.96526959477059
148,LAS2-M,80621,0.08193879576883417,0.0876837320718318,0.06378475461553368,0.043678217436252,0.04958790613281248,0.9944307314471416,5.329876831098597,16.296002282283773,94.35754952183675,100.0
148,LAS2-H,80621,0.08273387301632724,0.087199680985275,0.06432687834123452,0.04466955174858611,0.04744961589131097,0.9939841976656206,7.272298780714702,14.84600786395604,94.60066235844259,100.0
149,RealSense D435i,76582,0.011421078636009387,0.013595321095897518,0.008043873725900907,0.0049183670707611815,0.019048566225187028,0.999582147240866,85.08918544827766,96.65064897756653,99.90337154945026,100.0
149,UniDepthV2,76582,0.22337329142569134,0.14670819590788978,0.14214328511355637,0.13823082518658902,0.058488111297601994,0.6188138204800083,0.0,0.04570264553028127,36.66135645451934,100.0
149,MoGe-2,76582,0.035398889015917104,0.029900708541243562,0.023028598399777632,0.020792041388379978,0.0434796657388193,0.9982371836724034,29.27058577733671,60.14990467733933,99.75581729388107,100.0
149,DA3,76582,0.12825404579061536,0.10179987300292584,0.08205245078554572,0.07546049496360369,0.14573428875822356,0.907236687472252,7.063017419236896,13.766942623593012,83.5144028622914,100.0
149,BridgeDepth (RVC),76582,0.08710677046305369,0.09213021892182285,0.06888784280215349,0.04344078833385506,0.045850132829213734,0.9913556710454153,0.9858713535817817,8.367501501658353,94.61753414640516,100.0
149,BridgeDepth (Mid.),76582,0.08752611624367347,0.09308703182363831,0.06930779666847135,0.04256068167589472,0.04638985849014536,0.9886918597059361,0.8565981562247003,8.064558251286202,94.52743464521689,100.0
149,DEFOM-Stereo,76582,0.09066648799823529,0.09724669537134648,0.07172453347512295,0.04233344576336806,0.0483659283772724,0.9858452377843357,0.6659528348698127,7.013397404089734,91.88190436394976,100.0
149,FoundationStereo,76582,0.0883824357816059,0.09178131769654582,0.0695319129016386,0.04219417976473466,0.04473397359735525,0.9941370034734011,0.5432085868742001,6.658222558825834,94.7154683868272,100.0
149,S2M2,76582,0.09118504452515745,0.0979349705396498,0.07242039435435749,0.04330694347136749,0.04873430935945801,0.9882087174531874,0.5862996526598939,7.384241727821158,90.97568619257788,100.0
149,SGBM,76582,0.10282780081665328,0.12967289160016554,0.08267046452138292,0.044804859386976315,0.14138329627748636,0.9676686427620067,1.3462693583348566,5.970071296127028,91.46013423519888,100.0
149,LAS2-M,76582,0.08674590251763935,0.09366065716739333,0.0686228059477274,0.0430940453737747,0.050408667219884386,0.988926901882949,1.3240709305058629,10.629129560471128,93.36397586900316,100.0
149,LAS2-H,76582,0.08912595092410915,0.09535803829047264,0.07059072039160415,0.042889567673441376,0.048336170386742684,0.98977566529994,0.7051265310386252,7.761615000914053,92.5818077354992,100.0
150,RealSense D435i,78175,0.013350157978697633,0.014342229626581349,0.009460501560270295,0.005954752810185315,0.0196209190899711,0.9999744163735209,77.44035817077071,93.79341221618165,99.98081228014071,100.0
150,UniDepthV2,78175,0.2505555380572275,0.16540477819399663,0.1609896876459602,0.15589354669864575,0.05379699280733953,0.4690374160537256,0.0,0.0012791813239526704,22.838503357850975,100.0
150,MoGe-2,78175,0.02945648176053743,0.03301817455921016,0.02141899284159207,0.015027085045156152,0.041003450443262084,0.9966357531180045,39.983370642788614,73.72305724336424,99.6085705148705,100.0
150,DA3,78175,0.13377332676345244,0.09646897916324301,0.08332489948295224,0.07880762299069455,0.13778522285496922,0.9042276942756636,6.418931883594499,12.544931244003838,78.9433962264151,100.0
150,BridgeDepth (RVC),78175,0.08862643084150143,0.09300074808112198,0.0697001720513504,0.04265182709477788,0.04633975423742497,0.993054045410937,1.5235049568276304,9.467220978573712,93.99040614007036,100.0
150,BridgeDepth (Mid.),78175,0.08807700387435746,0.09388739261713243,0.06965690858757997,0.04159984755498214,0.047666908416184386,0.9925167892548769,1.6821234409977615,10.916533418612088,93.78573712823793,100.0
150,DEFOM-Stereo,78175,0.09100165664172291,0.09414267959009859,0.07106760618992704,0.04468764883612841,0.046472815001740456,0.9943588103613688,1.1346338343460185,8.029421170450911,93.323952670291,100.0
150,FoundationStereo,78175,0.08962038673675857,0.09307363270342277,0.07033240411050336,0.04352489570037288,0.045232864272858365,0.9939110968979853,1.1691717300927407,7.15701950751519,93.9673808762392,100.0
150,S2M2,78175,0.09047742456340452,0.0951828594686894,0.07124374488462736,0.04393606121233362,0.04720543334731582,0.9925423728813559,1.1128877518388232,9.056603773584905,92.77774224496322,100.0
150,SGBM,78175,0.09833258377419958,0.10719963668001414,0.07760604622604662,0.04480440733087043,0.07770945683289357,0.9839846498241126,1.5976974736168854,8.672849376399103,91.03038055644387,100.0
150,LAS2-M,78175,0.08834493180718968,0.09401217467331938,0.0694032171205892,0.04545332432776161,0.04916681639025913,0.9932075471698113,2.4764950431723696,10.906299968020466,93.18963863127598,100.0
150,LAS2-H,78175,0.08971430057531658,0.0943212967909852,0.0704563275386534,0.04659142435673602,0.04758326667817886,0.9927854173329069,1.3393028461784457,9.387911736488647,93.07962903741605,100.0
151,RealSense D435i,73048,0.013900351312683986,0.015590334206621172,0.009390821134388572,0.006953789509770325,0.02198488229072863,0.9989732778447048,75.90625342240719,95.74252546270945,99.88774504435439,100.0
151,UniDepthV2,73048,0.259511454278864,0.18047298944651913,0.17146264490319832,0.16334505744158312,0.05631408028511367,0.4523190231080933,0.0013689628737268646,0.04654473770671339,15.41725988391195,100.0
151,MoGe-2,73048,0.029622401406452847,0.03284604398552439,0.02147863271201845,0.014396954911149173,0.042650076065818145,0.9971799364801227,39.00175227247837,74.65775928156827,99.67144891030554,100.0
151,DA3,73048,0.12076139649432245,0.10416358646770799,0.07876277510750519,0.06560239936577261,0.13322058260239053,0.9266646588544518,6.633994086080386,13.55683933851714,87.73683057715475,100.0
151,BridgeDepth (RVC),73048,0.089750909024436,0.09202853363289534,0.06951287161297785,0.04453272440100198,0.0468944534231876,0.9914987405541562,2.291643850618771,9.052951483955756,94.67884130982368,100.0
151,BridgeDepth (Mid.),73048,0.08990027797581025,0.0924483937739443,0.06962958237949776,0.04410486861863783,0.046873511274480736,0.9909922242908772,1.9247618004599714,8.625835067352973,94.61176212901105,100.0
151,DEFOM-Stereo,73048,0.09287172051218029,0.09384088703511084,0.07140450497231575,0.04538009202860599,0.0468260624665963,0.9927581863979849,1.909703208848976,8.153542875917205,93.74931551856314,100.0
151,FoundationStereo,73048,0.08988226232050366,0.09082450204570898,0.06938702445228982,0.044032175971340126,0.04502560613626171,0.9943324937027708,1.6496002628408717,9.054320446829482,94.86365129777681,100.0
151,S2M2,73048,0.09296212217453878,0.09479834241580734,0.07185687088820975,0.045188122881803794,0.04716495898842074,0.9910196035483517,1.1690942941627422,7.3787098893878,92.91561712846348,100.0
151,SGBM,73048,0.10225831120784454,0.09871066279218864,0.07684086506104237,0.049531744015873846,0.058941266090430953,0.9826415507611433,1.3196802102726974,5.419724017084657,91.60004380681195,100.0
151,LAS2-M,73048,0.09257115701009859,0.09456927712184476,0.07123759007440188,0.047813486162954666,0.0489932566558996,0.9894042273573541,2.5175227247837038,7.929032964626,93.11137881940643,100.0
151,LAS2-H,73048,0.09173785637185967,0.0936799618894977,0.07061578062744779,0.046696451974856834,0.04766173918336297,0.9919778775599606,1.7618552184864749,8.197349687876464,92.75681743511116,100.0
152,RealSense D435i,74084,0.014256259509756137,0.01522244907879547,0.00977581067280099,0.006531194249378425,0.021795845659551602,0.9995950542627288,76.85330165757789,94.0661951298526,99.95410614977594,100.0
152,UniDepthV2,74084,0.18680705728611482,0.13827297331040292,0.12965472590227678,0.12557230356645066,0.047363940449277685,0.9317936396522866,0.03779493547864586,0.34555369580476214,48.36401922142433,100.0
152,MoGe-2,74084,0.0391571404897152,0.04239739347204944,0.028934894274457456,0.021385509128071634,0.048786510374026995,0.9935748609686302,36.34927919658766,58.213649370984285,99.33318935262675,100.0
152,DA3,74084,0.1103753297472513,0.1321048616162809,0.09118509035942574,0.045654014106811136,0.1359491827424164,0.8277495815560715,11.532854597483936,22.452891312564116,79.41255871713192,100.0
152,BridgeDepth (RVC),74084,0.09379409273133212,0.0999302905731152,0.07600590222391286,0.045843920354172785,0.049457774069130475,0.9933048971437828,2.1867069812645106,8.278440688947681,92.78116732357864,100.0
152,BridgeDepth (Mid.),74084,0.09412159099722563,0.10071712207637362,0.07634911626682285,0.04560971286096249,0.05013350973471501,0.9928729550240267,2.131364397170779,8.178554073754118,92.31952918308947,100.0
152,DEFOM-Stereo,74084,0.09778382515382962,0.10322318868411313,0.07920788771408223,0.04580625656469489,0.050347188555450874,0.9960720263484693,1.6643269801846554,8.13131040440581,91.00210571783381,100.0
152,FoundationStereo,74084,0.09428328981217801,0.09939398213161887,0.07616405650949476,0.04572494400180249,0.048128300106551385,0.9942767669132336,1.8425031045839857,8.128610766157335,93.03088386156256,100.0
152,S2M2,74084,0.09677492719005032,0.10379448299043102,0.07849741351908852,0.046732563306755626,0.051059516223755645,0.9892149451973435,1.5887371092273634,7.727714486258841,90.56746395982938,100.0
152,SGBM,74084,0.11726608148099955,0.14774547657811363,0.09533497890561035,0.04893741502367177,0.19017040817994224,0.9530397926677825,1.421359537821932,4.864748123751418,89.15960261324982,100.0
152,LAS2-M,74084,0.09464280623128118,0.09890154999466909,0.07578706175545213,0.049689073284174545,0.04943267173822818,0.9946682144592625,0.9907672371902164,7.081151125749149,92.33977646995302,100.0
152,LAS2-H,74084,0.09493777096345318,0.10121192212689062,0.07671062575924427,0.04638862189287285,0.05045086072145013,0.9927109767291183,1.640030235948383,8.247394849090222,90.78343501970735,100.0
153,RealSense D435i,75432,0.013807418105167868,0.018096441090504945,0.009755881211919894,0.005950919521801268,0.023268313730245915,0.9986610457100434,78.75570049846219,94.35783221974758,99.85019620320288,100.0
153,UniDepthV2,75432,0.17087035856934385,0.12327072378569941,0.11546849422071984,0.11220248552836043,0.05026875094618639,0.9494511613108495,0.06363347120585428,0.33142432919715775,61.37050588609608,100.0
153,MoGe-2,75432,0.048387387696730455,0.05235599497482759,0.03589581837918988,0.028309225095435375,0.05358742124221352,0.987989182309895,23.948722027786616,48.21693710891929,98.70214232686394,100.0
153,DA3,75432,0.12600111943730416,0.14005301417290417,0.10252743328434365,0.06224621151931736,0.1295428743847362,0.756416375013257,15.90836780146357,24.243026832113692,73.78566125782162,100.0
153,BridgeDepth (RVC),75432,0.09012714567792876,0.09343753476951171,0.07138111443051622,0.044363715068388154,0.04686485635615686,0.9945778979743345,1.3283487114222081,8.332007636016545,93.77982818962775,100.0
153,BridgeDepth (Mid.),75432,0.0899351421067538,0.0932066958775874,0.07121325034588172,0.044189184688228744,0.04664887767126306,0.9945248700816629,1.2289214126630608,8.252465797009227,94.31540990561035,100.0
153,DEFOM-Stereo,75432,0.09278357562179998,0.09494335966315108,0.07310505509880319,0.04448466793385991,0.0470322227178422,0.9965664439495174,0.851097677378301,7.350991621592957,93.19652137024075,100.0
153,FoundationStereo,75432,0.09046285250652682,0.09277254426183548,0.07140497419350217,0.04444360530374014,0.04578583591138793,0.9970039240640577,1.174567822674727,8.70585427935094,93.81164492523068,100.0
153,S2M2,75432,0.09444863856220893,0.09923072194616508,0.07508061316563806,0.04459342164408392,0.05002338458572781,0.9895004772510341,0.7384134054512673,7.5604517976455625,90.51463569837735,100.0
153,SGBM,75432,0.10150109730373409,0.103188935421246,0.07855242553340193,0.04851719491279849,0.07823036800513554,0.9835746102449888,1.3058118570368014,4.769858945805494,91.68787782373529,100.0
153,LAS2-M,75432,0.09207130516654909,0.09527435457866429,0.072542042227224,0.04752236301579721,0.050988263675381354,0.9949358362498675,0.8192809417753738,8.727065436419556,92.48992470039241,100.0
153,LAS2-H,75432,0.09079444725566493,0.09432121691216996,0.07174884128705265,0.04556856733612369,0.048358382185809436,0.9954263442570792,1.126842719270336,8.948456888323259,92.22213384240109,100.0
154,RealSense D435i,75593,0.014797707054189237,0.019369680927632586,0.010213494997966532,0.005737296420520455,0.0272447403163746,0.998346407736166,77.00316166840845,93.17793975632665,99.65472993531147,100.0
154,UniDepthV2,75593,0.17173681981806607,0.11888617340633058,0.11100075327866567,0.10841778376838374,0.06070206937535266,0.9173203868083023,0.09921553583003717,0.6482081674229095,59.72907544349344,100.0
154,MoGe-2,75593,0.030546504368987353,0.03903254730090621,0.021804177777284037,0.013294351516041747,0.05274080396368,0.9946688185413993,43.88237006071991,75.02546532086303,99.4033839112087,100.0
154,DA3,75593,0.12912018790706267,0.12931398389270451,0.09663063163237778,0.05897804907272597,0.1600504922336469,0.7831677536279814,6.1116770071302895,16.296482478536372,75.04133980659586,100.0
154,BridgeDepth (RVC),75593,0.09110095989185818,0.0954617722249529,0.07108812039299943,0.043985183450239496,0.04858449784178712,0.9826968105512415,0.6349794293122379,4.966068286746127,93.04036087997567,100.0
154,BridgeDepth (Mid.),75593,0.09070529996768645,0.0952902463236953,0.07077821157868937,0.04320588982679596,0.049031407289261406,0.9822205759792574,0.6349794293122379,5.059992327331895,93.97298691677801,100.0
154,DEFOM-Stereo,75593,0.09350347285827433,0.09665623880244713,0.07245000136888975,0.04422463978519886,0.04921223673233126,0.9835831360046565,0.8889712010371331,5.116875901207784,92.79959784636144,100.0
154,FoundationStereo,75593,0.09037219947240269,0.09259944202542653,0.06994186511714805,0.04363530001266658,0.048683061362454254,0.9915336076091702,0.8148902676173719,5.396002275342955,94.21374995039223,100.0
154,S2M2,75593,0.09304796109326915,0.09752893441547182,0.07245961275765582,0.04460944862946681,0.05173380903590013,0.9828026404561269,0.8029844033177675,5.876205468760335,92.20430463138122,100.0
154,SGBM,75593,0.10104954548319645,0.10126602509711392,0.07740829876485797,0.04854788466116533,0.06052722160042869,0.9777492624978503,1.001415474977842,4.618152474435464,91.56932520206897,100.0
154,LAS2-M,75593,0.08930370782119118,0.09144725456386618,0.06895643897180224,0.04872986040439453,0.0495098577440018,0.993716349397431,1.711798711520908,7.529797732594287,94.00076726681041,100.0
154,LAS2-H,75593,0.08965862894051273,0.09422847719131969,0.06989113360759962,0.04547362974128277,0.050248191813539754,0.9865728308176683,1.702538594843438,7.355178389533422,92.76123450584049,100.0
155,RealSense D435i,79351,0.013224029077448617,0.014538269790256566,0.008882641778200936,0.005608969563717592,0.02251145328122127,0.9993446837468967,80.53962772995929,94.93894216834067,99.76433819359555,100.0
155,UniDepthV2,79351,0.17991863991684157,0.12899788893218048,0.12157751775815426,0.11434030544636209,0.05103415176709639,0.9109904096986805,0.05292938967372812,0.417133999571524,52.968456604201585,100.0
155,MoGe-2,79351,0.028353027538530775,0.02755761453494677,0.01961972204804968,0.014800158204526181,0.03525342906514113,0.998954014442162,40.09527290141271,75.27189323385969,99.85255384305177,100.0
155,DA3,79351,0.11596895682457799,0.11501793047995579,0.08810229134152008,0.060280096774181446,0.14128545292216876,0.8616274527101108,10.143539463900895,20.7331980693375,80.36697710173785,100.0
155,BridgeDepth (RVC),79351,0.09639182012562998,0.09634631086885359,0.07554620943233711,0.056864602668993625,0.04413161400753217,0.9902836763241799,0.43225668233544634,2.0579450794570957,93.63839145064334,100.0
155,BridgeDepth (Mid.),79351,0.09621081997159059,0.09679778661921909,0.07549437442643156,0.05687678117439332,0.04460420287561719,0.9891872818237956,0.40579198749858225,2.2066514599689984,93.65099368627995,100.0
155,DEFOM-Stereo,79351,0.100266222918741,0.0991515490968693,0.07820631562860207,0.05805606621309911,0.04430991803901063,0.9856082469030006,0.5192121082279997,2.4070270065909694,94.18028758301723,100.0
155,FoundationStereo,79351,0.09588865084622178,0.09501740577958942,0.07498963757423949,0.058137067025354816,0.042933526606343045,0.9912666507038349,0.5141712139733589,2.863227936635959,94.30000882156494,100.0
155,S2M2,79351,0.09918941744019372,0.09956558123605018,0.077858747971318,0.06014664781731083,0.04550012081819296,0.9871205151793928,0.5343347909919219,2.5204471273203866,92.81798591070056,100.0
155,SGBM,79351,0.10556875020620445,0.10652309149526436,0.08214535708810189,0.06376689996213103,0.07515732191613496,0.9835666847298711,0.5721414979017279,2.482640420410581,93.15698604932516,100.0
155,LAS2-M,79351,0.09374289729666503,0.09322543383565753,0.07327541581542167,0.05760549625427136,0.04380121326366198,0.9932704061700546,1.2438406573326108,4.965280840821162,94.56465576993358,100.0
155,LAS2-H,79351,0.09611507931909542,0.09613701969429213,0.0754048610799334,0.059520931880881145,0.04500780683920116,0.9907751635140074,1.2362793159506498,4.081864122695366,93.98621315421356,100.0
156,RealSense D435i,69999,0.01625727210748344,0.01679687509060379,0.0111881304258651,0.007542969853981729,0.02384094060651859,0.9997428534693352,70.76815383076901,92.97989971285304,99.97428534693353,100.0
156,UniDepthV2,69999,0.15135687451384316,0.0998196705729912,0.0937426258911515,0.09316287702410186,0.06437626235975367,0.8694267060958014,0.6157230817583108,2.594322776039658,70.33386191231304,100.0
156,MoGe-2,69999,0.10558751111769905,0.0856196654019134,0.07402844537520357,0.07036514084385026,0.056136856995214646,0.9572708181545451,1.1471592451320733,4.695781368305261,94.54277918255976,100.0
156,DA3,69999,0.12079660873390324,0.11675290560651565,0.08987671107744533,0.06163762275350426,0.13374223307544497,0.8402120030286147,5.6543664909498705,12.764468063829485,79.44684924070344,100.0
156,BridgeDepth (RVC),69999,0.09695394855483278,0.09784109109934401,0.07508953567484355,0.049212178003684603,0.04734398019304299,0.9871283875483935,1.3314475921084585,5.164359490849869,92.30417577393962,100.0
156,BridgeDepth (Mid.),69999,0.09704815491873782,0.09816637015401243,0.07520098462040312,0.049218201636186176,0.04743402950708849,0.9857712253032186,1.0600151430734723,4.811497307104387,92.3741767739539,100.0
156,DEFOM-Stereo,69999,0.10037406219546727,0.1009396505770664,0.07757782010715432,0.05015129135910712,0.04779899563574346,0.9852569322418891,1.1828740410577294,4.2514893069901,91.68845269218131,100.0
156,FoundationStereo,69999,0.09638365149941606,0.09791276963617093,0.07485098695459638,0.048058505734576484,0.04745520153577773,0.9895998514264489,1.4243060615151646,6.0615151645023495,91.54987928398978,100.0
156,S2M2,69999,0.10031449239522988,0.1024149543446998,0.07789148406702436,0.04988780848899943,0.049707065815405224,0.9811711595879942,1.0428720410291576,4.9586422663180905,91.20987442677753,100.0
156,SGBM,69999,0.11195731722844432,0.11254171755018585,0.0857526449097421,0.05558191744986618,0.07451048577223965,0.9705281504021486,0.8585836940527721,3.5986228374691063,87.22553179331133,100.0
156,LAS2-M,69999,0.09948319536122573,0.09949763170601245,0.07653913932544308,0.0492705866024179,0.04860515621872992,0.9884284061200874,1.4885926941813454,4.99292847040672,91.30130430434721,100.0
156,LAS2-H,69999,0.09705551463921762,0.09950106747856427,0.07553987244226158,0.0488139435208399,0.04951804240663886,0.9861569450992157,1.7514535921941743,6.664380919727425,91.3827340390577,100.0
157,RealSense D435i,70212,0.014914590988643246,0.016239544164292907,0.01048149284284188,0.00665764016009851,0.02261344471039353,0.9997293909872956,72.5901555289694,92.98410528114852,99.97293909872957,100.0
157,UniDepthV2,70212,0.17037150193220676,0.11235194788301789,0.10649862049182035,0.10725742527413423,0.06751889972599993,0.7930125904403805,0.27203327066598304,1.1479519170512165,61.53364097305304,100.0
157,MoGe-2,70212,0.11469517903624132,0.0919504646726883,0.08097190269039316,0.07579217854008607,0.05228225654224773,0.9681393493989632,0.803281490343531,2.2446305474847605,95.56343644960975,100.0
157,DA3,70212,0.12776602430673167,0.13360742780942853,0.09993570416582968,0.07123845683689728,0.13483459844361845,0.77415541502877,7.528627585028199,17.472796672933402,73.11285820087734,100.0
157,BridgeDepth (RVC),70212,0.09601968863598956,0.10022649547747536,0.07570769540992846,0.046500637902116226,0.049884496099933374,0.9873668318805903,2.0238705634364496,7.317837406711103,91.79484988321084,100.0
157,BridgeDepth (Mid.),70212,0.09629085036863164,0.10093657129115423,0.07604240608067057,0.04702960387901456,0.05039597873844204,0.9855437816897397,2.0452344328604797,8.192331795134734,91.50857403292885,100.0
157,DEFOM-Stereo,70212,0.09751412271245612,0.10002463041784804,0.07642659971546113,0.04751525371539461,0.04877954223771419,0.9915256651284681,1.9925368882812056,6.779467897225546,91.24366205207087,100.0
157,FoundationStereo,70212,0.09510159474699716,0.0988402858742097,0.07508764337844154,0.046055258495619034,0.049272082885726785,0.9920668831538768,2.15917506978864,8.582578476613683,91.20378282914602,100.0
157,S2M2,70212,0.09744972656105688,0.10296871516443462,0.07715087455470497,0.045668150015205744,0.05183089329367376,0.982196775479975,1.9854155984731954,8.210847148635562,91.02859909986897,100.0
157,SGBM,70212,0.11281975574121832,0.14639864649167314,0.08949094279017981,0.04916985011933889,0.11867588940089366,0.9611462428074973,1.768928388309691,4.835355779638808,88.29544807155472,99.97578761465277
157,LAS2-M,70212,0.09526965222768843,0.09732973616093583,0.07436520602850391,0.047023971484136506,0.048390124691155605,0.9925226457015894,1.4399247991796273,6.641314874950151,92.56394918247594,100.0
157,LAS2-H,70212,0.09330924336074066,0.09878655483888218,0.07393336249786536,0.04487854808263708,0.05061065914125315,0.9895459465618412,2.8413946333960007,9.313222810915512,91.47581609981201,100.0
158,RealSense D435i,72453,0.014263940509607744,0.01705562335445485,0.01028983933631088,0.0063139612182017135,0.024109331522378333,0.9995031261645481,76.49510717292588,94.12032628048527,99.94893241135632,100.0
158,UniDepthV2,72453,0.20106583060052632,0.13372245153008266,0.12860714477771903,0.13243440748629087,0.06896111522703761,0.6438794804908009,0.08005189571170276,0.3422908644224532,49.866810207996906,100.0
158,MoGe-2,72453,0.07277232775873402,0.060791120700620406,0.050992215808150804,0.043237567317970904,0.04383330834950122,0.9948656370336632,2.687259326735953,18.00753591983769,99.16911653071647,100.0
158,DA3,72453,0.09978662902823388,0.09181701933822158,0.07190725785369596,0.05614829845650349,0.12254658120316422,0.9387188936275931,8.495162381129836,20.304197203704472,90.88098491435828,100.0
158,BridgeDepth (RVC),72453,0.09260327251742925,0.09313323076023143,0.07288839853919375,0.04982378721119585,0.04527483570710009,0.9969359446813797,2.0716878528149283,5.375898858570383,92.7856679502574,100.0
158,BridgeDepth (Mid.),72453,0.09277687268452858,0.09341403338212183,0.07300647166787108,0.049799250787940785,0.045569213771670704,0.9961630298262322,1.8991622155052241,5.44214870329731,92.90022497343105,100.0
158,DEFOM-Stereo,72453,0.0930121926722356,0.09291033024551595,0.07294732109385467,0.04845919127538856,0.0450182911219731,0.9962182380301713,2.0206202641712556,5.591210853932894,93.70350434074504,100.0
158,FoundationStereo,72453,0.09369377503907524,0.09495280352715332,0.07400240138969742,0.048871058307869863,0.046404826434915086,0.9963700605910039,1.895021600209791,6.0701420231046335,92.46269995721364,100.0
158,S2M2,72453,0.09410647188097626,0.0962373271730626,0.0742999134230817,0.04950300929196594,0.04713708456693991,0.990932052503002,1.8605164727478505,5.188190965177426,92.0941851959201,100.0
158,SGBM,72453,0.1116289339555089,0.10889301032975943,0.08534707463128173,0.0544093718030908,0.06564219571831344,0.951927456420024,1.330517714932439,3.4546533614895174,87.48844078230024,100.0
158,LAS2-M,72453,0.09135710703251065,0.09273650069474038,0.07188730894448896,0.04751569532637734,0.04678938157998483,0.9966599036616841,1.872938318634149,5.97904848660511,93.08103184133162,100.0
158,LAS2-H,72453,0.09157842530350004,0.09300145919264495,0.07226749955353491,0.04833529446485063,0.04655385747883052,0.9965632893047907,1.990255752004748,6.085324279187887,93.07965163623314,100.0
159,RealSense D435i,75261,0.019062399242104993,0.029296105797451365,0.01368889643550709,0.007999016200202602,0.04218119235328514,0.9965586425904519,62.86124287479571,88.99828596484235,99.65054942134705,100.0
159,UniDepthV2,75261,0.14688080900942307,0.10063028477101522,0.09164911583997676,0.09049247739775768,0.0605188089635555,0.9873772604669085,0.07042159950040526,0.5567292488805623,84.67466549740237,100.0
159,MoGe-2,75261,0.06908786063329041,0.06316130237937634,0.0406854361052712,0.030187118518985256,0.08788985005809173,0.9834708547587728,15.148616149134345,29.05887511460119,98.20491356745194,100.0
159,DA3,75261,0.11885053353682354,0.09953026657712348,0.07421990366301814,0.06433729539923128,0.14300702261049916,0.9454299039343086,4.435232059100995,14.36733500750721,90.85183561207,100.0
159,BridgeDepth (RVC),75261,0.09621994109951851,0.09415390532053154,0.06992340726024654,0.04345194309860445,0.05662323867758962,0.9905661630857948,1.003175615524641,8.502411607605532,92.2602676020781,100.0
159,BridgeDepth (Mid.),75261,0.09771598101222921,0.09619616052907107,0.07094658144614997,0.04397211429663883,0.05930647755864637,0.9879353184252135,1.154648489921739,7.8194549633940555,91.57066741074395,100.0
159,DEFOM-Stereo,75261,0.0968386218749776,0.09316622955579017,0.07045660721132208,0.0442008631832852,0.04980990360485748,0.9859821155711458,0.6510676180226147,5.645686344853244,92.09816505228471,100.0
159,FoundationStereo,75261,0.09635497316271777,0.09364465346930825,0.07026288178957003,0.04394884006139366,0.05148469623245241,0.9865003122467148,0.7626792096836343,6.865441596577244,92.16327181408698,100.0
159,S2M2,75261,0.09682264760737926,0.09593770029373738,0.0702794808636604,0.04367547793390625,0.05713800023336672,0.9714327473724771,0.5713450525504578,7.380980853297192,91.905502185727,100.0
159,SGBM,75261,0.10640979434562253,0.10101709292163666,0.07649951652818214,0.04699868435479826,0.05952695499610041,0.9843478029789665,1.1573059087708109,5.423791870955741,90.49972761456797,100.0
159,LAS2-M,75261,0.09485310674106091,0.09520966154796631,0.06898914453418528,0.04233249483631829,0.057973672218857804,0.9646829034958345,1.278218466403582,6.857469340030028,91.73409866996187,100.0
159,LAS2-H,75261,0.09621936151216509,0.09593080722525768,0.07057524656571192,0.043132143525595024,0.05440171855656549,0.964257716479983,0.8384156468821834,7.378323434448121,91.59591288981012,100.0
160,RealSense D435i,78564,0.01299970324321981,0.016994523105402465,0.009961321500825826,0.0058489842190677654,0.020857874083589276,0.9982052848632962,78.02046738964411,95.707957843287,99.7517947151367,100.0
160,UniDepthV2,78564,0.2623535324544157,0.19735116563413552,0.18625855979724773,0.1708942061695995,0.044404533698308664,0.38828216485922307,0.0,0.00127284761468357,9.063947864161701,100.0
160,MoGe-2,78564,0.052663404327709065,0.04130170456436239,0.03300056248290873,0.0307424157527304,0.056190015345236946,0.9993508477165114,29.248765337813758,39.91268265363271,99.9223562955043,100.0
160,DA3,78564,0.10787468608536936,0.08055414320906387,0.06947215455069013,0.0723474242978927,0.11274097172796764,0.9834147955806731,7.0388473092001425,16.5635660098773,85.3813451453592,100.0
160,BridgeDepth (RVC),78564,0.10167387048733478,0.10593601507311162,0.08217194551458229,0.05289008049191124,0.04863058437156224,0.98644417290362,0.4416781222951988,4.064202433684639,89.68738862583372,100.0
160,BridgeDepth (Mid.),78564,0.10262820982822952,0.10711950339469939,0.08290951776953905,0.05437887241116235,0.04908787016567854,0.9838475637696655,0.7357059212871035,3.897459396161092,89.66193167354004,100.0
160,DEFOM-Stereo,78564,0.10616255213938453,0.10730237479494605,0.08475786241283416,0.05637461034991803,0.04902937210651586,0.9907591263173973,0.3385774655058296,3.607250140013238,87.42935695738507,100.0
160,FoundationStereo,78564,0.1023475013521178,0.10545555672412898,0.08234442929958398,0.05515314771525015,0.04749644666256991,0.9888753118476656,0.3042105799093732,3.637798482765643,89.84522173005448,100.0
160,S2M2,78564,0.10400174291826342,0.10878750429725019,0.08399501094129076,0.05550973956449917,0.05016716784390025,0.9853113385265516,0.5307774553230487,4.046382567079069,88.81548800977546,100.0
160,SGBM,78564,0.11116288512536938,0.11146760935804347,0.0878901740700196,0.05667228894500104,0.06804004773652417,0.9777378952191843,0.45186090321266736,3.3564991599205745,88.19688406903924,100.0
160,LAS2-M,78564,0.09902111221610166,0.10416020960456962,0.07992752439245199,0.05129259019200805,0.049801442757589166,0.987907947660506,0.8044396924800162,4.896644773687694,89.33353698895168,100.0
160,LAS2-H,78564,0.1011003099579574,0.10571171839442908,0.08166629327581962,0.05466184074635827,0.049286681194277975,0.9851331398604959,0.43022249376304667,4.194032890382363,89.59701644519117,100.0
161,RealSense D435i,79785,0.011734800943817507,0.01587007147744927,0.009085062139146692,0.005356340808973403,0.020220486808394146,0.9978442063044431,81.52033590273861,96.9167136679827,99.74431284075955,100.0
161,UniDepthV2,79785,0.22289129278727624,0.16963001201741112,0.15985825215520685,0.14584584965921166,0.04331843048111035,0.6991038415742308,0.007520210565895844,0.016293789559440996,27.220655511687657,100.0
161,MoGe-2,79785,0.04495788166706832,0.033634267795620856,0.02762114420924427,0.025265001377496432,0.04407472710778619,0.999085041047816,31.61747195588143,45.23782665914646,99.89973052578806,100.0
161,DA3,79785,0.09740393277598144,0.07658573229252508,0.06458696213202385,0.06638181322057823,0.1067311880869904,0.9867017609826408,9.635896471767875,21.332330638591213,93.13906122704769,100.0
161,BridgeDepth (RVC),79785,0.10112190737270983,0.10597621484413336,0.08273994893085777,0.05365494548253802,0.04810036131717692,0.9906373378454597,0.5552422134486432,4.529673497524597,90.15729773766998,100.0
161,BridgeDepth (Mid.),79785,0.1016512885776954,0.10619942141863752,0.08303649436972083,0.05596854948561525,0.047810223414618776,0.9909632136366485,0.8347433728144388,4.220091495895218,89.89283699943599,100.0
161,DEFOM-Stereo,79785,0.1042857238663194,0.10551987444834462,0.08413762864432953,0.0569704823105307,0.046291096078918695,0.9926677946982515,0.32211568590587203,3.401641912640221,91.00081468947798,100.0
161,FoundationStereo,79785,0.10151515003267349,0.10486622039142178,0.08267440775877567,0.05603440481081856,0.04652784721792249,0.9925549915397631,0.24691358024691357,3.8816820204299054,91.11361784796641,100.0
161,S2M2,79785,0.10365183698709403,0.10847099780531193,0.08466489505211519,0.05502475101336557,0.04902172273566642,0.9885316788870089,0.3496897913141568,3.839067493889829,89.19596415366297,100.0
161,SGBM,79785,0.11800736440364967,0.13240872824168232,0.09579105567916547,0.05982658905372218,0.1299535569338773,0.9537005702826346,0.31083537005702827,2.554364855549289,87.88118067305885,100.0
161,LAS2-M,79785,0.10001340944607608,0.10606642976564415,0.08198065274431708,0.050911033921315574,0.05039717846418462,0.9895970420505108,1.598044745252867,5.976060663031898,89.75245973553926,100.0
161,LAS2-H,79785,0.1018901168819549,0.10703107410786426,0.08341051379491175,0.05602464785354477,0.04920910333646806,0.9895594409976812,0.387290844143636,4.736479288086733,89.7787804725199,100.0
162,RealSense D435i,77312,0.014175377475692185,0.02203731731825267,0.0102387647574818,0.006137549430164868,0.027062465277763705,0.9979304635761589,77.89476407284768,94.37344784768213,99.70897144039735,99.99741307947019
162,UniDepthV2,77312,0.10161821389800614,0.07140106560088112,0.0683687287339604,0.06621279502418875,0.0347037383810095,0.996042011589404,0.4203745860927153,3.6462644867549665,97.42860099337747,100.0
162,MoGe-2,77312,0.08666134329849973,0.06781728923658714,0.061217490881552164,0.05335767607290809,0.037892261232588195,0.9945545322847682,1.0826262417218542,4.249016970198675,99.23685844370861,100.0
162,DA3,77312,0.10489510953201205,0.08358556669910307,0.06981463677733891,0.0606353102291704,0.12238211320513334,0.9286139279801324,8.61444536423841,18.9427255794702,86.63338162251655,100.0
162,BridgeDepth (RVC),77312,0.099150489400781,0.10519852356519689,0.0817570766762829,0.05757280937711856,0.05026835087021761,0.9860564983443708,1.5844888245033113,9.691897764900661,90.91344163907284,100.0
162,BridgeDepth (Mid.),77312,0.09929593198874465,0.10584573848175671,0.08197661502936873,0.056185415055584165,0.05085706993709337,0.9852416183774835,1.5625,9.535389072847682,90.58748965231787,100.0
162,DEFOM-Stereo,77312,0.10239679067178749,0.10687088723029853,0.08392753128507464,0.05736949837990768,0.050366140130693494,0.9901438327814569,1.0283009105960264,8.100941639072849,89.26169288079471,100.0
162,FoundationStereo,77312,0.09783176781737597,0.10190384198160056,0.08026605107940628,0.05794799532986572,0.04771974693862986,0.9914114238410596,1.7979097682119205,9.522454470198676,92.48370240066225,100.0
162,S2M2,77312,0.10197183042675008,0.10861047112565024,0.08427746967051694,0.05924392699273956,0.05205591507760708,0.9836118584437086,1.6362272350993377,9.602649006622517,90.39735099337747,100.0
162,SGBM,77312,0.11197568733079852,0.11374151481694574,0.09071016618215694,0.0676326553665757,0.05951069646345985,0.9742342715231788,0.8562706953642384,4.436568708609272,88.16225165562915,100.0
162,LAS2-M,77312,0.09931758483058875,0.10694585121183689,0.08222157150802575,0.05655288131619879,0.05265325070851537,0.9869101821192053,2.3062396523178808,8.924875827814569,89.38586506622516,100.0
162,LAS2-H,77312,0.09982873435624248,0.10802154982758164,0.08276944044464825,0.05832795095589366,0.05318685676346003,0.9830815397350994,2.478269867549669,9.66861548013245,89.49063534768213,100.0
163,RealSense D435i,70835,0.014661301335262712,0.01881371061312721,0.01015960553603556,0.006570139206822756,0.026791319954547935,0.996993011929131,77.45323639443778,94.76812310298581,99.64565539634361,100.0
163,UniDepthV2,70835,0.16277236500973583,0.13120837206311192,0.11759379461529075,0.08894249934832787,0.04312092780046608,0.9659349191783723,0.06635137996753018,0.12140890802569353,74.03825792334298,100.0
163,MoGe-2,70835,0.09947411947003816,0.06966541977345117,0.06200246117701031,0.05932978822089641,0.06497719924540049,0.9715818451330557,3.4658008046869484,10.799745888332039,95.51916425495871,100.0
163,DA3,70835,0.08518354723004114,0.09158704824794661,0.06244183442347038,0.04048075977743637,0.1188909707616056,0.9173572386532082,12.60111526787605,28.396978894614243,90.85903861085622,100.0
163,BridgeDepth (RVC),70835,0.09476562014225617,0.10215253184880564,0.0763473082186425,0.04632695235390827,0.052091928130264524,0.9840897861226795,0.797628291099033,9.851062327945224,90.71221853603446,100.0
163,BridgeDepth (Mid.),70835,0.09441863212046171,0.10153533738009875,0.07603724371621644,0.04634390564463986,0.05148161638656616,0.9843580151055269,1.1604432836874428,10.04023434742712,90.94797769464247,100.0
163,DEFOM-Stereo,70835,0.0994770728818605,0.10696639586866284,0.07998991473821838,0.04673931408735221,0.0557403866376844,0.9630267523117103,1.5034940354344604,8.865673748852968,88.03275217053717,100.0
163,FoundationStereo,70835,0.09457697849710223,0.09972866833143507,0.07578650188337692,0.04620530306322368,0.049452863937145736,0.9895673042987224,0.7651584668596033,9.14802004658714,90.94515423166514,100.0
163,S2M2,70835,0.0973360622815191,0.10568167006117783,0.07837659071610764,0.04776464068436681,0.05423206652667533,0.9832145125997035,0.8540975506458671,9.503776381732195,89.7847109479777,100.0
163,SGBM,70835,0.10614056802416819,0.11096337870672854,0.08333110064826518,0.05493929304921885,0.061042034104383844,0.9771017152537588,1.1025622926519376,6.172090068468977,88.83885085056822,99.97458883320392
163,LAS2-M,70835,0.09589295793086873,0.10375884404541849,0.07723126883620385,0.04616418084805174,0.053817629474176794,0.9850215289052022,1.3213806733959201,8.484506246911836,89.32448648267099,100.0
163,LAS2-H,70835,0.09468610678072521,0.10216995170045505,0.0762216525939465,0.047046686229135215,0.05218803459470494,0.9838639090844922,1.1604432836874428,9.458600974094727,90.05576339380251,100.0
164,RealSense D435i,71332,0.014397748496299283,0.017706234541998888,0.009960296315237809,0.006235217037393853,0.024432288251306056,0.9987382941737228,78.23978018280715,94.25363090898895,99.83317445185891,100.0
164,UniDepthV2,71332,0.1045831003394819,0.08387280521126253,0.07280106125257535,0.05801548845269844,0.03436972546187703,0.9984018392867157,0.19346156002915943,2.778556608534739,97.31957606684237,100.0
164,MoGe-2,71332,0.10850974171131231,0.08178997920143463,0.07240997524610068,0.06395864775592369,0.058688540231351984,0.9621348062580609,0.7430045421409747,2.3145292435372626,94.94756911344138,100.0
164,DA3,71332,0.09252703745033082,0.09896721252384709,0.06878888943122566,0.04480682832164612,0.12441007324664288,0.9239752144899904,10.908147815847025,23.435484775416363,90.83160432905288,100.0
164,BridgeDepth (RVC),71332,0.0897380520948497,0.09136212954418775,0.06902780573010821,0.04556017294506354,0.048252780189899126,0.9924437839959626,0.27617338641843775,9.845511131049179,93.09145965345147,100.0
164,BridgeDepth (Mid.),71332,0.08990567793828605,0.0919517622733252,0.06923874743536038,0.04596656205093186,0.04836506685825432,0.9926260303930915,0.47524252789771776,10.045982167890989,92.83911848819604,100.0
164,DEFOM-Stereo,71332,0.0928456510931117,0.09231348857653268,0.07091571789862713,0.046036600966600005,0.04748722918569334,0.9917147984074469,0.4724387371726574,8.25576178994,93.38866147030785,100.0
164,FoundationStereo,71332,0.09104599746206385,0.09179420897481334,0.06994478903377867,0.04595962522110242,0.047731714236579896,0.9922615375988336,0.2845847585936186,9.046430774406998,92.45079347277519,100.0
164,S2M2,71332,0.09303107951917558,0.09629480959779724,0.07144251851863184,0.048014914843347356,0.052702448228741955,0.9903970167666686,0.4149610273089217,8.840352156115069,92.26854707564628,100.0
164,SGBM,71332,0.09705874571496399,0.09442705192860625,0.07352932800804975,0.051328007635453365,0.04996223261669744,0.9905652442101721,1.3332024897661638,6.7403129030449165,92.10312342286771,100.0
164,LAS2-M,71332,0.0908551226636544,0.09000857223182544,0.0690517850558764,0.04764096878022045,0.04624466943795706,0.9966915269444289,0.59860931980037,8.020243369034935,92.74098581281893,100.0
164,LAS2-H,71332,0.09070511006251344,0.0919248732267216,0.06965437672343423,0.04631633370562621,0.04804373511152119,0.9905512252565468,0.7121628441653115,9.510458139404475,92.72276117310604,100.0
165,RealSense D435i,63649,0.018590728125744475,0.027900815450316016,0.011127723151974519,0.007101073262155921,0.04228512083445684,0.9962607425097016,71.3726845669217,92.28110418074125,99.4453958428255,99.95286650222313
165,UniDepthV2,63649,0.20110037478499887,0.13794036785836594,0.1266290616320841,0.11186798910013696,0.06305634073745046,0.8427940737482128,0.09426699555374005,0.16025389244135807,46.3793618124401,100.0
165,MoGe-2,63649,0.04054558413653455,0.03477233639998522,0.024407007310629853,0.01893789406051427,0.053098728038317416,0.9910603465883203,23.910823422206164,61.90984932991878,98.87979386950305,100.0
165,DA3,63649,0.1380701648286943,0.1160885415317026,0.08981157039797907,0.07295948538857644,0.167659313239469,0.8345614228031862,2.839007682760138,11.751952112366258,73.68536819117347,100.0
165,BridgeDepth (RVC),63649,0.08993126809891427,0.09717797809429349,0.06896858142813196,0.037939563582241154,0.05420527073924486,0.9831419189618061,1.5271253279705888,14.649091109051202,90.71470093795661,100.0
165,BridgeDepth (Mid.),63649,0.09003154000626842,0.0975044638238725,0.0691364468015038,0.03771806231885799,0.054256503743022017,0.9836132539395749,1.6418168392276393,14.416565853351978,90.67699413973511,100.0
165,DEFOM-Stereo,63649,0.09331845796033661,0.09883306979953252,0.07101669609030166,0.03887139526976435,0.055323409341241886,0.9797483071218716,0.7462803814671087,12.041037565397728,90.33606183914908,100.0
165,FoundationStereo,63649,0.08960572004782438,0.09495267991535829,0.06850342844782378,0.0383349387623898,0.052405461908815676,0.9888764945246586,2.0251692878128487,13.692281104180742,91.28187402787161,100.0
165,S2M2,63649,0.09271476962032381,0.099997497145793,0.07098921561037379,0.03914386058014441,0.055226460945991554,0.9837860767647567,1.2631777404201165,12.069317664063849,90.35334412166726,100.0
165,SGBM,63649,0.10236387968764692,0.12032174851035546,0.07793520242434544,0.041433853444233115,0.08144509738320466,0.9650740781473394,1.905764426778111,6.663105469056858,88.40673066348253,99.99528665022231
165,LAS2-M,63649,0.09124723049944766,0.09527781556419196,0.06878887685058346,0.040428816649083155,0.053146100096060335,0.9868340429543276,2.681896023503904,11.882354789548932,91.34943204135179,100.0
165,LAS2-H,63649,0.09130670518227017,0.09781628093724466,0.06972348452607273,0.038254334511413246,0.05451949536988976,0.9832361859573598,1.787930682335936,12.683624251755724,90.57015821144088,100.0
166,RealSense D435i,67654,0.016395255619793353,0.0232287260562558,0.010727610605520754,0.0059029507445844676,0.03677871634299051,0.9954326425636326,76.98879593224348,92.24731723179708,99.50039908948473,100.0
166,UniDepthV2,67654,0.2486910045954219,0.16046981464232254,0.15167138838024982,0.13863496648370188,0.07555616456113039,0.6030981168888757,0.05616814970290005,0.0768616785408106,26.4138114523901,100.0
166,MoGe-2,67654,0.03876265705778236,0.03969640671352663,0.025313634353028126,0.017965346539912552,0.05630009661911319,0.9901114494338842,29.185266207467407,62.973364472167205,98.93723948325302,100.0
166,DA3,67654,0.14185421579383184,0.11942693351642054,0.08745365085670735,0.05820090779509268,0.17830772235537334,0.8409997930647116,4.1919176988795925,9.925503296183521,79.14092293138617,100.0
166,BridgeDepth (RVC),67654,0.09386605312469412,0.09451215553313197,0.06958344265442473,0.04024261439848892,0.052316170309171586,0.9895349868448281,0.5114257841369321,3.6760575871345376,92.01968841458007,100.0
166,BridgeDepth (Mid.),67654,0.0943077603170079,0.09549121609112587,0.06992857280736241,0.040368943914138145,0.05314501409760318,0.9881751263783368,0.5173382209477636,3.4587755343364766,91.58068998137583,100.0
166,DEFOM-Stereo,67654,0.09583122174072777,0.09580562453598046,0.07099307840454583,0.041188586169591146,0.05183881976034729,0.9937771602565998,0.5202944393531794,2.9222218937535107,91.63685813107872,100.0
166,FoundationStereo,67654,0.09421074841447126,0.09423987530426484,0.06980815230913037,0.040407739689612476,0.051450895716234755,0.992698140538623,0.4922103645017294,2.953262187010376,90.98501197268453,100.0
166,S2M2,67654,0.09646092683778858,0.09778675342015919,0.07159867746598929,0.041053150503698954,0.052970961346780414,0.9876873503414432,0.7360983829485322,3.0316019747538947,90.8076388683596,100.0
166,SGBM,67654,0.11002407384975856,0.11147014419590205,0.08067228507260299,0.04450103472760747,0.09274832828918139,0.9665060454666391,0.6414993939752269,1.9584946935879624,88.00366571082272,100.0
166,LAS2-M,67654,0.09610203843290943,0.09507256915187254,0.07033115186582373,0.04416221901028655,0.0543586829078448,0.9808141425488515,0.7316640553404086,3.4425163331066897,91.8393590918497,100.0
166,LAS2-H,67654,0.09671357615334931,0.09833103871812104,0.07180819729206235,0.04178315127517129,0.054450648102902705,0.9845094155556212,0.669583468826677,3.313920832471103,90.87711000088686,100.0
167,RealSense D435i,67113,0.014470631808589015,0.0202559027740203,0.01010594033095291,0.005852841980422907,0.028795328827473772,0.9967070463248551,79.291642453772,93.40217245541102,99.59322336954092,100.0
167,UniDepthV2,67113,0.1631468154253978,0.1404084490675686,0.11992600662300436,0.08622987090701395,0.05972625691286116,0.8900511078330576,0.5334286948877266,1.4646938745101545,74.8021992758482,100.0
167,MoGe-2,67113,0.07335037262794461,0.0631137473594026,0.050681839376796815,0.040343487922114285,0.0571906557383809,0.974684487357144,3.01580915768927,12.849969454502109,97.14213341677468,100.0
167,DA3,67113,0.11184094465903492,0.12942165460112737,0.08925576884787029,0.06077529183693153,0.15132364150483701,0.8144323752477165,20.70239744907842,33.57322724360407,77.5498040618062,100.0
167,BridgeDepth (RVC),67113,0.09708104994187397,0.0974022976040639,0.07619866108861387,0.05205372637291117,0.05038572187213269,0.99634944049588,0.8955045967249267,3.821912297170444,91.8510571722319,100.0
167,BridgeDepth (Mid.),67113,0.0974472620915667,0.09843048235618097,0.07666516778758428,0.05175807222198037,0.05091482284034119,0.9968113480249728,1.0147065397165973,3.89939356011503,90.83337058394052,100.0
167,DEFOM-Stereo,67113,0.1002591450464192,0.09967001156024989,0.07855991165455727,0.05119395167830898,0.050432185846249186,0.9985844769269739,0.8448437709534665,2.7446247373832193,91.76016569070076,100.0
167,FoundationStereo,67113,0.09857098661453473,0.09836215620005358,0.07743117487861736,0.05306520729662123,0.04960552653064984,0.9978841655118978,0.8850744267131554,2.9919687690909362,91.64990389343346,100.0
167,S2M2,67113,0.0999616611323433,0.09954638426992009,0.07823845246268943,0.053604383944361844,0.04984859422628808,0.9945763115938789,0.6690209050407522,2.606052478655402,90.81698031677917,100.0
167,SGBM,67113,0.11929748607336094,0.11715047413848806,0.09116314990448973,0.06190100171036583,0.12247122569017983,0.9494434759286576,1.8744505535440228,4.748707403930684,85.97440138274254,100.0
167,LAS2-M,67113,0.09862371560104127,0.09605745256449594,0.07631804166865278,0.053443042087939485,0.050258683000461817,0.9967219465677291,1.5958160118009923,3.8040320057216936,92.42918659574151,100.0
167,LAS2-H,67113,0.09798851413337004,0.09773520453956472,0.07659433106426461,0.051974286547610826,0.05056618201751517,0.9962302385528884,1.1413586041452475,4.146737591822747,91.91363819230254,100.0
168,RealSense D435i,68914,0.015533807953648797,0.022331126688705086,0.010336787525717426,0.005883422555787998,0.033287624370805534,0.9973735380329106,78.73871782221319,92.90419943697943,99.65899526946629,100.0
168,UniDepthV2,68914,0.17531579913568052,0.11820498844470104,0.11134116403209326,0.10394091214509088,0.057532524240945765,0.9206111965638332,0.23507560147430132,0.5078793859012682,61.6028673419044,100.0
168,MoGe-2,68914,0.06570734296543206,0.05634503336407153,0.04331969061249912,0.031408399733924064,0.05706150297864928,0.9840090547639087,7.951940099254143,26.995965986591987,98.04974315813914,100.0
168,DA3,68914,0.11074293163223457,0.12409200511098596,0.08452461275006547,0.05388333271128104,0.15437542164193185,0.8838552398641786,15.877760687233364,27.023536581826622,81.57413587950198,100.0
168,BridgeDepth (RVC),68914,0.09162808037699172,0.0931972751054719,0.07019719067172703,0.04326706830780891,0.05210151270347321,0.9952404446121252,1.4917143105900108,6.188873088196883,91.20207795223033,100.0
168,BridgeDepth (Mid.),68914,0.0924237328695932,0.09450292153362222,0.07095078703396032,0.044413422450098716,0.05249834959277888,0.9956032156020548,1.438024204080448,6.084395043097194,90.16890617291116,100.0
168,DEFOM-Stereo,68914,0.0949771514766354,0.09352809101742601,0.07204948094814602,0.046564473507560045,0.050345270928760025,0.9964738659778855,0.7371506515366979,4.237165162376296,92.25846707490494,100.0
168,FoundationStereo,68914,0.0923960247682122,0.09327865626583483,0.07077365206247932,0.04323654013795586,0.05326520778105924,0.9967205502510376,1.4322198682415763,5.840612937864585,91.95954377920307,100.0
168,S2M2,68914,0.09506257272049182,0.09520855217436969,0.07249018187721773,0.04575224952974494,0.05138882694421833,0.994645500188641,0.7211887279798008,3.5232318541950836,91.52276750732797,100.0
168,SGBM,68914,0.12008489139991266,0.1182239282635146,0.08838868479997973,0.054791154312554935,0.11257848106170444,0.9337870389180718,1.6905128130713643,5.2601793539774215,85.67635023362452,100.0
168,LAS2-M,68914,0.09333933788919616,0.09246152807715693,0.07048845127597622,0.04738495897021655,0.052519696486898235,0.9946600110282381,1.2247148620019153,6.103259134573526,93.02754157355545,100.0
168,LAS2-H,68914,0.09357898751786327,0.09438583096981742,0.07141702966408982,0.045674068399496226,0.05222787077233979,0.992628493484633,1.2682473807934527,6.035058188466785,92.25846707490494,100.0
169,RealSense D435i,66592,0.011652963730555795,0.017132955649387608,0.008071532600228176,0.005028095597616994,0.02295504694272546,0.9978525949062951,85.9622777510812,96.52510812109563,99.76123258049014,100.0
169,UniDepthV2,66592,0.13819899588797638,0.10715564479488555,0.09415138807777597,0.0732589684239493,0.04711973989674845,0.9723690533397406,0.06757568476693897,0.15166987025468523,86.86178519942335,100.0
169,MoGe-2,66592,0.08397339391853471,0.06615441471943072,0.051547653493278243,0.04672467319956619,0.07312295567121721,0.982145002402691,9.047633349351274,17.506607400288324,97.88413022585296,100.0
169,DA3,66592,0.08486608781918964,0.10157804456297655,0.06304820348890293,0.03440977478294205,0.13004284654057152,0.9234442575684767,21.987626141278234,38.241830850552624,90.83223209995195,100.0
169,BridgeDepth (RVC),66592,0.09012716712910356,0.08912193990607792,0.06707722505253635,0.04430758344314162,0.0491863454234777,0.9909448582412301,0.7928880345987506,2.6429601153291684,94.17948101874099,100.0
169,BridgeDepth (Mid.),66592,0.09137796830240622,0.08974571727252827,0.06796772164087134,0.04562253545781442,0.04785690358062997,0.9911851273426238,0.3919389716482461,1.7419509851033157,94.07135992311389,100.0
169,DEFOM-Stereo,66592,0.09074661761513368,0.08725428769064233,0.06724009973300897,0.04560756183169434,0.04449682386894837,0.9942335415665545,0.2537842383469486,2.4897885631907735,95.1345506967804,100.0
169,FoundationStereo,66592,0.09105451058895266,0.08788361548742925,0.06757903996226551,0.04571008560657097,0.044358196980537015,0.9928069437770303,0.23125901009130226,1.1608000961076406,94.68404613166747,100.0
169,S2M2,66592,0.09261508464285048,0.09168660091904786,0.0688031533412658,0.044926992414655476,0.04776232322755626,0.9923264055742431,0.23876741950985106,0.8950024026910139,94.0428279673234,100.0
169,SGBM,66592,0.10021944959838838,0.0983227017417488,0.07376023535071458,0.04929652139425955,0.07410607672027288,0.9827006246996636,0.6832652570879385,2.506307063911581,93.40911821239789,100.0
169,LAS2-M,66592,0.09150114285381099,0.08976139666765692,0.06780767862897738,0.04625444577332821,0.05056734734456608,0.9915605478135512,0.9340461316674675,3.3757808745795295,94.65401249399326,100.0
169,LAS2-H,66592,0.0882742908308857,0.08604506145592086,0.06552795753787029,0.04442221498760396,0.04515003349171946,0.992461556943777,0.881487265737626,2.967323402210476,95.42287361845267,100.0
170,RealSense D435i,78327,0.015911769559410635,0.040755439704395206,0.011688929473664117,0.006878605564607065,0.05404554540378527,0.9944080585238807,77.3334865372094,96.39204871883258,99.43314565858516,100.0
170,UniDepthV2,78327,0.20222318470409598,0.1353336343056771,0.1291752414666111,0.12657567285191906,0.06903008901184628,0.6935411799251855,0.017873785540107497,0.06511164732467731,45.11981819806708,100.0
170,MoGe-2,78327,0.04801244782559073,0.06820143014194105,0.039931184710164845,0.019639424737534883,0.06689462563343905,0.9962465050365774,30.603750941565487,54.33503134295964,96.58610696183946,100.0
170,DA3,78327,0.09951214699986295,0.11225946707778424,0.07819006992320655,0.04529379872617989,0.12962772052414692,0.8853396657602104,17.53801371174691,29.850498550946675,85.4660589579583,100.0
170,BridgeDepth (RVC),78327,0.09589978967814863,0.09959029855287307,0.0754081594843497,0.055250116367411395,0.05828229843475762,0.9948932041313978,1.1745630497784927,14.685868219132612,90.08643252007609,100.0
170,BridgeDepth (Mid.),78327,0.09537146026790962,0.09853677048226328,0.07494894621994765,0.05459519297977489,0.05686473553696573,0.995301747800886,1.2192475136287615,14.576072107957664,90.1017529076819,100.0
170,DEFOM-Stereo,78327,0.09809515930133977,0.10280372786542653,0.0768179413654193,0.0534805568344211,0.0634406079838907,0.9917525246722075,0.9485873325928479,12.532077061549657,90.56774803069185,100.0
170,FoundationStereo,78327,0.09576905314463427,0.09769496252616003,0.07507487080986033,0.05551796793843056,0.055786133950438736,0.9953400487699006,0.9919950974759663,13.352994497427451,90.49369949059711,100.0
170,S2M2,78327,0.09886996457298806,0.1018981821498509,0.07717303088359487,0.05619282251446556,0.060451471598525555,0.9897608742834527,0.9409271387899447,10.934926653644338,91.13077227520523,100.0
170,SGBM,78327,0.11814187261315812,0.1343550044011662,0.09005142942466085,0.061776499045673616,0.09515301000479065,0.9658100016597087,1.465650414288815,8.164489894927675,87.2419472212647,99.86466990948205
170,LAS2-M,78327,0.09389970388076371,0.09966511508397567,0.07330302788694062,0.050475869923839345,0.06682328219252853,0.9901566509632693,1.7286504015218251,11.675412054591648,91.57251011783931,100.0
170,LAS2-H,78327,0.09359258160860973,0.09781887485615859,0.07345782180945641,0.05383873503239189,0.05913183503883045,0.9939101459266919,2.4512620169290282,15.283363335759063,91.63251496929539,100.0
171,RealSense D435i,84608,0.013600812225937378,0.015416838300480464,0.010004305983005127,0.007330032919879215,0.017800735636674715,0.999633604387292,73.09356089258698,96.04883698940998,99.95981467473524,100.0
171,UniDepthV2,84608,0.14138518246379386,0.10314438790688746,0.0973964838809538,0.08926380611045992,0.035574588032813284,0.978607223903177,0.06855143721633888,0.16783282904689864,93.17913199697429,100.0
171,MoGe-2,84608,0.10059565651567352,0.07276684742754236,0.06565538248957944,0.06635691278594436,0.06019408482182804,0.9946222579425114,5.0503498487140694,12.774205748865356,99.42913199697429,100.0
171,DA3,84608,0.0976989955582525,0.0841766870458269,0.06693514040737561,0.05308243635549331,0.09724203021172191,0.96736715204236,5.426200832072618,15.837745839636913,93.89301248108926,100.0
171,BridgeDepth (RVC),84608,0.10800498959041972,0.10077451402052744,0.08327771724359952,0.06220153716110044,0.04217376936695695,0.9930503025718608,0.384124432677761,0.8261630105900151,91.36488275340393,100.0
171,BridgeDepth (Mid.),84608,0.10900999480634543,0.10197412186924054,0.08413558972717246,0.06199734553266534,0.04282987161329605,0.9931921331316188,0.43376512859304084,0.787159606656581,90.92757186081695,100.0
171,DEFOM-Stereo,84608,0.10933350109991101,0.10135710928348243,0.08397291443643144,0.06270765904153475,0.04189662559317993,0.9898118381240545,0.3167549167927383,0.7446104387291982,90.64036497730712,100.0
171,FoundationStereo,84608,0.10872360347410932,0.10038339719392186,0.08353607233236988,0.06251839634759276,0.041079675985540555,0.9936412632375189,0.3888521180030257,0.6902420574886535,91.46180030257186,100.0
171,S2M2,84608,0.11069859952457821,0.10344992120573723,0.08531650854617355,0.06304180433862566,0.04291406503772251,0.9844695537065052,0.29666225416036307,0.6323279122541604,91.02094364599093,100.0
171,SGBM,84608,0.12319483461107177,0.11163267554305656,0.0922665213500292,0.06895410657359996,0.07447373071365165,0.9739504538577912,1.2374716338880483,2.0187216338880485,86.43154311649016,100.0
171,LAS2-M,84608,0.10411935503428807,0.09844841236834306,0.08016148385110046,0.0608397127922059,0.04344225127430091,0.9870225037821483,0.5224092284417549,1.20910552193646,91.10486006051437,100.0
171,LAS2-H,84608,0.10588790093008922,0.0998596895898838,0.08158238042319277,0.06034166028003041,0.043087903298113905,0.9881216906202723,0.3439391074130106,0.8876229198184569,91.00085098335855,100.0
172,RealSense D435i,77292,0.014366385764939121,0.017208448316018702,0.010374635928405864,0.007443403831627782,0.02156947317529026,0.9995471717642188,74.11763183770636,94.54018527143818,99.84862598975315,100.0
172,UniDepthV2,77292,0.18905497971624852,0.1322156191418723,0.12440587571031764,0.1124923424839599,0.05055466449972166,0.9165243492211355,0.02846348910624644,0.06986492780624128,49.33757698080009,100.0
172,MoGe-2,77292,0.06747526257199929,0.05563136972909345,0.04307170179210865,0.044022417814171266,0.06871378012180557,0.9945013714226569,18.857061532888267,30.827252497024272,99.39579775397195,100.0
172,DA3,77292,0.10939607438092887,0.0932068498336073,0.0696381223299778,0.059423010009863664,0.11447755710015574,0.9590384515861926,11.790353464782902,19.073125291103864,91.28499715365109,100.0
172,BridgeDepth (RVC),77292,0.09181289426937801,0.09266362821149439,0.07088457501313834,0.04472624067685632,0.046096687753946174,0.9928194379754697,0.20830098845934894,4.239766081871345,93.49738653418206,100.0
172,BridgeDepth (Mid.),77292,0.09225826984381683,0.09324831362138292,0.07117915100023843,0.04517505253635401,0.04640603518537149,0.994346116027532,0.22382652797184704,3.974538115199503,93.15711845986648,100.0
172,DEFOM-Stereo,77292,0.09241819862860676,0.09225072397512571,0.07117864257079962,0.041470427402378496,0.045399208252493835,0.996040987424313,0.22123893805309736,4.574858976349428,93.51679345857269,100.0
172,FoundationStereo,77292,0.09182433753354446,0.09188056352398678,0.07071356179051949,0.044563899318648736,0.04509682683453515,0.9956399109869067,0.2354706826062206,4.457123635046318,93.57501423174456,100.0
172,S2M2,77292,0.095385799458313,0.09646149304519738,0.07366670116830826,0.046943415583414305,0.047509260614451404,0.9846426538322207,0.19536303886560058,2.7544894685090306,92.82590695026653,100.0
172,SGBM,77292,0.10586723587968022,0.10292271277135794,0.08087632902103985,0.0523840531614313,0.05321374881992156,0.9771903948662216,0.5925580913936759,2.773896392899653,89.79583915541065,100.0
172,LAS2-M,77292,0.08944127161283202,0.08939460496688481,0.0684434424810901,0.044325562441088595,0.04556827377052643,0.9870232365574704,0.5977332712311754,4.314806189515085,93.6241784402008,100.0
172,LAS2-H,77292,0.08948370476367212,0.08999385238870763,0.06882127211560388,0.04576933197275812,0.04513864195181715,0.9913574496713761,0.4981110593593127,4.204833617968225,94.07183149614448,100.0
173,RealSense D435i,78182,0.0174618950880586,0.029922945905963682,0.011665274070571998,0.0080992899899692,0.04109179392870827,0.9967000076744008,66.05484638407817,93.57141029904582,99.65848916630426,100.0
173,UniDepthV2,78182,0.1941742234746256,0.1472295028261616,0.12973419105481274,0.1112819667435832,0.061086449916720124,0.9153385689800722,0.0012790667928679236,0.005116267171471694,50.02686040265023,100.0
173,MoGe-2,78182,0.06556718080675598,0.0701610275972032,0.04429565891515825,0.03213533000912239,0.08757025845565919,0.9866721240183163,6.935100150929882,21.75053081271904,97.03512317413215,100.0
173,DA3,78182,0.13899114386453487,0.15346737201288038,0.10217220206754814,0.04245263857987097,0.19793614098312726,0.7736051776623776,13.375201453019878,27.78772607505564,73.08587654447315,100.0
173,BridgeDepth (RVC),78182,0.08665023638204687,0.08745399232486253,0.06492261309033263,0.04270195535210075,0.04534876638535019,0.9894604896267684,1.5809265559847536,9.48683840270139,95.15617405540917,100.0
173,BridgeDepth (Mid.),78182,0.08668519932450504,0.08769666046898181,0.065003384257697,0.04342288122905896,0.04528070377902729,0.9885523522038321,1.6755774986569798,8.805095802102786,94.8517561587066,100.0
173,DEFOM-Stereo,78182,0.09108643405276606,0.09092258888561199,0.06793947355632397,0.045943911890913014,0.04695012665937124,0.9850732905272314,0.8403468829142258,6.588473050062674,94.83384922360646,100.0
173,FoundationStereo,78182,0.08674341554892893,0.0853209450486353,0.06440081727854595,0.04435966445146988,0.04340732640190282,0.9918011818577166,1.3238341306183008,6.582077716098335,95.89547466168683,100.0
173,S2M2,78182,0.08966790158432399,0.0905256078745688,0.06701596803393454,0.04532872483938666,0.046248180564100266,0.9863139853163132,1.10255557545215,7.064285897009542,94.92466296590007,100.0
173,SGBM,78182,0.1002804453179629,0.10930783469182688,0.07431531677646712,0.049209487966433985,0.10443790936208659,0.9768105190453046,0.853137550842905,3.422782737714564,92.04292548156864,100.0
173,LAS2-M,78182,0.08077611845013158,0.0825539124563529,0.059585194216879044,0.042715912192721084,0.046507137793612194,0.9846511984855849,2.095111406717659,12.03729758768003,95.9965209383234,100.0
173,LAS2-H,78182,0.08488225603303604,0.08520534067823853,0.06305133326552893,0.045287404760447125,0.04533533003473379,0.9899465350080581,1.609066025427848,13.161597298610934,95.75605638126423,100.0
174,RealSense D435i,86427,0.01223998254693516,0.027918260393816407,0.008720741803729436,0.004886554487766981,0.03534409226795931,0.9972230900065951,87.1035671722957,96.84010783667141,99.70263922153957,100.0
174,UniDepthV2,86427,0.2799493277906319,0.20872801382272826,0.18597834373621633,0.15310774930395465,0.08285022889422335,0.4471866430629317,0.0011570458305853494,0.0011570458305853494,2.0965670450206533,100.0
174,MoGe-2,86427,0.11162198910398761,0.10176704458883228,0.07896666243337211,0.05854345029068109,0.12404668741178423,0.9717333703587999,4.359748689645597,8.241637451259445,92.50002892614576,100.0
174,DA3,86427,0.11433783254424283,0.11764208197836831,0.07375624892301229,0.04560666715266626,0.15054686615301266,0.9246763164288937,10.244483784002684,19.283325812535434,90.74247630948662,100.0
174,BridgeDepth (RVC),86427,0.09321887205841867,0.09120584888199826,0.06951255158354275,0.04536045801479682,0.04658924981786325,0.9921089474354079,0.4813310655235054,4.609670589052032,93.11789139967834,100.0
174,BridgeDepth (Mid.),86427,0.09308620676666765,0.09111394767300122,0.0693786432174017,0.044983722555758665,0.046354494717039715,0.9923287861432192,0.48017401969292,4.029990627928772,93.17458664537702,100.0
174,DEFOM-Stereo,86427,0.09389466144044109,0.09097628074913386,0.06983844391897706,0.04650342822416931,0.04752917872417651,0.9937288115982275,0.7219965982852581,6.812685850486538,94.15923264720516,100.0
174,FoundationStereo,86427,0.09255823602701004,0.08984209512374651,0.06878700055229885,0.0454442208930782,0.04652303517555221,0.9940527844307913,0.6861281775371123,4.239415923264721,93.77740752311199,100.0
174,S2M2,86427,0.09640548995730432,0.09457624557145579,0.07193760749433659,0.0474859664551448,0.048143894842979706,0.9855253566593772,0.38645330741550676,2.7931086350330334,93.04846864984322,100.0
174,SGBM,86427,0.10319333023587027,0.09651159023863987,0.07602916738182504,0.052872931429839065,0.06030218978859289,0.9855947794092124,0.42463581982482324,1.6904439584851956,92.12167493954435,100.0
174,LAS2-M,86427,0.09095919498409884,0.08902307111599872,0.06745528917313004,0.044413674911746304,0.04750375638896765,0.9840906198294515,0.7335670565911115,5.816469390352552,94.09675217235355,100.0
174,LAS2-H,86427,0.09184223889908386,0.09022601405124944,0.06830168298182702,0.04616937669220811,0.047934285933875755,0.9906626401471762,0.5530679070197971,6.2075508810904,93.7369109190415,100.0
175,RealSense D435i,83978,0.013657481704793032,0.018437726367101524,0.008464603649440135,0.005145827459611008,0.04075481248304592,0.9936054680987878,87.85515253995094,97.67915406415966,99.36054680987878,100.0
175,UniDepthV2,83978,0.23949189675747798,0.1880219022712076,0.17480212594962963,0.1431285209476077,0.05480523288933796,0.5653623568077354,0.0,0.0,18.891852628069255,100.0
175,MoGe-2,83978,0.05986857515747588,0.0478351982281325,0.04120826463358345,0.03722125865598447,0.052577332089551565,0.9936650075019648,11.941222701183642,25.734120841172686,99.36054680987878,100.0
175,DA3,83978,0.09621075788795372,0.0782950764335393,0.06484637717490957,0.06171937388950366,0.11171425144377996,0.9934863892924337,15.081330824739814,22.57734168472695,96.37285955845579,100.0
175,BridgeDepth (RVC),83978,0.10608304317600131,0.11232520244072712,0.08673597948561587,0.05644382527397185,0.06015377343273177,0.9777918026149706,0.45488104027245235,1.9255042987449094,88.24930338898282,100.0
175,BridgeDepth (Mid.),83978,0.10639189806029563,0.11251125901421363,0.0868984329106775,0.057083454771122755,0.060018716075334,0.9774226583152731,0.47512443735264,1.7445045130867607,88.03019838529138,100.0
175,DEFOM-Stereo,83978,0.10671409491832269,0.11192418235018212,0.08714635029247386,0.057169843590732294,0.05961250573927285,0.9786372621400843,0.4417823715735073,2.125556693419705,89.57226892757627,100.0
175,FoundationStereo,83978,0.10531573141257122,0.10893736215230633,0.08550429523476863,0.05902633083898762,0.05773546249575472,0.9822929814951535,0.4203481864297792,1.7397413608325991,90.08430779489866,100.0
175,S2M2,83978,0.11007516282797843,0.11552408060949486,0.08980653526856786,0.061554570920235474,0.060410649715700926,0.9718497701779037,0.3822429683964848,1.1884064874133702,88.63869108576056,100.0
175,SGBM,83978,0.12043699552562122,0.12242161188162622,0.09636265024629466,0.06678901019599426,0.08509178487528736,0.9681106956583867,0.6049203362785491,1.4313272523756222,87.24070589916406,100.0
175,LAS2-M,83978,0.10482395980268282,0.10945175453458567,0.08510131137315362,0.060233824715602846,0.05940332441437742,0.9789111433946986,0.6513610707566267,2.4887470527995426,89.72707137583653,100.0
175,LAS2-H,83978,0.10657391160375027,0.1129761068058715,0.08714573660779985,0.05960644493099937,0.06072887927777608,0.9767200933577842,0.5370454166567434,1.681392745719117,88.69703970087403,100.0
176,RealSense D435i,80615,0.012892620340108903,0.014068833960516792,0.009189965111021112,0.005943020321651948,0.01953418498888332,0.9997146932952924,79.88711778205048,95.27755380512312,99.96898840166222,100.0
176,UniDepthV2,80615,0.2691479209401519,0.2001968228505741,0.189790959704232,0.16744494784314268,0.055416345361892744,0.4010171804254791,0.0,0.0012404639335111332,11.750914842150964,100.0
176,MoGe-2,80615,0.05191413369597474,0.0479918628146117,0.038952089684664355,0.028460383380636944,0.03576360242247979,0.997432239657632,9.80710785833902,36.43862804688954,99.72833839856106,100.0
176,DA3,80615,0.15448807729774572,0.1063992803221361,0.09430863687937363,0.10849526699897993,0.11992656624098573,0.7558022700489984,6.630279724617007,15.339577001798673,56.6904422253923,100.0
176,BridgeDepth (RVC),80615,0.10319640536956048,0.11128506110096172,0.08515344520860992,0.05442483706393397,0.050597636251876195,0.9829808348322272,0.35353222105067295,2.210506729516839,88.28753953978789,100.0
176,BridgeDepth (Mid.),80615,0.10337755435599387,0.11184768734512682,0.0853595766093388,0.055024720339942546,0.05108012603943217,0.9822117471934504,0.4292005209948521,2.2154685852508837,88.21683309557775,100.0
176,DEFOM-Stereo,80615,0.10381006441016503,0.11058169927688831,0.08538253150782095,0.05270856876347141,0.049663331565156996,0.9859207343546487,0.30763505551076104,1.8371270855299882,88.38305526266824,100.0
176,FoundationStereo,80615,0.10254959442181265,0.1082119408119394,0.08413219767930499,0.056327866199006316,0.04771319917056294,0.9882528065496495,0.3845438193884513,1.7738634249209204,89.72895863052783,100.0
176,S2M2,80615,0.10610943927475558,0.11271526406048014,0.087127346736002,0.058704425234771596,0.050056967403774626,0.980611548719221,0.37213918005333996,1.471190225144204,88.75519444272157,100.0
176,SGBM,80615,0.11503273573947875,0.12091023772896688,0.09364628069427287,0.06308327947195802,0.07946658932551218,0.9690132109408919,1.1139366122929977,2.3990572474105316,87.18600756683,100.0
176,LAS2-M,80615,0.10001470905059057,0.10385265347750865,0.08130662832368378,0.056798853706598984,0.0459747295651831,0.9917509148421509,0.4788190783352974,1.7316876511815418,91.08726663772251,100.0
176,LAS2-H,80615,0.10296230363014468,0.10985038600886372,0.08453493844608775,0.05676246374853566,0.049554163392518814,0.9828567884388761,0.3895056751224958,1.5691868758915835,89.14594058177758,100.0
177,RealSense D435i,81142,0.011683948606932993,0.013005394395109,0.00891540952465804,0.005828661055050949,0.015895222602121284,1.0,82.27305218012866,97.08535653545636,100.0,100.0
177,UniDepthV2,81142,0.22783891678050844,0.1725470970797627,0.1662996193996391,0.1541235189182923,0.03182909198878151,0.6426511547657193,0.0,0.0,18.46269502846861,100.0
177,MoGe-2,81142,0.0818365899245739,0.06412387002139354,0.05909761059226459,0.05653268595486388,0.032336681259333755,0.9988168889107983,2.639816617781174,7.375958196741515,99.84718148431145,100.0
177,DA3,81142,0.1195744156350485,0.08570650917174358,0.07588390643956155,0.08660519039287573,0.10015092541348723,0.9202262699958098,7.537403564122156,20.816593133026053,78.35892632668656,100.0
177,BridgeDepth (RVC),81142,0.10331833514196895,0.11288148579791658,0.0867303295508404,0.054289875473319704,0.051840243045824685,0.9797885188928052,0.6174360996771093,2.3341795864040815,89.0697789061152,100.0
177,BridgeDepth (Mid.),81142,0.10401881068544792,0.11373116713890968,0.0872885420651048,0.05449435226896748,0.052078644043883834,0.9791723152005127,0.5964851741391634,2.122205516255453,88.64336595104878,100.0
177,DEFOM-Stereo,81142,0.10369579786167873,0.11231108104061756,0.08713686970462364,0.0534086918312377,0.051473577424742394,0.9864928150649479,0.5792314707549728,2.6324221734736635,90.0840501836287,100.0
177,FoundationStereo,81142,0.10294444471665223,0.10948894883333844,0.08578467744053392,0.05524802371267895,0.04826480689096766,0.9864928150649479,0.5496536935249317,1.9089990387222402,90.06556407285993,100.0
177,S2M2,81142,0.10667292577213801,0.11588581184121871,0.08933343308473117,0.056868137432443455,0.052446420924471306,0.9775948337482439,0.4683148061423184,1.7450888565724285,88.42399743659264,100.0
177,SGBM,81142,0.12336303286307872,0.13291692624371212,0.10090390038331354,0.06940353293164125,0.11703397257387418,0.9672426117177294,0.712331468290158,1.5466712676542358,85.98999285203716,100.0
177,LAS2-M,81142,0.1012091287264456,0.10982423704543239,0.08454319088573731,0.05356690566361311,0.05117790381117267,0.9784205466959158,0.815853688595302,2.7963323556234747,90.54497054546351,100.0
177,LAS2-H,81142,0.1028594439760763,0.11149620651188749,0.08591043567483543,0.0554473572571203,0.050968772028693016,0.980626555914323,0.6519435064454906,2.0494934805649354,89.78087796702077,100.0
178,RealSense D435i,88741,0.013208992976459352,0.013141414800538662,0.00900515449444634,0.006133776467180496,0.018198299944129876,0.9998760437678187,79.06829988393189,94.75665137873136,99.98647750194387,100.0
178,UniDepthV2,88741,0.19668197167018053,0.15332930577157103,0.13966291204473405,0.1146899571946377,0.04407797366694078,0.8976459584633935,0.020283747084211358,0.07099311479473976,35.69150674434591,100.0
178,MoGe-2,88741,0.08207036730031857,0.06915177075316141,0.05966397447922934,0.04816941486676596,0.04160764859008759,0.9920442636436371,1.6970735060456834,13.549543052253185,99.1548438714912,100.0
178,DA3,88741,0.09561571823466081,0.09974565938346461,0.07494304076041278,0.05589472384966565,0.11663210725189783,0.9413123584363485,11.08168715700747,21.91658872449037,92.51980482527806,100.0
178,BridgeDepth (RVC),88741,0.0939161858366234,0.10809634769919421,0.07833198578403029,0.045928156954905486,0.05559447235326161,0.9834462086296075,2.9253670794784825,12.058687641563653,88.58250414126503,100.0
178,BridgeDepth (Mid.),88741,0.09398947632474593,0.10854068328618394,0.07842356396024439,0.04599229823193873,0.05593464332250147,0.9802909590831747,2.9772033220270226,11.896417664889961,88.37966667042292,100.0
178,DEFOM-Stereo,88741,0.09413309246412804,0.10603238023636502,0.077926135329303,0.04698614953705116,0.053657994160139694,0.9871310893499059,3.3513257682469213,10.856312189405124,90.6424313451505,100.0
178,FoundationStereo,88741,0.09310306312736873,0.10472599024546239,0.07705478120138064,0.047110103152699256,0.052677736564308034,0.9886185641360814,3.032420189089598,10.468667245129083,90.35620513629551,100.0
178,S2M2,88741,0.09692997896793935,0.11132025853599176,0.08068766048360317,0.04821841398757831,0.056621468305138214,0.9785893780777769,2.83972459178959,9.995379813164151,88.25571043824162,100.0
178,SGBM,88741,0.10678743453052073,0.11840391918207752,0.08776060731725067,0.05115362255811384,0.07567802199163264,0.9791640842451629,1.19674107796847,7.604151406903235,86.82570626880472,100.0
178,LAS2-M,88741,0.09120333200831322,0.10478667798400777,0.07578148221329156,0.044765132254758755,0.0546889285211679,0.9828489649654613,3.56430511263114,14.714731634757328,89.98320956491362,100.0
178,LAS2-H,88741,0.09251309435488593,0.10718449245067517,0.07710765886573108,0.045890273341965604,0.05575066247745531,0.9834800148747479,2.8464858408176603,13.28021996596838,89.22031529957968,100.0
179,RealSense D435i,88940,0.010798887247856189,0.011985570974077821,0.007685861052351521,0.005099693026697105,0.015668702281707466,0.9998538340454238,87.11490892736677,96.76973240386778,99.98425905104565,100.0
179,UniDepthV2,88940,0.24846740625818875,0.1870854422503398,0.1750105222327919,0.15082288672255334,0.039555663511036385,0.4107263323588936,0.00224870699347875,0.00224870699347875,12.310546435799417,100.0
179,MoGe-2,88940,0.058241540599613534,0.042783798083033626,0.03848685244925118,0.03663376593704881,0.03116512945847082,0.9986170451990106,8.301101866426805,20.369912300427252,99.83921744996627,100.0
179,DA3,88940,0.07884959975980455,0.0919070253605813,0.0639099939516138,0.04059115047440054,0.10188400447597244,0.9474926917022712,21.664043175174275,37.68045873622667,92.77153136946255,100.0
179,BridgeDepth (RVC),88940,0.09430250797390084,0.10295290869911705,0.07690400863888115,0.04663248281634841,0.05052995929432688,0.9885878120080953,1.6842815381155836,4.102765909601979,91.14684056667416,100.0
179,BridgeDepth (Mid.),88940,0.0946151631444065,0.10343010010030947,0.07715770595736868,0.04681515220893245,0.05068987906711286,0.9884866201933888,1.6696649426579717,4.021812457836744,90.92084551382955,100.0
179,DEFOM-Stereo,88940,0.09373392833296781,0.1002827910634855,0.07580801759678454,0.0464805415425909,0.04872326479805022,0.9938272993029008,1.6775354171351473,4.135372161007421,91.37733303350574,100.0
179,FoundationStereo,88940,0.09395280005166752,0.09948017238146514,0.0758741244677365,0.047316985365383424,0.047057874290349355,0.9936923768832921,1.5830897234090395,3.628288733977963,92.13064987632112,100.0
179,S2M2,88940,0.09709129037244411,0.10569660893801137,0.07901156013131665,0.0481980676454965,0.051220368335281145,0.9827973914998875,1.6269395097818755,3.5642005846638183,90.14054418709242,100.0
179,SGBM,88940,0.1045072061190623,0.10914252444902793,0.08408179721619999,0.05335111288243399,0.05595762330663779,0.9824263548459635,1.1266022037328536,2.5118057117157635,89.40521700022487,100.0
179,LAS2-M,88940,0.09133726908849961,0.09941672566409575,0.07401607638004117,0.04611043882545346,0.049723517119150955,0.991859680683607,1.994603103215651,4.914549134247808,91.16820328311222,100.0
179,LAS2-H,88940,0.09269639154938994,0.10191160411063103,0.07555054628487652,0.04741662479106584,0.050592675611271024,0.9878569822352148,1.7315043849786371,4.076905779176973,90.79716662918823,100.0
180,RealSense D435i,80242,0.01754906545167264,0.016019679771858232,0.01115951763108521,0.00787510435895497,0.024513229611124714,0.9992522619077291,67.67278981082227,87.70095461229779,99.88908551631314,100.0
180,UniDepthV2,80242,0.2353097269505659,0.18126995890850642,0.164894613835351,0.1406240722345926,0.06411145516637183,0.5074399940180953,0.3838388873657187,1.50295356546447,16.71443882256175,100.0
180,MoGe-2,80242,0.03729445687315297,0.041423570450296834,0.029134744231831787,0.01840736185689501,0.044784024365124964,0.9984795992123825,34.404675855537,62.8486328855213,99.76695496124223,100.0
180,DA3,80242,0.11915975437191519,0.12591548493175936,0.09578737139690788,0.059828129659778684,0.1440749712358548,0.85192293312729,13.16517534458264,19.74651678672017,80.09022706313402,100.0
180,BridgeDepth (RVC),80242,0.09665154677178188,0.11387403821914545,0.0821044205531962,0.049317154906569904,0.06064542767348065,0.9772687619949653,4.452780339473094,18.244809451409484,87.96266294459261,100.0
180,BridgeDepth (Mid.),80242,0.09703410606209406,0.11429645427868211,0.08239503816162211,0.05049692740296313,0.06078230606735917,0.9776800179457142,4.3829914508611445,17.956930285885196,87.66979885845318,100.0
180,DEFOM-Stereo,80242,0.09590662107874028,0.11047301036640188,0.08083791394664747,0.04984670450150269,0.05818045139990184,0.9828518730839212,3.5330624859799107,17.105755090850177,89.0618379402308,100.0
180,FoundationStereo,80242,0.09506815870651486,0.10965767269040501,0.08020583741713044,0.049851374523742276,0.05761360051896072,0.9842351885546222,3.924378754268338,17.34752374068443,89.35096333590887,100.0
180,S2M2,80242,0.09914372103746565,0.11717817512368756,0.08423645108815804,0.049190316168993053,0.062070968787170784,0.9726452481244237,4.075172602876299,17.59178485082625,86.52326711697116,100.0
180,SGBM,80242,0.11875056000407413,0.14705269262705736,0.09928154946181215,0.05696741092778035,0.15380945395221682,0.940056329602951,3.574188081054809,16.116248348745046,83.56097804142469,100.0
180,LAS2-M,80242,0.09785579754724692,0.1107182541990025,0.08192175601475135,0.0528993426093049,0.057343174847936794,0.9833628274469729,4.731935893920889,15.098078313102864,89.01697365469455,100.0
180,LAS2-H,80242,0.09646390366804346,0.1145021356149086,0.08195026004181816,0.05081992714725797,0.0612482538580022,0.9733805239151566,6.623713267366218,17.171805289000773,87.99008000797586,100.0
181,RealSense D435i,76970,0.01272933407056478,0.01349541321490945,0.008907170060914099,0.006532147921798737,0.017746522620329,0.9999610237754969,81.49408860595037,95.9256853319475,99.9818110952319,100.0
181,UniDepthV2,76970,0.14074635608222993,0.11979622911688134,0.10503043745702334,0.09061784849001486,0.05196245026105957,0.9695335845134468,3.29089255554112,6.111472002078732,85.75678835910094,100.0
181,MoGe-2,76970,0.0654809085875609,0.05246913014743838,0.04699510231912921,0.039424967734787264,0.03230185905511927,0.9992854358841107,4.923996362219047,13.741717552293101,99.89996102377549,100.0
181,DA3,76970,0.10361393253372118,0.0959090871371477,0.07715556591270897,0.07036413939901681,0.12354469185778276,0.9279329608938548,9.497206703910614,21.08743666363518,89.33480576848123,100.0
181,BridgeDepth (RVC),76970,0.0992854690219105,0.10803283326051429,0.08347265606140312,0.05722324097660797,0.049597941967658134,0.9823567623749513,0.5508639729764844,4.3068728075873715,91.30180589840198,100.0
181,BridgeDepth (Mid.),76970,0.09960851863616517,0.10851518733501103,0.083776310273017,0.057158495732450576,0.04964620343588222,0.9822398337014421,0.4872028062881642,4.338053787189814,90.85617773158373,100.0
181,DEFOM-Stereo,76970,0.10064449405084344,0.10967835619812581,0.08464585631490178,0.055134639765784754,0.050374558615002514,0.9837988826815642,0.5508639729764844,2.61400545667143,89.61283616993634,100.0
181,FoundationStereo,76970,0.09815698226376186,0.1046652395905616,0.08216336691640762,0.057639331739300526,0.046930770895599085,0.9882031960504093,0.5378718981421333,4.16395998440951,91.78251266727297,100.0
181,S2M2,76970,0.10142316392745271,0.11029690727583183,0.08526460423254344,0.05862133571379313,0.050385346161393736,0.9819150318305834,0.608029102247629,4.1405742497076785,90.37677017019618,100.0
181,SGBM,76970,0.1299518922177814,0.14071073641081547,0.1052581064298148,0.07938115503836196,0.14049141672532206,0.9185137066389503,0.608029102247629,3.5468364297778354,85.20722359360789,100.0
181,LAS2-M,76970,0.0981510180545678,0.10517086777728814,0.0821597911872162,0.057314757193006105,0.04771458844692862,0.9874626477848513,0.5066909185396907,3.924905807457451,91.59672599714175,100.0
181,LAS2-H,76970,0.0995255099718957,0.10898566605444113,0.08375292465657652,0.05523374481263005,0.05089898275533272,0.9831752630895154,0.5287774457580875,4.336754579706379,89.73496167337925,100.0
182,RealSense D435i,81246,0.023112268412532028,0.019277923485996298,0.01573474564999856,0.015572900078941104,0.021639395582513654,0.999458434876794,44.648351918863696,87.14398247298328,99.94215099820298,100.0
182,UniDepthV2,81246,0.19131994038310315,0.19069677460484083,0.155338483157483,0.09572339796325319,0.07457773702469409,0.7227925067080225,0.052925682495138224,0.4320212687393841,52.25857272973439,100.0
182,MoGe-2,81246,0.09900340694369751,0.07695554495326051,0.07179233662331097,0.07383164975681694,0.03872393141906292,0.9958644117864264,1.6025404327597668,3.8352657361593185,98.94148635009724,100.0
182,DA3,81246,0.14727447783748687,0.10409130211222367,0.08956999352256031,0.09164341482660282,0.12464285816919364,0.7295497624498437,15.193363365581074,22.344484651552076,63.98961179627305,100.0
182,BridgeDepth (RVC),81246,0.08433363132959992,0.10483252226981782,0.07493185270262859,0.04279450615010011,0.05601989234555557,0.9814760111267016,7.735765453068459,23.508849666445116,93.55414420402235,100.0
182,BridgeDepth (Mid.),81246,0.08413345567246794,0.10506793209147253,0.07484067585178505,0.042136364590266595,0.05643016991645636,0.9807498215296753,7.95608399182729,23.889176082514833,93.54922088472047,100.0
182,DEFOM-Stereo,81246,0.08663118052808035,0.10452666683774663,0.07642584607525818,0.042865238110464776,0.05438113137110742,0.9892302390271521,5.679048814710878,20.553627255495655,92.5264012997563,100.0
182,FoundationStereo,81246,0.0833309666659584,0.10133368119315089,0.0736431545726152,0.04438581520063806,0.053247436789612225,0.9876917017453167,6.301848706397853,22.62019053245698,94.38495433621348,100.0
182,S2M2,81246,0.08732702684338589,0.10899277998352441,0.07774329358705141,0.04391607948825549,0.05803759217301083,0.9793589838268961,6.66617433473648,22.679270364079464,91.57620067449474,100.0
182,SGBM,81246,0.1017978155266176,0.13164901036816323,0.0889502680389644,0.05137003734921758,0.13158360647986744,0.9669891440809394,3.7109519237870177,15.315215518302438,91.79528838342812,100.0
182,LAS2-M,81246,0.08223479718357725,0.10115583777689689,0.07269144968766798,0.043159632408194426,0.054476439215652456,0.9883686581493243,7.157275435098344,25.169239101001896,92.6974866454964,100.0
182,LAS2-H,81246,0.08439765158739512,0.10533460461380312,0.074909806187291,0.04333057780928107,0.05658400558740516,0.9810452206877877,6.722792506708022,23.320532703148462,91.37311375329247,100.0
183,RealSense D435i,87119,0.008710840099417505,0.00981271058819514,0.006576538014784312,0.004349378285265715,0.011901868914261617,1.0,90.52560291096087,98.84410978087443,100.0,100.0
183,UniDepthV2,87119,0.22224971412637984,0.23209249411472926,0.17944698128936246,0.08995813715081524,0.1001642465671494,0.6421905669256993,1.7114521516546335,3.9245170399109264,53.84129753555481,100.0
183,MoGe-2,87119,0.07948460387710478,0.0734593535032523,0.058152522036297616,0.04594169538964488,0.08431620516373534,1.0,12.2981209609844,17.882436667087546,99.00021809249418,100.0
183,DA3,87119,0.1224506716842898,0.13505841020685513,0.10391089113264763,0.06476969975350821,0.09996699180256495,0.7494002456410197,12.569014795853947,20.696977697172834,69.46245939462115,100.0
183,BridgeDepth (RVC),87119,0.1020138040192946,0.11013537574402527,0.08438945634454706,0.051322062946053015,0.04844680534836624,0.9811751741870315,0.11248981278481159,0.6944524156613368,89.95282314994432,100.0
183,BridgeDepth (Mid.),87119,0.1024311453248178,0.1106178294939431,0.08463303275266836,0.051375346744913064,0.048573338570445594,0.9805094181521826,0.09182841859984618,0.7013395470563253,89.3743041127653,100.0
183,DEFOM-Stereo,87119,0.10192457181624118,0.10871178845888854,0.08403751550716256,0.05009973490281161,0.04684255686471034,0.9870407144250967,0.12970764127228274,0.5521183668315752,89.9137960720394,100.0
183,FoundationStereo,87119,0.10100583090900353,0.10666162844428018,0.08302397469376814,0.05124441272120894,0.04545339045401076,0.9893708605470678,0.12511622034229042,0.3983057656768328,90.6300577371182,100.0
183,S2M2,87119,0.1061687934490624,0.11409498087401988,0.08768253882586648,0.05296854491493186,0.04932174011557214,0.9799928832975585,0.09871554999483466,0.33173016219194434,88.65574673722149,100.0
183,SGBM,87119,0.12827918768184454,0.14987030489683234,0.10561020978893773,0.06017205215130239,0.16630607005625875,0.9555665239499994,0.0814977215073635,0.2904073738220136,85.22365959205224,100.0
183,LAS2-M,87119,0.09962330850234852,0.10576781101462523,0.08180845330184422,0.053356029621452916,0.045942155350164944,0.9898873954016919,0.08494128720485772,0.7311837831012752,90.61972704002571,100.0
183,LAS2-H,87119,0.10202826715817288,0.11018721593345483,0.0842277321083877,0.052003237873822994,0.04854972588493698,0.9833331420241279,0.0814977215073635,0.4488113959067483,89.49712462264259,100.0
184,RealSense D435i,85704,0.011851799272645656,0.014364232144148083,0.009516291171501979,0.005713826855848564,0.01428220629971178,1.0,78.89946793615233,96.50774759637824,100.0,100.0
184,UniDepthV2,85704,0.1910518857186539,0.23408081159884175,0.16322861251773163,0.05612600473633417,0.13533330126672202,0.6449057220199758,8.816391300289368,14.713432278540092,64.29688229254177,100.0
184,MoGe-2,85704,0.09800357511896464,0.07170854363973164,0.06384284304556048,0.06275579947659976,0.06568674883554809,0.9998599831979837,10.490758891066928,15.961915429851581,99.88681975170354,100.0
184,DA3,85704,0.1248205135257388,0.13583742993227108,0.10486853074385462,0.06872870351380128,0.10208158728064874,0.7284607486231681,12.796368897601045,21.045692149724633,67.91981704471203,100.0
184,BridgeDepth (RVC),85704,0.10968021115344379,0.11732096807543872,0.08999431220658238,0.05246662051356382,0.05216537482314404,0.9715065807896948,0.8155978717446093,1.2006440772892746,87.1942966489312,100.0
184,BridgeDepth (Mid.),85704,0.11022542131211883,0.11815157309422873,0.09049472885162607,0.053194167577938156,0.05251629561333282,0.9704214505740689,0.7257537571175208,1.1236348361803417,86.99943993279193,100.0
184,DEFOM-Stereo,85704,0.11089606911268979,0.11821446366256055,0.09106769005416292,0.05172481238964233,0.05268816701698246,0.9755437319144964,0.7747596378232054,1.2636516381965837,86.62256137403155,100.0
184,FoundationStereo,85704,0.10881191908713163,0.11457155536704985,0.08873768138504073,0.05373420768341586,0.049848115019644056,0.9759054419863717,0.7525903108373004,1.2578176047792402,88.48595164753104,100.0
184,S2M2,85704,0.11204478764723226,0.11919906407435583,0.0916971948850341,0.054675880913940045,0.05217098462284795,0.9624871651264818,0.698917203397741,1.250816764678428,87.21996639596752,100.0
184,SGBM,85704,0.13271076353113032,0.14063474621419475,0.10730379606114612,0.06659167479609435,0.11533223979088271,0.9504573882199198,0.3675441052926351,1.103799122561374,81.93666573322132,100.0
184,LAS2-M,85704,0.11025877138463995,0.11383528841633198,0.0892767017640568,0.05823760092659486,0.048302573791169284,0.9798142443759917,0.5682348548492486,1.206478110706618,88.68080836367031,100.0
184,LAS2-H,85704,0.1088827873578376,0.11669227536873765,0.0892788857703881,0.053470611866715534,0.052295381722779685,0.9715999253243722,0.7385886306356764,1.177307943619901,87.58050966115934,100.0
185,RealSense D435i,81167,0.010478960287558098,0.01385800352048227,0.008745922715241012,0.005136801948721514,0.0143045827293349,1.0,83.54257272044057,97.90555274927002,100.0,100.0
185,UniDepthV2,81167,0.21458275602647936,0.1891426208984128,0.16743719585254882,0.12027727553075884,0.0501154621787969,0.6970443653208817,0.0628334175218993,0.11088250150923405,33.69103206968349,100.0
185,MoGe-2,81167,0.07222809689737529,0.05341158394473569,0.04871675216248164,0.05063114821684633,0.06338793425794782,0.9993963063806719,4.601623812633213,30.09967104857886,99.92361427673808,100.0
185,DA3,81167,0.11090167289132906,0.12307466838358444,0.09544095889125076,0.07551446928668237,0.09950929483240109,0.8564441213793783,6.997917873027215,19.045917675902768,81.90151169810392,100.0
185,BridgeDepth (RVC),81167,0.11158587744665342,0.12102263479667189,0.09421193963468764,0.05762706757753766,0.05245561549384753,0.9761109810637328,0.2513336700875972,0.5322360072443234,85.5594022201141,100.0
185,BridgeDepth (Mid.),81167,0.11264002481933152,0.12248586853181334,0.09511822936418222,0.057977150497183216,0.05309987361831192,0.972267054344746,0.2082126972784506,0.4669385341333301,85.00375768477338,100.0
185,DEFOM-Stereo,81167,0.11103008165469853,0.11986363523877447,0.0935626294635423,0.057355366114488326,0.0522930919495403,0.9749775154927495,0.2353173087584856,0.599997535944411,86.86042357115576,100.0
185,FoundationStereo,81167,0.11138219222770747,0.11866381187605397,0.0934006413697748,0.058575575998882856,0.04998360172185193,0.9817290278068673,0.2217650030184681,0.47186664531151823,86.4107334261461,100.0
185,S2M2,81167,0.11562341429415528,0.12495266009878611,0.09747293604800315,0.06193065246042084,0.053390480239597325,0.964147991178681,0.18357214138750969,0.47309867310606524,85.16761738144812,100.0
185,SGBM,81167,0.14440407265404753,0.15941417159018267,0.11791281792162303,0.07878869014027623,0.16733438746758553,0.9206081289193884,0.11704264048196927,0.29691869848583785,80.0682543398179,100.0
185,LAS2-M,81167,0.10775213133206793,0.11574058243621287,0.09047978705048851,0.057331636191988666,0.05045159907298509,0.980570921679993,0.3856246996932251,0.959749651952148,88.06411472642823,100.0
185,LAS2-H,81167,0.11009229710787806,0.11939290287294214,0.0927306738585684,0.05778992619056855,0.052015857457121534,0.9733881996377838,0.2279251419912033,0.5445562851897938,87.39881971737282,100.0
186,RealSense D435i,93353,0.00904543559968081,0.011502389454183465,0.00729407823621616,0.004227569012742682,0.012177688724013988,1.0,89.13371825222542,98.38783970520497,100.0,100.0
186,UniDepthV2,93353,0.19852975414407656,0.17467280835392424,0.15175147079501816,0.11135654339568868,0.04932721807851836,0.7848060587233404,0.010712028536844023,0.06320096836737972,54.07432005398862,100.0
186,MoGe-2,93353,0.03336110639085378,0.03844810797369975,0.0267830288465847,0.015379031324404546,0.04122418681690433,1.0,31.309117007487707,72.78502029929408,99.98928797146316,100.0
186,DA3,93353,0.08336902809847987,0.09775622660761349,0.07107019991130219,0.03349860871237176,0.09083296248365691,0.9759836320203957,19.43054856298137,32.774522511327966,94.62684648591903,100.0
186,BridgeDepth (RVC),93353,0.10653948492707586,0.11320409159525477,0.0875992157599972,0.053726614715476684,0.04975680369327732,0.9818538236585862,0.311720030422161,0.9362312941201675,88.14606922112841,100.0
186,BridgeDepth (Mid.),93353,0.10722988260917382,0.11403070740257099,0.0881308535475143,0.05363410395336854,0.04991158414381546,0.9809433012329545,0.17460606515055757,0.5891615695264212,87.81506753933992,100.0
186,DEFOM-Stereo,93353,0.10599177175155387,0.11125526720516754,0.0868670583066919,0.05349681320360644,0.047959854516886495,0.9834713399676497,0.20352854220003644,0.5463134553790452,90.43415851659829,100.0
186,FoundationStereo,93353,0.10666126560009898,0.11174594373723377,0.08724225240153916,0.055811135425592906,0.04755894214233689,0.9825929536276284,0.16496523946739794,0.4413355757179737,90.05816631495507,100.0
186,S2M2,93353,0.11053066112653356,0.11731954268603324,0.0909334257363288,0.05794543537742669,0.05085476107189737,0.9708525703512474,0.21852538215161804,0.6770002035285422,87.29874776386404,100.0
186,SGBM,93353,0.12635969399356156,0.1251614393097395,0.10129078397814453,0.06768220647459622,0.059087548877648645,0.9638040555740041,0.3706361873748032,0.8912407742654227,83.28387946825491,99.99785759429263
186,LAS2-M,93353,0.10246784062095403,0.10656769018623677,0.08368526824805225,0.05536417537766458,0.04625198098223286,0.990037813460735,0.3288592760811115,1.0401379709275544,91.30611763949739,100.0
186,LAS2-H,93353,0.10542191245110068,0.1113420127796655,0.0864187031476332,0.054572816250167744,0.0487776313868991,0.9810932696324703,0.4166979100832325,0.9330176855591144,89.9253371610982,100.0
187,RealSense D435i,79615,0.028122895938235998,0.022837185483273497,0.019014785671041097,0.018380868723481658,0.021557442961763224,0.9991458895936696,28.624003014507316,78.8117816994285,99.88318784148716,100.0
187,UniDepthV2,79615,0.10186805898421983,0.1285759905365175,0.08884052341961089,0.03596557309762982,0.07406833774873157,0.9501727061483389,7.52621993342963,25.323117502983106,80.53130691452616,100.0
187,MoGe-2,79615,0.05374886036922787,0.042359300953194866,0.035809304261294375,0.03259366299329847,0.0404402900154675,0.996445393456007,14.789926521384162,22.968033661998366,99.61565031715129,100.0
187,DA3,79615,0.09825541127626988,0.10076133822091943,0.072407283044527,0.04815932718857985,0.135646162410948,0.9257175155435533,14.513596684041952,24.122338755259687,89.78584437605979,100.0
187,BridgeDepth (RVC),79615,0.07326500160201942,0.09538292853305035,0.06404918778876337,0.030527692497136494,0.05500973642843422,0.9873516297180179,5.781573824028135,37.95641524838284,93.46228725742637,100.0
187,BridgeDepth (Mid.),79615,0.07427338387582409,0.09633631608308559,0.06475910946581886,0.03069531586325913,0.05510282486251817,0.9863342334987125,4.517992840545124,36.66394523645042,93.4421905419833,100.0
187,DEFOM-Stereo,79615,0.07804086421677658,0.1029330889290877,0.06869759584966471,0.02933177893642347,0.05972456754006318,0.9803554606543993,4.834516108773473,38.30685172392137,91.60459712365761,100.0
187,FoundationStereo,79615,0.07323375863471987,0.09282690304274759,0.06354881699494186,0.03008838902273503,0.05287303001229709,0.989976763172769,5.215097657476607,35.24210261885323,94.17320856622496,100.0
187,S2M2,79615,0.076615961944415,0.09830204423993434,0.06656957575516778,0.031679219615789456,0.05624775096291441,0.9871757834578911,4.747849023425234,33.469823525717516,92.15223261948125,100.0
187,SGBM,79615,0.08731051888160216,0.10488005391624645,0.07370128592897061,0.03687468548628603,0.06584290508055275,0.9669660239904541,5.004082145324373,21.79111976386359,94.00364252967405,100.0
187,LAS2-M,79615,0.0701647778400094,0.08814999750268988,0.0601843982136241,0.03021638184010267,0.05158568095599052,0.9924260503673931,7.595302392765182,34.40432079382026,95.94925579350625,100.0
187,LAS2-H,79615,0.07272704076763169,0.09318905092252396,0.06284203062386057,0.03287895190073353,0.05364276552933963,0.9882308610186523,7.455881429378886,34.907994724612195,94.0438359605602,100.0
188,RealSense D435i,79920,0.02338031179436835,0.021538204489198225,0.015040528135556515,0.01208271599252353,0.034044774461533436,0.9993618618618618,51.326326326326324,89.81731731731732,99.91741741741743,100.0
188,UniDepthV2,79920,0.10217086823954626,0.10101496537117345,0.07961186018254209,0.05084145624576858,0.06206593423822899,0.996996996996997,6.427677677677678,11.54029029029029,94.37687687687688,100.0
188,MoGe-2,79920,0.03693419476801337,0.038060837023908715,0.02826229476648324,0.02132183294445328,0.04904885023504597,0.9994619619619619,40.02502502502502,62.71646646646647,99.86611611611612,100.0
188,DA3,79920,0.11446791277825347,0.1255556241357986,0.09389510406380845,0.06845143103259238,0.13835599108582988,0.8612362362362362,11.501501501501501,18.83008008008008,80.58558558558559,100.0
188,BridgeDepth (RVC),79920,0.09508844190632848,0.10651933483322659,0.07928158847539048,0.052045096815374614,0.05636488791456248,0.9845470470470471,0.7257257257257258,12.112112112112113,89.4582082082082,100.0
188,BridgeDepth (Mid.),79920,0.09559240086208189,0.1073830078352947,0.07973679937633714,0.05174741244949227,0.05679287770401065,0.9838338338338338,0.5593093093093093,11.636636636636636,89.13663663663664,100.0
188,DEFOM-Stereo,79920,0.09273225683479036,0.10210665398921255,0.07716460235226838,0.05112275007347311,0.053545517044607575,0.992017017017017,1.4089089089089089,13.677427427427427,91.5528028028028,100.0
188,FoundationStereo,79920,0.09344561339266115,0.10251430027715626,0.077588064859698,0.054735253984160515,0.05322171115092739,0.9906531531531532,0.7645145145145145,12.755255255255255,90.61311311311312,100.0
188,S2M2,79920,0.09783115986286062,0.10883734721593101,0.08154337922698135,0.0555785278654049,0.056559045897784765,0.9850850850850851,1.1974474474474475,10.32907907907908,89.62962962962962,100.0
188,SGBM,79920,0.1311797500748857,0.14794122385904726,0.1042721295191241,0.06627677989118153,0.15330834853702893,0.9153653653653654,1.016016016016016,6.1924424424424425,83.62612612612612,100.0
188,LAS2-M,79920,0.0903681527242659,0.10034353042874385,0.07488847223528694,0.05109959819989146,0.0546438909625281,0.9921546546546547,3.2257257257257255,17.707707707707705,90.46796796796797,100.0
188,LAS2-H,79920,0.09443902139175886,0.10635813475673432,0.07875115063566189,0.050001927154155745,0.0566721001352876,0.9869244244244244,1.2762762762762763,12.501251251251253,88.67992992992994,100.0
189,RealSense D435i,77410,0.019146084794958915,0.02744323139517961,0.012472098751376344,0.009985948290837265,0.04256909627940907,0.9955819661542437,61.01408086810489,94.12349825603927,99.55173750161478,100.0
189,UniDepthV2,77410,0.11089078304401433,0.12308809904590877,0.08816527556036777,0.04497846305360276,0.06728632379709669,0.9608448520862938,1.4248805063945227,4.641519183568015,79.99354088619042,100.0
189,MoGe-2,77410,0.040013195189284305,0.041782609603096606,0.026519424180211124,0.02026396431073768,0.05556902284342868,0.9950394005942385,21.34220384963183,59.14093786332515,99.48197907247126,100.0
189,DA3,77410,0.1432969148054752,0.13423890369510866,0.09887691750202048,0.06390978559377813,0.18407213144466822,0.8371269861774965,5.654308228910994,11.38225035525126,80.576152951815,100.0
189,BridgeDepth (RVC),77410,0.09220465249770152,0.10160311148812155,0.07270611354601367,0.0423133999050464,0.05850656683226593,0.9846014726779486,0.36687766438444647,7.117943418163028,91.42229686087069,100.0
189,BridgeDepth (Mid.),77410,0.09263342877264072,0.101684051793494,0.07290597052215193,0.042706300327053415,0.0580459078596044,0.9848340007750936,0.4095078155277096,5.906213667484821,91.54372820049089,100.0
189,DEFOM-Stereo,77410,0.09340462547332282,0.10163716016181759,0.07387302167018411,0.042411671557322506,0.057013540769914606,0.9884123498256039,0.4728071308616457,8.466606381604445,91.36028936829868,100.0
189,FoundationStereo,77410,0.09120323289643657,0.09642495001309875,0.07109533519473064,0.043960946314757665,0.05230328547317973,0.9916031520475391,0.38754682857511946,6.319596951298282,93.18434310812556,100.0
189,S2M2,77410,0.09391140915395033,0.10282283966786387,0.07378591647249863,0.043813779000727304,0.05851402631470039,0.9833613228265082,0.4430952073375533,5.587133445291307,91.69745510915902,100.0
189,SGBM,77410,0.11726282404091919,0.13522419166787264,0.09053385675666578,0.05365323656931409,0.1491787697716532,0.9456530164061491,1.3602893682986694,5.328768892907894,86.94354734530422,100.0
189,LAS2-M,77410,0.08774839227710123,0.0932523197086111,0.06804307660868172,0.04175136960023468,0.05328559499518775,0.9900658829608577,0.776385479912156,9.78426559875985,93.1869267536494,100.0
189,LAS2-H,77410,0.09272152180538301,0.10060246097350045,0.0728115228259288,0.043850056634626156,0.05568131273542529,0.9829996124531715,0.8306420359126728,7.17865908797313,92.09146105154373,100.0
190,RealSense D435i,65945,0.01793456939649721,0.030886512986241746,0.010557731748501381,0.00655960219883317,0.05329889786479374,0.9898248540450375,78.72317840624763,95.66305254378649,98.92941087269695,100.0
190,UniDepthV2,65945,0.1835571739761114,0.1519502511008317,0.12206425989678789,0.08471278324604681,0.08924466430256109,0.7866100538327394,0.04397604063992721,1.255591781029646,57.95738873303511,100.0
190,MoGe-2,65945,0.0781529939721771,0.06831349039187401,0.04283352683175407,0.034126086302961434,0.11243114178321459,0.9657441807566912,9.426036848889225,25.682007733717494,96.30449617105164,100.0
190,DA3,65945,0.13022911831922523,0.11843579846561061,0.07915015916904582,0.033948253939643735,0.18585779070330224,0.8352111608158314,13.251952384562893,28.820987186291607,81.55735840473122,100.0
190,BridgeDepth (RVC),65945,0.09091306059057949,0.09642581107789187,0.06598555779107357,0.036980351095364905,0.06638288182587769,0.9846387140799151,0.4731215406778376,6.663128364546213,91.89931003108651,100.0
190,BridgeDepth (Mid.),65945,0.09052195991649999,0.09603694405037538,0.06566953678009312,0.037090630405285485,0.06508484329419596,0.9848661763590871,0.48222003184471907,6.902721965274091,92.1919781636212,100.0
190,DEFOM-Stereo,65945,0.0920016529384741,0.09596232674620224,0.06712640743236357,0.03694018442075253,0.060475516143997064,0.9872469482144212,0.3639396466752597,4.875274850254,90.5330199408598,100.0
190,FoundationStereo,65945,0.0882886966903351,0.08888642157681559,0.06338690338060342,0.037630077556569,0.05570273389610056,0.9908863446811738,0.31238153006293123,5.530366214269467,94.37864887406172,100.0
190,S2M2,65945,0.09380044309089307,0.10045361160954122,0.06822300342348951,0.038092711467255014,0.06683123886523155,0.9772234437789067,0.39578436575934495,5.950413223140496,91.53688679960574,100.0
190,SGBM,65945,0.10689985489519596,0.11596438005745087,0.07723386693936518,0.04480064661729499,0.12016282014646612,0.9581772689362348,1.4785048146182425,4.929865797255289,89.25771476230192,100.0
190,LAS2-M,65945,0.08733728129390955,0.08973437587251969,0.0628926910463553,0.03714940279617429,0.06008391585257309,0.9857305330199408,0.5231632420956858,6.40837061187353,93.50671013723557,100.0
190,LAS2-H,65945,0.09020397080697017,0.09551054380300066,0.0655094443205925,0.037202265794848866,0.06393964646239919,0.9801046326484192,0.5959511714307377,5.531882629463947,91.92812191978163,100.0
191,RealSense D435i,69382,0.03678180392836718,0.065687111622075,0.018759469036551592,0.006763847257681893,0.10520220033287497,0.9731630682309532,75.6046236776109,92.37698538525842,97.25865498256032,100.0
191,UniDepthV2,69382,0.14812783936024332,0.15621722467455904,0.11368521885059606,0.0625528669378469,0.0858812393059773,0.7923524833530311,2.543887463607276,6.553572972817157,68.76855668617222,99.99279351993312
191,MoGe-2,69382,0.08855677015301407,0.07740742047338418,0.0597808846284105,0.05049742512800098,0.08054208611631096,0.9815802369490646,0.8100083595168777,5.472600962785737,97.96633132512756,100.0
191,DA3,69382,0.11953374793435408,0.11914236522831552,0.08751869443068638,0.05378243599863264,0.14946747767355628,0.8516474013432879,14.541235478942665,23.475829465855696,80.31333775330778,100.0
191,BridgeDepth (RVC),69382,0.09482948310085394,0.10202167273178964,0.07378689071701605,0.04421479165192993,0.06023419392391078,0.9856735176270502,1.1415064425931798,6.3128765385834935,90.74832089014441,100.0
191,BridgeDepth (Mid.),69382,0.09527496823937741,0.10270038651804703,0.0741901502368179,0.04420758258196317,0.0613281238003491,0.9852987806635727,1.1141218183390507,6.353232826958001,90.56671759245913,100.0
191,DEFOM-Stereo,69382,0.09787043604261932,0.10305855056749678,0.07601748424722984,0.04465276449936856,0.06261481811621436,0.9879940042085844,0.9757574010550286,5.672941108644893,90.69066904960941,100.0
191,FoundationStereo,69382,0.09487737293505977,0.09943836963700929,0.07340441024066333,0.04406028295048153,0.05803886315318324,0.9909774869562711,0.92098815254677,5.61961315615001,90.9472197399902,100.0
191,S2M2,69382,0.09638894732976082,0.10339024842416039,0.07492180402936041,0.044280558560826355,0.05995963190283453,0.9835115736069874,0.8229800236372545,5.04597734282667,91.0351387968061,100.0
191,SGBM,69382,0.11721182832791256,0.13070887385313762,0.09129722569910817,0.04883116439342727,0.13274760407976471,0.9371306678965726,1.2769882678504512,5.0200340145859155,84.90530685192125,100.0
191,LAS2-M,69382,0.09321812036276386,0.09966884797818196,0.07206484584139879,0.043476593010606635,0.062333777194082486,0.9858320601885215,1.7771179844916547,7.242512467210515,91.21962468651812,100.0
191,LAS2-H,69382,0.09428033433206813,0.10246811281665852,0.07354442610657178,0.04298805645434889,0.061196374234222396,0.9825747311982935,1.245279755556196,7.117119714046871,90.86362457121444,100.0
192,RealSense D435i,74205,0.01525804864550919,0.022542412997146644,0.009925495772844316,0.0065827913854427655,0.0339832238854421,0.9971026211171754,75.81025537362711,93.4721379960919,99.7008287851223,100.0
192,UniDepthV2,74205,0.13556965451621417,0.10050806838037767,0.08761631088453709,0.08142095058697818,0.05796919291536191,0.9906071019473082,4.313725490196078,8.599151000606428,88.06145138467758,100.0
192,MoGe-2,74205,0.07766102309471573,0.07370324695538669,0.054287863740043726,0.038911667408436434,0.07744314630120157,0.9820362509264874,1.9890842935112187,14.2874469375379,98.00956808840374,100.0
192,DA3,74205,0.1256311833355798,0.10904519891416074,0.08362429831435016,0.06098466717494089,0.15356448409908985,0.8812613705275925,5.29748669227141,11.756620173842732,83.81106394447814,100.0
192,BridgeDepth (RVC),74205,0.09548355959863329,0.10030238473777715,0.07288213889736184,0.04253106407798579,0.053438669538180064,0.9850144868944142,0.26413314466680143,3.0820025604743617,92.16494845360825,100.0
192,BridgeDepth (Mid.),74205,0.09588280736115933,0.10123868203949782,0.07314032443397132,0.042348428098493374,0.055535974126333404,0.9854592008624756,0.2560474361565932,2.9876692945219325,91.57064887810795,100.0
192,DEFOM-Stereo,74205,0.09659393737922127,0.10238810968854259,0.07416156409341382,0.042725426542587375,0.05370040128536992,0.9810794420861128,0.28434741594232193,2.92972171686544,91.36985378343778,100.0
192,FoundationStereo,74205,0.09475127157928646,0.10102234096400714,0.0727041826429931,0.04049143326379989,0.05434859112665593,0.9838016306178828,0.22774745637086452,2.925678862610336,91.15827774408733,100.0
192,S2M2,74205,0.09813093886232672,0.1039957598139388,0.07495342001246551,0.04234041594330651,0.05688079792426623,0.9795027289266222,0.23852840105114212,2.7316218583653393,91.33077285897177,100.0
192,SGBM,74205,0.11193532258054663,0.11111329506343749,0.0838602323325251,0.04888193685176534,0.06566547591743471,0.9714978775015161,0.49592345529277,2.0052557105316353,86.91328077622802,100.0
192,LAS2-M,74205,0.09435873759012296,0.09940078153985527,0.07152364709537791,0.04322198371366115,0.05326458963463814,0.9865777238730544,0.6738090425173506,4.472744424230173,91.86982009298565,100.0
192,LAS2-H,74205,0.09733075449049101,0.10242426654430524,0.07428421457569385,0.04346921181554575,0.05468609165730709,0.9812546324371673,0.32208072232329354,2.6575028636884306,91.43992992385958,100.0
193,RealSense D435i,74416,0.010179351950170796,0.012694198942634873,0.007860675333121226,0.005087489253757543,0.01534727191771924,0.9999193721780262,87.58600301010534,97.88351967318856,99.98253063857236,100.0
193,UniDepthV2,74416,0.0872304880106738,0.09382216268611998,0.07135227839027625,0.049638873686273954,0.0663690224972635,0.9972989679638787,8.765588045581596,19.17195226832939,96.00220382713395,100.0
193,MoGe-2,74416,0.13660907363424485,0.10313339396446243,0.09665890195292391,0.08643345580685718,0.048495692807824044,0.9576300795527843,0.3762631692109224,1.4082992904751668,92.37663943238013,100.0
193,DA3,74416,0.08369688709072333,0.08582525970672328,0.06579109919768933,0.04979738288448865,0.09853575496692145,0.97554289400129,14.147495162330681,30.954364652762845,95.92695119329177,100.0
193,BridgeDepth (RVC),74416,0.10739065925713864,0.11391218187633223,0.0885431784870436,0.05540827516313057,0.05139581953143593,0.981831864115244,0.38298215437540317,0.7323693829284025,87.09417329606536,100.0
193,BridgeDepth (Mid.),74416,0.10771944072019983,0.11414853303818395,0.08878651538331815,0.056232631112831444,0.05107118626313694,0.9823559449580735,0.3614814018490647,0.720275209632337,86.79316276069663,100.0
193,DEFOM-Stereo,74416,0.1113537620980103,0.12040784598906532,0.09253784679908493,0.05488252516939529,0.05638727141221098,0.9676951193291765,0.4098580950333262,1.0226295420339713,84.12169425929908,100.0
193,FoundationStereo,74416,0.10594176997595005,0.11033251338491357,0.08680643767179713,0.05635627699554002,0.04858091045972298,0.9864814018490647,0.3601376048161685,0.8815308535798754,89.05611696409375,100.0
193,S2M2,74416,0.11067915787817785,0.11683152287106206,0.09100470899594311,0.05768855890542823,0.051616042899093086,0.9746156740485917,0.35476241668458397,0.6544291550204256,87.68141259944097,100.0
193,SGBM,74416,0.13625727358011297,0.13850424994516536,0.10762381204318291,0.07418041691851551,0.12227834004626954,0.9286309395828855,0.2956353472371533,0.6799612986454526,81.2903139109869,100.0
193,LAS2-M,74416,0.10608545882850894,0.11263192079810076,0.08713366262696537,0.05468054347923901,0.05227114224218118,0.9798027305955709,0.5294560309610836,1.9847882175876155,89.16765211782412,100.0
193,LAS2-H,74416,0.10873421626012733,0.11712905142298102,0.08977477382526886,0.05655460339359586,0.05453477603014152,0.9686626531928617,0.3520748226187917,0.763276714685014,88.24177596215867,100.0
194,RealSense D435i,82130,0.009481039491067732,0.011878523026567514,0.007449466124588127,0.004622501500469722,0.014076982206300997,1.0,88.52307317667113,98.452453427493,100.0,100.0
194,UniDepthV2,82130,0.12313875194425596,0.10417336079005653,0.09060661455533287,0.08370462997867628,0.049915758638334334,0.9966151223669791,4.769268233288688,10.879094119079507,95.06879337635455,100.0
194,MoGe-2,82130,0.07043178286511978,0.06664119074856406,0.05427458499826563,0.03560531861005556,0.045347187837098145,0.9961889687081457,4.233532205040789,23.595519298672833,99.55680019481309,100.0
194,DA3,82130,0.09060892724669961,0.09814206734278708,0.07462225980108352,0.05095149921879388,0.10076026459677498,0.9522951418482893,15.462072324363813,29.887982466820894,92.54718129794229,100.0
194,BridgeDepth (RVC),82130,0.10940185277910607,0.11499177026706577,0.0908071989365842,0.060948882828012474,0.05042394206115149,0.9833678314866675,0.2812614148301473,0.9022281748447584,87.71338122488737,100.0
194,BridgeDepth (Mid.),82130,0.10986940691834453,0.11560729140477606,0.09121665305981379,0.0616924964909788,0.05040270760755653,0.9835748204066723,0.29343723365396324,0.8194326068428102,87.00474856934129,100.0
194,DEFOM-Stereo,82130,0.1102319767808636,0.11569305009269402,0.0915736988276914,0.060805659842346205,0.05114193234442912,0.9840496773408012,0.32631194447826617,1.027639108730062,87.20077925240473,100.0
194,FoundationStereo,82130,0.10988437578759248,0.11407497333016821,0.09083241249196664,0.06267737609423818,0.048708389762581336,0.9850724461220017,0.2995251430658712,0.9217094849628636,88.04578107877755,100.0
194,S2M2,82130,0.11269894401913817,0.1169654723619841,0.09316841995736157,0.06500045562419082,0.04971412003933234,0.9800560087665896,0.27152075977109463,0.7512480214294411,87.69633507853402,100.0
194,SGBM,82130,0.14514383678519163,0.1587028675400787,0.11767536490476657,0.08421910485901923,0.18074161668242808,0.9153658833556557,0.1619383903567515,0.49312066236454405,80.04870327529527,100.0
194,LAS2-M,82130,0.10773319100044706,0.11217372859408921,0.08894226106509356,0.061466936514045833,0.04952822099848867,0.98452453427493,0.513819554365031,1.2528917569706561,89.20978935833435,100.0
194,LAS2-H,82130,0.10800192147952974,0.11372941685499212,0.08937312722058621,0.06111669535001685,0.05052976198206083,0.980092536223061,0.2958723974187264,0.8754413734323634,88.79824668208937,100.0
195,RealSense D435i,80255,0.010552602304755033,0.014089772541307968,0.008522335760816695,0.004916520349821596,0.016008024299861787,1.0,85.73422216684318,97.29736465017756,99.99750794343032,100.0
195,UniDepthV2,80255,0.10346799825680565,0.08827199273969906,0.07602660411200036,0.07359508440673268,0.048023749011923175,0.9989657965235811,9.30035511806118,17.237555292505142,98.5633293875771,100.0
195,MoGe-2,80255,0.07724683723137013,0.06604495647179523,0.057554608061991294,0.045623119573779514,0.046726222355281184,0.9991028596349137,5.40402467136004,10.794343031586816,99.89533362407327,100.0
195,DA3,80255,0.09506954373562974,0.1039129333506352,0.0792936720039843,0.055626259914196785,0.10498285587738736,0.9368637468070525,15.267584574169835,28.217556538533422,90.78437480530808,100.0
195,BridgeDepth (RVC),80255,0.11802358166782613,0.12433432522796359,0.09899666689093804,0.06467073352848585,0.05461929867525065,0.9636159740826117,0.23923743068967668,0.660394990966295,82.66151641642266,100.0
195,BridgeDepth (Mid.),80255,0.11847440779962946,0.12501626247005648,0.09946774603015104,0.06535710668575045,0.054646312424801,0.9658962058438727,0.22179303470188774,0.6367204535542956,82.00610553859573,100.0
195,DEFOM-Stereo,80255,0.11793044942114175,0.12384821166870588,0.09876154650983791,0.06443725007981682,0.05481545114351606,0.9630428010715844,0.2554357983926235,0.7712915083172388,82.34253317550309,100.0
195,FoundationStereo,80255,0.11628434229571025,0.12095576397121557,0.0971020797366168,0.06478420541754659,0.05206567672838053,0.9666936639461716,0.2666500529562021,0.7401408011961872,85.01401781820447,100.0
195,S2M2,80255,0.12226307409391808,0.12888258784269643,0.10262587810154825,0.06887813062048775,0.0562819495102781,0.9476668120366333,0.2367453741199925,0.6192760575665068,82.03351816086226,100.0
195,SGBM,80255,0.14297710179533887,0.1395756528671658,0.11562565837063692,0.09438772414582053,0.08962146652126503,0.9295121799264844,0.13706311133262727,0.56694286960314,74.7542209208149,100.0
195,LAS2-M,80255,0.11790708068983922,0.12285986508048152,0.09822197826164435,0.06630518789113726,0.054933440669508414,0.9607999501588687,0.3551180611799888,0.8946483085166034,85.18472369322784,100.0
195,LAS2-H,80255,0.11721743714546604,0.12435199495529507,0.09829807585115137,0.06368018660208907,0.05599842314423806,0.9512553734969784,0.22553111955641394,0.8659896579652357,83.69571989284157,100.0
196,RealSense D435i,72067,0.01461226836316476,0.032786032768179124,0.010887271701358638,0.0058248235126994174,0.03757994452104675,0.9934089111521224,83.28083588882568,96.82101377884469,99.33395312695131,100.0
196,UniDepthV2,72067,0.09302426661566056,0.0814780283874217,0.06879946973577102,0.06419912777269687,0.043315025779374704,0.9998334882817378,8.306159545978048,16.859311474044986,99.33117793164695,100.0
196,MoGe-2,72067,0.09786398362222189,0.08843111993590494,0.07246048208090446,0.05354330107698213,0.06805012234337843,0.9658095938501672,3.8630718636824066,6.68128269526968,95.69705968057502,100.0
196,DA3,72067,0.09907113705941399,0.10907755888490482,0.08219438712106285,0.054991356890723986,0.10624769114258982,0.8981503323296377,11.361649576088917,23.103500908876462,87.37147376746638,100.0
196,BridgeDepth (RVC),72067,0.11025363130178403,0.11210225241632489,0.09000829206750532,0.06484499194673465,0.050115298803844716,0.9857910000416279,0.6396825176571802,1.8455048774057472,87.88627249642693,100.0
196,BridgeDepth (Mid.),72067,0.1110325764823343,0.11288526051220725,0.09070193562496819,0.06630141509372922,0.049804523387248674,0.9832239443850861,0.6022173810481913,1.805264545492389,87.62124134485964,100.0
196,DEFOM-Stereo,72067,0.11071563331671565,0.11339617822040833,0.090690395323772,0.062391760226118365,0.05194903159234113,0.9801434775972359,0.6632716777443213,2.057807318190018,87.73086155938225,100.0
196,FoundationStereo,72067,0.11020379702696624,0.11066819711359534,0.08963560334197022,0.06458822127702046,0.04866747318913617,0.9894542578433957,0.6715972636574299,1.6318148389692926,88.43992395964865,100.0
196,S2M2,72067,0.11321308418778456,0.11450327390948675,0.0923512281955353,0.06769913562658403,0.05048744017079357,0.9823636338407316,0.6022173810481913,1.6554039990564335,87.89598567999222,100.0
196,SGBM,72067,0.13194867242938596,0.12325695005507849,0.10417464650894998,0.0884043305226776,0.05938864198699034,0.9550002081396478,0.585566209221974,1.365396089749816,82.38861059847086,100.0
196,LAS2-M,72067,0.10727809393950406,0.10865355167870712,0.08716092969950068,0.06219958315911556,0.050975910303758476,0.9845699141077053,1.2641014611403278,3.0402264559368364,89.39459114435179,100.0
196,LAS2-H,72067,0.10951649724811346,0.11125841203289592,0.08912250705530686,0.06519839630674462,0.05086352815281788,0.9832378203616079,0.6854732401792776,2.061970111146572,89.11152122330608,100.0
197,RealSense D435i,76791,0.009617820647853185,0.015831230716163065,0.007387458697315214,0.004607103637986776,0.0189157785927002,0.9992577255147087,89.70842937323384,98.75506244221329,99.92577255147087,100.0
197,UniDepthV2,76791,0.11452701356720361,0.10219813807093564,0.08480927803520592,0.06286001534121433,0.04935290282173504,0.9992447031553177,3.7569506843249862,10.144417965647017,94.46940396661067,100.0
197,MoGe-2,76791,0.05747776947267409,0.05838407978083124,0.04088249871018534,0.02910451125688862,0.05907615460694028,0.9873292443124846,20.257582268755453,34.337357242385174,98.33183576200337,100.0
197,DA3,76791,0.08948521053692665,0.09375531062170518,0.07065604860954383,0.04466197956789353,0.09866937093480574,0.9646573166126239,8.68851818572489,19.239233764373427,94.69989972783269,100.0
197,BridgeDepth (RVC),76791,0.10070855358776251,0.10420691347595282,0.0805949725559961,0.05350108888797811,0.04978236990184142,0.9874855126251775,0.43234233178367254,0.8490578322980558,90.96378481853343,100.0
197,BridgeDepth (Mid.),76791,0.10149434685724046,0.10559169551513657,0.08127094445374872,0.0533705321939012,0.05098484007086146,0.9820812334778816,0.4232266802099204,0.794363922855543,90.31266684897969,100.0
197,DEFOM-Stereo,76791,0.10970187065201126,0.11829272399818605,0.08913357438191412,0.05319971368708698,0.060238541465059026,0.9670013413030173,0.4844317693479705,0.9519344714875441,81.99528590590043,100.0
197,FoundationStereo,76791,0.10310275352827315,0.10536201575658558,0.08219441614951005,0.05539633068839578,0.04870265002271611,0.98933468765871,0.4310400958445651,0.8125952260030471,91.0132697842195,100.0
197,S2M2,76791,0.10441030836077607,0.10748799289252906,0.08343944652344731,0.05616960947890559,0.050021393876100995,0.9803883267570418,0.2825851987863161,0.7552968446823196,90.3842898256306,100.0
197,SGBM,76791,0.12975931335586563,0.13733276775182304,0.10069232702214607,0.06513782564514237,0.12308945264279604,0.9309163834303499,0.11850347045877772,0.30602544569025014,82.16587881392351,99.98697764060893
197,LAS2-M,76791,0.10108787100475386,0.10482325204051127,0.08085944419078016,0.05354293736073312,0.051444588235236656,0.9917438241460588,0.4961518927999375,1.2527509734213647,90.99634071701111,100.0
197,LAS2-H,76791,0.10268447249943875,0.10641467277599373,0.08214111935811266,0.055269021924400086,0.05117842847095697,0.9811696683205063,0.3737417145238374,0.8581734838718078,90.72287116979855,100.0
198,RealSense D435i,66896,0.016491672833509274,0.028073863990840036,0.008789827397057883,0.004301875803159272,0.05300292641609721,0.9909411624013393,85.99617316431475,94.9189787132265,98.88483616359723,100.0
198,UniDepthV2,66896,0.1784081788080934,0.1261556755672458,0.10602898636141661,0.07750890986705211,0.08130671537289218,0.9139410428127243,0.013453719205931596,0.03737144223869888,69.35093279119829,100.0
198,MoGe-2,66896,0.04206411260998897,0.04667940628159217,0.023989868478043932,0.01154987465085705,0.07936241454306327,0.9853354460655346,42.604939009806266,63.47614207127481,98.4348839990433,100.0
198,DA3,66896,0.15977464605707256,0.14262258655246002,0.09581908554436677,0.050299305075716894,0.2234273424006242,0.7163806505620665,14.71388423822052,24.85798851949294,68.69319540779718,100.0
198,BridgeDepth (RVC),66896,0.09404816392870939,0.09311051000830718,0.06267298170533278,0.033183557806990505,0.07360919285053041,0.9669187993303038,1.3065056206649126,4.566790241569003,93.68572111934944,100.0
198,BridgeDepth (Mid.),66896,0.09306965449626592,0.09264728006961524,0.06202108122308926,0.033000817880802724,0.0715188309135287,0.9674419995216456,1.52774455871801,5.516024874431954,93.84417603444152,100.0
198,DEFOM-Stereo,66896,0.09836694577856132,0.09707868352909217,0.06656455284878869,0.03447790106481646,0.06731843876748474,0.9668739535996174,0.8670174599378139,3.7700310930399423,90.17878497966993,100.0
198,FoundationStereo,66896,0.09123915969845471,0.0895739544811424,0.061329355803729425,0.03351524956076174,0.06168206855706708,0.9732569959339871,1.0807821095431716,5.587778043530256,94.56320258311409,100.0
198,S2M2,66896,0.09327458162552855,0.09311499873031678,0.06305784743928117,0.033426595168530804,0.06445854608812096,0.9685930399425975,1.2810930399425975,5.385972255441282,92.8022602248266,100.0
198,SGBM,66896,0.10509720519461335,0.12074566043715745,0.07156135148736217,0.037784589897234266,0.1388922026959386,0.9643775412580722,2.9747668022004308,7.188770629036116,92.13256397990911,99.92974168859125
198,LAS2-M,66896,0.09362772697732687,0.09188180862573576,0.06224947731484217,0.033709849832469496,0.07088802749145066,0.967860559674719,1.2153193016024875,5.0032886869170055,92.99808658215738,100.0
198,LAS2-H,66896,0.09548884108110083,0.09444800543638425,0.06376317051879773,0.033896357629685514,0.0718191754092392,0.9660816790241569,0.9895957904807462,4.302200430519014,92.4748863908156,100.0
199,RealSense D435i,72271,0.021698952500704798,0.4886731267530855,0.013257205076699495,0.005715563192080442,0.04968662064471182,0.9987131767929045,85.46443248329206,97.65604460987119,99.8671666366869,99.99031423392509
199,UniDepthV2,72271,0.06672663070845541,0.0777872631043762,0.0538667930966501,0.026592481251238698,0.053511115078200354,0.9980905204023744,15.55672399717729,39.088984516611085,97.47616609705138,100.0
199,MoGe-2,72271,0.1297819294611718,0.09597989821734443,0.09003899372148015,0.07921714872442787,0.05128018774208299,0.9310788559726585,0.9409029901343555,2.0215577479210194,91.5872203235046,100.0
199,DA3,72271,0.11253519455752939,0.11980543764145701,0.09153458962518489,0.06366923666704949,0.10125940726384684,0.8696849358663917,5.9885707960316035,16.31913215535969,79.37623666477563,100.0
199,BridgeDepth (RVC),72271,0.10558911037830161,0.10933375202243706,0.08489468652563781,0.060102873010273616,0.050219354364275236,0.986578295581907,0.23522574753358888,0.8661842232707448,87.86373510813465,100.0
199,BridgeDepth (Mid.),72271,0.1068660172820026,0.11015513973264605,0.0858396432119844,0.06099193208949316,0.050366926967346334,0.987851281980324,0.23107470493005494,0.6586320930940488,87.67693819097563,100.0
199,DEFOM-Stereo,72271,0.10836142183474065,0.11206811391767747,0.08727809253085572,0.05930877979951832,0.0517270305803992,0.9808083463629949,0.24076047100496742,0.8412779676495414,87.35592422963568,100.0
199,FoundationStereo,72271,0.10592322166370766,0.10740830313732225,0.08464950282300719,0.06013830394651065,0.04781390226626376,0.9897469247692712,0.24214415187281207,0.9132293727774626,89.59056883120478,100.0
199,S2M2,72271,0.10993023882858897,0.11398316498653434,0.088354195264059,0.06382006719968458,0.052064663094180376,0.9684105657871068,0.11346183116326052,0.6102032627194864,88.09065877046119,100.0
199,SGBM,72271,0.1379347804008526,0.13940528182023698,0.10545593395279095,0.07435884149557181,0.12953204262554785,0.9222648088444881,0.16050698066997826,0.6032848583802631,81.86824590776384,100.0
199,LAS2-M,72271,0.10431492848310187,0.10822129593678192,0.08356167710787706,0.05732115108383706,0.051560084342054995,0.9768095086549238,0.2684340883618602,1.2010349932891478,89.30829793416446,100.0
199,LAS2-H,72271,0.10467456216277443,0.10975913190122326,0.08424530427270764,0.06036428709170771,0.05185443929260993,0.9754119909784007,0.5437865810629436,1.3490888461485244,89.63761398071148,100.0
200,RealSense D435i,91477,0.009036336712108408,0.013200091120509109,0.0065702893358879876,0.004675135333076064,0.01628439383300584,0.999344097423396,92.40902084677023,99.24243252402243,99.93222340041758,100.0
200,UniDepthV2,91477,0.06244073934503553,0.07145745554641916,0.04993535962626667,0.029648155853703173,0.0524844946886086,0.9997157755501382,20.382172567967906,38.241306557932596,98.13942302436678,100.0
200,MoGe-2,91477,0.07836326423367966,0.07605189648453438,0.05877988018952629,0.030308103556305865,0.06064709142033174,0.9825092646238945,0.45366594881773564,6.052887611093499,97.66826634017293,100.0
200,DA3,91477,0.09757728442740699,0.11050351499020566,0.07941711044716793,0.044736627627340764,0.11668903305658838,0.8865835127955661,14.859472872962604,27.58179651715732,84.38951867682587,100.0
200,BridgeDepth (RVC),91477,0.10019507736159541,0.10544706073937939,0.0796445623254893,0.04889424830113298,0.05093252072591739,0.9833510062638696,0.21754102124031177,0.5564240191523552,89.57224220295812,100.0
200,BridgeDepth (Mid.),91477,0.10119717597647561,0.10641863142637024,0.08042040146289511,0.049798187611185374,0.051151550743847266,0.9828044207833663,0.18037320856608766,0.4973927872579993,88.91633962635417,100.0
200,DEFOM-Stereo,91477,0.10248987988434662,0.10633829670916618,0.08092221119460882,0.047679261786805704,0.05061914227378765,0.9819517474337812,0.3049946981208391,0.6919772183171726,89.7012363763569,100.0
200,FoundationStereo,91477,0.10108612974568354,0.10290427997083422,0.07950045864311044,0.04929833938441475,0.04732717266608809,0.989549285612777,0.1716278408780349,0.40775276845545877,90.70695366048295,100.0
200,S2M2,91477,0.10473893707562802,0.11000339997294267,0.08303514277592237,0.05124085146311752,0.052385320450662014,0.9775134733320944,0.15850978934595583,0.44492058112968286,88.73050056298305,100.0
200,SGBM,91477,0.11409645834685331,0.11524537201331729,0.08955252599618019,0.05946070067156539,0.06581344010379377,0.9757753315040939,0.18037320856608766,0.4733430261158543,87.22083146583294,100.0
200,LAS2-M,91477,0.09773356705825187,0.10160838734895589,0.0769965293431163,0.045785435795885676,0.04977828470499998,0.9854170993801721,0.29952884331580615,1.012276309892104,91.46233479453852,100.0
200,LAS2-H,91477,0.09728713076840077,0.10374648117256421,0.0772375320443183,0.04607317711840453,0.05186572381902546,0.9790111175486734,0.47552936803786744,0.9095182395574843,90.34292773046776,100.0
201,RealSense D435i,66886,0.01585698936559253,0.03366207662368826,0.009512438138600688,0.005081307240298427,0.04747629281629798,0.9927488562628951,82.97850073258978,95.29348443620489,99.18966599886375,99.9461770774153
201,UniDepthV2,66886,0.2324996152956308,0.14746621401592366,0.13463892697054486,0.11838268072222458,0.11037517501293694,0.7600544209550578,0.019436055377807016,0.20632120324133602,46.38339861854499,100.0
201,MoGe-2,66886,0.03894432173179107,0.03317588334051822,0.02406229886238345,0.015970856663888477,0.04890973247793553,0.9952007894028646,31.97978650240708,64.01040576503304,99.3272134676913,100.0
201,DA3,66886,0.19347759778545753,0.13610324388244133,0.10706239287135157,0.08188861520309826,0.22904462726623448,0.756092455820351,4.4224501390425495,11.029213886314027,73.29336482971026,100.0
201,BridgeDepth (RVC),66886,0.08992863049978139,0.10147068164297333,0.07064882765459908,0.03272509823428049,0.057122366089128476,0.9847651227461651,0.470950572616093,10.915587716413002,88.6657895523727,100.0
201,BridgeDepth (Mid.),66886,0.09053495238433668,0.10228070537974619,0.07118933002368545,0.032936599503560204,0.05643725343166926,0.9839428280955655,0.43955386777502015,9.76736536793948,88.8676255120653,100.0
201,DEFOM-Stereo,66886,0.09498234594769778,0.10404100226784903,0.07434587502282466,0.032831590440483116,0.05576423792475211,0.9882486619023413,0.535239063481147,3.1097688604491225,88.8840714050773,100.0
201,FoundationStereo,66886,0.09094987415799724,0.09958222711648525,0.07091585751037718,0.032990224689216086,0.053106272409090965,0.9893849236013516,0.4545046796041025,3.338516281434082,88.86912059324821,100.0
201,S2M2,66886,0.0910805989541273,0.10239667299923434,0.07149492786264164,0.032225684351400385,0.0575589118058183,0.9844661065095834,0.5262685763836977,11.562957868612266,89.42529079329007,100.0
201,SGBM,66886,0.12526107702472444,0.4851051100289101,0.09871784517090183,0.03441497570853019,0.12045572799606358,0.9571808749215083,0.8716323296354992,5.73363633645307,84.22689352031816,99.87740334300153
201,LAS2-M,66886,0.0864272404775127,0.09432053923627642,0.06649090937625346,0.03350381325198565,0.05588212151894724,0.9939449212092216,0.9344257393176449,8.795562599049129,90.46138205304548,100.0
201,LAS2-H,66886,0.08854917611704555,0.10048239125131264,0.0695061406530602,0.0330647077957304,0.05679139220729964,0.9874263672517418,0.7011930747839608,12.189396884250815,89.53144155727657,100.0
202,RealSense D435i,77275,0.011836615288187914,0.01371419042715473,0.008710426130241382,0.005606557716625715,0.01695343367380798,0.9999870592041411,83.43578130054998,96.09058557101262,99.9974118408282,100.0
202,UniDepthV2,77275,0.08755719423478112,0.09224779914308529,0.07233365098955376,0.046112807527912136,0.09326891299151206,0.999521190553219,7.192494338401811,23.239081203494013,97.35231316725978,100.0
202,MoGe-2,77275,0.08739591121038312,0.08606572472353106,0.07003950878783001,0.04418227551028109,0.04791989012350716,0.9840569395017793,0.9459721772889033,6.576512455516015,98.17275962471692,100.0
202,DA3,77275,0.12884337227654147,0.09903330003828695,0.08567931174278852,0.07830202890431393,0.13585201047817883,0.9186800388223876,5.643481074086056,10.922031704949854,81.44031057910061,100.0
202,BridgeDepth (RVC),77275,0.1059932825194792,0.11774052185073507,0.08782931960507641,0.04780578731166962,0.054099884975205306,0.9703008735037205,0.6988029763830476,2.716273050792624,85.79618246522162,100.0
202,BridgeDepth (Mid.),77275,0.10679566078348149,0.11879951061180982,0.0884733939139445,0.04896668511400015,0.05448011281645133,0.9669233257845358,0.4542219346489809,2.223228728566807,85.72500808799741,100.0
202,DEFOM-Stereo,77275,0.11329998944519293,0.12733001879392786,0.0943687075137619,0.05068125342141705,0.06055166210007396,0.9341184082821093,0.3778712390812035,2.821093497250081,85.08443869297962,100.0
202,FoundationStereo,77275,0.10361616954447249,0.11311107232463224,0.08548295234454484,0.048351030364920056,0.05108870634121653,0.9804335166612747,0.6470397929472662,2.5286315108379167,87.86800388223875,100.0
202,S2M2,77275,0.10834734756530753,0.12028402484442285,0.08986661037905408,0.04904369004746645,0.05536253537604299,0.961190553219023,0.5124555160142349,2.760271756713038,85.49854416046587,100.0
202,SGBM,77275,0.1286624734029971,0.15158072811374623,0.10661975852892397,0.058701906497644396,0.15813709701279122,0.94650274991912,0.30799094144289874,1.1970236169524426,82.74215464251051,100.0
202,LAS2-M,77275,0.10456326513272358,0.11336770625531879,0.08539951821968032,0.049945017247445156,0.051547732128785,0.9742866386282757,0.6004529278550631,3.1899061792300225,87.67518602394048,100.0
202,LAS2-H,77275,0.10500585091724007,0.11737996548973695,0.0869427378699982,0.047172125047868496,0.05445911819083801,0.9683726949207376,0.6017470074409577,2.928502102879327,87.09155613070205,100.0
203,RealSense D435i,71115,0.011571393204032537,0.01580319629502382,0.009045647889692041,0.005500673182254445,0.018124192295950643,0.9997328271110174,85.10581452576812,96.39316599873445,99.97328271110175,100.0
203,UniDepthV2,71115,0.059426507920396984,0.05514399817586949,0.046126187847448964,0.04210878962516551,0.06405407992570826,0.9992406665260494,4.37460451381565,26.329185122688603,99.91141109470576,100.0
203,MoGe-2,71115,0.11663216059360236,0.10838675475123147,0.0910763889120226,0.06269479086176133,0.060771717550400305,0.938015889756029,0.2967025240807143,0.6848062996554877,93.23068269704,100.0
203,DA3,71115,0.10722248464028887,0.09001199791706781,0.07489700703432989,0.06263188398476849,0.12008690170739181,0.9710750193348802,8.56078183224355,17.504042747662236,92.30823314349996,100.0
203,BridgeDepth (RVC),71115,0.10518476050820526,0.11219725577840362,0.08614045964843299,0.05214273625698562,0.05175864309813415,0.9784996133023975,0.31920129367925193,1.709906489488856,88.95732264641777,100.0
203,BridgeDepth (Mid.),71115,0.10539643198231688,0.11325225101784407,0.08636940184308163,0.052049616270434806,0.05250303827465489,0.9774449834774661,0.23342473458482738,1.5200731210011953,88.87435843352317,100.0
203,DEFOM-Stereo,71115,0.10681239974913675,0.1131515658845594,0.08786666767790219,0.054233267421695985,0.05242723943181983,0.9856429726499332,0.5470013358644449,2.974056106306686,87.61020881670534,100.0
203,FoundationStereo,71115,0.10284424684357903,0.10869181370795476,0.0837732636515007,0.052289399776507706,0.049958742871666614,0.9827321943331224,0.22498769598537582,1.5917879490965336,90.94565140968854,100.0
203,S2M2,71115,0.10723205868861699,0.11631747350541378,0.08813060950021429,0.052495780826211424,0.05511450226460231,0.9721858960838079,0.3557617942768755,2.3511214230471773,88.35969907895662,100.0
203,SGBM,71115,0.1270522104283659,0.12891404575389645,0.10109334015752747,0.07831964366601674,0.10231112730288287,0.9508120649651972,0.29389017788089716,1.1558742881248683,84.58693665190185,100.0
203,LAS2-M,71115,0.1039230410993175,0.11254528879374237,0.08528829880539597,0.05033270561933734,0.05415559663820429,0.9761653659565492,0.47388033466919777,2.9178091823103425,89.29339801729593,100.0
203,LAS2-H,71115,0.1039839480964473,0.11171162661763812,0.08528900309912009,0.050569727924876684,0.05254645825704513,0.9824931449061379,0.38810377557477327,2.27800042185193,89.31167826759474,100.0
204,RealSense D435i,68099,0.01395149226345784,0.022248093846421707,0.009044595740376896,0.005311435723798386,0.03931226811128486,0.9943905196845768,82.88667968692639,96.27307302603563,99.42877281604723,100.0
204,UniDepthV2,68099,0.10129406956915407,0.14479729092114388,0.08581134174666624,0.014011216854147857,0.13041702625287865,0.8671052438361797,39.667249151969926,60.852582269930544,67.66472341737764,100.0
204,MoGe-2,68099,0.042164189177124875,0.050749758368420717,0.02683070729097345,0.015230832730525057,0.0819658105499863,0.9855504486115803,34.82429991629833,62.166845328125234,98.52127050323793,100.0
204,DA3,68099,0.15758669918551124,0.1347181091478514,0.09286797857238434,0.05405622045389891,0.20829001915358267,0.8229489419815269,4.116066315217551,10.192513840144496,80.07019192646001,100.0
204,BridgeDepth (RVC),68099,0.09930141186318511,0.10265296340401171,0.07323940929512558,0.040497206160295174,0.06265400183758173,0.9743461724841774,0.08517011997239314,3.0088547555764404,90.75904198299534,100.0
204,BridgeDepth (Mid.),68099,0.09941822357585568,0.10305552893185385,0.0733526204810709,0.04059708072961732,0.06323889843852672,0.9741405894359683,0.12188137858118327,3.660846708468553,90.81484309608071,100.0
204,DEFOM-Stereo,68099,0.102603076131112,0.1059616119153356,0.07645949312589156,0.040632964685254125,0.061954463208872226,0.9763432649524957,0.13803433236905094,2.669642726031219,88.7971923229416,100.0
204,FoundationStereo,68099,0.09669795565448856,0.09826024323106784,0.07092877037201539,0.03950646692249826,0.060097839464523344,0.9822317508333456,0.08810702066109634,2.654958222587703,91.47270885035023,100.0
204,S2M2,68099,0.09951880991910994,0.10358069378464904,0.07376946408841317,0.03925736002795244,0.059556854567634925,0.9695443398581477,0.09398082203850278,2.544824446761333,90.64597130648026,100.0
204,SGBM,68099,0.11750071417200969,0.12990926064280917,0.08727743375122307,0.04724650498872818,0.13859666150849181,0.9643900791494736,0.2305467040632021,2.033803726926974,87.99248153423692,100.0
204,LAS2-M,68099,0.09872367891126582,0.10354499282666559,0.07196131673869857,0.039909374680234366,0.06902668113331233,0.9656382619421724,0.23348360475190533,3.2996079237580576,90.70470932025434,100.0
204,LAS2-H,68099,0.0972644787875897,0.10203978927963361,0.0718431136771201,0.03863041931690947,0.0620056342503648,0.9694562328374866,0.06608026549582226,2.715164686706119,90.73260987679703,100.0
205,RealSense D435i,69751,0.011507857072000183,0.018707421712778557,0.00904075815419604,0.005362301759265442,0.020764517842448572,0.9981505641496179,85.59877277745122,97.08964746025147,99.80215337414518,100.0
205,UniDepthV2,69751,0.0436093949235854,0.035567666332302864,0.030379237083788025,0.03033739924627199,0.04970359846318959,0.9988243896144858,11.482272655589167,44.93125546587146,99.87813794784304,100.0
205,MoGe-2,69751,0.14125863249562584,0.12799385781009653,0.10817092374247257,0.07843302177713274,0.07264818067539712,0.9152843686828863,0.06594887528494216,0.15627016100127597,90.4531834669037,100.0
205,DA3,69751,0.10048375407591327,0.11400704900401863,0.0831514009117809,0.051091380909510264,0.12230488674217402,0.8472710068672851,12.418459950394976,25.758770483577297,82.14649252340467,100.0
205,BridgeDepth (RVC),69751,0.10024231464774504,0.10723473939140837,0.08199441737268552,0.048727856576112005,0.04878825321080246,0.9821507935370102,0.18781092744190048,1.8852776304282375,90.45174979570186,100.0
205,BridgeDepth (Mid.),69751,0.1006625352998306,0.10804509881712994,0.08241572161854323,0.048890690710724605,0.049172724175883156,0.9822511505211394,0.19928029705667305,1.90104801364855,89.72487849636565,100.0
205,DEFOM-Stereo,69751,0.1015212819094185,0.10874449584818774,0.08366094417458182,0.05132874461765713,0.04965123534405116,0.9840145660994107,0.1820762426345142,2.3053432925692823,90.98364181158693,100.0
205,FoundationStereo,69751,0.10008506952041074,0.10534103155276514,0.081556221528229,0.049315478036404126,0.04672005889203464,0.986208083038236,0.18494358503820732,1.6687932789494055,91.48542673223324,100.0
205,S2M2,69751,0.10356547732680413,0.11177490004046645,0.08506566291847582,0.05003617385924852,0.05119392868742629,0.9744089690470388,0.17634155782712793,1.4895843787185847,89.6402918954567,100.0
205,SGBM,69751,0.1290663334477617,0.13467939703077497,0.10202720411967736,0.07645889521267313,0.13942774493309354,0.9251193531275538,0.14766813379019655,0.5792031655460137,83.21744491118407,100.0
205,LAS2-M,69751,0.0995990325872938,0.10889250044462749,0.08209872719527561,0.04657772656251735,0.05177154513120352,0.98121890725581,0.20644865306590587,2.454445097561325,90.39153560522429,100.0
205,LAS2-H,69751,0.09842489330396584,0.10699988291634065,0.080854849375853,0.04697270748295179,0.049912929687372126,0.9827099253057304,0.21935169388252496,2.3698584966523777,90.5764791902625,100.0
206,RealSense D435i,66188,0.013088854028861313,0.019349136765709537,0.010354607876110889,0.006730203809440005,0.02161429609557441,0.998776213210854,78.70006647730706,96.24252130295523,99.85646945065571,100.0
206,UniDepthV2,66188,0.1053608541624331,0.12748050717187515,0.09619995212230487,0.12003163429708025,0.08477594133231012,0.996509941379102,29.71535625793195,36.379706291170606,82.1765274672146,100.0
206,MoGe-2,66188,0.10808379004380099,0.09651685695985598,0.08496904469112919,0.07951659248074316,0.05002972725774561,0.9702362966096574,0.20698616063334743,0.6798815495255938,96.00531818456518,100.0
206,DA3,66188,0.09478402350514276,0.10912076110974443,0.0813643038700533,0.05076564633854441,0.11180288738953247,0.8839215567776636,11.784613525110291,28.24983380673234,83.64507161418987,100.0
206,BridgeDepth (RVC),66188,0.10409441788910732,0.11699055105254008,0.09048856099763108,0.0648595812248805,0.053218445199695964,0.9741796095969057,0.43512419169638006,3.8979875506134043,88.5991418383997,100.0
206,BridgeDepth (Mid.),66188,0.10513527497244632,0.11912229694506528,0.0915761009980678,0.06355553198925185,0.0547278199224588,0.9700852118208739,0.41850486493019884,4.086843536592736,87.17592312805947,100.0
206,DEFOM-Stereo,66188,0.10760887859510569,0.12244642350454638,0.09425322133670634,0.07201584380710202,0.056584860399563126,0.9663080921012872,0.42303740859370276,7.034507765758144,86.2180455671723,100.0
206,FoundationStereo,66188,0.10310735705956572,0.11334987867417738,0.08918334788020416,0.06560230978915571,0.05000310109518674,0.9841209886988578,0.42908080014504135,5.407324590560222,89.87429745573216,100.0
206,S2M2,66188,0.10858733914471123,0.12208773914301944,0.09443679698156357,0.06471504120454302,0.05513399223240681,0.9646612679035474,0.44721097479905725,2.2662718317519794,86.85411252795069,100.0
206,SGBM,66188,0.14589560205064006,0.1377785955006029,0.11617719967843027,0.09897092082141651,0.1378592663562646,0.8778630567474467,0.3731794282951592,0.5454160875083097,74.88064301686106,100.0
206,LAS2-M,66188,0.10511381137909584,0.12001451354910592,0.09163120921774988,0.0599415266886939,0.05595685709942227,0.9712334562156282,0.5665679579379949,5.730646038556838,86.69698434761588,100.0
206,LAS2-H,66188,0.10414013215055093,0.11793878246339116,0.09068919460792435,0.06322617484073961,0.05376227051173649,0.9773674986402369,0.43814588747204936,6.810902278358615,87.591406297214,100.0
207,RealSense D435i,67979,0.014152477460406982,0.01751748636056582,0.011073086376233932,0.007376651223416575,0.019997559998589695,0.9996028185174833,74.21997969961312,95.01316583062417,99.95439768163698,100.0
207,UniDepthV2,67979,0.09713525613537889,0.10426940470893847,0.08375346696988958,0.09682477463408934,0.09323297852509486,0.9995586872416482,10.762147133673635,18.41303932096677,95.32796893158181,100.0
207,MoGe-2,67979,0.1068572833313767,0.09981594778279743,0.08658790993528002,0.08316949380432126,0.04741956022802626,0.980773474161138,0.2250695067594404,0.8458494535077009,95.84283381632564,100.0
207,DA3,67979,0.08846069976276008,0.08682906577970657,0.06926424620992168,0.0569532085200547,0.1073301393628907,0.9957781079451007,13.74689242265994,25.33576545697936,98.53631268479973,100.0
207,BridgeDepth (RVC),67979,0.10311420325613764,0.11310746636133474,0.08868538248448522,0.06260899961384336,0.05145644478427746,0.9850542079171509,0.4368996307683255,7.212521513996969,90.0101501934421,100.0
207,BridgeDepth (Mid.),67979,0.10438333596582046,0.11601592695006874,0.09003110419997314,0.06129822094815163,0.05331063682790045,0.9817149413789553,0.4339575457126465,7.0124597302108,88.11838950264053,100.0
207,DEFOM-Stereo,67979,0.1073228770561595,0.11871433780322957,0.09265597277219005,0.07706593024466935,0.05381373320464431,0.9765957133820738,0.38100001471042527,6.622633460333338,89.33199958810809,100.0
207,FoundationStereo,67979,0.10164634711415477,0.1113062576590257,0.08740491200619782,0.062371500609726516,0.05083744136150739,0.9889524706159255,0.3868841848217832,7.745038909074861,90.43233939893203,100.0
207,S2M2,67979,0.10652900629204722,0.11834116190273444,0.09203537245528845,0.06305741505563656,0.0546665368282987,0.9709027787993351,0.4795598640756705,6.662351608585004,87.85213080510158,100.0
207,SGBM,67979,0.14656113541629737,0.1410343101649895,0.11588854579502386,0.10419909473502464,0.15065427518989286,0.8943350152252901,0.3059768457906118,0.7163977110578267,78.46246634990217,100.0
207,LAS2-M,67979,0.10124970368971972,0.11234010315195536,0.08687862879857508,0.055646758889978054,0.052544266784834315,0.9836861383662602,0.5413436502449286,6.706482884420188,89.18636637785198,100.0
207,LAS2-H,67979,0.10429140714529328,0.11521785383104378,0.0897361924426035,0.06014010013512583,0.05270253400099679,0.981965018608688,0.4427838008796835,6.790332308507038,89.85863281307462,100.0
208,RealSense D435i,83855,0.013807591046060089,0.018236840330683343,0.00949747846694871,0.007128871648272028,0.02589313459433439,0.998986345477312,74.98181384532825,97.13433903762447,99.89624947826606,100.0
208,UniDepthV2,83855,0.05964805082611347,0.08172804642920266,0.05104577222771293,0.015980991585632154,0.06677842737408453,0.9969590364319361,27.71808478921949,59.171188360861,97.89398366227417,100.0
208,MoGe-2,83855,0.1169448746776083,0.08283782887206721,0.07427025705357791,0.06783564290549071,0.05411898061650211,0.9947289964820225,0.968338202850158,8.248762745214954,92.34988969053724,100.0
208,DA3,83855,0.17117339015717592,0.1161437599187557,0.09708592254110915,0.08961462859571168,0.13969178389547698,0.8770019676823088,7.128972631327887,12.544272851946815,69.32323653926422,100.0
208,BridgeDepth (RVC),83855,0.09076293127963209,0.09722504653625129,0.07121187634158128,0.04150970883301397,0.054470310508372165,0.9909963627690657,0.07512968815216743,3.024268081807883,92.58720410231948,100.0
208,BridgeDepth (Mid.),83855,0.0913340639212937,0.09789007133560172,0.07164276316218475,0.041758079390966873,0.054830423889333284,0.9917953610398903,0.07989982708246378,2.9813368314352156,92.10064993142926,100.0
208,DEFOM-Stereo,83855,0.09485459207355318,0.09920822543675588,0.07449862285083193,0.04342567081992599,0.05223353498335762,0.9953848905849383,0.06320434082642656,3.8149186095045016,91.9325025341363,100.0
208,FoundationStereo,83855,0.09052214491663145,0.09542978067711663,0.07078114824736309,0.04178935957664942,0.051767558287425526,0.993190626677002,0.08944010494305646,3.0767396100411424,92.73507840915866,100.0
208,S2M2,83855,0.09498924401333973,0.10015480990041115,0.07423568799218572,0.043179662235990235,0.0536364037756573,0.9890286804603184,0.07632222288474153,2.213344463657504,91.605748017411,100.0
208,SGBM,83855,0.10833824052774439,0.10808503221064847,0.08304412072293463,0.048897044507079324,0.05931533936066074,0.9782600918251744,0.10136545226879733,1.078051398246974,88.7854033748733,100.0
208,LAS2-M,83855,0.0913131144743596,0.09381134392303818,0.07062140778113941,0.041808420777319166,0.04881966499903647,0.9971140659471707,0.1049430564665196,2.961063740981456,93.52692147158787,100.0
208,LAS2-H,83855,0.09181550575730095,0.09724161723111469,0.07170238883253127,0.04233866028628308,0.05369592514298919,0.9931667759823505,0.08347743128018603,2.5722974181623037,92.58481903285433,100.0
209,RealSense D435i,82076,0.013870971071089307,0.021381089886182914,0.00955438552954777,0.0067907412720651095,0.029144184676684243,0.9975876017349773,78.57473561089722,97.19528242117063,99.75023149276281,100.0
209,UniDepthV2,82076,0.035640612490424224,0.04896874503850762,0.028292440633679514,0.013361990085776432,0.049949319349683205,0.9948706077294215,35.96910180808032,69.88644670792924,99.47365856035869,100.0
209,MoGe-2,82076,0.04293491124528529,0.0439286204125418,0.029488428971594916,0.02102746591903648,0.059064772813578574,0.9942979677372191,17.315658657829328,47.832496710366,99.4066474974414,100.0
209,DA3,82076,0.150216894036983,0.10688540121501755,0.08788440317820892,0.07315248274447944,0.1450414091600724,0.9074272625371607,4.963692187728447,10.43057653881768,81.73887616355573,100.0
209,BridgeDepth (RVC),82076,0.08962573211661978,0.09108666240133953,0.06862635356134991,0.04172948920529651,0.04716557996328022,0.9946878502851016,0.20225157171402117,1.3816462790584336,93.29402017642185,100.0
209,BridgeDepth (Mid.),82076,0.09088669349483451,0.0933974652024174,0.06974941262234352,0.0421485570899468,0.04865034047851821,0.9901920171548321,0.19128612505482723,1.3146352161411377,92.32906087041279,100.0
209,DEFOM-Stereo,82076,0.0934428440444868,0.09269529650999558,0.07124406319422878,0.04349967583211711,0.04640347674890627,0.9966494468541351,0.29119352794970516,3.098347872703348,93.3890540474682,100.0
209,FoundationStereo,82076,0.08889063936936922,0.08831533568411001,0.06753732286691448,0.04295057854364409,0.04458368176356512,0.9969905940835323,0.21930893318387834,1.6155758077879039,94.51362152151664,100.0
209,S2M2,82076,0.09329620927329324,0.09500806529084085,0.07147819190603205,0.043068938384115185,0.04897645286151695,0.9893513329109606,0.21809055022174573,1.636288318144159,92.88708026706955,100.0
209,SGBM,82076,0.10385249313864955,0.10164806068089413,0.07905057519599265,0.04838823952160176,0.05244683144218652,0.9889127150445928,0.2412398265022662,1.5461279789463425,91.3787221599493,100.0
209,LAS2-M,82076,0.08806709409301271,0.08943811892371292,0.06700843987254405,0.041447363256030545,0.045965037010822316,0.9934816511525902,0.43618110044349145,2.7498903455334083,93.67781080949365,100.0
209,LAS2-H,82076,0.0896818431557272,0.09035196726708301,0.06842220653848585,0.042554291644157194,0.046069848956990296,0.9956138213363225,0.2948486768361031,1.8738729957600273,93.94219991227642,100.0
210,RealSense D435i,81642,0.014234096223587418,0.01868775294029847,0.00992466844519459,0.005955604538885773,0.024682785149493645,0.9990201121971535,77.34131941892653,93.09669042894588,99.89098748193331,100.0
210,UniDepthV2,81642,0.05735267928638533,0.05835751584917637,0.04474151343991689,0.03306818167615827,0.06432070479557332,0.9990201121971535,10.109992405869528,32.658435609122755,99.90078635996178,100.0
210,MoGe-2,81642,0.05963508043592943,0.04596859926062115,0.03583460829912444,0.03827238323758847,0.059997441525462124,0.9949780750104114,19.155581685896962,36.0929423581,99.41574189755273,100.0
210,DA3,81642,0.11290430626518717,0.09141162894604568,0.07551741025119048,0.06316872182094829,0.12314843747430769,0.9593714019744739,6.625266406996399,13.842140074961417,87.21981333137356,100.0
210,BridgeDepth (RVC),81642,0.09224500416934422,0.10139298360764765,0.07468543901725289,0.044708970602777565,0.052092189193590446,0.9847259988731291,1.0117341564390878,10.557066215918278,90.90296661032312,100.0
210,BridgeDepth (Mid.),81642,0.09531992764718854,0.10393794576638861,0.07671447372281678,0.04499940106496636,0.05188931239072791,0.9780627618137723,1.0227578942211117,3.918326351632738,90.09088459371401,100.0
210,DEFOM-Stereo,81642,0.09775781452412656,0.10577896385617734,0.07878070729505056,0.04732353070156009,0.05235253991693027,0.977781044070454,0.7165429558315572,6.593420053403885,90.92011464687293,100.0
210,FoundationStereo,81642,0.09310926736461475,0.09723934128171849,0.07397381361392619,0.04548489871039829,0.046438088379991665,0.990764557458171,0.6712231449499032,3.4357316087308,93.0085005266897,100.0
210,S2M2,81642,0.09845351799510689,0.10720430292947677,0.07910291380153571,0.04685936837692156,0.05353275666797144,0.9746454031013448,0.7214423948457902,3.2177065725974376,89.10732221160677,100.0
210,SGBM,81642,0.10833060628186177,0.11508547408546198,0.08667125173800107,0.0540471863955751,0.07066718427294162,0.9746943974914872,0.726341833860023,3.888929717547341,88.02699590896842,100.0
210,LAS2-M,81642,0.09135736907215052,0.10120264924034617,0.07348477185159459,0.044957713288906465,0.052791539752641316,0.9849097278361627,1.0803263026383478,5.858504201268955,90.59675167193356,100.0
210,LAS2-H,81642,0.09293945652867093,0.10125671389784152,0.07471270426453104,0.04514562429056029,0.05064122828211366,0.9840033316185297,1.0031601381641804,3.6672301021533036,91.35983929840033,100.0
211,RealSense D435i,85870,0.012820482705526505,0.014536986532756693,0.008909148889973423,0.005651516929262024,0.020864158579892263,0.9998951904040992,83.10702224292535,94.3717247001281,99.98951904040993,100.0
211,UniDepthV2,85870,0.05331801879445782,0.04506703046595065,0.03871035373377465,0.03098500176202884,0.05873069469862556,1.0,3.1186677535809944,25.20088505880983,99.97787352975428,100.0
211,MoGe-2,85870,0.054624146219346005,0.04593917360025749,0.039187234440895204,0.030210965879820417,0.06036523174259212,0.9972167229533015,2.9789216257132876,18.29859089321067,99.44101548852917,100.0
211,DA3,85870,0.12639471218475049,0.10085262938264379,0.08561953728123524,0.07555178605375029,0.14345971772612381,0.884278560614883,5.714452078723652,11.356701991382321,83.16990800046582,100.0
211,BridgeDepth (RVC),85870,0.10041559333702041,0.10940251605185478,0.08266149100080246,0.05003226834262309,0.051890189203868765,0.9830557819960405,0.24455572376848722,1.8225224176080121,89.5737743100035,100.0
211,BridgeDepth (Mid.),85870,0.10040272867468698,0.11005393299318782,0.08283296372643044,0.050429493625843425,0.05237088948745588,0.9835332479329219,0.2503784790963084,1.935483870967742,88.9484103877955,100.0
211,DEFOM-Stereo,85870,0.10208136508840189,0.11119359208035907,0.08451111850611183,0.050281993826931326,0.05169843647885179,0.9856760218935601,0.2701758472109002,2.2033306160475137,89.53650867590544,100.0
211,FoundationStereo,85870,0.0987060398024109,0.106280307116066,0.0809153179229452,0.05087834887628928,0.04934541496546224,0.9868871550017468,0.23058111098171655,1.81087690695237,91.54535926400372,100.0
211,S2M2,85870,0.1032890406349782,0.11311672390004417,0.08533260013453758,0.050554473997703964,0.05325634201292815,0.9784092232444392,0.19331547688366135,1.806218702690113,88.47094445091417,100.0
211,SGBM,85870,0.11528212019272731,0.16649151418539135,0.09468917173071278,0.05735142524204867,0.0921984557532853,0.972656340980552,0.5601490625363922,2.3093047630138583,86.51216955863515,99.99534179573774
211,LAS2-M,85870,0.09968592558296367,0.1077904826248723,0.08175948901081831,0.04768487422307888,0.05057269506681757,0.9854780482124141,0.25387213229300104,2.0845464073599627,89.88238034237801,100.0
211,LAS2-H,85870,0.09947408837198013,0.10861539481054158,0.08186644202344684,0.04904794544209312,0.05140070861363669,0.9833352742517759,0.2725049493420287,2.162571328752766,90.10131594270409,100.0
212,RealSense D435i,82931,0.012527167496008781,0.015936962522287598,0.008910516125942677,0.005973339570368497,0.020531154717178375,0.9996261952707672,81.78003400417214,96.17031025792527,99.96261952707673,100.0
212,UniDepthV2,82931,0.046065536336260295,0.04999731620519576,0.03674680808861279,0.02715353229267048,0.0540785041896386,0.9999035342634238,19.2063281523194,44.86983154670751,99.97950103097756,100.0
212,MoGe-2,82931,0.04869462547246718,0.051036973580311874,0.038430535198222135,0.024817141350147676,0.058522794376112484,0.9966236992198334,17.965537615608156,39.930785834006585,99.63101855759608,100.0
212,DA3,82931,0.1256374607063546,0.09348762617075856,0.08138470094869321,0.07800712338120586,0.12426218172693335,0.9345841723842713,7.0576744522554895,14.544621432275024,81.26997142202555,100.0
212,BridgeDepth (RVC),82931,0.09707175709053324,0.10785990380035579,0.079904205035805,0.046398953801387366,0.05190329067570947,0.9799230685750805,0.5185033340970204,2.8975895624073025,89.45750081392966,100.0
212,BridgeDepth (Mid.),82931,0.09735198581250842,0.1079959201085222,0.08008998803436652,0.04713160829676666,0.05168329640490575,0.9813097635383632,0.5004160084889848,3.0700220665372417,89.27180427102049,100.0
212,DEFOM-Stereo,82931,0.10206823391351912,0.11123429589571604,0.08372001465066657,0.05034846556190731,0.05203025677407942,0.9785484318288697,0.4606238921513065,3.119460756532539,89.03546321640881,100.0
212,FoundationStereo,82931,0.09622775987887278,0.1049717781082866,0.07863142848424598,0.0475712785404242,0.049306184937076496,0.9846137150160977,0.5004160084889848,2.7227454148629584,91.07209607987363,100.0
212,S2M2,82931,0.10068765202931886,0.11078748879904697,0.08245800227983922,0.04909220151727711,0.05226278495815361,0.9743401140707335,0.5619129155563058,2.925323461672957,89.0800786195753,100.0
212,SGBM,82931,0.11788823123601129,0.12768721664272306,0.09549222273124036,0.05935681690531791,0.1041585490583218,0.9634997769229842,0.49438689995297297,1.9823708866407015,85.47949500186903,100.0
212,LAS2-M,82931,0.09829346754875509,0.10686260611962453,0.07951002182448291,0.04850560348423372,0.050916219634342036,0.9816594518334519,0.9417467533250533,5.034305627569907,90.33172155165138,100.0
212,LAS2-H,82931,0.09661246000122535,0.1076542234643612,0.07927684465145281,0.04685407134051356,0.051916326307354085,0.9800195343116567,0.48835779141696106,2.336882468558199,90.11467364435495,100.0
213,RealSense D435i,88908,0.01143324837206043,0.019635455584565132,0.008538308475750857,0.005339449671359131,0.021982423201706767,0.998875241823008,85.56260404013138,97.5289062851487,99.88752418230081,100.0
213,UniDepthV2,88908,0.05738324198548883,0.06539132506165489,0.047956719533856794,0.024537458021258618,0.054164263193530654,0.999853781436991,16.504701489179826,41.8713726548792,99.98312862734512,100.0
213,MoGe-2,88908,0.0418613748532404,0.03944596854960448,0.027911101066895382,0.0279497981174181,0.05366352082169326,0.9968956674315023,35.546857425653485,58.121878796058844,99.63557835065461,100.0
213,DA3,88908,0.10846317082047588,0.08636560933811384,0.07312407253729737,0.06259251140099353,0.10944274926438684,0.9707225446528996,6.336887569172628,14.43852071804562,88.85252170783282,100.0
213,BridgeDepth (RVC),88908,0.09438744112036146,0.10281100562764468,0.07679155783076053,0.04388260249674791,0.04929899661985412,0.9887186754847708,0.11809960858415441,0.7389661222837091,89.13708552661178,100.0
213,BridgeDepth (Mid.),88908,0.09467059070906324,0.10325590728574208,0.07699208245668156,0.0445110301825023,0.049285640180092745,0.9862442074953884,0.1136005758761866,0.7018491024429747,88.95599946011608,100.0
213,DEFOM-Stereo,88908,0.09781280138072711,0.10472569875721771,0.07965849850029004,0.046734090311178755,0.04943519645004506,0.9884262383587529,0.1315967067080578,5.362846987897602,89.68034372609888,100.0
213,FoundationStereo,88908,0.09405278015373535,0.09894046500889295,0.07570753020951888,0.04558839950876992,0.04569467031188243,0.9928577855761012,0.11247581769919467,0.6186169973455706,91.340486795339,100.0
213,S2M2,88908,0.10061876918973528,0.10667730857556344,0.08098406889849555,0.048284535943105444,0.04921710118103612,0.9787758132001619,0.11135105952220273,0.7682098348854997,88.35875286813335,100.0
213,SGBM,88908,0.11381114151545575,0.1167759574029835,0.0901078256300458,0.055588494172558456,0.08862906420372073,0.9735231925136095,0.1810860664957034,0.4071624600710847,87.09677419354838,100.0
213,LAS2-M,88908,0.09390660178318387,0.09938004213455628,0.0751552207258351,0.046097128581001845,0.047650043870284715,0.993993791334863,0.18558509920367122,4.019885724569218,90.93332433526791,100.0
213,LAS2-H,88908,0.09414846434736622,0.10143269231104937,0.07616740021950448,0.044912746802794334,0.04823051617328534,0.9905295361497278,0.1709632429027759,1.1146353533990192,90.6285148693031,100.0
214,RealSense D435i,83918,0.012533507463871284,0.014248527666864646,0.008762826696312433,0.005328810674157691,0.01946509519680605,0.9998331704759408,82.0908505922448,93.85590695679116,99.97974212922138,100.0
214,UniDepthV2,83918,0.07120343169498443,0.09187776625577669,0.06312535752220559,0.02386265229829515,0.07766686971211006,0.996210586524941,30.60964274649062,47.93369718058104,96.80283133535119,100.0
214,MoGe-2,83918,0.04842010249719179,0.054205875847038176,0.039662182709433384,0.023009840170206797,0.05633495242422275,0.996591911151362,21.640172549393455,43.106365737982316,99.62582521032436,100.0
214,DA3,83918,0.12148388311680017,0.09739473206997476,0.08247627697628221,0.06669521739866524,0.13049363232816244,0.9195881694034653,4.728425367620773,11.224052050811506,86.75135251078434,100.0
214,BridgeDepth (RVC),83918,0.09445666212645039,0.10762657492855442,0.07834226177908636,0.041357355919923344,0.05247564976405571,0.9819109130341523,0.7006840010486427,2.9636073309659428,89.67086918182035,100.0
214,BridgeDepth (Mid.),83918,0.09493527872037028,0.10852069503279577,0.07873390840909927,0.04139965784629884,0.05296485572724411,0.9800757882695011,0.7400081031483114,2.8051192831097023,88.97018518077171,100.0
214,DEFOM-Stereo,83918,0.1013999104784504,0.11437097613165009,0.08443177965173439,0.04404475296278337,0.055251860558217625,0.9810648490192807,0.8806215591410662,5.7019948044519655,87.40437093353034,100.0
214,FoundationStereo,83918,0.09458555618287219,0.10506207834167229,0.07784204191630435,0.04340537656154814,0.04954056695025964,0.9878571939274053,0.6744679329821969,2.383278915131438,90.43471007411998,100.0
214,S2M2,83918,0.10040162860711192,0.11311961018741687,0.0829025639075343,0.045314592669815745,0.05393953052638395,0.9721752186658404,0.6482518649157512,2.666889106032079,87.65699849853429,100.0
214,SGBM,83918,0.11165138816184941,0.11956644993449944,0.0905810926046578,0.052517344885681716,0.06730732512613027,0.968576467503992,0.7161753139969971,1.8172501727877215,86.64291332014585,100.0
214,LAS2-M,83918,0.09181842507990014,0.1019425087403855,0.07464662432968044,0.04226258041525155,0.049495870043986,0.9829714721513859,1.0438761648275698,6.289473057031865,91.52029361996235,100.0
214,LAS2-H,83918,0.09442296367783179,0.10799999513563223,0.07808528610474888,0.04188533637997721,0.05253704459433716,0.9791463094926,0.7447746609785744,3.3377821206415788,89.66967754236278,100.0
