pair,scene,object,frame_id,rot_deg,origin_m,centroid_m,adds_m,diameter_m,adds_frac_diam
network -> ZED,scene_001,apple,0,27.61914408651743,0.0566439627897332,0.04723184753547671,0.014787717653693409,0.13449611403964654,0.10994903279758932
network -> ZED,scene_001,apple,1,28.172132877887158,0.061780924245476404,0.042330881072148385,0.011868383389440285,0.13449611403964654,0.08824331821171981
network -> ZED,scene_001,apple,2,26.799403007576966,0.06587987806787149,0.038420935842632245,0.009745909484857318,0.13449611403964654,0.07246238714364964
network -> ZED,scene_001,apple,3,35.01099374009281,0.07184622882856062,0.029695761536793663,0.005074704802936089,0.13449611403964654,0.03773123736080714
network -> ZED,scene_001,apple,4,44.95675045445539,0.06443750606365449,0.03540356295137841,0.008796350908507614,0.13449611403964654,0.06540226809760943
network -> ZED,scene_001,apple,5,41.7706500596434,0.07373028613489838,0.02918865442832066,0.007967447002690973,0.13449611403964654,0.05923923571756388
network -> ZED,scene_001,apple,6,29.279786578483318,0.06733380032200116,0.03865670323745573,0.010654102859464451,0.13449611403964654,0.07921494933544217
network -> ZED,scene_001,apple,7,34.707384826953074,0.07493352727405952,0.02712851035019777,0.004526975076956977,0.13449611403964654,0.03365877972966954
network -> ZED,scene_001,chips_box,0,13.95513472589518,0.029999307929956292,0.03189746854195105,0.016523412220612172,0.2694943619712671,0.06131264528040057
network -> ZED,scene_001,chips_box,1,17.828338707726168,0.03554464075070559,0.04079537127541678,0.020704334342029247,0.2694943619712671,0.07682659551978567
network -> ZED,scene_001,chips_box,2,19.339120240942194,0.033672261311476166,0.04147667905666689,0.02114311891780734,0.2694943619712671,0.07845477272011195
network -> ZED,scene_001,chips_box,3,23.551946774161227,0.03651846105600394,0.04595408801446304,0.0230490758381152,0.2694943619712671,0.08552711704066242
network -> ZED,scene_001,chips_box,4,27.451139643727792,0.031313253707687234,0.040858284392472174,0.02159616987802234,0.2694943619712671,0.08013588751932732
network -> ZED,scene_001,chips_box,5,31.568210045618574,0.023512408481622515,0.03396746474764743,0.017758540746890653,0.2694943619712671,0.06589577836431336
network -> ZED,scene_001,chips_box,6,32.957050280038274,0.01858838763960866,0.03203889838161773,0.017016754802242694,0.2694943619712671,0.0631432682961174
network -> ZED,scene_001,chips_box,7,37.730093189690926,0.02524597060719382,0.04287695968544304,0.021094541337848965,0.2694943619712671,0.07827451818861435
network -> ZED,scene_001,lemon,0,38.67470694466937,0.03932114458058733,0.02568879941181732,0.011951349460527439,0.10349089662648787,0.11548213272961984
network -> ZED,scene_001,lemon,1,21.36985836612896,0.037838805005053835,0.03484510986339848,0.016396192190071723,0.10349089662648787,0.15843125071423156
network -> ZED,scene_001,lemon,2,20.258452743827164,0.04755939068887341,0.047279217068039885,0.023721681296974394,0.10349089662648787,0.22921514906368076
network -> ZED,scene_001,lemon,3,39.37550206165766,0.05008910389075203,0.03707945905466038,0.017431669421576573,0.10349089662648787,0.1684367416826017
network -> ZED,scene_001,lemon,4,25.371012082485933,0.05136066762008047,0.027673204328561612,0.012323533533408423,0.10349089662648787,0.11907843042355368
network -> ZED,scene_001,lemon,5,39.10457187958767,0.06133292186070306,0.024263235438454114,0.010899914910676376,0.10349089662648787,0.10532245121052133
network -> ZED,scene_001,lemon,6,54.06820535907225,0.07852531972379584,0.032025748566633434,0.016749553873367233,0.10349089662648787,0.1618456735747353
network -> ZED,scene_001,lemon,7,70.9832491756328,0.08256282526968818,0.04692968271814694,0.024350933690006932,0.10349089662648787,0.2352954171214945
network -> ZED,scene_001,orange,0,88.49959879702277,0.059311354199511356,0.051757347953424356,0.02090830306052962,0.127517730652621,0.1639638892060213
network -> ZED,scene_001,orange,1,86.71833460862028,0.05757756762176823,0.05502606857607285,0.02285815648622622,0.127517730652621,0.17925473084598367
network -> ZED,scene_001,orange,2,92.9087439198153,0.06477128320780462,0.04697136103301705,0.018177764714098734,0.127517730652621,0.14255087995267038
network -> ZED,scene_001,orange,3,86.21424133273953,0.05420647350166017,0.04600651148653697,0.016862991630403744,0.127517730652621,0.13224036801863476
network -> ZED,scene_001,orange,4,81.79807659950076,0.06000280742906134,0.0345444429599674,0.009241868148781666,0.127517730652621,0.072475161700909
network -> ZED,scene_001,orange,5,84.9768469662717,0.03774936487395979,0.05764107858889875,0.02423308594820115,0.127517730652621,0.1900369919083332
network -> ZED,scene_001,orange,6,83.84131491160225,0.030615289374005816,0.08114191524412394,0.04202504594747976,0.127517730652621,0.3295623732668424
network -> ZED,scene_001,orange,7,84.62473967635611,0.03848648286089485,0.12288668564919662,0.08086292395274841,0.127517730652621,0.6341308266615263
network -> ZED,scene_001,rubiks_cube,0,7.49121720241502,0.030728239109169126,0.03571778449419989,0.016438076864562255,0.12883775017150678,0.12758742560065
network -> ZED,scene_001,rubiks_cube,1,2.4980498416370427,0.023263479565238443,0.028162222472478644,0.013572235871068044,0.12883775017150678,0.1053436267941725
network -> ZED,scene_001,rubiks_cube,2,13.867056397190726,0.02592257765047105,0.03080344822542436,0.01323834216636423,0.12883775017150678,0.10275204393697931
network -> ZED,scene_001,rubiks_cube,3,19.267771356722854,0.02697476707489731,0.028178765507049855,0.012067799971281159,0.12883775017150678,0.093666646268013
network -> ZED,scene_001,rubiks_cube,4,38.50968361132215,0.0399980338212958,0.030221880636873005,0.012834003584193064,0.12883775017150678,0.09961368905548755
network -> ZED,scene_001,rubiks_cube,5,47.972811880839124,0.07072921040316164,0.04549244551346154,0.024336049743741137,0.12883775017150678,0.18888912381150222
network -> ZED,scene_001,rubiks_cube,6,46.12404009360546,0.07297595938604881,0.043107486496869935,0.02090628594610508,0.12883775017150678,0.1622683252251375
network -> ZED,scene_001,rubiks_cube,7,37.3337311010016,0.05781064486507417,0.02235313002294774,0.01054685357301752,0.12883775017150678,0.08186151620140615
network -> ZED,scene_001,scissors,0,68.44038234309726,0.20180562734815635,0.10122003262387717,0.049011718134262,0.20983996337550315,0.23356713061637743
network -> ZED,scene_001,scissors,1,57.27881837743676,0.18556045707821156,0.08393632666321793,0.04063004945939589,0.20983996337550315,0.19362398280011836
network -> ZED,scene_001,scissors,2,56.12200520516571,0.18329802097645673,0.08117902458353346,0.03862033626602858,0.20983996337550315,0.1840466212668866
network -> ZED,scene_001,scissors,3,52.299509752770646,0.2068064687795175,0.10098916038620022,0.03382252224915899,0.20983996337550315,0.16118246355502108
network -> ZED,scene_001,scissors,4,62.9204712683243,0.20418351053365322,0.09776854512517993,0.0302902079923299,0.20983996337550315,0.14434909111247965
network -> ZED,scene_001,scissors,5,52.7640959486514,0.19966300848582694,0.09139100054033766,0.021814699141447746,0.20983996337550315,0.10395874451431784
network -> ZED,scene_001,scissors,6,78.32163520979276,0.19349437030373348,0.09043368505307009,0.03939771379796498,0.20983996337550315,0.18775124225247694
network -> ZED,scene_001,scissors,7,79.41884332633852,0.1930023166852626,0.0873869064767112,0.030934762916405716,0.20983996337550315,0.14742074111521247
network -> ZED,scene_001,wood_block,0,2.1672534432517776,0.03878311728615011,0.03704988028006606,0.019015047906019877,0.24655690811826406,0.07712234895847686
network -> ZED,scene_001,wood_block,1,3.226092604894129,0.0463219684269267,0.045416916174115536,0.022599838714195394,0.24655690811826406,0.09166175422412055
network -> ZED,scene_001,wood_block,2,3.985022805301782,0.05271106599709566,0.05273890077538324,0.026700739642949656,0.24655690811826406,0.10829442925258585
network -> ZED,scene_001,wood_block,3,1.606236150470574,0.04428377264904088,0.04272952001088054,0.02251486048064667,0.24655690811826406,0.09131709450966646
network -> ZED,scene_001,wood_block,4,3.534353017029335,0.04644971005421351,0.04606691674641603,0.024069310003936174,0.24655690811826406,0.0976217222532294
network -> ZED,scene_001,wood_block,5,1.2930844024920658,0.04645911750163184,0.04601850292649225,0.024226448944339906,0.24655690811826406,0.09825905560398815
network -> ZED,scene_001,wood_block,6,2.547141111847024,0.04123722768973039,0.038067864178370284,0.020567043522813706,0.24655690811826406,0.08341702400383959
network -> ZED,scene_001,wood_block,7,2.5549254145928897,0.03589520059759766,0.03720084472991904,0.01980161080229844,0.24655690811826406,0.08031253698558044
network -> ZED,scene_002,apple,0,95.1658392210264,0.05995941085744751,0.041717823010273145,0.012967883693304592,0.13449611403964654,0.09641827785062951
network -> ZED,scene_002,apple,1,89.04140214227363,0.06493129316059051,0.03614530741022917,0.009218629994954946,0.13449611403964654,0.06854198027042992
network -> ZED,scene_002,apple,2,86.24519770108213,0.070860672584281,0.034124044574104145,0.007992684039546652,0.13449611403964654,0.059426877100631936
network -> ZED,scene_002,apple,3,82.55189526966741,0.06899826228507286,0.04022939356384133,0.011604431183072975,0.13449611403964654,0.0862807915747829
network -> ZED,scene_002,apple,4,77.34055748053534,0.06822038943980668,0.0409832748529029,0.01221154148660577,0.13449611403964654,0.09079475324473742
network -> ZED,scene_002,apple,5,74.28722421956158,0.07049422806004352,0.03769703454372909,0.010390201140494992,0.13449611403964654,0.07725279808033848
network -> ZED,scene_002,apple,6,74.26170985711713,0.07203388409884033,0.0341687911594269,0.0094652010729677,0.13449611403964654,0.07037527545351656
network -> ZED,scene_002,apple,7,69.77112456022907,0.07235451631156359,0.03194403271346194,0.010676891688991823,0.13449611403964654,0.07938438790762763
network -> ZED,scene_002,apple,8,66.87802689485221,0.06945289015304738,0.02486180897640936,0.007576332684754454,0.13449611403964654,0.05633123855549548
network -> ZED,scene_002,apple,9,65.32492802765081,0.06996967363943304,0.0223778531867627,0.0064025250662890654,0.13449611403964654,0.04760379221366753
network -> ZED,scene_002,apple,10,65.65142658177997,0.06677477988367275,0.021386958880404476,0.008851937340340477,0.13449611403964654,0.06581556205951881
network -> ZED,scene_002,chips_box,0,4.43203981861907,0.05124425434936175,0.04512897696794615,0.022230575209843787,0.2694943619712671,0.08248994541939235
network -> ZED,scene_002,chips_box,1,5.008666616986841,0.04020739284441416,0.03361295018546411,0.01752690176530229,0.2694943619712671,0.06503624653628551
network -> ZED,scene_002,chips_box,2,7.253900117639886,0.040148530761640995,0.031144732072877407,0.01629983932553075,0.2694943619712671,0.060483043898590376
network -> ZED,scene_002,chips_box,3,7.371118647209295,0.0469714267861578,0.03862131995581775,0.01962043520100881,0.2694943619712671,0.07280462217276626
network -> ZED,scene_002,chips_box,4,8.450322771569011,0.04622283139363272,0.038577250069657565,0.01982291390367668,0.2694943619712671,0.07355595033112476
network -> ZED,scene_002,chips_box,5,4.003404762592677,0.04421963541258688,0.030852080607103795,0.015963471170965828,0.2694943619712671,0.05923489847504795
network -> ZED,scene_002,chips_box,6,15.141512476288785,0.0404841992978931,0.029428446411913486,0.015057683580402596,0.2694943619712671,0.055873835245607156
network -> ZED,scene_002,chips_box,7,16.601841986201432,0.046045184346260426,0.03328899029998643,0.01692020447513229,0.2694943619712671,0.06278500355764877
network -> ZED,scene_002,chips_box,8,19.860263345752884,0.046211769608496024,0.03538980979011021,0.01770753776531372,0.2694943619712671,0.06570652400958822
network -> ZED,scene_002,chips_box,9,27.028528170449462,0.043400570309206535,0.028297185154999176,0.014366013016662202,0.2694943619712671,0.053307285954256343
network -> ZED,scene_002,chips_box,10,28.76263932305415,0.04482804375006371,0.03280429929807591,0.016407825300239244,0.2694943619712671,0.060883742354463845
network -> ZED,scene_002,lemon,0,48.454592835684224,0.01688723990522907,0.012278856220514986,0.006027825858400279,0.10349089662648787,0.058244986321410355
network -> ZED,scene_002,lemon,1,31.087310932679582,0.019338325073850755,0.016424699069754814,0.009139600814381118,0.10349089662648787,0.08831308948232545
network -> ZED,scene_002,lemon,2,29.75993539431738,0.022415016288594783,0.017221474812059455,0.009056282589279731,0.10349089662648787,0.08750801166565438
network -> ZED,scene_002,lemon,3,18.852252296954866,0.02741035758894212,0.01858976987640204,0.01003957296758527,0.10349089662648787,0.09700923747737347
network -> ZED,scene_002,lemon,4,21.9522408935002,0.022889824391053096,0.01464641546190125,0.008179481422517097,0.10349089662648787,0.07903575762840195
network -> ZED,scene_002,lemon,5,18.849384437637035,0.03149000222928443,0.021736015691330057,0.011564282731740788,0.10349089662648787,0.11174202861028242
network -> ZED,scene_002,lemon,6,34.895930554021554,0.04336443457078181,0.023052593385265007,0.012628156209396842,0.10349089662648787,0.12202190357837465
network -> ZED,scene_002,lemon,7,33.37465181897147,0.046810260828777414,0.023930425741858052,0.01310885791862618,0.10349089662648787,0.1266667730780008
network -> ZED,scene_002,lemon,8,42.801403050646584,0.047071115508846045,0.024555459795125714,0.013632171969931542,0.10349089662648787,0.1317233922432021
network -> ZED,scene_002,lemon,9,59.32970845046673,0.04749555844037349,0.01694593953553085,0.009823027846273546,0.10349089662648787,0.09491683004473458
network -> ZED,scene_002,lemon,10,58.944208653732055,0.05628467110645755,0.02528031806865921,0.013709331073645388,0.10349089662648787,0.13246895640612866
network -> ZED,scene_002,orange,0,38.37563791772271,0.04870819997962879,0.03108541481151756,0.019416083468437144,0.127517730652621,0.15226183346478855
network -> ZED,scene_002,orange,1,42.899539635581284,0.04702206923349068,0.029285421244742163,0.017623612042786244,0.127517730652621,0.13820518882033608
network -> ZED,scene_002,orange,2,46.854832965516394,0.04874520728005711,0.028374055803466903,0.01737451107483212,0.127517730652621,0.13625172739438962
network -> ZED,scene_002,orange,3,49.06560798203109,0.05129602765360095,0.02973964903831998,0.01814914517478093,0.127517730652621,0.1423264441885509
network -> ZED,scene_002,orange,4,51.34006312259487,0.05187373571270834,0.02895069941389071,0.017708833356422423,0.127517730652621,0.13887349834247098
network -> ZED,scene_002,orange,5,52.293777699454694,0.04970589299137754,0.026725760178724238,0.015462566370617182,0.127517730652621,0.12125816771896389
network -> ZED,scene_002,orange,6,56.33407623603176,0.055487395456304815,0.03029449441101634,0.01735280336767317,0.127517730652621,0.13608149454090446
network -> ZED,scene_002,orange,7,59.94005349341566,0.05713147582617803,0.03274203454144132,0.01911608451865507,0.127517730652621,0.1499092276879549
network -> ZED,scene_002,orange,8,54.70829693494106,0.05095598551428988,0.030943424877088267,0.017772661846545842,0.127517730652621,0.139374044343382
network -> ZED,scene_002,orange,9,52.30214032065639,0.042095626438413344,0.025671599101737844,0.014065433244220323,0.127517730652621,0.11030178448310726
network -> ZED,scene_002,orange,10,50.26943780966164,0.05013057063931621,0.028697635027527355,0.01679095632694025,0.127517730652621,0.13167546380417902
network -> ZED,scene_002,rubiks_cube,0,56.84061959841736,0.06586152694505848,0.02899637688007864,0.014377889093004668,0.12883775017150678,0.11159686562257606
network -> ZED,scene_002,rubiks_cube,1,53.708984555634395,0.06101405666629235,0.022194596623604564,0.01118147497604644,0.12883775017150678,0.08678725731520333
network -> ZED,scene_002,rubiks_cube,2,57.45852144549133,0.05888046691995307,0.010583971235305174,0.010479569340020667,0.12883775017150678,0.08133927615214043
network -> ZED,scene_002,rubiks_cube,3,55.261577989241246,0.06343092317401695,0.017452051285088997,0.013133162450423065,0.12883775017150678,0.10193567050759895
network -> ZED,scene_002,rubiks_cube,4,55.902316257859226,0.055032273487602874,0.012594293906170534,0.010177041289321462,0.12883775017150678,0.07899114410003237
network -> ZED,scene_002,rubiks_cube,5,59.474824954639345,0.045593569637794124,0.006295808253354968,0.0054079263057530795,0.12883775017150678,0.041974703055231356
network -> ZED,scene_002,rubiks_cube,6,57.512486218833644,0.0559362305572701,0.010492162342821092,0.01049310647601084,0.12883775017150678,0.08144434734417966
network -> ZED,scene_002,rubiks_cube,7,55.87684557397545,0.06115324113393385,0.01953819650912525,0.014140469193098738,0.12883775017150678,0.10975408352191161
network -> ZED,scene_002,rubiks_cube,8,50.43074050773126,0.059054460620008464,0.019892935066043844,0.013283056753117677,0.12883775017150678,0.10309910515695501
network -> ZED,scene_002,rubiks_cube,9,51.30728516685096,0.0593753407371446,0.014115057406627884,0.011364113019547305,0.12883775017150678,0.08820483906634179
network -> ZED,scene_002,rubiks_cube,10,53.35358663154378,0.05258097116591402,0.012062487578456476,0.009662181872599623,0.12883775017150678,0.07499495962741883
network -> ZED,scene_002,scissors,0,76.35194991341578,0.22992791191903234,0.1286380544270786,0.04893762523089189,0.20983996337550315,0.2332140381826091
network -> ZED,scene_002,scissors,1,75.86049777701085,0.22232055428954994,0.12017094430677937,0.04697852647821232,0.20983996337550315,0.22387788161278635
network -> ZED,scene_002,scissors,2,68.94122770625707,0.2349830884570978,0.1314058645157614,0.04680123688926875,0.20983996337550315,0.22303300160951303
network -> ZED,scene_002,scissors,3,65.82332862585429,0.2335108445224618,0.13133802828828975,0.05111959844988117,0.20983996337550315,0.24361231115163692
network -> ZED,scene_002,scissors,4,60.36457784428172,0.224255834712319,0.12124378774377224,0.03973574024974424,0.20983996337550315,0.18936211963894678
network -> ZED,scene_002,scissors,5,66.84904004632308,0.2299505741542518,0.1284305512438558,0.049980638905618956,0.20983996337550315,0.23818455789653328
network -> ZED,scene_002,scissors,6,67.97741413357159,0.23619679202592853,0.13528913590160946,0.05527603691784405,0.20983996337550315,0.2634199702891152
network -> ZED,scene_002,scissors,7,66.06048030112231,0.24034225029573594,0.13936506210121336,0.05757720973257165,0.20983996337550315,0.2743862932797922
network -> ZED,scene_002,scissors,8,63.87362963528784,0.22789746171616546,0.12589719488780968,0.049482306209251516,0.20983996337550315,0.2358097352538335
network -> ZED,scene_002,scissors,9,62.879165201397086,0.2239268128648152,0.12108243972028017,0.04289662373335834,0.20983996337550315,0.20442542518269483
network -> ZED,scene_002,scissors,10,61.75637841223284,0.2268370269097075,0.12726194019176731,0.05474870951728828,0.20983996337550315,0.2609069723259382
network -> ZED,scene_002,wood_block,0,1.437858731187514,0.028697311534004972,0.027462179921683046,0.015350711430075744,0.24655690811826406,0.06226031769798389
network -> ZED,scene_002,wood_block,1,1.586185629429511,0.027371922806677856,0.029738878315976363,0.016009675685793263,0.24655690811826406,0.06493298365874228
network -> ZED,scene_002,wood_block,2,1.8257175193519102,0.032828917567562545,0.033669679224621274,0.01770820318321309,0.24655690811826406,0.07182197131835841
network -> ZED,scene_002,wood_block,3,0.8886476516058205,0.03215087832653104,0.03201498995580428,0.017134419780699028,0.24655690811826406,0.06949478686875929
network -> ZED,scene_002,wood_block,4,1.7245336110073082,0.030994600168689317,0.030707771566262157,0.01681055244609934,0.24655690811826406,0.068181226696905
network -> ZED,scene_002,wood_block,5,1.3739189106943481,0.028703762808898695,0.026483196296312708,0.014933616504403054,0.24655690811826406,0.06056863958255009
network -> ZED,scene_002,wood_block,6,2.380058118534259,0.03552718392654253,0.03675166369464848,0.01898096138417513,0.24655690811826406,0.07698409883965075
network -> ZED,scene_002,wood_block,7,2.35911492166542,0.03604457086461714,0.035027808261118884,0.018334883904801737,0.24655690811826406,0.07436369982384425
network -> ZED,scene_002,wood_block,8,2.805047096563684,0.038174677154328006,0.03767739698295793,0.019153324197032445,0.24655690811826406,0.07768317806713133
network -> ZED,scene_002,wood_block,9,1.8259298127268153,0.03824627009467851,0.03765083112531986,0.01912351180724443,0.24655690811826406,0.07756226322432468
network -> ZED,scene_002,wood_block,10,1.6007308270460339,0.039347320755140705,0.038475460279050355,0.019573765359186722,0.24655690811826406,0.07938842804517132
network -> ZED,scene_004,chips_box,0,60.83719909229626,0.26788240237108196,0.0200115172301266,0.012444432248340234,0.2694943619712671,0.04617696695883765
network -> ZED,scene_004,chips_box,1,63.30380809139809,0.26882060178469447,0.018619574932451692,0.011907409750416964,0.2694943619712671,0.04418426294085702
network -> ZED,scene_004,chips_box,2,73.22758435407341,0.2704595474458476,0.022499075311474607,0.014004867405844309,0.2694943619712671,0.05196719999410406
network -> ZED,scene_004,chips_box,3,84.9418321820425,0.26185628418786516,0.023340804521957387,0.012360793387643359,0.2694943619712671,0.04586661218894531
network -> ZED,scene_004,chips_box,4,77.78266601897019,0.26577554619282195,0.02615341973694995,0.014885802933369508,0.2694943619712671,0.05523604584706155
network -> ZED,scene_004,chips_box,5,71.40745869025582,0.25862104020100274,0.020020539063933793,0.008492626006560311,0.2694943619712671,0.03151318619224315
network -> ZED,scene_004,chips_box,6,65.2284124870067,0.2617698864720423,0.019816887427762917,0.01004688268602354,0.2694943619712671,0.03728049304087006
network -> ZED,scene_004,chips_box,7,61.64504088445114,0.26639490047480624,0.029061863646492034,0.01647194395730874,0.2694943619712671,0.06112166442674946
network -> ZED,scene_004,chips_box,8,59.3325225047368,0.2664015919300712,0.02873344481944119,0.016264003774832236,0.2694943619712671,0.06035007061322593
network -> ZED,scene_004,chips_box,9,61.24077228481504,0.2695878347088774,0.039812737142055,0.022223869893167963,0.2694943619712671,0.08246506431751409
network -> ZED,scene_004,chips_box,10,63.72617602005724,0.2594529178164624,0.035346427509820255,0.017907997057243698,0.2694943619712671,0.066450358835904
network -> ZED,scene_004,scissors,0,3.094531840892826,0.04775543355821056,0.04733577830741402,0.0249262538379883,0.20983996337550315,0.1187869719238533
network -> ZED,scene_004,scissors,1,3.0732592451484977,0.044150826891736,0.043801606600279964,0.023738531226159272,0.20983996337550315,0.11312683649148274
network -> ZED,scene_004,scissors,2,6.874228452127032,0.034191795210534184,0.03657076269749568,0.019875018798546498,0.20983996337550315,0.09471512708463768
network -> ZED,scene_004,scissors,3,5.849385294958324,0.0367578420495196,0.038276506135699634,0.02130471725406757,0.20983996337550315,0.10152840722690812
network -> ZED,scene_004,scissors,4,1.7454956746289307,0.03484175492819107,0.03544637106543079,0.017689548831115013,0.20983996337550315,0.08430019023335429
network -> ZED,scene_004,scissors,5,1.990395629632529,0.035564681771979786,0.035744816471653264,0.01910281858853366,0.20983996337550315,0.09103517881553222
network -> ZED,scene_004,scissors,6,4.368378556640019,0.023653186153068568,0.027039492153003032,0.01327928721132568,0.20983996337550315,0.06328292760689604
network -> ZED,scene_004,scissors,7,3.3156852954707787,0.031123216259202592,0.03412170463339732,0.01691016457912271,0.20983996337550315,0.08058600615013647
network -> ZED,scene_004,scissors,8,2.7978142563828747,0.02984802165614848,0.03072512822452879,0.014387734663268054,0.20983996337550315,0.06856527437303055
network -> ZED,scene_004,scissors,9,2.4258749630021246,0.030721017995989055,0.03143134719093291,0.014452843713179377,0.20983996337550315,0.06887555392542835
network -> ZED,scene_004,scissors,10,6.706237081956449,0.03004342166511238,0.03152142410297473,0.012926537579894109,0.20983996337550315,0.06160188637072151
network -> ZED,scene_004,wood_block,0,3.8314141361119742,0.05065660261269434,0.03693144465666472,0.01692062727709602,0.24655690811826406,0.0686276746664094
network -> ZED,scene_004,wood_block,1,3.9458302707844086,0.04736316388314418,0.04236489223061379,0.02066005436521428,0.24655690811826406,0.08379426284541348
network -> ZED,scene_004,wood_block,2,5.176933086850702,0.04247347968253154,0.04063739784908925,0.020673351862771285,0.24655690811826406,0.08384819561760183
network -> ZED,scene_004,wood_block,3,5.735798553677208,0.03984190882879509,0.04254319975651312,0.02219236383479162,0.24655690811826406,0.09000909365778866
network -> ZED,scene_004,wood_block,4,5.946726607236993,0.03454227551187586,0.040526943497521714,0.0222675345019202,0.24655690811826406,0.09031397526788948
network -> ZED,scene_004,wood_block,5,3.9555592608486108,0.03264848716689212,0.02625123438216636,0.01517657156350506,0.24655690811826406,0.06155403099160146
network -> ZED,scene_004,wood_block,6,3.8572967766361987,0.03295291334432345,0.024670692452935544,0.014443896357284517,0.24655690811826406,0.058582403825230986
network -> ZED,scene_004,wood_block,7,3.811923767526671,0.02965468781646361,0.03769469432528531,0.020984482516126158,0.24655690811826406,0.08511009760903025
network -> ZED,scene_004,wood_block,8,6.77927465473815,0.027907363460105857,0.04534096439181767,0.024736489583565977,0.24655690811826406,0.10032770840758927
network -> ZED,scene_004,wood_block,9,7.072164091035095,0.0336049766639133,0.05377244568646137,0.029155205426991113,0.24655690811826406,0.11824939584741409
network -> ZED,scene_004,wood_block,10,7.304413823256702,0.03510715043398206,0.055510988905603534,0.030073691143417788,0.24655690811826406,0.12197464420259753
network -> ZED,scene_005,apple,0,61.80234211863334,0.04697574276744729,0.034654503741809846,0.02008448198529251,0.13449611403964654,0.14933131807341318
network -> ZED,scene_005,apple,1,64.3565030918333,0.04653013588756194,0.03515961096420577,0.020739308223840205,0.13449611403964654,0.15420005530960326
network -> ZED,scene_005,apple,2,60.52793668924435,0.04614943719869881,0.036429701710981456,0.021959491600208558,0.13449611403964654,0.1632723127876793
network -> ZED,scene_005,apple,3,57.03012811364534,0.04451992643569662,0.03443560702694139,0.02104690179074212,0.13449611403964654,0.1564870624034383
network -> ZED,scene_005,apple,4,54.964665594139625,0.043289020893902797,0.034419478327566796,0.02105722893014989,0.13449611403964654,0.15656384632750558
network -> ZED,scene_005,apple,5,58.163901944769826,0.042373218350290606,0.03448884361200429,0.020649437148849772,0.13449611403964654,0.1535318495727153
network -> ZED,scene_005,apple,6,52.527446217878605,0.03966756024969728,0.034759696690821656,0.02057573273759673,0.13449611403964654,0.15298384555208375
network -> ZED,scene_005,apple,7,51.996869137609636,0.04090751678958305,0.03635075267391127,0.022142695437692077,0.13449611403964654,0.164634462458632
network -> ZED,scene_005,apple,8,52.04687000495172,0.04291397938784331,0.03868713365707889,0.023932349710682133,0.13449611403964654,0.17794082662958868
network -> ZED,scene_005,apple,9,56.375960140190934,0.04509231145094917,0.040645888211649654,0.025171072375441562,0.13449611403964654,0.18715092666559627
network -> ZED,scene_005,apple,10,54.637647890461935,0.047325851961769236,0.04160965871207579,0.025658276411973577,0.13449611403964654,0.19077336616885507
network -> ZED,scene_005,chips_box,0,34.81351799683884,0.050109444158552396,0.03770101328024468,0.020374029072142707,0.2694943619712671,0.07560094735605245
network -> ZED,scene_005,chips_box,1,38.926078451766145,0.041510826496242444,0.03194200195609157,0.01736951737251787,0.2694943619712671,0.0644522477036821
network -> ZED,scene_005,chips_box,2,43.46984821251549,0.042685181720448266,0.031955835338717375,0.01739619677239895,0.2694943619712671,0.0645512456926787
network -> ZED,scene_005,chips_box,3,44.882973327061016,0.03854194545044293,0.025486581774226285,0.013776480171099304,0.2694943619712671,0.051119734269498826
network -> ZED,scene_005,chips_box,4,43.00928034582221,0.036725406937666204,0.02423789248149089,0.01316649411493617,0.2694943619712671,0.04885628782222893
network -> ZED,scene_005,chips_box,5,40.277793844711454,0.04319666197452784,0.03095907499492265,0.016727690810083167,0.2694943619712671,0.06207065219370578
network -> ZED,scene_005,chips_box,6,39.132573103448095,0.0411569860417665,0.027901510658730182,0.014933698574975942,0.2694943619712671,0.05541376994212644
network -> ZED,scene_005,chips_box,7,39.69102564203813,0.0360793087923087,0.02332351914265691,0.01252473500062046,0.2694943619712671,0.04647494258880199
network -> ZED,scene_005,chips_box,8,38.401082239030444,0.039684185404523994,0.0233287141032682,0.012712508415539368,0.2694943619712671,0.04717170453048197
network -> ZED,scene_005,chips_box,9,37.18469760032803,0.03249215947775147,0.017969627227602626,0.009442855180777556,0.2694943619712671,0.035039156707049525
network -> ZED,scene_005,chips_box,10,34.01176767752245,0.0317108149393772,0.01755781771753005,0.009285520907194058,0.2694943619712671,0.03445534384939771
network -> ZED,scene_005,lemon,0,35.13680460834793,0.01792459072737892,0.016313723917178103,0.008357964628830804,0.10349089662648787,0.0807603847418173
network -> ZED,scene_005,lemon,1,31.752335936772923,0.02383129369031099,0.020655965198771557,0.010684925533371368,0.10349089662648787,0.1032450764431451
network -> ZED,scene_005,lemon,2,35.87604871244183,0.022014528430790124,0.016292941301203578,0.00841173380546236,0.10349089662648787,0.08127993939236416
network -> ZED,scene_005,lemon,3,21.033294420540447,0.018399007752331834,0.015063893222537709,0.00760830334950819,0.10349089662648787,0.07351664346833856
network -> ZED,scene_005,lemon,4,30.731139900984683,0.02271935877209251,0.018488366583479347,0.00955631621681496,0.10349089662648787,0.09233967941455712
network -> ZED,scene_005,lemon,5,17.939837645173224,0.02925695219068305,0.026362518400938752,0.013631808179713387,0.10349089662648787,0.13171987705268762
network -> ZED,scene_005,lemon,6,20.421667738161897,0.024349812209591242,0.021919473074026356,0.011247139261927998,0.10349089662648787,0.10867757096085841
network -> ZED,scene_005,lemon,7,29.864066142849488,0.02624787973784522,0.02350217014746414,0.012107861984694861,0.10349089662648787,0.11699446404830864
network -> ZED,scene_005,lemon,8,31.25179649789046,0.01845145472528964,0.01723880372633985,0.008781927064673683,0.10349089662648787,0.0848570004796538
network -> ZED,scene_005,lemon,9,28.03822958566609,0.025103900332728565,0.022178616630367454,0.011331713766992298,0.10349089662648787,0.10949478781587843
network -> ZED,scene_005,lemon,10,30.89301302359261,0.021753041877397013,0.02054079191556536,0.010407391672418559,0.10349089662648787,0.1005633539921892
network -> ZED,scene_005,orange,0,66.81286944485204,0.04454984412631813,0.05758878122219156,0.027396902952709922,0.127517730652621,0.21484779263633175
network -> ZED,scene_005,orange,1,57.292798830092366,0.041877756693676105,0.05661007320593716,0.026251472143886734,0.127517730652621,0.2058652707316444
network -> ZED,scene_005,orange,2,53.002540615874985,0.04316011595856018,0.05538812474816437,0.025713273583134914,0.127517730652621,0.20164469247952696
network -> ZED,scene_005,orange,3,51.11358300362938,0.0470368327421437,0.05429384583794099,0.0249612075869561,0.127517730652621,0.19574695580926296
network -> ZED,scene_005,orange,4,48.86776118257732,0.047331627188715884,0.04599760749290043,0.0190894341329436,0.127517730652621,0.14970023411839342
network -> ZED,scene_005,orange,5,50.60434277722121,0.05000638846235885,0.048335130002783076,0.019849100642901883,0.127517730652621,0.15565757437272823
network -> ZED,scene_005,orange,6,48.175828311740034,0.05197945189974263,0.044179925659870896,0.016783021754632286,0.127517730652621,0.13161324051752427
network -> ZED,scene_005,orange,7,41.029797898103865,0.05176255796813163,0.0438128206236825,0.016681094972007395,0.127517730652621,0.1308139259272846
network -> ZED,scene_005,orange,8,31.710226958111516,0.04940890422557088,0.041367654212228294,0.01517462940112236,0.127517730652621,0.11900015255494557
network -> ZED,scene_005,orange,9,35.812099240171754,0.05095650257072371,0.04028657306029633,0.014468737564533858,0.127517730652621,0.11346451580093632
network -> ZED,scene_005,orange,10,37.59888995471031,0.04943113395387492,0.0418054216720789,0.01523747329769451,0.127517730652621,0.1194929773272382
network -> ZED,scene_005,rubiks_cube,0,71.7012451369718,0.045643551804098285,0.05201793637683728,0.024867537494446645,0.12883775017150678,0.19301437242844874
network -> ZED,scene_005,rubiks_cube,1,66.89511400892388,0.04431225541219367,0.05502199515504622,0.02694217754407892,0.12883775017150678,0.2091171066571243
network -> ZED,scene_005,rubiks_cube,2,67.38478943840266,0.04309890179350904,0.05726342659767534,0.028528411251600952,0.12883775017150678,0.22142897724948146
network -> ZED,scene_005,rubiks_cube,3,66.24690108508295,0.041407692608363904,0.059537939947278073,0.030025206176556275,0.12883775017150678,0.23304665081924508
network -> ZED,scene_005,rubiks_cube,4,65.20411792753632,0.04106984301326566,0.05845998703046648,0.029220074615089422,0.12883775017150678,0.22679746096304942
network -> ZED,scene_005,rubiks_cube,5,65.38610094266521,0.04170856178667032,0.060896162834980644,0.03125354173975721,0.12883775017150678,0.24258062328900487
network -> ZED,scene_005,rubiks_cube,6,64.63425939813565,0.03991887401948119,0.06177254582192648,0.03144914188057466,0.12883775017150678,0.24409881295435584
network -> ZED,scene_005,rubiks_cube,7,67.41082574300948,0.03761113871081658,0.06306614047042822,0.032232107140026854,0.12883775017150678,0.25017595461826975
network -> ZED,scene_005,rubiks_cube,8,70.31048619000211,0.03706796744463898,0.06506079018718022,0.03366839273338591,0.12883775017150678,0.2613239728927824
network -> ZED,scene_005,rubiks_cube,9,69.54081840236069,0.034669195743649635,0.06892128110640498,0.03609870248318586,0.12883775017150678,0.28018730872847314
network -> ZED,scene_005,rubiks_cube,10,67.15253513025233,0.034394396116486516,0.07041695364396214,0.036838241360107465,0.12883775017150678,0.2859273878274728
network -> ZED,scene_005,scissors,0,10.449934597790374,0.04120825783434748,0.03756895909247343,0.014713610743137902,0.20983996337550315,0.0701182487189453
network -> ZED,scene_005,scissors,1,10.681993620621482,0.04606622852701572,0.04301717213812661,0.017249862219896828,0.20983996337550315,0.08220484764872289
network -> ZED,scene_005,scissors,2,15.05416657947429,0.04501518504385493,0.04058607813406715,0.015966505039849505,0.20983996337550315,0.07608896219295397
network -> ZED,scene_005,scissors,3,17.333933238996046,0.049218434857092395,0.04475297479131063,0.017654883694957248,0.20983996337550315,0.08413499226248097
network -> ZED,scene_005,scissors,4,21.510943564903123,0.05031835124154126,0.044052927778141626,0.018576507671001684,0.20983996337550315,0.08852702493928435
network -> ZED,scene_005,scissors,5,20.419873160682965,0.04981089215376729,0.043539635740604196,0.01774226626355693,0.20983996337550315,0.0845514170806807
network -> ZED,scene_005,scissors,6,15.493986926999598,0.04912542837059687,0.04279791137594622,0.01732185884375071,0.20983996337550315,0.08254795018598862
network -> ZED,scene_005,scissors,7,13.14060013863169,0.04329216882818504,0.03824031940840045,0.01430179056920177,0.20983996337550315,0.06815570465769234
network -> ZED,scene_005,scissors,8,9.86906651899607,0.03480938318659328,0.029374481616182647,0.010672072044641549,0.20983996337550315,0.050858148624169146
network -> ZED,scene_005,scissors,9,13.896108588044909,0.030827873029764502,0.029357577571288308,0.010335441834348662,0.20983996337550315,0.049253925077434646
network -> ZED,scene_005,scissors,10,18.113320413895504,0.027941836275520063,0.025012721979691156,0.010307891221662292,0.20983996337550315,0.04912263162768757
network -> ZED,scene_005,wood_block,0,6.989155257914954,0.06610359045692851,0.04408476066614134,0.024413605600799717,0.24655690811826406,0.09901813657190019
network -> ZED,scene_005,wood_block,1,5.264960711911023,0.06972264879115338,0.04158932807938761,0.023396597883393554,0.24655690811826406,0.09489329689424515
network -> ZED,scene_005,wood_block,2,6.836025128797538,0.06727873663845557,0.03887653258722507,0.022019088713244733,0.24655690811826406,0.08930631423510148
network -> ZED,scene_005,wood_block,3,6.747103620816741,0.07030414568714588,0.043957502976313206,0.02448280711494097,0.24655690811826406,0.0992988081404618
network -> ZED,scene_005,wood_block,4,5.81218900692984,0.06463810727025276,0.03593520210629151,0.020311208119904216,0.24655690811826406,0.08237939173929654
network -> ZED,scene_005,wood_block,5,6.586987242704392,0.06771505539230738,0.04093975898310013,0.022510956369846846,0.24655690811826406,0.0913012599876098
network -> ZED,scene_005,wood_block,6,6.8628845516800885,0.07041181276196672,0.04600730490646133,0.02517544293459451,0.24655690811826406,0.1021080412093698
network -> ZED,scene_005,wood_block,7,6.201980227533691,0.06787539949906549,0.04311488331440451,0.02390434650770987,0.24655690811826406,0.09695265360905587
network -> ZED,scene_005,wood_block,8,7.175644254751915,0.06818861072469948,0.0478485380262211,0.026318982793769912,0.24655690811826406,0.10674607738488386
network -> ZED,scene_005,wood_block,9,7.695904858338802,0.06524603107811375,0.04295653019698131,0.02396947703350285,0.24655690811826406,0.09721681382379112
network -> ZED,scene_005,wood_block,10,7.7708930608643945,0.06526217501160786,0.043181226664730725,0.024160915760584874,0.24655690811826406,0.0979932622654231
network -> ZED,scene_006,apple,0,63.26559307516792,0.16400941934016383,0.12800163372236803,0.09261855074976176,0.13449611403964654,0.688633656155001
network -> ZED,scene_006,apple,1,58.856158308797944,0.17477741297501057,0.14159679695967683,0.10621135221473248,0.13449611403964654,0.7896982970335015
network -> ZED,scene_006,apple,2,59.663599114104294,0.1610821051048643,0.127669703833933,0.09217448084038472,0.13449611403964654,0.6853319257477855
network -> ZED,scene_006,apple,3,67.99327038748638,0.16509489222834517,0.13094944925551671,0.09568459386081982,0.13449611403964654,0.7114301743514617
network -> ZED,scene_006,apple,4,66.59185481066007,0.16134065454040242,0.12913616045646503,0.09397932835678775,0.13449611403964654,0.6987512541000603
network -> ZED,scene_006,apple,5,71.37255828875654,0.15473387441705677,0.1208378421478756,0.0859728727524892,0.13449611403964654,0.6392219832250786
network -> ZED,scene_006,apple,6,79.01379889184267,0.16055194388918942,0.12398455550350264,0.08877308767328472,0.13449611403964654,0.6600420265459591
network -> ZED,scene_006,apple,7,78.86251302036989,0.1694214456782144,0.1351823205244345,0.09973546817704743,0.13449611403964654,0.7415490691994832
network -> ZED,scene_006,apple,8,79.57856785307226,0.14412360915255704,0.11308968280436674,0.0775842788038774,0.13449611403964654,0.5768514529795801
network -> ZED,scene_006,apple,9,78.53241110894527,0.15628925731421697,0.1350490205443097,0.09806418964167753,0.13449611403964654,0.7291228474658408
network -> ZED,scene_006,apple,10,87.50036896395304,0.164996104112954,0.14864047684942572,0.11084158327899724,0.13449611403964654,0.8241248014520594
network -> ZED,scene_006,chips_box,0,2.5269834818835673,0.0768173684610223,0.07693940464004172,0.04322134848713076,0.2694943619712671,0.16037941636693284
network -> ZED,scene_006,chips_box,1,4.660540223054482,0.061898749819640025,0.071749459315254,0.03960138775837155,0.2694943619712671,0.1469469990715196
network -> ZED,scene_006,chips_box,2,5.058281309380563,0.06514000232881981,0.0655374894056493,0.03493683820063999,0.2694943619712671,0.1296384753472686
network -> ZED,scene_006,chips_box,3,12.492929911448133,0.07498367334937651,0.07233922173289763,0.03917550521279508,0.2694943619712671,0.1453666968252638
network -> ZED,scene_006,chips_box,4,14.040241454526628,0.07605571721900833,0.07679371694375886,0.043071825757092355,0.2694943619712671,0.15982458943495292
network -> ZED,scene_006,chips_box,5,11.56899044560518,0.07061947719220396,0.08065180114957717,0.04678185625878703,0.2694943619712671,0.17359122438255242
network -> ZED,scene_006,chips_box,6,18.29921058168138,0.08312471813811001,0.08102002790873256,0.04610407334712764,0.2694943619712671,0.17107620734582626
network -> ZED,scene_006,chips_box,7,22.8609860223557,0.0958223958838131,0.08026928208687131,0.04564793382737472,0.2694943619712671,0.16938363197461476
network -> ZED,scene_006,chips_box,8,16.321540835297753,0.059155737544399074,0.05836683675422196,0.03048562284172646,0.2694943619712671,0.1131215607582053
network -> ZED,scene_006,chips_box,9,5.192462856943067,0.05668016256735567,0.05787155456430189,0.030417653374247754,0.2694943619712671,0.11286934966561868
network -> ZED,scene_006,chips_box,10,4.815494337594782,0.04592488609665167,0.051000399459811614,0.027215438405240423,0.2694943619712671,0.1009870418296249
network -> ZED,scene_006,lemon,0,46.622506277899916,0.10575505069753884,0.10312687202473508,0.08007690593323182,0.10349089662648787,0.7737579685123398
network -> ZED,scene_006,lemon,1,48.5796464070758,0.11316592087712776,0.11428721200426788,0.09051913182504528,0.10349089662648787,0.87465791461582
network -> ZED,scene_006,lemon,2,46.89463034495104,0.09035964734121624,0.08996771269811228,0.06701290515128014,0.10349089662648787,0.6475246358444303
network -> ZED,scene_006,lemon,3,46.74422006051001,0.10691594931116952,0.10995015903311926,0.08665540116982967,0.10349089662648787,0.8373238999231044
network -> ZED,scene_006,lemon,4,43.93319322384146,0.11023433244857095,0.11152723706526523,0.08824831708407799,0.10349089662648787,0.852715745642611
network -> ZED,scene_006,lemon,5,37.22523728857244,0.1171792530964637,0.11926620538160025,0.0953743798523154,0.10349089662648787,0.9215726499745572
network -> ZED,scene_006,lemon,6,33.53000776014909,0.12342152754850443,0.12898548737245935,0.10510310939564112,0.10349089662648787,1.0155783051621625
network -> ZED,scene_006,lemon,7,32.57679585685216,0.11059275889388279,0.11605421593377735,0.09165303511003715,0.10349089662648787,0.885614465597152
network -> ZED,scene_006,lemon,8,34.115343011389676,0.12009188677263623,0.12444660118528264,0.09953617461879431,0.10349089662648787,0.9617867644729501
network -> ZED,scene_006,lemon,9,38.32363458010656,0.13303021659490702,0.13669559278311388,0.11176095554062947,0.10349089662648787,1.0799109794554136
network -> ZED,scene_006,lemon,10,39.73633029528279,0.11250222697879703,0.11691004111554035,0.09169322958904379,0.10349089662648787,0.8860028522119834
network -> ZED,scene_006,orange,0,30.320000295681897,0.07573306395637297,0.07711542042348485,0.05558168027493541,0.127517730652621,0.4358741328792066
network -> ZED,scene_006,orange,1,32.40318213182447,0.07416205237912682,0.07639831415268311,0.05363706930476464,0.127517730652621,0.4206244028203476
network -> ZED,scene_006,orange,2,29.785043235521183,0.06264994301293211,0.06545888347262821,0.04342935604757462,0.127517730652621,0.34057503866566785
network -> ZED,scene_006,orange,3,37.985059258737344,0.071465997733295,0.07698991431618725,0.05310914238127676,0.127517730652621,0.41648437522743154
network -> ZED,scene_006,orange,4,50.13373544668058,0.04921555091673201,0.05689738557715929,0.034663470756944634,0.127517730652621,0.2718325567710545
network -> ZED,scene_006,orange,5,59.1491257364919,0.05036327633922224,0.05563425767411252,0.03262966148044459,0.127517730652621,0.2558833294276
network -> ZED,scene_006,orange,6,70.65486851521617,0.054513955193357555,0.05724463695696209,0.03399141305740403,0.127517730652621,0.26656224890013264
network -> ZED,scene_006,orange,7,81.5757626447981,0.06802467743000797,0.060696530108076005,0.035417392498497215,0.127517730652621,0.27774484628321955
network -> ZED,scene_006,orange,8,87.3303440518631,0.06990172934340237,0.05540048767289599,0.030775562791027333,0.127517730652621,0.2413434009021456
network -> ZED,scene_006,orange,9,81.55366981572546,0.051389236631632265,0.041696512251105725,0.021655472868351566,0.127517730652621,0.16982322973849487
network -> ZED,scene_006,orange,10,73.81908710029687,0.04736514936218442,0.05009522610764273,0.028810964391001313,0.127517730652621,0.22593692848476934
network -> ZED,scene_006,rubiks_cube,0,68.10188876013598,0.1299394104981056,0.12638994017244262,0.09424831580052787,0.12883775017150678,0.7315271779821209
network -> ZED,scene_006,rubiks_cube,1,72.59248025211839,0.14786964581485157,0.14528036196324645,0.11244267034980347,0.12883775017150678,0.8727463045584198
network -> ZED,scene_006,rubiks_cube,2,77.58104524180649,0.13404186132701418,0.13429685351752715,0.10189653054648004,0.12883775017150678,0.7908903284234394
network -> ZED,scene_006,rubiks_cube,3,82.6739473424759,0.12352012215945583,0.1226817399831535,0.08953925871463357,0.12883775017150678,0.6949768883377762
network -> ZED,scene_006,rubiks_cube,4,70.06530872120564,0.1205931527023255,0.1250351136096009,0.089230607626663,0.12883775017150678,0.6925812311056396
network -> ZED,scene_006,rubiks_cube,5,62.5748207899218,0.12631984829922221,0.1328380734059404,0.09698552188689293,0.12883775017150678,0.7527725511954946
network -> ZED,scene_006,rubiks_cube,6,63.66957741410598,0.13788106663318106,0.13924141725942624,0.10390764977853278,0.12883775017150678,0.8065000331053015
network -> ZED,scene_006,rubiks_cube,7,69.16639592416796,0.13004106358340903,0.12679303137995968,0.09259644145986479,0.12883775017150678,0.7187058244699388
network -> ZED,scene_006,rubiks_cube,8,71.32484786908287,0.1360904270290911,0.12625225495045744,0.0918243077782207,0.12883775017150678,0.7127127542663981
network -> ZED,scene_006,rubiks_cube,9,74.61267473561632,0.13187733653302738,0.1200324964073591,0.08742741275789236,0.12883775017150678,0.6785853730099319
network -> ZED,scene_006,rubiks_cube,10,69.05817072198523,0.1421875293426987,0.12970135050313472,0.09656568862088415,0.12883775017150678,0.749513931222312
network -> ZED,scene_006,scissors,0,45.58416278873381,0.15160451203410458,0.13867935898653289,0.09017935988622776,0.20983996337550315,0.4297530290970083
network -> ZED,scene_006,scissors,1,44.721591329201885,0.18884489552807468,0.18078144987872782,0.13077672557555278,0.20983996337550315,0.6232212561986167
network -> ZED,scene_006,scissors,2,47.07544036635087,0.19785336098293368,0.1895268964179655,0.14053052617378234,0.20983996337550315,0.6697033487482392
network -> ZED,scene_006,scissors,3,43.644684170635934,0.1908242645784081,0.18599061617662782,0.13643395599912855,0.20983996337550315,0.6501809941463988
network -> ZED,scene_006,scissors,4,46.50304348941338,0.22598384940265473,0.21826128469047695,0.1679023608501168,0.20983996337550315,0.8001448253670341
network -> ZED,scene_006,scissors,5,50.091560773757415,0.24267823470344524,0.23522554321219435,0.18299650927129693,0.20983996337550315,0.8720765402719283
network -> ZED,scene_006,scissors,6,46.16566579001036,0.24250771807901192,0.2363706511819991,0.18635592709214535,0.20983996337550315,0.8880859684418944
network -> ZED,scene_006,scissors,7,47.09774996145362,0.26515481135178287,0.26050189864924134,0.20910772158379587,0.20983996337550315,0.9965104750309313
network -> ZED,scene_006,scissors,8,46.65318049650346,0.2654553151185372,0.2632147855185364,0.21246863060289137,0.20983996337550315,1.0125270095605396
network -> ZED,scene_006,scissors,9,40.35122947851104,0.22762519211254498,0.22559464776969687,0.17350035635313224,0.20983996337550315,0.8268222771401169
network -> ZED,scene_006,scissors,10,45.986370823745496,0.22183830207562058,0.21193578406995028,0.16045518025278835,0.20983996337550315,0.7646550145725006
network -> ZED,scene_006,wood_block,0,17.882818410985415,0.12842274348510024,0.1350276800830014,0.08600392802493334,0.24655690811826406,0.3488197863986861
network -> ZED,scene_006,wood_block,1,6.6453757046176065,0.15115590480642335,0.15247413306558233,0.10281795079327626,0.24655690811826406,0.41701508823252426
network -> ZED,scene_006,wood_block,2,3.255368774929301,0.11265585825293101,0.10907184866726076,0.06262535111205875,0.24655690811826406,0.2539995800159034
network -> ZED,scene_006,wood_block,3,6.760030142490922,0.12657225897279606,0.11731710560671949,0.07014572426275265,0.24655690811826406,0.2845011514709066
network -> ZED,scene_006,wood_block,4,7.004806720998917,0.13436431504497715,0.11622689561332251,0.06611731672616776,0.24655690811826406,0.2681624994033985
network -> ZED,scene_006,wood_block,5,3.380892183025229,0.13999027287273666,0.13164148004858653,0.08012807653753558,0.24655690811826406,0.3249881625669201
network -> ZED,scene_006,wood_block,6,7.825760214258826,0.141154294053959,0.12403255012499542,0.07482739850911578,0.24655690811826406,0.3034893610574638
network -> ZED,scene_006,wood_block,7,5.885244805274436,0.11591704570095873,0.0991075770032683,0.05372045561365249,0.24655690811826406,0.21788258144397565
network -> ZED,scene_006,wood_block,8,6.246299862115012,0.12775121531720443,0.10780873771434289,0.05937026746153716,0.24655690811826406,0.24079742041970886
network -> ZED,scene_006,wood_block,9,6.0856691178158036,0.12571420867940436,0.11866455613037526,0.06760569289766354,0.24655690811826406,0.27419914296311515
network -> ZED,scene_006,wood_block,10,9.361847658365381,0.12285973755857729,0.11079295167092017,0.0597864622577362,0.24655690811826406,0.24248544773711586
network -> ZED,scene_009,apple,0,88.03416730947806,0.10350464092601047,0.004991724053482559,0.011098358017162795,0.13449611403964654,0.0825180570933911
network -> ZED,scene_009,apple,1,90.31603350383939,0.0992495961905028,0.0032849629968912573,0.010204815487652369,0.13449611403964654,0.07587442626516488
network -> ZED,scene_009,apple,2,98.9694660851271,0.09199772127188464,0.005093529182049431,0.008829391203608653,0.13449611403964654,0.06564792794686945
network -> ZED,scene_009,apple,3,105.62864612674213,0.0939480068412078,0.010259664858953766,0.013019291599517245,0.13449611403964654,0.09680050380994235
network -> ZED,scene_009,apple,4,101.80305822814191,0.09017808066198342,0.008952627787006067,0.012275705511682769,0.13449611403964654,0.09127182297671557
network -> ZED,scene_009,apple,5,105.65267091250611,0.09573079838094335,0.009589175805006891,0.012748077675388096,0.13449611403964654,0.09478398514644251
network -> ZED,scene_009,apple,6,106.20321413754546,0.09563725670769346,0.010005530328255114,0.012510802454992193,0.13449611403964654,0.09301980614327846
network -> ZED,scene_009,apple,7,96.41543020154289,0.08743839098660912,0.00915752787005975,0.01163048631363992,0.13449611403964654,0.08647451561471513
network -> ZED,scene_009,chips_box,0,2.9462856396505313,0.03340537937364726,0.04031685269659062,0.02205338861030768,0.2694943619712671,0.08183246747350865
network -> ZED,scene_009,chips_box,1,4.294572870256127,0.04097699979313338,0.04660863266050943,0.02458310417123443,0.2694943619712671,0.0912193635199516
network -> ZED,scene_009,chips_box,2,5.922944561158592,0.03676678991301267,0.04279547153647652,0.022250315233166694,0.2694943619712671,0.08256319379156056
network -> ZED,scene_009,chips_box,3,13.816542724532404,0.05143422538656002,0.054027171288678365,0.026018066988128124,0.2694943619712671,0.096544012267322
network -> ZED,scene_009,chips_box,4,16.867967387507367,0.0426867417208303,0.0451194543176537,0.022441208849839724,0.2694943619712671,0.08327153371851377
network -> ZED,scene_009,chips_box,5,13.184001915353374,0.03836390501751209,0.03947412023369963,0.020673944287459615,0.2694943619712671,0.07671382857970077
network -> ZED,scene_009,chips_box,6,11.639420605014728,0.036808161295779636,0.03519016672631943,0.01857412550628031,0.2694943619712671,0.06892213020864846
network -> ZED,scene_009,chips_box,7,12.866674596977685,0.030903839040575823,0.03190557080760747,0.01701908421903267,0.2694943619712671,0.06315191195297513
network -> ZED,scene_009,lemon,0,65.84817656659519,0.04198566228365519,0.03092109067403598,0.014994148024618783,0.10349089662648787,0.1448837386995942
network -> ZED,scene_009,lemon,1,51.223275435354736,0.03430428988884,0.02772490340808531,0.013363119867796607,0.10349089662648787,0.12912362636131994
network -> ZED,scene_009,lemon,2,53.01318127398822,0.03334507956142635,0.027534849516839013,0.013271711601167994,0.10349089662648787,0.1282403770166117
network -> ZED,scene_009,lemon,3,50.223320291263505,0.06115023715539289,0.028369317280412042,0.01613774088209018,0.10349089662648787,0.15593391697371595
network -> ZED,scene_009,lemon,4,56.4324728281218,0.0644484562868856,0.02775986358755462,0.014638896980224511,0.10349089662648787,0.1414510595367455
network -> ZED,scene_009,lemon,5,59.484693045871786,0.06664907040730303,0.03043870919546407,0.015180471934619463,0.10349089662648787,0.14668412806787987
network -> ZED,scene_009,lemon,6,62.11597393177017,0.07437320240469028,0.03651771647971521,0.018413359393316803,0.10349089662648787,0.17792250326879488
network -> ZED,scene_009,lemon,7,69.14223606758807,0.07303873368422997,0.035878168534644324,0.018801483525893482,0.10349089662648787,0.1816728247485427
network -> ZED,scene_009,orange,0,81.4949620011748,0.09510344114638686,0.020115232690581096,0.011885084633028035,0.127517730652621,0.0932033888322945
network -> ZED,scene_009,orange,1,78.24083465841584,0.09860366621847166,0.02256998690145258,0.013117947806509593,0.127517730652621,0.10287155942450867
network -> ZED,scene_009,orange,2,71.3956121110596,0.09745926071391094,0.02562661214880432,0.01357895604499738,0.127517730652621,0.10648680756395093
network -> ZED,scene_009,orange,3,76.5742079923845,0.10453879981023505,0.02746705928757383,0.01650800285685416,0.127517730652621,0.12945652947529815
network -> ZED,scene_009,orange,4,80.6914489846779,0.09979795271563913,0.022879791552191487,0.014402345073146812,0.127517730652621,0.11294386278235406
network -> ZED,scene_009,orange,5,92.90264245557402,0.09790969353841911,0.02075846321840358,0.014929349323997467,0.127517730652621,0.11707665473335185
network -> ZED,scene_009,orange,6,93.07551193056665,0.10444538041622162,0.02225201952825447,0.016618216613442375,0.127517730652621,0.1303208309024342
network -> ZED,scene_009,orange,7,104.26434740738529,0.09999582972293236,0.01944122943479391,0.01502105709307925,0.127517730652621,0.11779583134206684
network -> ZED,scene_009,rubiks_cube,0,5.9940039516935055,0.006484607659645401,0.024870177210153915,0.011557232286199062,0.12883775017150678,0.08970377293001668
network -> ZED,scene_009,rubiks_cube,1,6.510635905123725,0.015302996065458884,0.037569325045849464,0.018051414317305104,0.12883775017150678,0.14010966733954408
network -> ZED,scene_009,rubiks_cube,2,9.386257277195725,0.006534494921444841,0.024448714770384395,0.011359313842575316,0.12883775017150678,0.08816758929315342
network -> ZED,scene_009,rubiks_cube,3,7.095418818626909,0.011790751814946501,0.02895570620815506,0.012881468375033248,0.12883775017150678,0.09998209653525958
network -> ZED,scene_009,rubiks_cube,4,6.780103314504909,0.009889925962166325,0.028037267687654174,0.012562120080344795,0.12883775017150678,0.09750341079087689
network -> ZED,scene_009,rubiks_cube,5,22.172033228554355,0.026031410928861732,0.041977239264648684,0.02251632806263484,0.12883775017150678,0.1747649895520642
network -> ZED,scene_009,rubiks_cube,6,5.9172388061092285,0.01452237294687404,0.029460361898178578,0.015506444687049568,0.12883775017150678,0.12035637587902329
network -> ZED,scene_009,rubiks_cube,7,4.471284783826227,0.016164084399799442,0.024374824384193246,0.012557174013318727,0.12883775017150678,0.09746502090111644
network -> ZED,scene_009,scissors,0,12.219290140827214,0.04272018398077355,0.04868725957012128,0.025743686445026087,0.20983996337550315,0.12268247683096681
network -> ZED,scene_009,scissors,1,6.385759265629126,0.038501407633815946,0.04192873198565013,0.022437131994743374,0.20983996337550315,0.10692497098177962
network -> ZED,scene_009,scissors,2,7.0378925268112225,0.03592206017673006,0.039195784898368884,0.02090275369428931,0.20983996337550315,0.09961283521997369
network -> ZED,scene_009,scissors,3,2.50755132291001,0.042016588588733736,0.04027988979073035,0.021555937768595736,0.20983996337550315,0.10272560775290428
network -> ZED,scene_009,scissors,4,5.678763982344377,0.042159437531546426,0.04368501031503873,0.021700349985813418,0.20983996337550315,0.1034138094419184
network -> ZED,scene_009,scissors,5,6.177318842331311,0.03781596802635811,0.037184277358376955,0.01713614238933305,0.20983996337550315,0.08166291164790364
network -> ZED,scene_009,scissors,6,3.3675658517710607,0.038478248790398024,0.03889476528296842,0.018343558060153996,0.20983996337550315,0.08741689507126284
network -> ZED,scene_009,scissors,7,4.212514420621383,0.03808265830689025,0.03748004381730342,0.01617342902882673,0.20983996337550315,0.07707506601059017
network -> ZED,scene_009,wood_block,0,2.689483646388026,0.04316834855680333,0.04297387669349234,0.017565916619816043,0.24655690811826406,0.07124487711125228
network -> ZED,scene_009,wood_block,1,1.5217412494456948,0.04835839325917194,0.049504994482564534,0.02042514139259493,0.24655690811826406,0.08284148900341401
network -> ZED,scene_009,wood_block,2,3.5032243555282063,0.04425357405905745,0.04771106515212198,0.020189767423136044,0.24655690811826406,0.0818868454233364
network -> ZED,scene_009,wood_block,3,4.7503242602747076,0.05299387660842081,0.047364940727172546,0.023190306693563003,0.24655690811826406,0.09405660896120374
network -> ZED,scene_009,wood_block,4,3.9108191089321354,0.04372601051277443,0.04837511390104335,0.021719162657536928,0.24655690811826406,0.08808985650939079
network -> ZED,scene_009,wood_block,5,3.5208545174172294,0.04311520224753132,0.04726017813088325,0.02200531469036955,0.24655690811826406,0.0892504487435186
network -> ZED,scene_009,wood_block,6,2.248882106454308,0.05145868986374522,0.05182306084102363,0.025490038498480985,0.24655690811826406,0.10338399638859186
network -> ZED,scene_009,wood_block,7,3.455078893055373,0.04857786235643486,0.05125296042615051,0.02481333275503123,0.24655690811826406,0.10063937345908479
network -> RealSense,scene_001,apple,0,58.0179408539593,0.03927247634570952,0.05065683561789627,0.01772078799418337,0.13449611403964654,0.13175687729505453
network -> RealSense,scene_001,apple,1,50.291072465808504,0.04658807335047123,0.04526947001568941,0.014995208191316707,0.13449611403964654,0.11149175794697269
network -> RealSense,scene_001,apple,2,43.900714356773626,0.041959851896786686,0.0451469874853823,0.015040498066548683,0.13449611403964654,0.11182849537284825
network -> RealSense,scene_001,apple,3,35.11365330898291,0.04580606608138314,0.04350074755474265,0.01418630871972822,0.13449611403964654,0.10547746171719433
network -> RealSense,scene_001,apple,4,30.228420645276916,0.050218482567046724,0.04162238751565753,0.013482058456457472,0.13449611403964654,0.10024124899611044
network -> RealSense,scene_001,apple,5,39.95634521160622,0.05457500692614205,0.04428569861857872,0.014854671692575826,0.13449611403964654,0.110446846725973
network -> RealSense,scene_001,apple,6,26.973141345841515,0.052288550241497436,0.041578972686248314,0.013443981667017922,0.13449611403964654,0.09995814201037012
network -> RealSense,scene_001,apple,7,30.85939948333802,0.047882753702035874,0.04428848115264914,0.014361452483870355,0.13449611403964654,0.1067796834608687
network -> RealSense,scene_001,chips_box,0,44.83270464621698,0.03156014695059953,0.030722418823951624,0.015261179319400717,0.2694943619712671,0.05662893727263887
network -> RealSense,scene_001,chips_box,1,40.18452949814943,0.03500985639001738,0.03255705116150046,0.016004476463082597,0.2694943619712671,0.05938705487571187
network -> RealSense,scene_001,chips_box,2,36.906299291971294,0.031199024017687885,0.029942679244129976,0.014854534049686417,0.2694943619712671,0.055120017877294876
network -> RealSense,scene_001,chips_box,3,30.0669531417995,0.03394288587326519,0.03688818150357472,0.017848264604393628,0.2694943619712671,0.0662287124444428
network -> RealSense,scene_001,chips_box,4,27.35907644334325,0.030557734122837164,0.03699415287921377,0.018713941848658457,0.2694943619712671,0.06944094010639709
network -> RealSense,scene_001,chips_box,5,26.445975544028418,0.027256594873490428,0.03494977074076322,0.01746966545995349,0.2694943619712671,0.06482386248145729
network -> RealSense,scene_001,chips_box,6,22.759659298190076,0.02759962048695513,0.03610634019971636,0.018230715912283202,0.2694943619712671,0.06764785644839176
network -> RealSense,scene_001,chips_box,7,18.49372829511803,0.03177877912534146,0.0430705165921834,0.02060624303408037,0.2694943619712671,0.07646261273650454
network -> RealSense,scene_001,lemon,0,48.65597168337874,0.03505983605187404,0.03705227974838804,0.017945876462103334,0.10349089662648787,0.17340536266559115
network -> RealSense,scene_001,lemon,1,38.524138668245556,0.041054483832860325,0.040825570229007985,0.02085421326057551,0.10349089662648787,0.20150770686470212
network -> RealSense,scene_001,lemon,2,28.150365756992592,0.028608430071100012,0.03389258446217856,0.016231363980734007,0.10349089662648787,0.15683856754391753
network -> RealSense,scene_001,lemon,3,31.095705727466804,0.04227456890010949,0.044314102354232575,0.023327146541280472,0.10349089662648787,0.22540288374803807
network -> RealSense,scene_001,lemon,4,37.89428313811314,0.04612248289049224,0.04213254364203382,0.02204575438799305,0.10349089662648787,0.21302119419796942
network -> RealSense,scene_001,lemon,5,34.00149436378462,0.05375887622349806,0.050901509231428756,0.028055956459502016,0.10349089662648787,0.2710958874069824
network -> RealSense,scene_001,lemon,6,27.801344195023667,0.04922277430519218,0.04367015685049784,0.022838802382064025,0.10349089662648787,0.220684167656719
network -> RealSense,scene_001,lemon,7,24.259501267293448,0.05311984913149875,0.046274651678517915,0.023924751085293995,0.10349089662648787,0.231177348589814
network -> RealSense,scene_001,orange,0,102.31117339881382,0.06338650267125298,0.05054336133914481,0.021369678720397644,0.127517730652621,0.16758201868108927
network -> RealSense,scene_001,orange,1,96.80845583677883,0.0757179752735525,0.048081983489831503,0.021327242181845514,0.127517730652621,0.16724922936359637
network -> RealSense,scene_001,orange,2,107.84745399329103,0.06782778770573,0.04749962688711487,0.019498706319133027,0.127517730652621,0.1529097657191741
network -> RealSense,scene_001,orange,3,97.4005173691016,0.06362717563251447,0.05034097583474199,0.022050780890304184,0.127517730652621,0.17292325371107872
network -> RealSense,scene_001,orange,4,92.68893398684531,0.06802892922147241,0.047746826563571466,0.022865072084854915,0.127517730652621,0.1793089632934504
network -> RealSense,scene_001,orange,5,89.97072280123214,0.07778392401300617,0.07484739074202298,0.04307184593333483,0.127517730652621,0.3377714276508694
network -> RealSense,scene_001,orange,6,87.00216220853122,0.09932535202171223,0.10282272412182629,0.06955203804588908,0.127517730652621,0.5454303310600792
network -> RealSense,scene_001,orange,7,98.046113757467,0.11734537942120557,0.1080467060774505,0.07627578459096275,0.127517730652621,0.5981582655258378
network -> RealSense,scene_001,rubiks_cube,0,65.0369407919193,0.0597986526814073,0.0390910609940715,0.017810826014741928,0.12883775017150678,0.13824229304712662
network -> RealSense,scene_001,rubiks_cube,1,65.10451800709812,0.05930636181003356,0.03481236328851818,0.016018560552369658,0.12883775017150678,0.12433126572798736
network -> RealSense,scene_001,rubiks_cube,2,63.4600030617189,0.0583982130709425,0.03364066502143975,0.015722304936972808,0.12883775017150678,0.12203181843864491
network -> RealSense,scene_001,rubiks_cube,3,65.89492422742276,0.06066894211151921,0.02974720405650511,0.014476600371775748,0.12883775017150678,0.11236303298144158
network -> RealSense,scene_001,rubiks_cube,4,66.70218409148019,0.06203025907800653,0.02735323943702115,0.01398889836763628,0.12883775017150678,0.1085776362053395
network -> RealSense,scene_001,rubiks_cube,5,61.46154430751049,0.057584021235325286,0.02514552275311535,0.012361768619736938,0.12883775017150678,0.09594834280543665
network -> RealSense,scene_001,rubiks_cube,6,64.27597579391984,0.060062208326360854,0.027353563982071897,0.013258390774233951,0.12883775017150678,0.10290765522204937
network -> RealSense,scene_001,rubiks_cube,7,77.5805852230509,0.0560725476990403,0.030109299482807144,0.013749206339171536,0.12883775017150678,0.10671721852383179
network -> RealSense,scene_001,scissors,0,62.0977493454338,0.20287512005749536,0.09912370521955483,0.04048142861658557,0.20983996337550315,0.19291572475232044
network -> RealSense,scene_001,scissors,1,57.4145405528884,0.18633136360796573,0.08553506376850066,0.04389596665069597,0.20983996337550315,0.20918783030925944
network -> RealSense,scene_001,scissors,2,57.68168741946327,0.1803588754326061,0.07938335862470965,0.04034179363788385,0.20983996337550315,0.19225028916771808
network -> RealSense,scene_001,scissors,3,51.32002834347769,0.20308553254817346,0.09807905854151162,0.03563820827686758,0.20983996337550315,0.1698351815525908
network -> RealSense,scene_001,scissors,4,59.73109923680069,0.2004781968544329,0.09483064371915428,0.032107504348456675,0.20983996337550315,0.15300948318886776
network -> RealSense,scene_001,scissors,5,48.916516435335325,0.19410913421520634,0.08540256188112659,0.019192086799005793,0.20983996337550315,0.09146058972885948
network -> RealSense,scene_001,scissors,6,76.17188379174169,0.1989856876253432,0.09273843469128618,0.030129520967154676,0.20983996337550315,0.14358333123247208
network -> RealSense,scene_001,scissors,7,77.92439896693195,0.19611005810517215,0.0874154874433391,0.0192787126461896,0.20983996337550315,0.0918734083635482
network -> RealSense,scene_001,wood_block,0,3.321685740270331,0.23836375236149904,0.036006601735563866,0.02100196456342363,0.24655690811826406,0.0851810023240143
network -> RealSense,scene_001,wood_block,1,3.465448493638294,0.24102258653448988,0.04046226703957305,0.02281311445986944,0.24655690811826406,0.0925267705292883
network -> RealSense,scene_001,wood_block,2,2.952247422635716,0.2424770585567637,0.042084632459069043,0.02409999511538353,0.24655690811826406,0.09774617673183861
network -> RealSense,scene_001,wood_block,3,4.551514308686524,0.24385461839465183,0.043639381848684065,0.02519757546664233,0.24655690811826406,0.10219780763374921
network -> RealSense,scene_001,wood_block,4,2.6925210899536203,0.2425077502042212,0.04510666593789712,0.025754792901187488,0.24655690811826406,0.10445780285675015
network -> RealSense,scene_001,wood_block,5,2.497011938578441,0.24533184560972163,0.04794446326586153,0.027277032168613904,0.24655690811826406,0.11063179035133804
network -> RealSense,scene_001,wood_block,6,4.4934002091758085,0.24135310814788152,0.04365246062695707,0.025207929811919907,0.24655690811826406,0.10223980339593086
network -> RealSense,scene_001,wood_block,7,3.6655398167748943,0.24081664705490224,0.042131515438777835,0.024434463248531935,0.24655690811826406,0.09910273224553759
network -> RealSense,scene_002,apple,0,87.12639251684318,0.07021439670329689,0.02680292874622054,0.013260297383102856,0.13449611403964654,0.09859242014378206
network -> RealSense,scene_002,apple,1,86.83100514792054,0.06843125703178246,0.025213651725812483,0.012925946947862501,0.13449611403964654,0.09610647147806971
network -> RealSense,scene_002,apple,2,86.59859878340598,0.06780937067580099,0.025471418488106325,0.012892157197022506,0.13449611403964654,0.09585523930618678
network -> RealSense,scene_002,apple,3,84.95659176906075,0.07025481596646416,0.028054887969733176,0.014837967857307248,0.13449611403964654,0.110322651053943
network -> RealSense,scene_002,apple,4,82.71399128432634,0.06814212264100004,0.026818354396527112,0.01367470344809856,0.13449611403964654,0.10167359514987588
network -> RealSense,scene_002,apple,5,75.09685943326424,0.06515093524622845,0.02789084763230122,0.01411833823499907,0.13449611403964654,0.10497209035227062
network -> RealSense,scene_002,apple,6,65.00044289778651,0.0605779835324178,0.024194225287092537,0.012068937194987556,0.13449611403964654,0.08973446765480447
network -> RealSense,scene_002,apple,7,62.05463940104441,0.06050416498747046,0.02893488384388942,0.014900353422595257,0.13449611403964654,0.11078649765451927
network -> RealSense,scene_002,apple,8,62.0151845312165,0.05910958964365107,0.02710954650094285,0.013402445824149572,0.13449611403964654,0.09964931641221116
network -> RealSense,scene_002,apple,9,63.33216274266647,0.059637936855846334,0.02464385897733045,0.012303630347094533,0.13449611403964654,0.09147944856955265
network -> RealSense,scene_002,apple,10,63.31286354792169,0.060709626342122035,0.024648286790823568,0.012636549111881215,0.13449611403964654,0.09395475253772934
network -> RealSense,scene_002,chips_box,0,22.539695843194576,0.046102455613752986,0.04158238546646854,0.020121834499499544,0.2694943619712671,0.07466514086719518
network -> RealSense,scene_002,chips_box,1,21.91602606315894,0.04154611706354092,0.0369560407667208,0.01853922101978599,0.2694943619712671,0.06879261177924978
network -> RealSense,scene_002,chips_box,2,21.99892359270271,0.04115100213140456,0.03468350759873896,0.017408557263237187,0.2694943619712671,0.06459711118221186
network -> RealSense,scene_002,chips_box,3,22.285078470824402,0.04618815379411311,0.04011148532817017,0.019654536857504765,0.2694943619712671,0.07293116157880991
network -> RealSense,scene_002,chips_box,4,20.40570975817105,0.04078439277705283,0.03575136845899112,0.017820885686520512,0.2694943619712671,0.06612711878707332
network -> RealSense,scene_002,chips_box,5,22.767362046384065,0.04377458246828003,0.03441206179240639,0.016944131950036415,0.2694943619712671,0.06287379010861445
network -> RealSense,scene_002,chips_box,6,17.194999424159214,0.03925919799003336,0.03249744702649011,0.015917648118813226,0.2694943619712671,0.05906486503977524
network -> RealSense,scene_002,chips_box,7,19.049177619115966,0.04311187839838516,0.034942846524993874,0.01690488446138935,0.2694943619712671,0.06272815630625962
network -> RealSense,scene_002,chips_box,8,20.263014608767126,0.04470394794084515,0.03816238658129614,0.01831115231900811,0.2694943619712671,0.0679463280235911
network -> RealSense,scene_002,chips_box,9,17.18234554257186,0.040824861336051836,0.03262230684427479,0.015546908138448385,0.2694943619712671,0.057689177705713794
network -> RealSense,scene_002,chips_box,10,17.287045205532227,0.04106834547817857,0.03570871213050947,0.01687285058408757,0.2694943619712671,0.06260928971080486
network -> RealSense,scene_002,lemon,0,45.39425587290998,0.045389497622659064,0.02763872466800352,0.013748990065192904,0.10349089662648787,0.13285216877398212
network -> RealSense,scene_002,lemon,1,30.6389002992305,0.042152506446383166,0.025941152974500774,0.012263518260403974,0.10349089662648787,0.11849852170732088
network -> RealSense,scene_002,lemon,2,22.70105326644728,0.04014477972549301,0.02791784967497919,0.013227026970583653,0.10349089662648787,0.12780860347863943
network -> RealSense,scene_002,lemon,3,21.81157091098869,0.04722798484065117,0.020034173546528897,0.00915955760847462,0.10349089662648787,0.08850592570989753
network -> RealSense,scene_002,lemon,4,16.111543045802996,0.04404906506852793,0.026172695604770244,0.012384874289017644,0.10349089662648787,0.11967114686150868
network -> RealSense,scene_002,lemon,5,12.509824297559328,0.048083602717364365,0.022632925721530795,0.010309872278806894,0.10349089662648787,0.09962105474857914
network -> RealSense,scene_002,lemon,6,20.365560079797703,0.04344453715461809,0.02345804744805801,0.01090889461087473,0.10349089662648787,0.10540921923061843
network -> RealSense,scene_002,lemon,7,25.41306062781025,0.044057064785190364,0.023691623816685978,0.011164321052891205,0.10349089662648787,0.10787732464223103
network -> RealSense,scene_002,lemon,8,34.879356576008306,0.04078660617862689,0.02655178744819509,0.012855115023365414,0.10349089662648787,0.12421493524943743
network -> RealSense,scene_002,lemon,9,56.08929384078012,0.03907105263134124,0.024523995155209286,0.012211661126118656,0.10349089662648787,0.11799744252088308
network -> RealSense,scene_002,lemon,10,70.17791518110056,0.04051644009822438,0.028281180180641623,0.013989619464864335,0.10349089662648787,0.13517729501711337
network -> RealSense,scene_002,orange,0,63.37708357803515,0.022786200946060604,0.05303873872544259,0.021930419473824552,0.127517730652621,0.1719793738610874
network -> RealSense,scene_002,orange,1,48.2706644397167,0.025380944535088584,0.05386350652776864,0.02223610519175947,0.127517730652621,0.17437657553939873
network -> RealSense,scene_002,orange,2,49.2048558651177,0.02908291924581872,0.05285241291907712,0.021643883266103326,0.127517730652621,0.16973234353632574
network -> RealSense,scene_002,orange,3,49.4007081510424,0.027058739270208357,0.05459711690813169,0.022786010388019026,0.127517730652621,0.17868895777397276
network -> RealSense,scene_002,orange,4,54.9913287146895,0.029298192770975215,0.05228212203227676,0.02135611008440375,0.127517730652621,0.1674756128038481
network -> RealSense,scene_002,orange,5,53.065088595061624,0.028422785655475374,0.05132356928856145,0.020608742498578542,0.127517730652621,0.161614721287035
network -> RealSense,scene_002,orange,6,47.91995124067872,0.027485993831411756,0.05191212130151154,0.0209475141794901,0.127517730652621,0.16427138463242047
network -> RealSense,scene_002,orange,7,45.293763765026654,0.02485303517349789,0.054568820649663265,0.022745137997332073,0.127517730652621,0.1783684345770983
network -> RealSense,scene_002,orange,8,49.192918549000964,0.02716278137146484,0.05584184894472646,0.023453739230733673,0.127517730652621,0.18392531854746902
network -> RealSense,scene_002,orange,9,54.16869575449739,0.03144766335391779,0.051286759246342614,0.020530735076591655,0.127517730652621,0.1610029834401673
network -> RealSense,scene_002,orange,10,49.13033795714629,0.02707609422744792,0.05531859575843251,0.02330999445651704,0.127517730652621,0.1827980653138915
network -> RealSense,scene_002,rubiks_cube,0,3.1937330337936403,0.02881840851817276,0.027030860258586174,0.01277165727957772,0.12883775017150678,0.09912977572626262
network -> RealSense,scene_002,rubiks_cube,1,3.4376286368968136,0.023411470234238282,0.02461838002372051,0.011283665368588765,0.12883775017150678,0.08758042851235859
network -> RealSense,scene_002,rubiks_cube,2,4.070412108593552,0.020826391650122608,0.023760625859721423,0.010884574452525162,0.12883775017150678,0.08448280444229885
network -> RealSense,scene_002,rubiks_cube,3,4.565238050554998,0.02735806193440732,0.029580950133442335,0.013450881008340026,0.12883775017150678,0.10440170672364603
network -> RealSense,scene_002,rubiks_cube,4,3.860108645067606,0.02260623990567054,0.024797866542056558,0.011334364564100887,0.12883775017150678,0.08797394047173876
network -> RealSense,scene_002,rubiks_cube,5,2.7889570287163377,0.02340968257955145,0.025277243462860324,0.011618465580236166,0.12883775017150678,0.0901790474047385
network -> RealSense,scene_002,rubiks_cube,6,2.1293844916539313,0.023216095465900234,0.023661958092494276,0.011020137835798404,0.12883775017150678,0.08553500679054524
network -> RealSense,scene_002,rubiks_cube,7,3.1575706362329035,0.028212315110112126,0.028786665617689878,0.013368174013059037,0.12883775017150678,0.10375975981623037
network -> RealSense,scene_002,rubiks_cube,8,2.5314748425257427,0.02818554124871369,0.029399721176904158,0.01359687647801508,0.12883775017150678,0.10553487979971035
network -> RealSense,scene_002,rubiks_cube,9,1.7078001775209948,0.026907955368635883,0.025865683201271337,0.012154179791643476,0.12883775017150678,0.09433710054284573
network -> RealSense,scene_002,rubiks_cube,10,4.055814682699104,0.028568652668107097,0.028315967869570153,0.013309074848571427,0.12883775017150678,0.10330104981540424
network -> RealSense,scene_002,scissors,0,75.64626729002457,0.22400400366412787,0.12200462656179965,0.046959738709210004,0.20983996337550315,0.22378834781426632
network -> RealSense,scene_002,scissors,1,78.43261032529503,0.22072262207494492,0.11850678632316711,0.04627597869115115,0.20983996337550315,0.22052986450603546
network -> RealSense,scene_002,scissors,2,70.10154254284738,0.22106287492166046,0.11922021174341998,0.04539618422639872,0.20983996337550315,0.2163371718911494
network -> RealSense,scene_002,scissors,3,68.4271587654883,0.22855800639638085,0.12778657506017307,0.053988478150913746,0.20983996337550315,0.2572840620177901
network -> RealSense,scene_002,scissors,4,58.776735319989406,0.22684912233572288,0.12501404086859816,0.04831136971368485,0.20983996337550315,0.2302295946708345
network -> RealSense,scene_002,scissors,5,66.54264471256775,0.22823548461864152,0.12777636371072038,0.0549254204915792,0.20983996337550315,0.2617490949199776
network -> RealSense,scene_002,scissors,6,66.90287371282128,0.23006538524334824,0.1295406522536643,0.05340728838222955,0.20983996337550315,0.2545143809745077
network -> RealSense,scene_002,scissors,7,65.48900137556407,0.23289016591039077,0.1330190366237308,0.05789808661611033,0.20983996337550315,0.27591544377323024
network -> RealSense,scene_002,scissors,8,65.14931474451465,0.21966793324322548,0.11894451622714791,0.04938087980442855,0.20983996337550315,0.23532638402182118
network -> RealSense,scene_002,scissors,9,66.52705639527784,0.21790302098135672,0.11758868256422349,0.04939059974767052,0.20983996337550315,0.23537270476590455
network -> RealSense,scene_002,scissors,10,62.475905666340005,0.22151639315956506,0.1235748036075473,0.05773466599380632,0.20983996337550315,0.2751366568363893
network -> RealSense,scene_002,wood_block,0,4.434143949469867,0.23374259343328785,0.027039798516004278,0.016855151965881904,0.24655690811826406,0.0683621160506974
network -> RealSense,scene_002,wood_block,1,4.374594977166027,0.23709899217878916,0.029822243349194918,0.01807832060358548,0.24655690811826406,0.0733231153065644
network -> RealSense,scene_002,wood_block,2,3.626771773515715,0.2377946842660574,0.02902693338477827,0.017671267972391932,0.24655690811826406,0.07167216731934231
network -> RealSense,scene_002,wood_block,3,3.8502853534701615,0.23684945093645843,0.02841003064408587,0.017433466346592902,0.24655690811826406,0.07070767750798823
network -> RealSense,scene_002,wood_block,4,4.247738066395763,0.23830740606276016,0.0320814867207955,0.019196259102964994,0.24655690811826406,0.07785731598222863
network -> RealSense,scene_002,wood_block,5,3.687802192609726,0.23871519250900133,0.03258536989754857,0.019424873470721457,0.24655690811826406,0.07878454357240754
network -> RealSense,scene_002,wood_block,6,5.061254145408149,0.2394986178577449,0.03340479400215862,0.019660214018052343,0.24655690811826406,0.07973905159705393
network -> RealSense,scene_002,wood_block,7,4.495761106044564,0.23887905335881246,0.03270316251665894,0.0193711996827655,0.24655690811826406,0.07856685026839266
network -> RealSense,scene_002,wood_block,8,5.255917347502813,0.23979258623340668,0.03465638765737597,0.020082253470408675,0.24655690811826406,0.08145078401443928
network -> RealSense,scene_002,wood_block,9,3.3703381617028723,0.23974423596484326,0.03446792971363712,0.020040079567688458,0.24655690811826406,0.08127973262090059
network -> RealSense,scene_002,wood_block,10,3.2295235275815033,0.2405937857167892,0.03611721437636251,0.020780732830910455,0.24655690811826406,0.0842837176597896
network -> RealSense,scene_004,chips_box,0,21.941882384952493,0.27174021978511115,0.023770277268880428,0.015064120647431819,0.2694943619712671,0.05589772096619195
network -> RealSense,scene_004,chips_box,1,17.09368659488745,0.2704804743483475,0.022867550155347662,0.014513036292181062,0.2694943619712671,0.05385283827840677
network -> RealSense,scene_004,chips_box,2,10.993938897994783,0.26988946774186473,0.026446911890267953,0.016268558256601,0.2694943619712671,0.06036697071360446
network -> RealSense,scene_004,chips_box,3,5.564683207556069,0.2607572253675096,0.02571713073333045,0.013662072055634777,0.2694943619712671,0.05069520547925748
network -> RealSense,scene_004,chips_box,4,9.388000033743248,0.2649144935519538,0.03198015988481701,0.018168126289960965,0.2694943619712671,0.06741560809312223
network -> RealSense,scene_004,chips_box,5,11.915174632980754,0.25792428335522954,0.026858223147677714,0.01322882925434472,0.2694943619712671,0.04908759187977057
network -> RealSense,scene_004,chips_box,6,13.059903850254258,0.26263876729961355,0.028231386579751414,0.015619228774088889,0.2694943619712671,0.05795753447248064
network -> RealSense,scene_004,chips_box,7,15.145748867620242,0.2639858811442068,0.0322318879022899,0.017962712191962334,0.2694943619712671,0.06665338770195675
network -> RealSense,scene_004,chips_box,8,15.996632195183246,0.26389758515769357,0.031103070298163286,0.017327899685275833,0.2694943619712671,0.06429781891735196
network -> RealSense,scene_004,chips_box,9,26.056028981493988,0.26281829106451615,0.035232463053989756,0.019125868780794263,0.2694943619712671,0.070969457917021
network -> RealSense,scene_004,chips_box,10,37.45803358645383,0.2587401870256821,0.03693118130233629,0.018789013864976754,0.2694943619712671,0.06971950629148968
network -> RealSense,scene_004,scissors,0,1.1337599492144217,0.03381549109499406,0.034333056846818255,0.017912611658500797,0.20983996337550315,0.0853632042741384
network -> RealSense,scene_004,scissors,1,1.3508497189932214,0.0356565764039877,0.036229199850784065,0.019360844729990254,0.20983996337550315,0.0922648118049112
network -> RealSense,scene_004,scissors,2,3.89322792665817,0.03425864689687641,0.03623603114532931,0.020421929160422785,0.20983996337550315,0.09732144836433408
network -> RealSense,scene_004,scissors,3,7.216578434474165,0.03535448770996093,0.0367759284224413,0.020259963632302286,0.20983996337550315,0.0965495957319036
network -> RealSense,scene_004,scissors,4,2.7316941392293406,0.03517846535237533,0.03302917171838837,0.0176454667285538,0.20983996337550315,0.0840901153655736
network -> RealSense,scene_004,scissors,5,2.554896412128507,0.031023231185621003,0.03243685225275242,0.018606436490092196,0.20983996337550315,0.0886696518184025
network -> RealSense,scene_004,scissors,6,1.3510931012682996,0.03134038123987872,0.03005646071244598,0.017201918838071,0.20983996337550315,0.0819763717137551
network -> RealSense,scene_004,scissors,7,6.353961710781828,0.026227195970076583,0.030190099025995704,0.015261018682753645,0.20983996337550315,0.0727269412235097
network -> RealSense,scene_004,scissors,8,3.37712490683845,0.026131084393225062,0.02690493306383222,0.012684819789689413,0.20983996337550315,0.06044997142412886
network -> RealSense,scene_004,scissors,9,11.316314420687691,0.018880024556166074,0.021620999881628123,0.009727355319172487,0.20983996337550315,0.046356066607606286
network -> RealSense,scene_004,scissors,10,10.698745895007052,0.016035351907233503,0.02329159047617477,0.010642742381410546,0.20983996337550315,0.05071837704415548
network -> RealSense,scene_004,wood_block,0,3.732896471677674,0.08269327171260309,0.042218945400123234,0.019597149693228236,0.24655690811826406,0.07948327160165483
network -> RealSense,scene_004,wood_block,1,4.278644942979784,0.08276359705393442,0.04620335739437188,0.023229419677081444,0.24655690811826406,0.09421524569873
network -> RealSense,scene_004,wood_block,2,3.994487452734859,0.07740276996239338,0.04401409210683248,0.023109863465184417,0.24655690811826406,0.09373034258727599
network -> RealSense,scene_004,wood_block,3,5.262429612603309,0.07685958315123839,0.04524325002089783,0.02407348927345606,0.24655690811826406,0.0976386727801961
network -> RealSense,scene_004,wood_block,4,6.476621689873559,0.0754252349924251,0.04625505191932015,0.02535057961916907,0.24655690811826406,0.10281837086880304
network -> RealSense,scene_004,wood_block,5,4.654866512245904,0.07036571014740481,0.03635142154941742,0.0204438703284036,0.24655690811826406,0.08291745092211103
network -> RealSense,scene_004,wood_block,6,4.708525813445385,0.07252560522717956,0.03845868551745136,0.02157204112956292,0.24655690811826406,0.0874931523687652
network -> RealSense,scene_004,wood_block,7,7.295327102852108,0.0702779631424856,0.04996477616031133,0.026955738900265765,0.24655690811826406,0.10932867022868453
network -> RealSense,scene_004,wood_block,8,5.745694300997043,0.07344211243442128,0.05440261197998803,0.029456734820088402,0.24655690811826406,0.11947235648314959
network -> RealSense,scene_004,wood_block,9,8.636608412374631,0.0744791753746653,0.05854211434824231,0.0316073202868444,0.24655690811826406,0.12819482742573798
network -> RealSense,scene_004,wood_block,10,6.244735519718325,0.07846185115577994,0.05965852520177716,0.03222111963419634,0.24655690811826406,0.13068431089645674
network -> RealSense,scene_005,apple,0,44.48301771691056,0.03320447062566433,0.045708225795907075,0.024551983679520866,0.13449611403964654,0.18254790374302915
network -> RealSense,scene_005,apple,1,31.494409846608473,0.0368649297162271,0.04415856548412136,0.025209063299316943,0.13449611403964654,0.18743339522720975
network -> RealSense,scene_005,apple,2,28.382923902574,0.039300358535578214,0.044590227549377186,0.026080165271228674,0.13449611403964654,0.1939101769404342
network -> RealSense,scene_005,apple,3,31.303673923283988,0.04038184117075511,0.0437976798855321,0.0259134549275754,0.13449611403964654,0.1926706590194619
network -> RealSense,scene_005,apple,4,23.076467818871027,0.04094226174144039,0.04539158599408193,0.027105455837155547,0.13449611403964654,0.2015333753744398
network -> RealSense,scene_005,apple,5,19.732790156439172,0.04139504883055819,0.04301198831736124,0.02646231689542339,0.13449611403964654,0.19675153504898196
network -> RealSense,scene_005,apple,6,22.76927261809403,0.042964662560338276,0.04273301492046539,0.02717951036418576,0.13449611403964654,0.2020839825615618
network -> RealSense,scene_005,apple,7,27.22040331597745,0.044427886361612254,0.04436634334400219,0.02846168384245171,0.13449611403964654,0.21161714630700648
network -> RealSense,scene_005,apple,8,33.34173582614567,0.047108352102540156,0.04613752363235389,0.029896637692659246,0.13449611403964654,0.2222862564181324
network -> RealSense,scene_005,apple,9,45.95053435974986,0.047759450281169485,0.045996168530996494,0.02950229455198883,0.13449611403964654,0.21935425244548104
network -> RealSense,scene_005,apple,10,50.9513552749004,0.05248888270270207,0.04748911679544942,0.031228083046157498,0.13449611403964654,0.2321857643928072
network -> RealSense,scene_005,chips_box,0,16.104584589331093,0.2358413864090837,0.05348401173142969,0.019517580986241966,0.2694943619712671,0.072422965896121
network -> RealSense,scene_005,chips_box,1,9.905338260992334,0.2334556778853996,0.05217632844758388,0.017855274268998578,0.2694943619712671,0.06625472287580647
network -> RealSense,scene_005,chips_box,2,2.3010253877400455,0.23344476741187703,0.05243184098705832,0.018131060033482017,0.2694943619712671,0.06727806808594798
network -> RealSense,scene_005,chips_box,3,3.154038182170047,0.2306705260334522,0.05280728281036491,0.017066942229146995,0.2694943619712671,0.0633294964106397
network -> RealSense,scene_005,chips_box,4,5.864357974615753,0.23064920407545372,0.0537792227535823,0.017870940986950537,0.2694943619712671,0.06631285662612822
network -> RealSense,scene_005,chips_box,5,6.2047307025203935,0.23066421470959036,0.05212811839639907,0.016589547080664593,0.2694943619712671,0.06155804878186407
network -> RealSense,scene_005,chips_box,6,6.897883191678485,0.2302921775940387,0.05060127170819969,0.015072125634433782,0.2694943619712671,0.05592742469336238
network -> RealSense,scene_005,chips_box,7,7.426068908042164,0.2315561469498716,0.04843263955699546,0.01388867512162178,0.2694943619712671,0.051536050773123634
network -> RealSense,scene_005,chips_box,8,6.532638179570591,0.23149301793500518,0.051046282193797685,0.016160924499871256,0.2694943619712671,0.0599675792163485
network -> RealSense,scene_005,chips_box,9,7.741014504235062,0.23111515867959065,0.04725116888919049,0.012340948778265522,0.2694943619712671,0.04579297573424296
network -> RealSense,scene_005,chips_box,10,8.274920474817694,0.23180341734120952,0.04662988827607762,0.012238129599438112,0.2694943619712671,0.045411449463803315
network -> RealSense,scene_005,lemon,0,51.44087204244034,0.049463021908326715,0.030745953081432985,0.014162263570179155,0.10349089662648787,0.13684550073319598
network -> RealSense,scene_005,lemon,1,49.37116870045668,0.05042665590527801,0.037729820985399024,0.017669181940364553,0.10349089662648787,0.17073175048560002
network -> RealSense,scene_005,lemon,2,42.292808299538365,0.051580657745918426,0.034234664209559604,0.015747330483105868,0.10349089662648787,0.1521615040203974
network -> RealSense,scene_005,lemon,3,50.5101723411473,0.045711977093845384,0.03149634721262292,0.014900691346142296,0.10349089662648787,0.14398069619515264
network -> RealSense,scene_005,lemon,4,42.45623694487157,0.04625281544170224,0.034754900524912896,0.016487413571054117,0.10349089662648787,0.15931269424169103
network -> RealSense,scene_005,lemon,5,45.103316578707734,0.044637030444438584,0.03725111015107561,0.018078807675225964,0.10349089662648787,0.17468983518883535
network -> RealSense,scene_005,lemon,6,42.550782341984764,0.04361059253155598,0.034851567360161324,0.016794568447296102,0.10349089662648787,0.16228063525152253
network -> RealSense,scene_005,lemon,7,39.31256429166948,0.04564528869332437,0.0383545708642058,0.019038211681079047,0.10349089662648787,0.1839602544926288
network -> RealSense,scene_005,lemon,8,38.71028379294847,0.04566287109477067,0.03388086070181905,0.01613409890996872,0.10349089662648787,0.1558987257420214
network -> RealSense,scene_005,lemon,9,35.65511945345835,0.04440103389614345,0.039308392339904144,0.019581654192075876,0.10349089662648787,0.1892113686361093
network -> RealSense,scene_005,lemon,10,40.36709677317286,0.04382513190440022,0.036807212821754795,0.01808925224667078,0.10349089662648787,0.17479075779928016
network -> RealSense,scene_005,orange,0,68.43508921490437,0.04002265575826761,0.060593343635177405,0.029151681307163002,0.127517730652621,0.2286088464558463
network -> RealSense,scene_005,orange,1,61.50612158460381,0.037696809180774164,0.05926335326969742,0.028140963222706126,0.127517730652621,0.2206827480279325
network -> RealSense,scene_005,orange,2,53.219191946205946,0.03958223426619853,0.06005660045889204,0.028633071466012933,0.127517730652621,0.22454188385781476
network -> RealSense,scene_005,orange,3,48.31994493469763,0.043111031024573414,0.0616050063341714,0.02984567982126449,0.127517730652621,0.23405121521938754
network -> RealSense,scene_005,orange,4,45.581472751245485,0.04197646841835495,0.055494894157846156,0.02520605217312078,0.127517730652621,0.19766703849040537
network -> RealSense,scene_005,orange,5,43.98777926318483,0.04551344924770518,0.05426490186644287,0.02385785000659461,0.127517730652621,0.1870943741273695
network -> RealSense,scene_005,orange,6,41.324382213257536,0.04736133574634053,0.05003414595672814,0.020868753887605982,0.127517730652621,0.16365374274465294
network -> RealSense,scene_005,orange,7,34.523079524067334,0.04710497267135775,0.050061672878301884,0.021145488594331917,0.127517730652621,0.16582390924079146
network -> RealSense,scene_005,orange,8,31.132765573197602,0.044354000976754716,0.051243729458699074,0.02159978560682351,0.127517730652621,0.1693865276324971
network -> RealSense,scene_005,orange,9,34.02329409142022,0.04429190170734539,0.05166223947285182,0.021660410930438072,0.127517730652621,0.16986195425202905
network -> RealSense,scene_005,orange,10,31.734977385624536,0.042012288985350206,0.05485712230838816,0.02383715030719545,0.127517730652621,0.18693204611781963
network -> RealSense,scene_005,rubiks_cube,0,63.09159972304297,0.014371863252716208,0.0611333428281694,0.029296574528479318,0.12883775017150678,0.22739123036128914
network -> RealSense,scene_005,rubiks_cube,1,61.93782968612516,0.015500285389180397,0.06363638865457903,0.030716158296696182,0.12883775017150678,0.23840961407512407
network -> RealSense,scene_005,rubiks_cube,2,60.903169060719364,0.014570995656254178,0.06326361493683,0.030687847744004355,0.12883775017150678,0.23818987605071631
network -> RealSense,scene_005,rubiks_cube,3,60.93299825957733,0.014080432441192404,0.06448414772341299,0.03166242872732804,0.12883775017150678,0.24575428152990494
network -> RealSense,scene_005,rubiks_cube,4,60.89980930752493,0.0150841874952816,0.06398638109359038,0.03134513600687558,0.12883775017150678,0.2432915505366201
network -> RealSense,scene_005,rubiks_cube,5,60.45905742859505,0.016501557359985333,0.06652992115701202,0.03335230201193049,0.12883775017150678,0.2588705714554347
network -> RealSense,scene_005,rubiks_cube,6,61.437275578570066,0.01858029321348605,0.06764255147635917,0.034122904199953764,0.12883775017150678,0.26485175466452876
network -> RealSense,scene_005,rubiks_cube,7,60.37344451302761,0.019400862121332428,0.0657931715882105,0.03276557219994285,0.12883775017150678,0.25431655051664465
network -> RealSense,scene_005,rubiks_cube,8,59.578085695510474,0.02214601840916843,0.06634905458954138,0.03310008064691162,0.12883775017150678,0.25691290481904033
network -> RealSense,scene_005,rubiks_cube,9,60.07476475088722,0.026192851350834365,0.06928019677347598,0.03548362048721768,0.12883775017150678,0.2754132266356906
network -> RealSense,scene_005,rubiks_cube,10,61.64918541103747,0.028227098935425906,0.07202064599678777,0.03747301429686841,0.12883775017150678,0.2908543051006784
network -> RealSense,scene_005,scissors,0,18.981872229785903,0.04046514047814011,0.03389283553554458,0.011977463056176191,0.20983996337550315,0.05707903710764014
network -> RealSense,scene_005,scissors,1,11.65774457636015,0.04006716980354562,0.03462419271433868,0.012894936052300672,0.20983996337550315,0.06145128813821569
network -> RealSense,scene_005,scissors,2,12.12203523433718,0.03695640587303477,0.03106620982996724,0.011293384574722789,0.20983996337550315,0.05381903615048565
network -> RealSense,scene_005,scissors,3,11.318924607923528,0.03822818565890752,0.034255426212752293,0.012531516412670845,0.20983996337550315,0.05971939858875224
network -> RealSense,scene_005,scissors,4,10.778042367596173,0.03744856716850247,0.03238862654376779,0.012745645823909166,0.20983996337550315,0.060739840109012816
network -> RealSense,scene_005,scissors,5,11.941122034650503,0.03678227690567532,0.030626906330981165,0.012024218198578723,0.20983996337550315,0.05730185044429167
network -> RealSense,scene_005,scissors,6,14.507332317600126,0.039831705312789206,0.03358488530321729,0.01283104354534497,0.20983996337550315,0.0611468060656499
network -> RealSense,scene_005,scissors,7,12.257222431622862,0.03772039612517388,0.03225350477895296,0.012385024892172926,0.20983996337550315,0.059021287904107406
network -> RealSense,scene_005,scissors,8,8.689270292686656,0.03271490330504554,0.028551384978047694,0.012512634371634941,0.20983996337550315,0.05962941553341729
network -> RealSense,scene_005,scissors,9,15.106576577426363,0.026007401801913757,0.02741828777264583,0.012345431481247723,0.20983996337550315,0.05883260406005645
network -> RealSense,scene_005,scissors,10,15.761342510743006,0.026304288964195587,0.02571796413342316,0.011318029283173856,0.20983996337550315,0.05393648140759793
network -> RealSense,scene_005,wood_block,0,6.726637745737024,0.0666319505735575,0.04809053352251435,0.026402648468273112,0.24655690811826406,0.10708541354521187
network -> RealSense,scene_005,wood_block,1,4.876212755364405,0.06942518051218875,0.04670539840032753,0.026081664786580243,0.24655690811826406,0.10578354906231162
network -> RealSense,scene_005,wood_block,2,5.6936451826053425,0.06628802817957721,0.04384538874197334,0.02468013165910488,0.24655690811826406,0.10009912862496942
network -> RealSense,scene_005,wood_block,3,5.059625563295743,0.07098897063662239,0.04974319608650207,0.027517215369935042,0.24655690811826406,0.11160593949667827
network -> RealSense,scene_005,wood_block,4,5.6967030139662,0.06442787221584191,0.043398146692064,0.0244011241684745,0.24655690811826406,0.0989675136450454
network -> RealSense,scene_005,wood_block,5,6.593563566752642,0.06592716572718758,0.046655671450584586,0.025852509402643192,0.24655690811826406,0.10485412718690777
network -> RealSense,scene_005,wood_block,6,7.716644148387312,0.06848033182980812,0.05159911669636682,0.02825803676398171,0.24655690811826406,0.11461060645044834
network -> RealSense,scene_005,wood_block,7,6.600026910269632,0.06649249358918652,0.04670536238110316,0.02596151423748616,0.24655690811826406,0.10529623540312
network -> RealSense,scene_005,wood_block,8,6.859990803848448,0.06851920525318858,0.051133408393873085,0.02818087165794316,0.24655690811826406,0.11429763567778786
network -> RealSense,scene_005,wood_block,9,7.345658820552931,0.06474756385153659,0.04686348068406381,0.026193545568276768,0.24655690811826406,0.10623732171281411
network -> RealSense,scene_005,wood_block,10,7.169138559005505,0.06401724476123664,0.04792782964956088,0.026780290137317413,0.24655690811826406,0.10861707482343962
network -> RealSense,scene_006,apple,0,49.42073963430623,0.1294458964012727,0.14086664417514191,0.09355067684982116,0.13449611403964654,0.6955641619671216
network -> RealSense,scene_006,apple,1,51.1148053862319,0.13531521412793596,0.14441065248488655,0.09766213494168412,0.13449611403964654,0.7261335068230703
network -> RealSense,scene_006,apple,2,53.717909004183475,0.14344899795664448,0.14213483723346473,0.09726806570500388,0.13449611403964654,0.7232035393701514
network -> RealSense,scene_006,apple,3,58.33556237094109,0.15165085865883118,0.14950993852702846,0.10552162295633498,0.13449611403964654,0.7845700502932709
network -> RealSense,scene_006,apple,4,55.8734176003942,0.14787391201601063,0.14773933325228333,0.10499562259505421,0.13449611403964654,0.780659153944803
network -> RealSense,scene_006,apple,5,55.051454487927394,0.1461432192444613,0.1420191360155419,0.10080569398096179,0.13449611403964654,0.7495063682750451
network -> RealSense,scene_006,apple,6,49.38200945624884,0.15339068359600688,0.1459894166567329,0.10449385812932481,0.13449611403964654,0.7769284553345704
network -> RealSense,scene_006,apple,7,48.86922733382041,0.16174587242665678,0.15768321491773377,0.1169790205240588,0.13449611403964654,0.8697576235516806
network -> RealSense,scene_006,apple,8,46.702731465870684,0.13134016302533458,0.12570612055050603,0.08622048268223911,0.13449611403964654,0.6410630024360643
network -> RealSense,scene_006,apple,9,49.79483003948385,0.13102022540232464,0.13331837333533544,0.09256720802467851,0.13449611403964654,0.6882519148277526
network -> RealSense,scene_006,apple,10,43.15374400720441,0.12989336775579605,0.13794240337886443,0.09713580587645264,0.13449611403964654,0.7222201665084473
network -> RealSense,scene_006,chips_box,0,33.86214982435507,0.10841007079026882,0.08596218012185683,0.04944684998792186,0.2694943619712671,0.18348009073820173
network -> RealSense,scene_006,chips_box,1,36.535468200372286,0.0981875274812356,0.08343230937215068,0.04698587864844734,0.2694943619712671,0.17434828062732116
network -> RealSense,scene_006,chips_box,2,33.970642730043444,0.10820917448583003,0.08519378117592637,0.04862768918329788,0.2694943619712671,0.18044046943172215
network -> RealSense,scene_006,chips_box,3,40.763162899970126,0.09882428461695768,0.08456999244424653,0.0487771952055185,0.2694943619712671,0.18099523436679177
network -> RealSense,scene_006,chips_box,4,43.937757045151024,0.1006836984664479,0.08186530485749098,0.04598992341732971,0.2694943619712671,0.1706526365929431
network -> RealSense,scene_006,chips_box,5,39.16813037154084,0.09669847107833963,0.08528502168192302,0.049098430066574966,0.2694943619712671,0.18218722539289983
network -> RealSense,scene_006,chips_box,6,38.13204540674584,0.10227011123779292,0.08459494107119711,0.04813698477341747,0.2694943619712671,0.17861963575531029
network -> RealSense,scene_006,chips_box,7,35.37999068123019,0.11179660578125843,0.0821942180560911,0.0463814777595274,0.2694943619712671,0.1721055587963376
network -> RealSense,scene_006,chips_box,8,35.75157605279306,0.09690894790914115,0.07551900274981524,0.03998902517902522,0.2694943619712671,0.1483853869391478
network -> RealSense,scene_006,chips_box,9,25.926196348750487,0.08802059965263954,0.06910104704047276,0.03618491305860747,0.2694943619712671,0.13426964777268857
network -> RealSense,scene_006,chips_box,10,23.99880198523131,0.0810822215546925,0.06704727878647329,0.03499280013449743,0.2694943619712671,0.12984613065199593
network -> RealSense,scene_006,lemon,0,86.16520657936901,0.09470642477982526,0.10857148917690206,0.08156633875528585,0.10349089662648787,0.7881498896436214
network -> RealSense,scene_006,lemon,1,81.55766364564863,0.10599277793982503,0.11831688819916834,0.09129668273070063,0.10349089662648787,0.8821711445809794
network -> RealSense,scene_006,lemon,2,84.01878270943978,0.08369519789880993,0.09220267062994478,0.0660308868894497,0.10349089662648787,0.6380357020942989
network -> RealSense,scene_006,lemon,3,78.75968825046543,0.09879221573085037,0.12042807755100349,0.09300990142243784,0.10349089662648787,0.8987254382201624
network -> RealSense,scene_006,lemon,4,77.02614445230786,0.11296738343978349,0.14156379576604616,0.11316978367766337,0.10349089662648787,1.0935240428547823
network -> RealSense,scene_006,lemon,5,77.81627602730877,0.12186344587472601,0.1486050441204311,0.11984892440947009,0.10349089662648787,1.158062480046148
network -> RealSense,scene_006,lemon,6,81.97347387534286,0.15619207951466704,0.1794366257634456,0.1503669458500399,0.10349089662648787,1.452948527373705
network -> RealSense,scene_006,lemon,7,85.27273966193948,0.1474201202421005,0.16999121705986142,0.14090385440344183,0.10349089662648787,1.3615096496069814
network -> RealSense,scene_006,lemon,8,88.45979306960344,0.1610751673344524,0.1805941200536083,0.15179510069017504,0.10349089662648787,1.4667483386294675
network -> RealSense,scene_006,lemon,9,87.46460419667311,0.16488743428688588,0.1832226630630542,0.15451131482187366,0.10349089662648787,1.492994261896533
network -> RealSense,scene_006,lemon,10,80.50290001994219,0.14439426545673503,0.15377840237277995,0.12519593296987194,0.10349089662648787,1.2097289428433533
network -> RealSense,scene_006,orange,0,66.1726587213753,0.0657358721573634,0.09002339088503258,0.0611541840527471,0.127517730652621,0.47957396779073036
network -> RealSense,scene_006,orange,1,68.2039713683053,0.06835768983967866,0.09234756185886585,0.06380853701042197,0.127517730652621,0.5003895276669154
network -> RealSense,scene_006,orange,2,67.28744970048912,0.06397465531039304,0.089849119644678,0.0607392743545297,0.127517730652621,0.47632022655730394
network -> RealSense,scene_006,orange,3,67.52878670895178,0.06915751456330362,0.10112262009983713,0.06985024529019745,0.127517730652621,0.5477688861988993
network -> RealSense,scene_006,orange,4,63.33965516572956,0.06873097537402909,0.09607438822277546,0.06575144308570392,0.127517730652621,0.5156258878604225
network -> RealSense,scene_006,orange,5,60.68367923008683,0.06561770746347036,0.09302276924864344,0.06259998335235861,0.127517730652621,0.4909119934300833
network -> RealSense,scene_006,orange,6,47.31031487761539,0.07145189052832128,0.09792141042389198,0.06717010242977778,0.127517730652621,0.5267510807007697
network -> RealSense,scene_006,orange,7,38.08856158203205,0.06373835199593336,0.0888471976727043,0.058283995532547164,0.127517730652621,0.45706581535176644
network -> RealSense,scene_006,orange,8,33.23633300082872,0.07065828369610981,0.08500781104786129,0.05700011111271726,0.127517730652621,0.4469975337625386
network -> RealSense,scene_006,orange,9,35.685311289836335,0.06772384217154212,0.07923098626271277,0.052532055139510384,0.127517730652621,0.4119588301223477
network -> RealSense,scene_006,orange,10,39.96963751857073,0.0657208423204581,0.07711307041932212,0.051082923588206285,0.127517730652621,0.40059467280957545
network -> RealSense,scene_006,rubiks_cube,0,10.344753395985197,0.11317310957383606,0.13822493104563682,0.1001727913738855,0.12883775017150678,0.7775111816260146
network -> RealSense,scene_006,rubiks_cube,1,15.49742886287956,0.11233444638370042,0.14251916251940977,0.1022565474385517,0.12883775017150678,0.7936846716310196
network -> RealSense,scene_006,rubiks_cube,2,21.554438438077646,0.10881925006840568,0.14274080783321438,0.10316204726820649,0.12883775017150678,0.8007128899012813
network -> RealSense,scene_006,rubiks_cube,3,18.03752082194574,0.10658838585907647,0.13481566134845194,0.09513774301048758,0.12883775017150678,0.7384306453957922
network -> RealSense,scene_006,rubiks_cube,4,19.469623732228886,0.1081743222931403,0.1342031345059939,0.09140705618612864,0.12883775017150678,0.7094741724723461
network -> RealSense,scene_006,rubiks_cube,5,16.83455461827648,0.13433525165740598,0.1586803187886925,0.11485765640047715,0.12883775017150678,0.8914907024344996
network -> RealSense,scene_006,rubiks_cube,6,8.613539324806505,0.1475677181473847,0.16907330170673893,0.12439615058979046,0.12883775017150678,0.9655256353374401
network -> RealSense,scene_006,rubiks_cube,7,6.227535756415136,0.14863323321004474,0.16659333697345755,0.12199432448431104,0.12883775017150678,0.9468833810114979
network -> RealSense,scene_006,rubiks_cube,8,9.29706493579957,0.1600051978596842,0.17504266318872078,0.13069412462847538,0.12883775017150678,1.0144086221196615
network -> RealSense,scene_006,rubiks_cube,9,13.444990195740367,0.15018685036135387,0.16065654600096546,0.11863653786633589,0.12883775017150678,0.9208212477197778
network -> RealSense,scene_006,rubiks_cube,10,16.748421009171878,0.16071046284504142,0.1700614938125617,0.12634960478851384,0.12883775017150678,0.980687761314671
network -> RealSense,scene_006,scissors,0,47.33705815573263,0.1383784913732443,0.12156020935907415,0.07717182526415352,0.20983996337550315,0.3677651483671704
network -> RealSense,scene_006,scissors,1,41.17036017379034,0.18237684495533862,0.17461966003672177,0.1255435212544769,0.20983996337550315,0.5982822301099054
network -> RealSense,scene_006,scissors,2,41.8368855536802,0.19864648384863925,0.19183334320131104,0.14230493328768778,0.20983996337550315,0.6781593505763095
network -> RealSense,scene_006,scissors,3,42.32572583119426,0.21199789785929,0.20666675777432167,0.1568450410588024,0.20983996337550315,0.7474507645530432
network -> RealSense,scene_006,scissors,4,42.47497415754136,0.22605855842509634,0.2204888115013644,0.17050739389090097,0.20983996337550315,0.8125592053491852
network -> RealSense,scene_006,scissors,5,45.20668424022144,0.22435941558123232,0.2196208982722566,0.1688383961869012,0.20983996337550315,0.8046055359091409
network -> RealSense,scene_006,scissors,6,45.36850328872842,0.235403983875085,0.2296153705637294,0.179622919132755,0.20983996337550315,0.8559995734050165
network -> RealSense,scene_006,scissors,7,48.33551035893495,0.2607500924362803,0.2543928434486586,0.20240814311262284,0.20983996337550315,0.9645833894395928
network -> RealSense,scene_006,scissors,8,46.56530868551049,0.2695488737223592,0.2666796293003653,0.21630446590660618,0.20983996337550315,1.030806822623844
network -> RealSense,scene_006,scissors,9,38.11429178852645,0.23686024054351368,0.2351545175772662,0.18258650308274035,0.20983996337550315,0.8701226408241721
network -> RealSense,scene_006,scissors,10,38.482488919811196,0.21010174015816405,0.20607026740744055,0.15136438983309256,0.20983996337550315,0.7213325212139402
network -> RealSense,scene_006,wood_block,0,19.769261077734257,0.09821025949371172,0.14109163294047095,0.09077842732820858,0.24655690811826406,0.36818448130711307
network -> RealSense,scene_006,wood_block,1,8.062882638529878,0.11140023363787817,0.1470374202360689,0.09678443646847529,0.24655690811826406,0.39254400619775554
network -> RealSense,scene_006,wood_block,2,4.908680840293178,0.08196492455494793,0.11432420060719453,0.06648685365677057,0.24655690811826406,0.26966128900707714
network -> RealSense,scene_006,wood_block,3,8.472307819867238,0.10050408127679628,0.1309882069750085,0.08249356275341353,0.24655690811826406,0.3345822405991743
network -> RealSense,scene_006,wood_block,4,5.730546283917913,0.10669967833649582,0.1307354969767652,0.08067458137665812,0.24655690811826406,0.327204709015744
network -> RealSense,scene_006,wood_block,5,5.681291845256322,0.11286741351618226,0.14427785883302074,0.09297928819057472,0.24655690811826406,0.3771108621542904
network -> RealSense,scene_006,wood_block,6,5.113868454544188,0.112370623733061,0.13519119140389346,0.08555728399037163,0.24655690811826406,0.3470082612705908
network -> RealSense,scene_006,wood_block,7,3.6599266592726116,0.08495983266361291,0.10576444991246951,0.058949813111559196,0.24655690811826406,0.23909211695371843
network -> RealSense,scene_006,wood_block,8,6.191456117811598,0.09839176904857434,0.11855485125704378,0.06908380329167509,0.24655690811826406,0.2801941499791123
network -> RealSense,scene_006,wood_block,9,6.700729581133517,0.09659968306189747,0.12401079870502461,0.07233474897435377,0.24655690811826406,0.2933795265621092
network -> RealSense,scene_006,wood_block,10,9.551913677207423,0.08457960731883718,0.10390249817388794,0.05531645120890931,0.24655690811826406,0.22435571418820718
network -> RealSense,scene_009,apple,0,45.30873573873225,0.0904846048027072,0.02337160738224946,0.013027622360925188,0.13449611403964654,0.09686244434604949
network -> RealSense,scene_009,apple,1,44.66766170355419,0.08933475883807951,0.017903056240451243,0.011773353741397114,0.13449611403964654,0.08753675766369418
network -> RealSense,scene_009,apple,2,55.889465133798836,0.0899004873534893,0.016073691839432934,0.01123294495627499,0.13449611403964654,0.08351873239225158
network -> RealSense,scene_009,apple,3,65.25001971337133,0.09476156537635838,0.023996753604219077,0.013589408941558464,0.13449611403964654,0.10103941692733666
network -> RealSense,scene_009,apple,4,61.554525624809095,0.09525049896699292,0.023897239672848854,0.013800650925154135,0.13449611403964654,0.10261003467420629
network -> RealSense,scene_009,apple,5,64.74660325407025,0.09492667026932154,0.02326910275363618,0.014005242511915313,0.13449611403964654,0.10413120566284073
network -> RealSense,scene_009,apple,6,62.750581149634954,0.08969068022583754,0.023398371013457663,0.013163416677703123,0.13449611403964654,0.09787209668989272
network -> RealSense,scene_009,apple,7,79.4330852457696,0.08654920206832563,0.0211892540961646,0.012703679603778469,0.13449611403964654,0.09445387842234386
network -> RealSense,scene_009,chips_box,0,44.80817730910092,0.23294996661697348,0.06020933348287526,0.024095310847738638,0.2694943619712671,0.08940933187428844
network -> RealSense,scene_009,chips_box,1,35.83099648136342,0.22619075277498404,0.06419635619329063,0.02446273102015177,0.2694943619712671,0.09077270055378722
network -> RealSense,scene_009,chips_box,2,28.128789624554766,0.22267599118704173,0.0641252802425574,0.023291491154082845,0.2694943619712671,0.08642663610367528
network -> RealSense,scene_009,chips_box,3,18.21987896494083,0.2043478442312314,0.08125025351483048,0.027630053294030347,0.2694943619712671,0.10252553371404559
network -> RealSense,scene_009,chips_box,4,15.790579888046162,0.21986065588317696,0.06506220253921834,0.022289721922386617,0.2694943619712671,0.08270941833196162
network -> RealSense,scene_009,chips_box,5,19.225527001273207,0.2279880099999393,0.058954365086192666,0.021343154288409487,0.2694943619712671,0.07919703452157953
network -> RealSense,scene_009,chips_box,6,19.32551366886554,0.22772074416811525,0.057079653477448686,0.019490695309827957,0.2694943619712671,0.07232320248653668
network -> RealSense,scene_009,chips_box,7,20.24403142933602,0.231073084266867,0.0522790142590936,0.017466399719050906,0.2694943619712671,0.06481174445094008
network -> RealSense,scene_009,lemon,0,26.624730778851468,0.03676235523008235,0.04033207827513651,0.02112291163369974,0.10349089662648787,0.2041040547743545
network -> RealSense,scene_009,lemon,1,37.95226157764557,0.03264224923744505,0.034605277149266075,0.017854682896638194,0.10349089662648787,0.17252418791073065
network -> RealSense,scene_009,lemon,2,39.03598928573354,0.025668669724928005,0.029271404223238158,0.014849512185172477,0.10349089662648787,0.1434861680517302
network -> RealSense,scene_009,lemon,3,30.961833057514564,0.02234408238282984,0.027915708081039478,0.013806315523617677,0.10349089662648787,0.1334060866575199
network -> RealSense,scene_009,lemon,4,36.67815118685026,0.014075749535822041,0.0187569549966977,0.009012100110459468,0.10349089662648787,0.08708109026231854
network -> RealSense,scene_009,lemon,5,42.72591328211178,0.011826903004873322,0.016381037664823874,0.007934685690255,0.10349089662648787,0.07667037342320372
network -> RealSense,scene_009,lemon,6,44.60798333981097,0.024151371896548608,0.023245045218018717,0.011403774489936921,0.10349089662648787,0.11019108792819361
network -> RealSense,scene_009,lemon,7,47.57654455929617,0.020350510369858167,0.020111582290312503,0.010110102918059225,0.10349089662648787,0.09769074621652862
network -> RealSense,scene_009,orange,0,71.94750448731045,0.02894138100098701,0.042640943672764206,0.016961583984202278,0.127517730652621,0.13301353386227038
network -> RealSense,scene_009,orange,1,63.0319680325504,0.028661598960161655,0.03915568020869891,0.015992032883195343,0.127517730652621,0.1254102688414385
network -> RealSense,scene_009,orange,2,64.62404837601633,0.026168275442918533,0.04190231793257314,0.016759837596535307,0.127517730652621,0.13143142926681955
network -> RealSense,scene_009,orange,3,59.98440997397435,0.029636633815811754,0.042771358083087824,0.017453024834145132,0.127517730652621,0.13686743596221929
network -> RealSense,scene_009,orange,4,60.80272776327373,0.026127794191033622,0.04121715889287352,0.01671977348265335,0.127517730652621,0.1311172446144037
network -> RealSense,scene_009,orange,5,65.18924732504182,0.02982985737476454,0.04587850138917965,0.01846756594270203,0.127517730652621,0.14482351472369498
network -> RealSense,scene_009,orange,6,54.218925508207654,0.034270072115380565,0.04519138392554021,0.018607533160734994,0.127517730652621,0.14592114418523439
network -> RealSense,scene_009,orange,7,57.86046365850732,0.036071456611868266,0.041760159734659276,0.017321426014408656,0.127517730652621,0.1358354318710002
network -> RealSense,scene_009,rubiks_cube,0,6.031711616967496,0.01321520084547812,0.023865521799379317,0.010684833800599598,0.12883775017150678,0.0829324773707715
network -> RealSense,scene_009,rubiks_cube,1,3.636697642116855,0.023375126984754437,0.036073219114309024,0.016843569632827127,0.12883775017150678,0.1307347389286543
network -> RealSense,scene_009,rubiks_cube,2,3.8274550248308565,0.019998116603643923,0.026949492531919916,0.011929770197350855,0.12883775017150678,0.09259530053474338
network -> RealSense,scene_009,rubiks_cube,3,11.41628748664486,0.014874996910398428,0.02365808688963005,0.010066614390652855,0.12883775017150678,0.07813404361107158
network -> RealSense,scene_009,rubiks_cube,4,7.863315836893661,0.01869811143307612,0.030625728749799554,0.01392818219885399,0.12883775017150678,0.10810637550184642
network -> RealSense,scene_009,rubiks_cube,5,15.778572174078596,0.03124120047782314,0.0428160857825094,0.024303155260546973,0.12883775017150678,0.18863380669248722
network -> RealSense,scene_009,rubiks_cube,6,9.825323620815904,0.025744520105882126,0.030354681269762793,0.01722721365851354,0.12883775017150678,0.1337124688655378
network -> RealSense,scene_009,rubiks_cube,7,6.746903889218346,0.02867532778998309,0.02888427824481817,0.016822957359290458,0.12883775017150678,0.1305747526396262
network -> RealSense,scene_009,scissors,0,13.490282350692963,0.03721057833471764,0.043125614126126456,0.02348585608757056,0.20983996337550315,0.11192270390146435
network -> RealSense,scene_009,scissors,1,17.208301603546893,0.03247198449191447,0.03792426951041949,0.019145163871141405,0.20983996337550315,0.091236976804469
network -> RealSense,scene_009,scissors,2,10.601058227782355,0.03358498151058064,0.03748056006077313,0.020707418128500257,0.20983996337550315,0.09868195645576278
network -> RealSense,scene_009,scissors,3,11.21537278064163,0.03256231196132808,0.03024916831773825,0.016060038192736256,0.20983996337550315,0.07653469784493451
network -> RealSense,scene_009,scissors,4,7.546390322589097,0.034367845244339446,0.0365979420149951,0.018794946389219355,0.20983996337550315,0.08956800261914975
network -> RealSense,scene_009,scissors,5,7.174992497321908,0.038229121872740426,0.04039185631894169,0.020341949545724606,0.20983996337550315,0.09694030259299663
network -> RealSense,scene_009,scissors,6,8.034570721995054,0.033626089535899566,0.03770135968993219,0.01847552225739632,0.20983996337550315,0.08804577526700601
network -> RealSense,scene_009,scissors,7,7.241298774634531,0.033011699854998355,0.03609142927685363,0.016304660530768976,0.20983996337550315,0.07770045452015359
network -> RealSense,scene_009,wood_block,0,4.300429581279592,0.09405302681478138,0.049855652730340816,0.02092001883267428,0.24655690811826406,0.08484864201265752
network -> RealSense,scene_009,wood_block,1,3.6022467710242423,0.09265182850184431,0.052065367762591845,0.022349974125306232,0.24655690811826406,0.090648338738032
network -> RealSense,scene_009,wood_block,2,3.1815589416488974,0.08805512434600836,0.0509415755439034,0.0227686929777948,0.24655690811826406,0.09234660327129636
network -> RealSense,scene_009,wood_block,3,7.817597102067776,0.09525348723863972,0.050895961013086397,0.024912733300853238,0.24655690811826406,0.10104252803536755
network -> RealSense,scene_009,wood_block,4,3.3536699743417633,0.08390240988749169,0.04928643228558624,0.023402225512753554,0.24655690811826406,0.09491612176418268
network -> RealSense,scene_009,wood_block,5,4.4588511418067736,0.08507536400720432,0.0515975473032726,0.024636096858721236,0.24655690811826406,0.09992052969330809
network -> RealSense,scene_009,wood_block,6,4.055373629860804,0.0837804013990912,0.053723511632781745,0.027186265859589383,0.24655690811826406,0.1102636550201593
network -> RealSense,scene_009,wood_block,7,5.310860926413771,0.08190241417526363,0.052620461176129604,0.026507846371402573,0.24655690811826406,0.10751208138401767
SGBM -> ZED,scene_001,apple,0,60.82608504987311,0.040015332795742375,0.031211118309068083,0.011632733959307074,0.13449611403964654,0.08649122721774695
SGBM -> ZED,scene_001,apple,1,62.60259342093669,0.04153540377024965,0.04345521311090528,0.01705753680630849,0.13449611403964654,0.1268254992205968
SGBM -> ZED,scene_001,apple,2,52.595441230003765,0.03023749773256554,0.025020870695508915,0.009037549217965494,0.13449611403964654,0.06719561589193142
SGBM -> ZED,scene_001,apple,3,49.43392252204048,0.03671372893910097,0.015618725960671532,0.005551172419210167,0.13449611403964654,0.04127384987177995
SGBM -> ZED,scene_001,apple,4,53.55331851749484,0.040423559220458094,0.023886527424353033,0.00885877366078191,0.13449611403964654,0.06586639118934348
SGBM -> ZED,scene_001,apple,5,49.90884138324206,0.037120903965155466,0.028361660114199227,0.011502758719477573,0.13449611403964654,0.08552484063656152
SGBM -> ZED,scene_001,apple,6,36.61664125580884,0.028027022959176983,0.024634104673441015,0.011104683049762847,0.13449611403964654,0.08256508471679284
SGBM -> ZED,scene_001,apple,7,51.03059061422984,0.02861317607427038,0.05281331585387224,0.023350408858933407,0.13449611403964654,0.17361400383694514
SGBM -> ZED,scene_001,chips_box,0,37.271655948609514,0.03221135493254661,0.03301097399667892,0.016939579903153295,0.2694943619712671,0.06285689904325106
SGBM -> ZED,scene_001,chips_box,1,42.7105384436736,0.04236832423875584,0.04082585887707918,0.020360019450998735,0.2694943619712671,0.07554896251658681
SGBM -> ZED,scene_001,chips_box,2,44.36538128541543,0.04611384761631243,0.04513611892827824,0.02241900997871246,0.2694943619712671,0.08318916141593613
SGBM -> ZED,scene_001,chips_box,3,38.63957572466734,0.04834994141719234,0.04559955187014786,0.022921192791842446,0.2694943619712671,0.08505258746112936
SGBM -> ZED,scene_001,chips_box,4,29.186591292704563,0.05330665892416785,0.042517770324400454,0.022314552074333048,0.2694943619712671,0.08280155440399224
SGBM -> ZED,scene_001,chips_box,5,27.35610370314538,0.03889976179275638,0.03743212490168002,0.018969792758226866,0.2694943619712671,0.07039031399198394
SGBM -> ZED,scene_001,chips_box,6,26.655303681672354,0.032987540300550316,0.03334280540783446,0.017408638605060603,0.2694943619712671,0.064597413013474
SGBM -> ZED,scene_001,chips_box,7,25.140802764407525,0.04730389476695377,0.044227615696445635,0.02127986124575218,0.2694943619712671,0.07896217601769714
SGBM -> ZED,scene_001,lemon,0,33.01283094212411,0.02882795046386439,0.03180738786274811,0.016281463467475554,0.10349089662648787,0.1573226631346859
SGBM -> ZED,scene_001,lemon,1,40.24937876084711,0.03760247112279858,0.04325419541530804,0.02197519127070263,0.10349089662648787,0.21233936497829328
SGBM -> ZED,scene_001,lemon,2,48.72605211654211,0.052120246353037525,0.052142073103914985,0.026985300694869773,0.10349089662648787,0.26075047733196516
SGBM -> ZED,scene_001,lemon,3,38.885506846370056,0.04265082383581741,0.03772445618913628,0.017920039256513677,0.10349089662648787,0.17315570587033788
SGBM -> ZED,scene_001,lemon,4,49.78591297546611,0.043357141175913855,0.03588177530950284,0.016907183242406493,0.10349089662648787,0.16336879661432174
SGBM -> ZED,scene_001,lemon,5,60.47554263924107,0.029427649514771163,0.02412984480861754,0.010784654743389833,0.10349089662648787,0.10420872844800115
SGBM -> ZED,scene_001,lemon,6,66.8741944811744,0.030008214918719755,0.03150004094409888,0.01452146764949606,0.10349089662648787,0.14031637682979914
SGBM -> ZED,scene_001,lemon,7,77.82352224967838,0.04097665479847353,0.03976493997054975,0.01852170183722779,0.10349089662648787,0.1789693822450396
SGBM -> ZED,scene_001,orange,0,37.58608156097647,0.029068503245853746,0.05111403841189849,0.02029080401171562,0.127517730652621,0.15912143282247598
SGBM -> ZED,scene_001,orange,1,29.57510738845293,0.0194492786645497,0.05783519665802264,0.024783605244505756,0.127517730652621,0.19435418994414447
SGBM -> ZED,scene_001,orange,2,38.295397229539375,0.027090875752130098,0.049728562724831955,0.020448218294582033,0.127517730652621,0.16035588298137377
SGBM -> ZED,scene_001,orange,3,37.27371794570984,0.015057211835789763,0.04859214238082364,0.018913509974665954,0.127517730652621,0.1483206286519435
SGBM -> ZED,scene_001,orange,4,33.322613389359304,0.030331577808874757,0.042531822545564826,0.015476729807829517,0.127517730652621,0.12136923805514262
SGBM -> ZED,scene_001,orange,5,30.03629076131621,0.04044556071734778,0.04616252988666116,0.018294873857484503,0.127517730652621,0.14346925532514931
SGBM -> ZED,scene_001,orange,6,23.944026780609803,0.06996244163870573,0.053731034199796385,0.02316747127668126,0.127517730652621,0.18168039188050805
SGBM -> ZED,scene_001,orange,7,27.352283413631508,0.0715281464876867,0.07839491705117177,0.03859911714924033,0.127517730652621,0.30269607960943556
SGBM -> ZED,scene_001,rubiks_cube,0,64.09460850557865,0.033869417757713356,0.04518379683548303,0.017403608245432356,0.12883775017150678,0.13508159077805182
SGBM -> ZED,scene_001,rubiks_cube,1,66.80869703876293,0.03927597367467935,0.04247306305694741,0.017105274224126558,0.12883775017150678,0.13276601152500944
SGBM -> ZED,scene_001,rubiks_cube,2,67.88229823517845,0.03580714836702808,0.042489654382412395,0.016279966797254807,0.12883775017150678,0.12636022264889887
SGBM -> ZED,scene_001,rubiks_cube,3,72.24673413701088,0.045629516990600374,0.04652561241955977,0.019364897985745883,0.12883775017150678,0.15030453388054074
SGBM -> ZED,scene_001,rubiks_cube,4,74.65759395954146,0.03747408658759891,0.02881069630405041,0.01031020757756606,0.12883775017150678,0.08002474091515316
SGBM -> ZED,scene_001,rubiks_cube,5,70.40946424004332,0.038779156878595254,0.024434428741088365,0.007588191951976523,0.12883775017150678,0.05889727150524782
SGBM -> ZED,scene_001,rubiks_cube,6,67.9286622039082,0.039742077069069744,0.03666872537569347,0.012931442292734558,0.12883775017150678,0.1003699791056614
SGBM -> ZED,scene_001,rubiks_cube,7,67.2003255205165,0.05793652799415623,0.06510546732444722,0.02763168705754314,0.12883775017150678,0.2144688728323824
SGBM -> ZED,scene_001,scissors,0,6.491809458301572,0.039657926588550656,0.03611868754285311,0.020699529485477826,0.20983996337550315,0.09864436283967777
SGBM -> ZED,scene_001,scissors,1,7.421484100480159,0.04309713512768807,0.039387917478404,0.0195671959296633,0.20983996337550315,0.09324818597422414
SGBM -> ZED,scene_001,scissors,2,8.350439225192453,0.04594074303699221,0.041106270936455504,0.023755194870378808,0.20983996337550315,0.11320624769586671
SGBM -> ZED,scene_001,scissors,3,12.43867375043779,0.035321640739986664,0.033244747435192436,0.020010952276943755,0.20983996337550315,0.09536292303451596
SGBM -> ZED,scene_001,scissors,4,27.05883545516204,0.048158326971750244,0.04464928272329286,0.02883256778368583,0.20983996337550315,0.1374026535264434
SGBM -> ZED,scene_001,scissors,5,4.89638283293625,0.04215601893237093,0.03829965449112517,0.022410771947307288,0.20983996337550315,0.10679935121416217
SGBM -> ZED,scene_001,scissors,6,14.46327008286236,0.025939552868697712,0.028068745396464517,0.01745529697303226,0.20983996337550315,0.08318385445863075
SGBM -> ZED,scene_001,scissors,7,15.147030979710586,0.024529002303506072,0.028917901322009023,0.01843607771277379,0.20983996337550315,0.08785780085075076
SGBM -> ZED,scene_001,wood_block,0,1.9613857590104566,0.03819528520324908,0.037264589665036686,0.01880120542618007,0.24655690811826406,0.07625503405956827
SGBM -> ZED,scene_001,wood_block,1,3.6473736589736685,0.046326863295677735,0.04670381886100884,0.022943030423589753,0.24655690811826406,0.09305369133110984
SGBM -> ZED,scene_001,wood_block,2,4.060770886793032,0.0527367766644404,0.053545981319635436,0.02647314550489658,0.24655690811826406,0.1073713395700047
SGBM -> ZED,scene_001,wood_block,3,0.8842276183679868,0.042169990978719055,0.04263644655701253,0.022220699697872742,0.24655690811826406,0.09012401991679062
SGBM -> ZED,scene_001,wood_block,4,2.687688420395856,0.04601905490435261,0.04525369629942848,0.023461010283641528,0.24655690811826406,0.09515454449318518
SGBM -> ZED,scene_001,wood_block,5,1.1259056923131556,0.04545892599832247,0.045607838271633706,0.023772600492359363,0.24655690811826406,0.09641831037626633
SGBM -> ZED,scene_001,wood_block,6,1.577821375961665,0.038201739379505203,0.03726135783448575,0.019709552107206423,0.24655690811826406,0.07993915991902564
SGBM -> ZED,scene_001,wood_block,7,2.358059479592295,0.03508035206425757,0.03712305620365825,0.019326674761631576,0.24655690811826406,0.07838626347618416
SGBM -> ZED,scene_002,apple,0,17.95780379854872,0.03087601169440437,0.029558003998291893,0.013839297956813108,0.13449611403964654,0.1028973815015472
SGBM -> ZED,scene_002,apple,1,25.628947986526942,0.022390647056323217,0.02330214399496948,0.010759484524764499,0.13449611403964654,0.07999847877830014
SGBM -> ZED,scene_002,apple,2,36.35239398514361,0.019772053900168302,0.02038882878954207,0.008743613990141045,0.13449611403964654,0.06501016072154782
SGBM -> ZED,scene_002,apple,3,38.00844699538028,0.02780740104877429,0.025348128960286976,0.011753636208855972,0.13449611403964654,0.08739015467310271
SGBM -> ZED,scene_002,apple,4,52.567352848961306,0.035699418853181876,0.026095775664522373,0.012298589353051352,0.13449611403964654,0.09144196797705245
SGBM -> ZED,scene_002,apple,5,72.87052554988374,0.042141955623677674,0.023537468620111277,0.010601209044751113,0.13449611403964654,0.07882167541008736
SGBM -> ZED,scene_002,apple,6,88.9077966433111,0.054348747219454666,0.023334013311975002,0.010750234312431153,0.13449611403964654,0.07992970197832049
SGBM -> ZED,scene_002,apple,7,103.58148885494188,0.07198872151203962,0.019115425740541554,0.010405541703754104,0.13449611403964654,0.07736685760814455
SGBM -> ZED,scene_002,apple,8,97.5863564874293,0.0778890400597582,0.01648523978469248,0.009565317884051036,0.13449611403964654,0.07111965986787833
SGBM -> ZED,scene_002,apple,9,100.92769238337594,0.07440377057361777,0.014556043958080895,0.008007408025760658,0.13449611403964654,0.05953635228003872
SGBM -> ZED,scene_002,apple,10,98.4623893617916,0.0838545309814533,0.012343232365117593,0.009496085139959757,0.13449611403964654,0.07060490340383006
SGBM -> ZED,scene_002,chips_box,0,8.622239640269028,0.050613574248380165,0.04700848683267887,0.022507569837815374,0.2694943619712671,0.08351777630218135
SGBM -> ZED,scene_002,chips_box,1,10.85240147819951,0.04224679219184611,0.03481325758306429,0.017783516213469682,0.2694943619712671,0.06598845364848754
SGBM -> ZED,scene_002,chips_box,2,5.0918216272728785,0.04452932435340818,0.03319441829440219,0.01689872427786803,0.2694943619712671,0.06270529800422962
SGBM -> ZED,scene_002,chips_box,3,9.483643663433535,0.052842691297516,0.04602383903545808,0.02140382459222755,0.2694943619712671,0.07942216095233035
SGBM -> ZED,scene_002,chips_box,4,10.830107952834368,0.048876834973415155,0.04008607957290808,0.019867644730329013,0.2694943619712671,0.07372193089682247
SGBM -> ZED,scene_002,chips_box,5,9.2867095707364,0.04578856655164053,0.03269785210020469,0.017010042479629766,0.2694943619712671,0.06311836119763924
SGBM -> ZED,scene_002,chips_box,6,4.522133246560275,0.04135703298756859,0.032284078435695834,0.01646125645203295,0.2694943619712671,0.061082006805723135
SGBM -> ZED,scene_002,chips_box,7,2.2844461327147765,0.04781981253460292,0.0341131480095741,0.017123130705828105,0.2694943619712671,0.06353799233712257
SGBM -> ZED,scene_002,chips_box,8,3.7768474293012373,0.04822598613626523,0.03730266474170359,0.01763257093193814,0.2694943619712671,0.06542834812187309
SGBM -> ZED,scene_002,chips_box,9,6.918373961609697,0.043542564913370364,0.030331848333838278,0.015280270490103172,0.2694943619712671,0.05669977797803548
SGBM -> ZED,scene_002,chips_box,10,4.424452274164495,0.04654751736276388,0.033649955350138816,0.016418405930939555,0.2694943619712671,0.06092300340105093
SGBM -> ZED,scene_002,lemon,0,57.869831141521345,0.03506270930129843,0.021496422346273168,0.012259325908812858,0.10349089662648787,0.11845801233183206
SGBM -> ZED,scene_002,lemon,1,60.96880169208328,0.04314439471331863,0.022489930937644176,0.013115701878651565,0.10349089662648787,0.12673290411221233
SGBM -> ZED,scene_002,lemon,2,57.7291783576189,0.04718434579675125,0.02024154859696881,0.012095275194533111,0.10349089662648787,0.11687284185184456
SGBM -> ZED,scene_002,lemon,3,67.25793006478699,0.04924861992011377,0.01847008349434042,0.011317325097863531,0.10349089662648787,0.10935575462940698
SGBM -> ZED,scene_002,lemon,4,73.02611658223303,0.04156246429054065,0.015872080704313635,0.009015552968725572,0.10349089662648787,0.0871144541462799
SGBM -> ZED,scene_002,lemon,5,86.06268480346462,0.060551316619950335,0.02399763439400186,0.014105341269187702,0.10349089662648787,0.13629547843319703
SGBM -> ZED,scene_002,lemon,6,85.14407486478375,0.0672701908089341,0.021956005862872094,0.012689231831762734,0.10349089662648787,0.12261205811714845
SGBM -> ZED,scene_002,lemon,7,90.49929640420422,0.06719448574363164,0.02381350558846442,0.01315072712047831,0.10349089662648787,0.12707134201321105
SGBM -> ZED,scene_002,lemon,8,84.57434537751926,0.062315994372138424,0.02332075146990807,0.013119060272691524,0.10349089662648787,0.12676535521805285
SGBM -> ZED,scene_002,lemon,9,88.90240493978929,0.05843593931649921,0.01780159178191413,0.010550754388715018,0.10349089662648787,0.10194862285128387
SGBM -> ZED,scene_002,lemon,10,93.72635199993952,0.06904799462447302,0.025524984578302753,0.013837892214564253,0.10349089662648787,0.13371120229547348
SGBM -> ZED,scene_002,orange,0,69.3846979496228,0.07192346947463533,0.04172127388731116,0.025048935159916873,0.127517730652621,0.1964349195340861
SGBM -> ZED,scene_002,orange,1,65.99893931215529,0.06179292347700924,0.03616546368381337,0.02109612716437445,0.127517730652621,0.16543681460144335
SGBM -> ZED,scene_002,orange,2,60.08415943910988,0.062175155536891215,0.038553094362513474,0.023618336082704732,0.127517730652621,0.18521609474877584
SGBM -> ZED,scene_002,orange,3,53.345642362787814,0.059155278291037235,0.03222264163767168,0.020093698826688204,0.127517730652621,0.15757572475491036
SGBM -> ZED,scene_002,orange,4,59.92066009348364,0.0598676117328668,0.03676205769292869,0.022626286870832686,0.127517730652621,0.17743639849167614
SGBM -> ZED,scene_002,orange,5,60.08111889389651,0.05703058831231085,0.03556051693712082,0.020565494826539826,0.127517730652621,0.16127557102285306
SGBM -> ZED,scene_002,orange,6,59.54402229692142,0.05616998274096729,0.03578794922125121,0.020861912694044076,0.127517730652621,0.16360009378519533
SGBM -> ZED,scene_002,orange,7,53.53974345963569,0.05281270657546213,0.03542418968016648,0.02064822435717096,0.127517730652621,0.16192433986627375
SGBM -> ZED,scene_002,orange,8,54.42992009529608,0.051748075852116195,0.03506586729576753,0.020176266319880183,0.127517730652621,0.15822322289316462
SGBM -> ZED,scene_002,orange,9,56.34924238747435,0.053390644915630316,0.02708252756098827,0.015277649566159256,0.127517730652621,0.11980804150113095
SGBM -> ZED,scene_002,orange,10,60.21393332425727,0.05331064261265022,0.03186736785765678,0.01854187297588118,0.127517730652621,0.145406233948691
SGBM -> ZED,scene_002,rubiks_cube,0,91.98792028596849,0.08962278385508334,0.025068677757336934,0.014404722013086943,0.12883775017150678,0.11180513470556265
SGBM -> ZED,scene_002,rubiks_cube,1,86.59750965646666,0.08581650975794726,0.023458017200395795,0.013310123210613855,0.12883775017150678,0.10330918688734962
SGBM -> ZED,scene_002,rubiks_cube,2,84.26095701916722,0.07624410310597884,0.02460673623770199,0.012614028786809287,0.12883775017150678,0.09790631061173989
SGBM -> ZED,scene_002,rubiks_cube,3,82.03643449473574,0.08402055406867369,0.03552239091200918,0.019669315690823395,0.12883775017150678,0.1526673328635428
SGBM -> ZED,scene_002,rubiks_cube,4,82.92150886990329,0.08985266156297106,0.03551386298377046,0.020513970461877116,0.12883775017150678,0.15922329002617044
SGBM -> ZED,scene_002,rubiks_cube,5,78.80959913482104,0.07734696350296723,0.030723144016339164,0.017247786565289743,0.12883775017150678,0.13387214960157068
SGBM -> ZED,scene_002,rubiks_cube,6,71.11747485911864,0.10729513679956237,0.060010493811146655,0.04162478307659953,0.12883775017150678,0.3230790899498732
SGBM -> ZED,scene_002,rubiks_cube,7,71.10730083970584,0.1171011071239332,0.06905417559813364,0.050475361664804666,0.12883775017150678,0.39177462814751624
SGBM -> ZED,scene_002,rubiks_cube,8,61.10210562266702,0.11612000798848365,0.07026036670272022,0.05145664240026703,0.12883775017150678,0.39939103509467344
SGBM -> ZED,scene_002,rubiks_cube,9,49.249574420670726,0.11786182778325748,0.07772735547434778,0.05794349066991909,0.12883775017150678,0.44974000704596
SGBM -> ZED,scene_002,rubiks_cube,10,41.13770959789741,0.11464735764126807,0.08057635028823688,0.06112093905424484,0.12883775017150678,0.47440240902128145
SGBM -> ZED,scene_002,scissors,0,74.16778851348329,0.2311732515792418,0.1316800154138562,0.05198147574241157,0.20983996337550315,0.24771961882871696
SGBM -> ZED,scene_002,scissors,1,69.11326767682012,0.22804405368098032,0.12730816724809224,0.051427535324293006,0.20983996337550315,0.2450797955595559
SGBM -> ZED,scene_002,scissors,2,67.11880410951358,0.24117164665098978,0.13798776843854121,0.05152902892846691,0.20983996337550315,0.24556346703252638
SGBM -> ZED,scene_002,scissors,3,67.57738484833374,0.2370449508671593,0.13455699632603707,0.05180945273260608,0.20983996337550315,0.24689983690044023
SGBM -> ZED,scene_002,scissors,4,64.21252129546929,0.21489744188835794,0.11159093161767115,0.03890079155901647,0.20983996337550315,0.18538314119605767
SGBM -> ZED,scene_002,scissors,5,66.31161185613168,0.22379448397771046,0.12225794470914397,0.04676195340331363,0.20983996337550315,0.22284579472421243
SGBM -> ZED,scene_002,scissors,6,63.74323870484884,0.224535715379074,0.12403400444736364,0.05021978207339636,0.20983996337550315,0.23932420338603172
SGBM -> ZED,scene_002,scissors,7,63.28066439605105,0.22744561695026252,0.12590308925710525,0.04965520794379806,0.20983996337550315,0.23663370477691784
SGBM -> ZED,scene_002,scissors,8,63.18180904193812,0.22966758328472023,0.1282256611489592,0.052188506786350064,0.20983996337550315,0.24870623282067625
SGBM -> ZED,scene_002,scissors,9,65.35596553162588,0.22625702897984554,0.12458405598976577,0.04753944424696715,0.20983996337550315,0.2265509557009241
SGBM -> ZED,scene_002,scissors,10,61.27474054100288,0.22421759475013484,0.12320655788533776,0.05004250039700739,0.20983996337550315,0.23847936109032597
SGBM -> ZED,scene_002,wood_block,0,85.34730641212681,0.1975184510040684,0.040320661307775486,0.016320071733645372,0.24655690811826406,0.06619190619399416
SGBM -> ZED,scene_002,wood_block,1,85.7654267966075,0.1988922625818825,0.03918091025308551,0.015955517137352368,0.24655690811826406,0.06471332423465948
SGBM -> ZED,scene_002,wood_block,2,83.65359075048976,0.19351039002113263,0.046016170685434066,0.018875572128422505,0.24655690811826406,0.07655665490162865
SGBM -> ZED,scene_002,wood_block,3,86.59633598847978,0.19528807577288781,0.04371555988560398,0.01791720112827827,0.24655690811826406,0.07266963746837733
SGBM -> ZED,scene_002,wood_block,4,85.8970501172361,0.1999696672021655,0.038823412451406254,0.01607364635377722,0.24655690811826406,0.0651924396540019
SGBM -> ZED,scene_002,wood_block,5,85.52410271153845,0.2024836748191127,0.03520233644425086,0.014343506901296117,0.24655690811826406,0.05817523836896948
SGBM -> ZED,scene_002,wood_block,6,86.92682095763689,0.19443446659367686,0.04663922034447532,0.01951672552399145,0.24655690811826406,0.07915708252891462
SGBM -> ZED,scene_002,wood_block,7,86.7105847039489,0.19643177674502355,0.04502229914923523,0.01910765991922598,0.24655690811826406,0.07749797020516154
SGBM -> ZED,scene_002,wood_block,8,87.37412120948593,0.19328539115357313,0.04866283555819631,0.020239585039477898,0.24655690811826406,0.0820888986398618
SGBM -> ZED,scene_002,wood_block,9,88.56958615464036,0.1943908070829738,0.04759521103258422,0.019783132858114682,0.24655690811826406,0.08023759305346845
SGBM -> ZED,scene_002,wood_block,10,88.05559534983306,0.1961578661588016,0.046221856654095124,0.01934863769509294,0.24655690811826406,0.07847534203264801
SGBM -> ZED,scene_004,chips_box,0,56.4467495285718,0.26976623286146934,0.023977477869922114,0.014682244390066383,0.2694943619712671,0.054480710775061676
SGBM -> ZED,scene_004,chips_box,1,57.179201447176915,0.27618937561567747,0.028114072355370834,0.017105720488041078,0.2694943619712671,0.06347338906431317
SGBM -> ZED,scene_004,chips_box,2,62.92734152766865,0.2715332384845191,0.023957242479531744,0.014861852065817234,0.2694943619712671,0.05514717249410128
SGBM -> ZED,scene_004,chips_box,3,73.0286276125451,0.2619264982842159,0.02784007548353747,0.01496296352948962,0.2694943619712671,0.0555223620265753
SGBM -> ZED,scene_004,chips_box,4,87.74236446903228,0.2679629143533107,0.03394497508343981,0.019176324444076645,0.2694943619712671,0.0711566813636019
SGBM -> ZED,scene_004,chips_box,5,89.23394063356847,0.2615354774392109,0.02542612333290635,0.013617545079413478,0.2694943619712671,0.05052998133172579
SGBM -> ZED,scene_004,chips_box,6,85.63701761750504,0.26172305358344367,0.02329884688014516,0.012236790278044384,0.2694943619712671,0.04540647970716747
SGBM -> ZED,scene_004,chips_box,7,84.51567621761905,0.26551821606403475,0.03603672262269182,0.01978193388793901,0.2694943619712671,0.07340388772232688
SGBM -> ZED,scene_004,chips_box,8,84.56719597257224,0.2661241702258587,0.03581014248865713,0.019763407281991278,0.2694943619712671,0.07333514192069966
SGBM -> ZED,scene_004,chips_box,9,84.38133373365528,0.2684067556217263,0.04749154050693592,0.025648833639854304,0.2694943619712671,0.0951739155217983
SGBM -> ZED,scene_004,chips_box,10,77.65571407569266,0.2632477681875049,0.042285054310680296,0.022295415164318124,0.2694943619712671,0.08273054397588923
SGBM -> ZED,scene_004,scissors,0,8.765402791934653,0.05773774765728311,0.06013103045494384,0.03491640778660043,0.20983996337550315,0.16639541498641242
SGBM -> ZED,scene_004,scissors,1,2.358065086525252,0.043147781207553,0.04251964300163625,0.02358320683189006,0.20983996337550315,0.11238663242467559
SGBM -> ZED,scene_004,scissors,2,7.549587868275286,0.040191818920233546,0.04123886393752412,0.022850894173685795,0.20983996337550315,0.10889676973873044
SGBM -> ZED,scene_004,scissors,3,2.1661703017999594,0.034001186719642355,0.03201842574753039,0.018814706080092784,0.20983996337550315,0.08966216814680032
SGBM -> ZED,scene_004,scissors,4,4.518407152137899,0.03560601261879911,0.03919178304199129,0.023938212847913136,0.20983996337550315,0.11407842654392923
SGBM -> ZED,scene_004,scissors,5,22.02847395812377,0.06160768599656166,0.05195686620518993,0.03129663482441563,0.20983996337550315,0.14914525489318314
SGBM -> ZED,scene_004,scissors,6,28.053296720680517,0.06206685198258668,0.05643218883341584,0.03706891980564269,0.20983996337550315,0.1766532895324082
SGBM -> ZED,scene_004,scissors,7,37.496064005590924,0.04930611608125382,0.04665279308561075,0.026250087800112752,0.20983996337550315,0.12509575096112127
SGBM -> ZED,scene_004,scissors,8,45.39887048059195,0.0621802916103352,0.06415240028407151,0.03790021872305805,0.20983996337550315,0.18061487484744074
SGBM -> ZED,scene_004,scissors,9,36.42518954055343,0.051473417391959486,0.04846544016236803,0.02478272369682822,0.20983996337550315,0.11810297380046804
SGBM -> ZED,scene_004,scissors,10,27.033083768687128,0.0466395113541307,0.04685734532002426,0.021542885425444632,0.20983996337550315,0.10266340633549483
SGBM -> ZED,scene_004,wood_block,0,2.7830227951778292,0.03042259055408877,0.03918475457281087,0.017846789320379572,0.24655690811826406,0.07238405711925597
SGBM -> ZED,scene_004,wood_block,1,3.9802582522403402,0.03288823145699961,0.044932832644016346,0.021699873946219875,0.24655690811826406,0.08801162422028452
SGBM -> ZED,scene_004,wood_block,2,7.008636046287552,0.03416905865762253,0.04966129911349306,0.02480118614204055,0.24655690811826406,0.10059010851216692
SGBM -> ZED,scene_004,wood_block,3,7.847291612148358,0.039304676866288565,0.060964042622823254,0.030397172964972227,0.24655690811826406,0.1232866407879833
SGBM -> ZED,scene_004,wood_block,4,5.766451990226076,0.04231377051577495,0.06172786195319152,0.03186580292280392,0.24655690811826406,0.1292431964936837
SGBM -> ZED,scene_004,wood_block,5,6.592539679868836,0.02940630082440152,0.04863147649444506,0.02642808296673098,0.24655690811826406,0.10718857227903922
SGBM -> ZED,scene_004,wood_block,6,5.326848212473088,0.027683345899660816,0.04705687251215973,0.026006212797867412,0.24655690811826406,0.10547752645159393
SGBM -> ZED,scene_004,wood_block,7,2.5133924175337343,0.029606572857343607,0.0398014944342579,0.022112377307765656,0.24655690811826406,0.08968467960005072
SGBM -> ZED,scene_004,wood_block,8,6.248443968636379,0.02663088333902381,0.04394043451286705,0.024289354274451298,0.24655690811826406,0.09851419073928608
SGBM -> ZED,scene_004,wood_block,9,7.001110248211656,0.029303646163602395,0.053520905905136355,0.02910665663287073,0.24655690811826406,0.11805248879463301
SGBM -> ZED,scene_004,wood_block,10,7.158264762985138,0.030529171462676925,0.054609904940953684,0.02987379434353433,0.24655690811826406,0.12116389101215123
SGBM -> ZED,scene_005,apple,0,38.942348836745786,0.10684776468268459,0.017227235856484027,0.015369860558947877,0.13449611403964654,0.11427735789018541
SGBM -> ZED,scene_005,apple,1,32.9978768686194,0.10776333583207873,0.017539770733856482,0.015589066878072657,0.13449611403964654,0.11590719173847162
SGBM -> ZED,scene_005,apple,2,24.617298221851517,0.11031735889138165,0.017386489234653132,0.015722452224157933,0.13449611403964654,0.11689893300205904
SGBM -> ZED,scene_005,apple,3,24.43041482554907,0.11147633867191145,0.01741531770993508,0.01594707428165193,0.13449611403964654,0.11856903372651405
SGBM -> ZED,scene_005,apple,4,28.19749633110118,0.10946347475844988,0.01786983152283882,0.015945728243181356,0.13449611403964654,0.11855902571639283
SGBM -> ZED,scene_005,apple,5,32.842788489993794,0.10763253887360288,0.018706445791386042,0.015970532248732024,0.13449611403964654,0.11874344744283287
SGBM -> ZED,scene_005,apple,6,28.960198199296546,0.10752713357317455,0.019601905704671935,0.01607401290812726,0.13449611403964654,0.11951284260442639
SGBM -> ZED,scene_005,apple,7,32.54265861361317,0.10801616586693928,0.02135455525845071,0.016854746144988775,0.13449611403964654,0.12531771839906364
SGBM -> ZED,scene_005,apple,8,26.111635466361015,0.11182020741294288,0.020901579079056758,0.016927404749389113,0.13449611403964654,0.12585794667940578
SGBM -> ZED,scene_005,apple,9,15.924642801213636,0.11865950011060526,0.02599407539504448,0.018651361488275498,0.13449611403964654,0.13867583923486057
SGBM -> ZED,scene_005,apple,10,12.231299884353367,0.1176636405586897,0.024323902302690353,0.01799254462258734,0.13449611403964654,0.1337774310511568
SGBM -> ZED,scene_005,chips_box,0,54.98381836947799,0.2668727183970426,0.04301889157986261,0.022198946643595983,0.2694943619712671,0.0823725827925216
SGBM -> ZED,scene_005,chips_box,1,58.2372830341987,0.26221440369152005,0.0364631350644373,0.018264741549799176,0.2694943619712671,0.06777411377439697
SGBM -> ZED,scene_005,chips_box,2,63.01555159590851,0.2627470211581226,0.035113625033056026,0.017793180738457346,0.2694943619712671,0.06602431534487693
SGBM -> ZED,scene_005,chips_box,3,62.59084068776183,0.2604614304961316,0.02854597862724236,0.013838193146207958,0.2694943619712671,0.05134872969135939
SGBM -> ZED,scene_005,chips_box,4,60.15816576536825,0.2581323215979355,0.028592789201148334,0.012950952811813417,0.2694943619712671,0.048056488889345376
SGBM -> ZED,scene_005,chips_box,5,61.0021922977727,0.2623900208574612,0.032037699678855024,0.016346822382953083,0.2694943619712671,0.0606573817106272
SGBM -> ZED,scene_005,chips_box,6,59.311604132506595,0.263761254034601,0.030407144694063838,0.015864127683485132,0.2694943619712671,0.058866269288322
SGBM -> ZED,scene_005,chips_box,7,63.48800233847291,0.26120905712860376,0.028057199358326117,0.013961041652804247,0.2694943619712671,0.051804577842310275
SGBM -> ZED,scene_005,chips_box,8,65.31317767108291,0.259044642047873,0.025818413618319682,0.011859618019047407,0.2694943619712671,0.04400692442060014
SGBM -> ZED,scene_005,chips_box,9,60.31111437040719,0.25995806495230034,0.02450965591259144,0.011400737702591883,0.2694943619712671,0.04230417890451974
SGBM -> ZED,scene_005,chips_box,10,55.63089028477585,0.25916851735406526,0.02330243168314411,0.010304238699687893,0.2694943619712671,0.03823545184513548
SGBM -> ZED,scene_005,lemon,0,69.55791884907845,0.0735523025436596,0.025419605206247826,0.0144141180488268,0.10349089662648787,0.13927909138568226
SGBM -> ZED,scene_005,lemon,1,64.73783669694022,0.07092429056007196,0.025381590087915473,0.014405037914508438,0.10349089662648787,0.13919135290225668
SGBM -> ZED,scene_005,lemon,2,84.92159593880332,0.07614868016252063,0.02533613917803767,0.01430316098141764,0.10349089662648787,0.1382069481245255
SGBM -> ZED,scene_005,lemon,3,86.65045470883173,0.09243128697183885,0.03423496213330256,0.018744782765194392,0.10349089662648787,0.18112494312274396
SGBM -> ZED,scene_005,lemon,4,79.47617477075207,0.08879265934420913,0.03179721074104063,0.0177244271364402,0.10349089662648787,0.17126556744802363
SGBM -> ZED,scene_005,lemon,5,63.10863457302938,0.08936922767795841,0.03900877136583253,0.02147810978646928,0.10349089662648787,0.20753622286206078
SGBM -> ZED,scene_005,lemon,6,61.361217156010994,0.09113824346441408,0.04264757033364339,0.023753210809153946,0.10349089662648787,0.22951980882804
SGBM -> ZED,scene_005,lemon,7,51.57749942824489,0.0879788615451258,0.043061442498332186,0.023902906393746485,0.10349089662648787,0.23096627020263616
SGBM -> ZED,scene_005,lemon,8,56.212386151184916,0.08306138899382429,0.03630939605600805,0.01982702668039855,0.10349089662648787,0.1915823258538079
SGBM -> ZED,scene_005,lemon,9,56.27481253072147,0.08918954827266055,0.04411034781687174,0.024452554888709066,0.10349089662648787,0.2362773508182224
SGBM -> ZED,scene_005,lemon,10,52.257179889039506,0.08427326420051343,0.03976551833969736,0.021826671276813016,0.10349089662648787,0.2109042629670928
SGBM -> ZED,scene_005,orange,0,62.23687673390696,0.06706946907365659,0.051792754626553444,0.022352603228773825,0.127517730652621,0.1752901585871689
SGBM -> ZED,scene_005,orange,1,50.95875097077692,0.06771077239391574,0.05121991469249937,0.021655758004296977,0.127517730652621,0.16982546578789717
SGBM -> ZED,scene_005,orange,2,43.14721026927539,0.07299158883757793,0.04824238425561049,0.01955674505751904,0.127517730652621,0.15336490821652704
SGBM -> ZED,scene_005,orange,3,35.07972684218493,0.07515096070800886,0.04511317622787653,0.017608692567547664,0.127517730652621,0.13808818959864178
SGBM -> ZED,scene_005,orange,4,26.009998318432768,0.07472544055636016,0.04486804764284642,0.017422765623302826,0.127517730652621,0.13663014181741728
SGBM -> ZED,scene_005,orange,5,27.862035555478734,0.06888868712707287,0.04947261547900813,0.02018551993505413,0.127517730652621,0.15829579017558557
SGBM -> ZED,scene_005,orange,6,19.368055382026697,0.06758697360970066,0.04996982560609337,0.020330188576825284,0.127517730652621,0.15943028842167853
SGBM -> ZED,scene_005,orange,7,20.115378112373424,0.06729579842737836,0.050513351082115014,0.020789319573725727,0.127517730652621,0.1630308151449088
SGBM -> ZED,scene_005,orange,8,23.324444530135253,0.06544111595212072,0.04732667762719335,0.018715401366833775,0.127517730652621,0.1467670516958741
SGBM -> ZED,scene_005,orange,9,27.110846976881138,0.06579624477933851,0.04300171027675459,0.015828400176912703,0.127517730652621,0.12412705351565449
SGBM -> ZED,scene_005,orange,10,27.83228064437626,0.06579603594306928,0.042784428192945506,0.015504576175854856,0.127517730652621,0.12158761057387256
SGBM -> ZED,scene_005,rubiks_cube,0,62.542841038557356,0.0329759740518655,0.05294437368572115,0.025015805636558135,0.12883775017150678,0.1941651853067714
SGBM -> ZED,scene_005,rubiks_cube,1,63.583545379070706,0.030289391731756075,0.05663320936664113,0.027678990965268692,0.12883775017150678,0.21483603158564052
SGBM -> ZED,scene_005,rubiks_cube,2,63.55765694076292,0.030746872873062485,0.0592497692548703,0.029592661488016255,0.12883775017150678,0.22968936859439854
SGBM -> ZED,scene_005,rubiks_cube,3,63.423461038522696,0.02686104319827591,0.05991009156932954,0.029912849276793125,0.12883775017150678,0.23217457024027205
SGBM -> ZED,scene_005,rubiks_cube,4,59.988897943211896,0.026951540895850445,0.06072448232993256,0.030840018288983247,0.12883775017150678,0.2393709782104197
SGBM -> ZED,scene_005,rubiks_cube,5,59.55664181360006,0.026984801897875207,0.05964640950977537,0.030024745851393673,0.12883775017150678,0.23304307791330728
SGBM -> ZED,scene_005,rubiks_cube,6,58.75148245237376,0.025938848165813582,0.06108024397006524,0.03083203841342909,0.12883775017150678,0.23930904080819454
SGBM -> ZED,scene_005,rubiks_cube,7,58.83150021191864,0.026276186807773914,0.0672104490470324,0.03516853351075897,0.12883775017150678,0.2729676159661526
SGBM -> ZED,scene_005,rubiks_cube,8,57.151182919785604,0.026792881809484494,0.07024899044303445,0.03737570920835589,0.12883775017150678,0.2900990521691192
SGBM -> ZED,scene_005,rubiks_cube,9,56.84964680531496,0.02484839570968951,0.06889002164147863,0.035880632974913826,0.12883775017150678,0.27849471856773417
SGBM -> ZED,scene_005,rubiks_cube,10,57.113445269464705,0.027558191740115145,0.07470804364267193,0.04028578703521944,0.12883775017150678,0.3126862040170031
SGBM -> ZED,scene_005,scissors,0,2.0700894053452075,0.033813020349230664,0.0330434776991115,0.014413400062464101,0.20983996337550315,0.06868758376912075
SGBM -> ZED,scene_005,scissors,1,2.939304247568699,0.03478977863849051,0.036852220695311556,0.015382893749909981,0.20983996337550315,0.0733077413017972
SGBM -> ZED,scene_005,scissors,2,3.7118844158064292,0.03536408251965443,0.03714100143057364,0.014478900621782273,0.20983996337550315,0.06899972907387834
SGBM -> ZED,scene_005,scissors,3,9.11932503247536,0.04450562739165369,0.04214425140531249,0.016908885183983337,0.20983996337550315,0.08057990914593008
SGBM -> ZED,scene_005,scissors,4,13.048635378900116,0.04619926608096762,0.04439471164004075,0.017733502963887305,0.20983996337550315,0.0845096552564378
SGBM -> ZED,scene_005,scissors,5,12.521084622891772,0.04915795844299545,0.04436177893506106,0.0191438185164064,0.20983996337550315,0.09123056546740353
SGBM -> ZED,scene_005,scissors,6,7.965673451143213,0.04847852538208044,0.04166072658947934,0.01774265961030531,0.20983996337550315,0.08455329158895859
SGBM -> ZED,scene_005,scissors,7,7.847905307095825,0.04146365136852545,0.03637572432734394,0.013984361803319061,0.20983996337550315,0.0666429862947241
SGBM -> ZED,scene_005,scissors,8,7.591192673651615,0.039387004518887186,0.03234519102362804,0.013031969296167472,0.20983996337550315,0.06210432506055628
SGBM -> ZED,scene_005,scissors,9,5.371061674689503,0.03245465641017226,0.027650854320592975,0.010757502764733896,0.20983996337550315,0.05126527183710772
SGBM -> ZED,scene_005,scissors,10,6.642869740235943,0.03423682398030521,0.02918857160139573,0.01186299405063185,0.20983996337550315,0.05653353088612263
SGBM -> ZED,scene_005,wood_block,0,86.84097818159934,0.21010347721539244,0.050393486258022924,0.025539132933337334,0.24655690811826406,0.10358311648314139
SGBM -> ZED,scene_005,wood_block,1,85.30871584671718,0.20409332884102166,0.05679914524254645,0.02747261756808414,0.24655690811826406,0.11142505711057409
SGBM -> ZED,scene_005,wood_block,2,83.81190878188347,0.20464404520188242,0.05567971648514665,0.02718541989439693,0.24655690811826406,0.11026022390480784
SGBM -> ZED,scene_005,wood_block,3,85.26035706919052,0.20756888300243678,0.05847277101269048,0.029014930540256053,0.24655690811826406,0.11768046071675543
SGBM -> ZED,scene_005,wood_block,4,84.9369194079607,0.2037738137891484,0.05447743154249538,0.026510399080224033,0.24655690811826406,0.10752243481049817
SGBM -> ZED,scene_005,wood_block,5,84.22618950962621,0.20234870206565853,0.04874034777558357,0.02353122541945135,0.24655690811826406,0.09543932716808855
SGBM -> ZED,scene_005,wood_block,6,85.08084189631406,0.20756262035053327,0.05724601323497951,0.028505626493385464,0.24655690811826406,0.1156147954277249
SGBM -> ZED,scene_005,wood_block,7,84.87128308935422,0.21108702568921453,0.05877413360517967,0.02959732460521947,0.24655690811826406,0.12004256879723178
SGBM -> ZED,scene_005,wood_block,8,84.54037028095357,0.211551951414727,0.06035078555590578,0.030330790235185177,0.24655690811826406,0.12301740181068721
SGBM -> ZED,scene_005,wood_block,9,85.44089853610373,0.21754667938561711,0.05452089350221802,0.028399729138466896,0.24655690811826406,0.11518529071124066
SGBM -> ZED,scene_005,wood_block,10,85.8971691733401,0.21410692449428254,0.05066712115439048,0.026442816643087095,0.24655690811826406,0.10724832998961632
SGBM -> ZED,scene_006,apple,0,72.2280058281361,0.17287735363101153,0.11840914052149584,0.08372709858570372,0.13449611403964654,0.6225242950961601
SGBM -> ZED,scene_006,apple,1,80.13777313636226,0.17790721786801336,0.12371331306563774,0.08903706429187805,0.13449611403964654,0.6620047346916793
SGBM -> ZED,scene_006,apple,2,74.7305338004948,0.1715418485940923,0.12009240805462573,0.08507842447837376,0.13449611403964654,0.632571618041652
SGBM -> ZED,scene_006,apple,3,74.27276298690694,0.17798706288995442,0.124642228304611,0.08970250864951104,0.13449611403964654,0.6669524193321206
SGBM -> ZED,scene_006,apple,4,80.18699503365471,0.19150588415581965,0.1388758090427318,0.10390275167890108,0.13449611403964654,0.772533484857955
SGBM -> ZED,scene_006,apple,5,87.91066325925668,0.19270700046634998,0.13904844193525095,0.10425001156964304,0.13449611403964654,0.7751154173786196
SGBM -> ZED,scene_006,apple,6,92.30107134798361,0.21261255537477772,0.16451206609206345,0.12885082328431935,0.13449611403964654,0.958026365329313
SGBM -> ZED,scene_006,apple,7,91.90099100911817,0.226845243735696,0.18536314657218803,0.14921944914737764,0.13449611403964654,1.1094703383280724
SGBM -> ZED,scene_006,apple,8,94.1034328555066,0.20687105290336014,0.17178607338222618,0.13528507915347854,0.13449611403964654,1.005866081109224
SGBM -> ZED,scene_006,apple,9,89.47791755466456,0.2030091881855502,0.17120487706797538,0.13452181346709013,0.13449611403964654,1.0001910793306341
SGBM -> ZED,scene_006,apple,10,84.72724752484872,0.1737322663673306,0.13780970261779185,0.10102444916824362,0.13449611403964654,0.7511328478863248
SGBM -> ZED,scene_006,chips_box,0,31.962294495266672,0.2736996579586876,0.07298007798001147,0.04086194987351142,0.2694943619712671,0.15162450737232133
SGBM -> ZED,scene_006,chips_box,1,30.581619131624535,0.27111552888243745,0.06683409419245463,0.03625972296236973,0.2694943619712671,0.13454724134909976
SGBM -> ZED,scene_006,chips_box,2,32.414889299722226,0.26779834146214776,0.0642170039955616,0.034071128502988025,0.2694943619712671,0.12642612726206354
SGBM -> ZED,scene_006,chips_box,3,43.78663240763812,0.2747704024713112,0.06738833817935287,0.03694967473213611,0.2694943619712671,0.13710741279283462
SGBM -> ZED,scene_006,chips_box,4,49.35770400909453,0.27517508659165335,0.07511948951338576,0.042713714175017396,0.2694943619712671,0.15849576170195145
SGBM -> ZED,scene_006,chips_box,5,50.650001370356904,0.27553789782644283,0.07456700674323849,0.042349829972935925,0.2694943619712671,0.15714551378054867
SGBM -> ZED,scene_006,chips_box,6,56.93088637198431,0.27923548968593614,0.08064497192958468,0.047807316475181695,0.2694943619712671,0.17739635117219563
SGBM -> ZED,scene_006,chips_box,7,61.074354023747325,0.28089275667007124,0.08439333853641842,0.05124430177815438,0.2694943619712671,0.1901498101975801
SGBM -> ZED,scene_006,chips_box,8,51.912370268284384,0.2651452435494602,0.06280630098571374,0.03284564672200927,0.2694943619712671,0.12187878990029188
SGBM -> ZED,scene_006,chips_box,9,44.4162697348502,0.26775259393201295,0.060080588621876575,0.031485144970579214,0.2694943619712671,0.11683044031153458
SGBM -> ZED,scene_006,chips_box,10,31.3561257391741,0.2617124678135447,0.05066269484924409,0.026038161965095702,0.2694943619712671,0.09661857774921405
SGBM -> ZED,scene_006,lemon,0,65.412761116965,0.11712156225237429,0.09810714589977185,0.07447189992681001,0.10349089662648787,0.7195985575000746
SGBM -> ZED,scene_006,lemon,1,66.77335232295836,0.13927773058606968,0.11649907524209356,0.09288007553269555,0.10349089662648787,0.8974709714605318
SGBM -> ZED,scene_006,lemon,2,62.03634353412645,0.12939742867408802,0.10379534818255459,0.08033220111357393,0.10349089662648787,0.7762248055836574
SGBM -> ZED,scene_006,lemon,3,62.96878326684019,0.1485474194698797,0.12274545727478085,0.09890081494078021,0.10349089662648787,0.9556474836402871
SGBM -> ZED,scene_006,lemon,4,57.77961563037743,0.13313265938569663,0.10609266194535859,0.0825647139282712,0.10349089662648787,0.7977968750841729
SGBM -> ZED,scene_006,lemon,5,54.78147324316089,0.1365713411103061,0.10708276851167245,0.0836572155713712,0.10349089662648787,0.8083533750152052
SGBM -> ZED,scene_006,lemon,6,57.606072846577995,0.1449978597473307,0.11515821601251902,0.0915355312741722,0.10349089662648787,0.8844790629704935
SGBM -> ZED,scene_006,lemon,7,52.77483268589392,0.16152586598005775,0.1307080729591991,0.10661599073754512,0.10349089662648787,1.0301968019693182
SGBM -> ZED,scene_006,lemon,8,46.83419877610338,0.16346275131143212,0.13159016310791752,0.10694816703670024,0.10349089662648787,1.0334065171228548
SGBM -> ZED,scene_006,lemon,9,43.75206777051481,0.1618497516265836,0.13049538245272307,0.10572426151913401,0.10349089662648787,1.0215803028618704
SGBM -> ZED,scene_006,lemon,10,39.75895481901689,0.1449025759918497,0.11430425425664455,0.08924416604439077,0.10349089662648787,0.8623383210842649
SGBM -> ZED,scene_006,orange,0,42.713496036984445,0.0817532653875377,0.08355906072270346,0.061847189279668965,0.127517730652621,0.48500854714981356
SGBM -> ZED,scene_006,orange,1,38.50682544607984,0.08077346532509037,0.08205350936281128,0.05913074514693092,0.127517730652621,0.4637060653785681
SGBM -> ZED,scene_006,orange,2,41.39550210249466,0.061891811702196216,0.06302665526388482,0.0418469412340317,0.127517730652621,0.32816566778489464
SGBM -> ZED,scene_006,orange,3,38.560252428003764,0.0841493273766905,0.08603265922495176,0.06243811141980514,0.127517730652621,0.4896425861741273
SGBM -> ZED,scene_006,orange,4,46.68789806835521,0.06502864239976772,0.07061123010799793,0.04663083556924556,0.127517730652621,0.3656811906124296
SGBM -> ZED,scene_006,orange,5,49.153740095622766,0.06087711134087172,0.06611693035608303,0.04175504881112541,0.127517730652621,0.3274450431122629
SGBM -> ZED,scene_006,orange,6,44.802645503670774,0.06455592418868221,0.0710681372527641,0.045732736159739704,0.127517730652621,0.3586382530937843
SGBM -> ZED,scene_006,orange,7,52.89979555753308,0.07050648518341388,0.0730970464586691,0.046979783308939815,0.127517730652621,0.36841765508610225
SGBM -> ZED,scene_006,orange,8,54.0943075109959,0.06509334745395735,0.063068795748492,0.0389614762843368,0.127517730652621,0.30553771687228487
SGBM -> ZED,scene_006,orange,9,58.28494582896252,0.059646351707646414,0.048940590305272154,0.028423473602377562,0.127517730652621,0.2228982076210854
SGBM -> ZED,scene_006,orange,10,49.22506993104133,0.06393152955432513,0.06546782552172863,0.041875791152743286,0.127517730652621,0.32839191019498093
SGBM -> ZED,scene_006,rubiks_cube,0,35.9063759173376,0.1400833070110206,0.14449772643226275,0.11088869338768205,0.12883775017150678,0.8606848011554747
SGBM -> ZED,scene_006,rubiks_cube,1,17.079668650920603,0.14851409935175455,0.14511688781009324,0.11211636312882407,0.12883775017150678,0.8702136057139817
SGBM -> ZED,scene_006,rubiks_cube,2,19.238857203247118,0.13690504887006485,0.13388394199508202,0.10089901984082797,0.12883775017150678,0.7831479493123156
SGBM -> ZED,scene_006,rubiks_cube,3,24.444852161891202,0.14242495803785069,0.13941602066296804,0.10504540022012022,0.12883775017150678,0.8153309110123814
SGBM -> ZED,scene_006,rubiks_cube,4,30.640785439551387,0.12710485310441888,0.13295171541496206,0.09498544265028355,0.12883775017150678,0.737248535649221
SGBM -> ZED,scene_006,rubiks_cube,5,39.51198403827408,0.11613701416506435,0.11726535226158559,0.08018926163674515,0.12883775017150678,0.6224050135150487
SGBM -> ZED,scene_006,rubiks_cube,6,39.06770922425539,0.13580671240641135,0.13272897397328473,0.09634260331210319,0.12883775017150678,0.7477824099214201
SGBM -> ZED,scene_006,rubiks_cube,7,37.85254459816561,0.14456415096317504,0.13653205586973358,0.10091621456646689,0.12883775017150678,0.7832814096189108
SGBM -> ZED,scene_006,rubiks_cube,8,41.53275395902974,0.15342675832829128,0.14002773707361946,0.10491147995581435,0.12883775017150678,0.814291462061064
SGBM -> ZED,scene_006,rubiks_cube,9,35.14955714041686,0.14459576633277482,0.12637846832370145,0.09267477239973759,0.12883775017150678,0.7193138057469212
SGBM -> ZED,scene_006,rubiks_cube,10,29.73718323435308,0.12871718406577165,0.10965465845072145,0.07796607624351816,0.12883775017150678,0.6051493148532239
SGBM -> ZED,scene_006,scissors,0,5.14693648320222,0.1313738897823749,0.13114037687493332,0.08589465742066564,0.20983996337550315,0.40933412320016177
SGBM -> ZED,scene_006,scissors,1,7.650851429945689,0.15572944916129258,0.1560825988484015,0.10843039730100569,0.20983996337550315,0.516729013657767
SGBM -> ZED,scene_006,scissors,2,3.7897838885900543,0.16292764663774567,0.16259053212379682,0.11484685272605419,0.20983996337550315,0.5473068660450475
SGBM -> ZED,scene_006,scissors,3,8.795168495027099,0.12896546994345898,0.13136642582251465,0.08492484666648102,0.20983996337550315,0.40471245467437594
SGBM -> ZED,scene_006,scissors,4,5.180021349963386,0.10958661050228445,0.11023966081668504,0.06804455256985625,0.20983996337550315,0.3242687973981977
SGBM -> ZED,scene_006,scissors,5,4.278029390906123,0.1037861728805375,0.10486576196541454,0.06456862520045692,0.20983996337550315,0.30770413872458147
SGBM -> ZED,scene_006,scissors,6,5.117492188729811,0.09397628800477652,0.0947322711284629,0.05531108858390366,0.20983996337550315,0.26358701028233555
SGBM -> ZED,scene_006,scissors,7,9.192703819312982,0.10824906863868562,0.11067283912572444,0.06755485298684195,0.20983996337550315,0.3219351161721007
SGBM -> ZED,scene_006,scissors,8,8.619216296358161,0.11392881826441795,0.11654306429414224,0.0719527958228366,0.20983996337550315,0.34289367318502123
SGBM -> ZED,scene_006,scissors,9,21.605897802521028,0.09219933987090694,0.09369157946934246,0.05239318112677253,0.20983996337550315,0.24968161585606216
SGBM -> ZED,scene_006,scissors,10,4.366289626219423,0.11095385673786358,0.11141684306412361,0.0699187863391867,0.20983996337550315,0.3332005267941686
SGBM -> ZED,scene_006,wood_block,0,17.5261958257199,0.14655824239004728,0.1479833708766418,0.09779944681365223,0.24655690811826406,0.3966607448157223
SGBM -> ZED,scene_006,wood_block,1,2.9393319681029504,0.15063325605551686,0.15028791757904203,0.10060814938764379,0.24655690811826406,0.4080524458044625
SGBM -> ZED,scene_006,wood_block,2,2.0966117386446226,0.14622128437233198,0.1491148956420472,0.10062476054747822,0.24655690811826406,0.4081198183228852
SGBM -> ZED,scene_006,wood_block,3,4.102577121110511,0.14704462676049784,0.14817881229065083,0.09957452893577792,0.24655690811826406,0.4038602272219271
SGBM -> ZED,scene_006,wood_block,4,5.891147877201259,0.13788959825083616,0.13361666144735226,0.08537549717695597,0.24655690811826406,0.3462709596277244
SGBM -> ZED,scene_006,wood_block,5,5.4793220635138775,0.13396863358187694,0.13266394121339348,0.08427940753421459,0.24655690811826406,0.3418253748290392
SGBM -> ZED,scene_006,wood_block,6,7.434313103048348,0.14113713830564006,0.14650337458336588,0.0967919093071709,0.24655690811826406,0.3925743149761736
SGBM -> ZED,scene_006,wood_block,7,5.701163203032619,0.14239960985424185,0.14446151895019405,0.09518696228081062,0.24655690811826406,0.386064876491528
SGBM -> ZED,scene_006,wood_block,8,2.0965302292295918,0.12357123311656826,0.11693029146600992,0.06953531131230799,0.24655690811826406,0.28202540274780913
SGBM -> ZED,scene_006,wood_block,9,4.015423418113276,0.13589126728618997,0.13399530952967997,0.08571351047892913,0.24655690811826406,0.34764189384551974
SGBM -> ZED,scene_006,wood_block,10,4.0021015737216,0.12875118529690419,0.1304070833688619,0.08230318618291009,0.24655690811826406,0.33381010011462486
SGBM -> ZED,scene_009,apple,0,73.50795602277424,0.09597845371436249,0.007606247206046238,0.009990138273413796,0.13449611403964654,0.07427826703207886
SGBM -> ZED,scene_009,apple,1,71.67712125323776,0.09795352636688161,0.007719194739705023,0.01062500753924606,0.13449611403964654,0.07899862100189778
SGBM -> ZED,scene_009,apple,2,68.14035125871153,0.0952887250356389,0.0085767259742275,0.009755130031835478,0.13449611403964654,0.07253094337699509
SGBM -> ZED,scene_009,apple,3,75.03465230882261,0.0994821300269288,0.010276169937249474,0.012187695077575448,0.13449611403964654,0.09061745140073549
SGBM -> ZED,scene_009,apple,4,72.85912325707623,0.09356734927204256,0.011706910726824137,0.010602780044284195,0.13449611403964654,0.07883335604148924
SGBM -> ZED,scene_009,apple,5,79.24697349596012,0.10077355387677839,0.011586860079953146,0.012001959644827592,0.13449611403964654,0.08923647891633267
SGBM -> ZED,scene_009,apple,6,79.46722402311943,0.09910927567183778,0.012970718121448973,0.011869933937883702,0.13449611403964654,0.08825484678601721
SGBM -> ZED,scene_009,apple,7,82.53277770845565,0.10018884243754389,0.0149346619085183,0.011925526771893931,0.13449611403964654,0.0886681883491336
SGBM -> ZED,scene_009,chips_box,0,4.947566031700651,0.02979591894874382,0.04012178544011557,0.022068989405895436,0.2694943619712671,0.08189035660882725
SGBM -> ZED,scene_009,chips_box,1,5.412740526668936,0.03693392260728428,0.04627478017271334,0.024580956632122918,0.2694943619712671,0.09121139474800474
SGBM -> ZED,scene_009,chips_box,2,2.6315898498687895,0.03630200377439151,0.04264964535551533,0.022699864068849777,0.2694943619712671,0.08423131342269041
SGBM -> ZED,scene_009,chips_box,3,13.501139049384475,0.05794944367919658,0.06258390548945178,0.029349881016721063,0.2694943619712671,0.10890721721239677
SGBM -> ZED,scene_009,chips_box,4,14.924310980341563,0.05271060994429315,0.0567587433106681,0.02666676646226661,0.2694943619712671,0.09895111076613085
SGBM -> ZED,scene_009,chips_box,5,10.535148483728413,0.0389290707506393,0.041090575764668964,0.021332229727967313,0.2694943619712671,0.07915649727114406
SGBM -> ZED,scene_009,chips_box,6,9.150223673082365,0.03618240931814029,0.03598608857921129,0.01920489994245692,0.2694943619712671,0.07126271511574148
SGBM -> ZED,scene_009,chips_box,7,10.827535341486346,0.036749752967987055,0.03862850063249701,0.019994558293579743,0.2694943619712671,0.07419286306149707
SGBM -> ZED,scene_009,lemon,0,69.39879297438237,0.07887601694017898,0.03903584295955567,0.01990002692114478,0.10349089662648787,0.19228770423128683
SGBM -> ZED,scene_009,lemon,1,70.98250700782657,0.07481398214242581,0.03285455727602813,0.016729577115478473,0.10349089662648787,0.16165264444328564
SGBM -> ZED,scene_009,lemon,2,79.74893606414996,0.07516214621351866,0.030993176920006808,0.015805327360816853,0.10349089662648787,0.15272190961742596
SGBM -> ZED,scene_009,lemon,3,80.27548758690219,0.07314253053723112,0.024948452159200586,0.013205245760307644,0.10349089662648787,0.1275981384910317
SGBM -> ZED,scene_009,lemon,4,73.80623135206008,0.07534084653118164,0.03059083338605958,0.01640388435526534,0.10349089662648787,0.15850557768833615
SGBM -> ZED,scene_009,lemon,5,79.40545110891188,0.06929783272500782,0.02359788472556631,0.011964059230669725,0.10349089662648787,0.11560494324297502
SGBM -> ZED,scene_009,lemon,6,79.13122154460925,0.0749423948828751,0.02768702615858513,0.014464712037237759,0.10349089662648787,0.13976796519062723
SGBM -> ZED,scene_009,lemon,7,82.1917330446583,0.08682791192568905,0.04221405044108322,0.022327027410194402,0.10349089662648787,0.21573904698860183
SGBM -> ZED,scene_009,orange,0,61.74587769433538,0.05512587864091858,0.020116335251974076,0.013945585086595807,0.127517730652621,0.10936192963303153
SGBM -> ZED,scene_009,orange,1,54.61275443668879,0.05765329200790875,0.024187892034119102,0.015662040265946316,0.127517730652621,0.1228224513233556
SGBM -> ZED,scene_009,orange,2,44.159403832472385,0.05323510245939349,0.026185010945450962,0.016123834545658963,0.127517730652621,0.1264438636347984
SGBM -> ZED,scene_009,orange,3,49.760902176404144,0.062290036451486036,0.0314900164437829,0.019567352713829467,0.127517730652621,0.15344809395278616
SGBM -> ZED,scene_009,orange,4,58.451111590919915,0.06363153594810167,0.026232371112675876,0.01710197175779706,0.127517730652621,0.13411446134016927
SGBM -> ZED,scene_009,orange,5,55.659188938878124,0.07374644332446065,0.025125164173234772,0.017415032738371052,0.127517730652621,0.1365695001725872
SGBM -> ZED,scene_009,orange,6,49.662449003214576,0.08124220891992297,0.0315045452734398,0.02027921171567381,0.127517730652621,0.15903052549545188
SGBM -> ZED,scene_009,orange,7,30.730455674591987,0.0795905515674715,0.03012049150716062,0.01835337366795596,0.127517730652621,0.1439280135713325
SGBM -> ZED,scene_009,rubiks_cube,0,92.09607399187654,0.05657377098043223,0.04037176016623811,0.0187713038306635,0.12883775017150678,0.14569723396811443
SGBM -> ZED,scene_009,rubiks_cube,1,98.03234359751409,0.06066681729246693,0.057390679358870045,0.0289965549991217,0.12883775017150678,0.22506256869994967
SGBM -> ZED,scene_009,rubiks_cube,2,91.53823088693107,0.05748034784266235,0.058887098849592805,0.030000101517246993,0.12883775017150678,0.23285179597836295
SGBM -> ZED,scene_009,rubiks_cube,3,85.45346792596136,0.06225646029893023,0.047231284748333706,0.02307776452590705,0.12883775017150678,0.17912269109935788
SGBM -> ZED,scene_009,rubiks_cube,4,94.13798038917001,0.0499177494506635,0.039012873755309894,0.01723905298771596,0.12883775017150678,0.133804362190178
SGBM -> ZED,scene_009,rubiks_cube,5,89.15416246393134,0.06263134443475277,0.05696346920362506,0.028819709458600604,0.12883775017150678,0.22368994662074013
SGBM -> ZED,scene_009,rubiks_cube,6,81.12648719975222,0.06047243565580212,0.03934789089643705,0.0200397479477141,0.12883775017150678,0.15554251701102745
SGBM -> ZED,scene_009,rubiks_cube,7,76.07148407318007,0.06505476819094563,0.030896415880095254,0.01698632627622334,0.12883775017150678,0.13184277320592303
SGBM -> ZED,scene_009,scissors,0,8.39082895403825,0.0412374886435637,0.043213327654384466,0.02365082544768496,0.20983996337550315,0.11270887140483542
SGBM -> ZED,scene_009,scissors,1,5.686106738390157,0.04462756212197076,0.044756057676111086,0.02429586145246906,0.20983996337550315,0.11578281401523241
SGBM -> ZED,scene_009,scissors,2,6.375505495273034,0.03801909659192616,0.04084390449679489,0.02206258871464096,0.20983996337550315,0.10514007131787634
SGBM -> ZED,scene_009,scissors,3,4.830608829356228,0.041322012715928835,0.04254304755035627,0.022264055754077708,0.20983996337550315,0.10610016984341901
SGBM -> ZED,scene_009,scissors,4,8.937031485356664,0.045174206311995764,0.046392253561011086,0.023781210689216785,0.20983996337550315,0.11333022702954312
SGBM -> ZED,scene_009,scissors,5,8.991955563772592,0.03928925659281174,0.0390157360413739,0.018447716761788472,0.20983996337550315,0.087913267163399
SGBM -> ZED,scene_009,scissors,6,5.302246069149522,0.04110705661237232,0.04188473366378899,0.020468319384583065,0.20983996337550315,0.0975425226697907
SGBM -> ZED,scene_009,scissors,7,7.625946420500967,0.04202678000428761,0.0417719729765372,0.01936088653307749,0.20983996337550315,0.0922650110190483
SGBM -> ZED,scene_009,wood_block,0,3.5534848040619305,0.04639102874927748,0.044628142242918674,0.019195698851898577,0.24655690811826406,0.07785504368302316
SGBM -> ZED,scene_009,wood_block,1,2.622986370067173,0.050741245241357126,0.05325864029025394,0.02195081075917939,0.24655690811826406,0.08902938849578051
SGBM -> ZED,scene_009,wood_block,2,4.508980303471778,0.0475613254405165,0.05213904852310671,0.022265440224477687,0.24655690811826406,0.09030548117434128
SGBM -> ZED,scene_009,wood_block,3,4.419011267766114,0.056129165369348324,0.0500060441796866,0.02479611012771699,0.24655690811826406,0.10056952091491685
SGBM -> ZED,scene_009,wood_block,4,3.1213888317536695,0.04543719185122821,0.048637655260462945,0.022140925442020894,0.24655690811826406,0.08980046680095748
SGBM -> ZED,scene_009,wood_block,5,2.716182113154777,0.04518154858784762,0.04847290739930762,0.0228515557211688,0.24655690811826406,0.09268268285635611
SGBM -> ZED,scene_009,wood_block,6,1.3229833237053243,0.053873449186821354,0.05240683158131082,0.025595984426987878,0.24655690811826406,0.10381369811269067
SGBM -> ZED,scene_009,wood_block,7,3.0486996148045877,0.05147209883043333,0.05502158725991709,0.026720361420848267,0.24655690811826406,0.10837401241271048
SGBM -> RealSense,scene_001,apple,0,43.304241072845386,0.05123648223805698,0.037864761091493435,0.014212268899467173,0.13449611403964654,0.10567047978261813
SGBM -> RealSense,scene_001,apple,1,54.25968548978181,0.06050526559159589,0.04838617820522856,0.020138857023106912,0.13449611403964654,0.14973560512811854
SGBM -> RealSense,scene_001,apple,2,58.86998464227324,0.050306261678804205,0.03714165407026002,0.013637208459327041,0.13449611403964654,0.10139481394463998
SGBM -> RealSense,scene_001,apple,3,62.50992088171261,0.04579876631108132,0.03548596757523035,0.013582321668674879,0.13449611403964654,0.10098672192618967
SGBM -> RealSense,scene_001,apple,4,71.19675448311989,0.04117235391542268,0.03255669762100674,0.012938988585863363,0.13449611403964654,0.09620343813092794
SGBM -> RealSense,scene_001,apple,5,67.95617425139095,0.05334226783820999,0.041830650882207894,0.01811908280025503,0.13449611403964654,0.13471826252849148
SGBM -> RealSense,scene_001,apple,6,67.14242182006495,0.044452419312852376,0.03472706529887472,0.013557119574662381,0.13449611403964654,0.10079934034871846
SGBM -> RealSense,scene_001,apple,7,50.48272289270265,0.07457606400377581,0.06854920556073306,0.031625274145131235,0.13449611403964654,0.23513894338842228
SGBM -> RealSense,scene_001,chips_box,0,21.910303752347563,0.03390216800544001,0.031889309115901446,0.015685355089442417,0.2694943619712671,0.05820290626753355
SGBM -> RealSense,scene_001,chips_box,1,15.328145379993234,0.04170076929804335,0.03286762045728947,0.01585493372639605,0.2694943619712671,0.05883215370600765
SGBM -> RealSense,scene_001,chips_box,2,10.816218592374893,0.04186832103798022,0.033740538570372174,0.01644893622537449,0.2694943619712671,0.06103629072258009
SGBM -> RealSense,scene_001,chips_box,3,4.438273648622709,0.0434487992723034,0.03638780732362751,0.017804830687446628,0.2694943619712671,0.06606754426033203
SGBM -> RealSense,scene_001,chips_box,4,6.842637098358802,0.05024305968266043,0.038830539761258685,0.019408664529799453,0.2694943619712671,0.07201881474562634
SGBM -> RealSense,scene_001,chips_box,5,7.6280269607702325,0.04518504018540695,0.038670460586622636,0.01868163950016217,0.2694943619712671,0.0693210773075615
SGBM -> RealSense,scene_001,chips_box,6,9.788543145498222,0.043507203201172066,0.03763040435801039,0.018639291947064564,0.2694943619712671,0.0691639402424747
SGBM -> RealSense,scene_001,chips_box,7,14.305977770214136,0.05631623654218388,0.04464425855961059,0.02099388525759199,0.2694943619712671,0.07790101842587087
SGBM -> RealSense,scene_001,lemon,0,76.34996764099394,0.07867090104594739,0.040381443137392774,0.021109131353305978,0.10349089662648787,0.2039709002569722
SGBM -> RealSense,scene_001,lemon,1,76.53592646184676,0.088750935148399,0.049898596013254956,0.02759472736173374,0.10349089662648787,0.266639175630362
SGBM -> RealSense,scene_001,lemon,2,75.88889900158114,0.0763528545717556,0.03960149629296795,0.020299385618387795,0.10349089662648787,0.19614658177763133
SGBM -> RealSense,scene_001,lemon,3,60.827169474616475,0.08821053984558191,0.04601047772157748,0.024709137771346982,0.10349089662648787,0.23875663055201346
SGBM -> RealSense,scene_001,lemon,4,60.206062600697315,0.09201963752190616,0.050725690519404704,0.027924104122733575,0.10349089662648787,0.26982183972678586
SGBM -> RealSense,scene_001,lemon,5,66.25750728615255,0.0876695790435752,0.05077536947674916,0.027889278643758217,0.10349089662648787,0.2694853320714213
SGBM -> RealSense,scene_001,lemon,6,62.23927600787466,0.09608710163012733,0.06334053507721428,0.03760104852273155,0.10349089662648787,0.3633271113539448
SGBM -> RealSense,scene_001,lemon,7,58.365853322187746,0.11680038764212458,0.08339984124611138,0.0555025196560893,0.10349089662648787,0.5363033992874284
SGBM -> RealSense,scene_001,orange,0,87.97788094201458,0.05949332726763477,0.05277830618073774,0.022303081781930967,0.127517730652621,0.17490180908793132
SGBM -> RealSense,scene_001,orange,1,94.07058616436328,0.0614248359270306,0.053871449179249194,0.024926594603677132,0.127517730652621,0.1954755191776524
SGBM -> RealSense,scene_001,orange,2,90.17894569928058,0.06095628341531305,0.05391331095337338,0.023332547340108634,0.127517730652621,0.1829749260804388
SGBM -> RealSense,scene_001,orange,3,91.32046815203238,0.06389387734593541,0.06029925315532066,0.028120758745341506,0.127517730652621,0.22052430357270877
SGBM -> RealSense,scene_001,orange,4,81.2207504070829,0.0860049344591689,0.06627302893582046,0.033861090678483134,0.127517730652621,0.26554025471741055
SGBM -> RealSense,scene_001,orange,5,81.05568954535721,0.09650469861519868,0.07179998993189687,0.039122254011845756,0.127517730652621,0.3067985433211725
SGBM -> RealSense,scene_001,orange,6,71.67068013798449,0.10176850049427039,0.08448094561733503,0.050384041487391285,0.127517730652621,0.39511400673091956
SGBM -> RealSense,scene_001,orange,7,59.49174277005929,0.11220698798254175,0.0807274121110972,0.04777747799374008,0.127517730652621,0.3746732140638049
SGBM -> RealSense,scene_001,rubiks_cube,0,3.9531216069338266,0.050692486039634,0.03725128390148114,0.017369253559160015,0.12883775017150678,0.134814940000414
SGBM -> RealSense,scene_001,rubiks_cube,1,4.150344895673262,0.05367769968893077,0.040110334164217484,0.019047295105068043,0.12883775017150678,0.1478393955165515
SGBM -> RealSense,scene_001,rubiks_cube,2,7.554326047330934,0.05236187622955308,0.03687275253955848,0.01786949914517225,0.12883775017150678,0.13869769629929624
SGBM -> RealSense,scene_001,rubiks_cube,3,21.883799533553052,0.07389279462071181,0.05172761380327765,0.023972881790004386,0.12883775017150678,0.1860703230077525
SGBM -> RealSense,scene_001,rubiks_cube,4,27.736787594101664,0.07084613941271775,0.048746885049538724,0.021535034332464762,0.12883775017150678,0.1671484817438807
SGBM -> RealSense,scene_001,rubiks_cube,5,33.61887868559928,0.08685720393980162,0.06313477388258935,0.030247136118445428,0.12883775017150678,0.23476920450862357
SGBM -> RealSense,scene_001,rubiks_cube,6,29.70878253065278,0.07956211674954358,0.055009747661483824,0.025721282993913755,0.12883775017150678,0.19964088910023645
SGBM -> RealSense,scene_001,rubiks_cube,7,29.47544064937749,0.07977159790882536,0.07008167248176624,0.034993282259929426,0.12883775017150678,0.2716073682856688
SGBM -> RealSense,scene_001,scissors,0,12.310658673551085,0.05438085353950712,0.04350813746219755,0.024412494490048148,0.20983996337550315,0.11633863301035097
SGBM -> RealSense,scene_001,scissors,1,7.534261157341136,0.048905623571301626,0.04449799930714551,0.02563388135008805,0.20983996337550315,0.12215919664557359
SGBM -> RealSense,scene_001,scissors,2,6.797770579818859,0.04572490983786011,0.0422079736710387,0.024992001761805417,0.20983996337550315,0.119100296053154
SGBM -> RealSense,scene_001,scissors,3,12.186559166439828,0.04130123172452873,0.03747670560292367,0.023269118122449046,0.20983996337550315,0.11088983122251868
SGBM -> RealSense,scene_001,scissors,4,22.91494556083099,0.04455749781992212,0.04306520443494536,0.02783099710071901,0.20983996337550315,0.1326296319015085
SGBM -> RealSense,scene_001,scissors,5,9.706185619894523,0.047357486373913,0.03849746010571105,0.021548586934208008,0.20983996337550315,0.10269057708348611
SGBM -> RealSense,scene_001,scissors,6,2.7160224625983456,0.03369393689855205,0.033635759191182744,0.02171077056206336,0.20983996337550315,0.10346346907815887
SGBM -> RealSense,scene_001,scissors,7,5.436963784530381,0.030170141514061333,0.03236323319729833,0.020822383585606227,0.20983996337550315,0.09922982853530675
SGBM -> RealSense,scene_001,wood_block,0,3.4936652193371684,0.23945398017466138,0.03569794438686377,0.02080154998385097,0.24655690811826406,0.08436814909227061
SGBM -> RealSense,scene_001,wood_block,1,2.3441412658877745,0.24389530579226987,0.04107377706206792,0.023195731075074378,0.24655690811826406,0.09407860948657037
SGBM -> RealSense,scene_001,wood_block,2,2.247820940564147,0.24540247866978673,0.041969281442227356,0.02384776192595246,0.24655690811826406,0.09672315453645122
SGBM -> RealSense,scene_001,wood_block,3,4.458728189091461,0.24490042232123393,0.04311260198924064,0.0249015260386312,0.24655690811826406,0.10099707296251004
SGBM -> RealSense,scene_001,wood_block,4,3.1197001125025796,0.2428982990429678,0.04392598215558431,0.02512155404196952,0.24655690811826406,0.1018894754711949
SGBM -> RealSense,scene_001,wood_block,5,2.317943546916162,0.24641540183572827,0.04705580591022709,0.026824009976985627,0.24655690811826406,0.10879439631891863
SGBM -> RealSense,scene_001,wood_block,6,3.764460800973974,0.24367849749586443,0.041844667713664956,0.024334317496030003,0.24655690811826406,0.09869655521620083
SGBM -> RealSense,scene_001,wood_block,7,3.3227500989588648,0.24284097615337988,0.04120393397735621,0.02397459907855327,0.24655690811826406,0.09723758811516876
SGBM -> RealSense,scene_002,apple,0,62.73071525424551,0.08749694383642281,0.0188441938358505,0.014361127502210134,0.13449611403964654,0.10677726717053539
SGBM -> RealSense,scene_002,apple,1,62.853308582840015,0.0889257016734393,0.01621600841375623,0.01391940047460292,0.13449611403964654,0.10349295646192262
SGBM -> RealSense,scene_002,apple,2,53.15343645997917,0.08900344179099809,0.016828850193238678,0.013004066391749773,0.13449611403964654,0.09668730196856436
SGBM -> RealSense,scene_002,apple,3,53.871470743713914,0.0926924329978004,0.01720593423527504,0.014323439920480158,0.13449611403964654,0.1064970540060207
SGBM -> RealSense,scene_002,apple,4,51.240456160175995,0.09214733404117863,0.017642291962552153,0.013798305953974525,0.13449611403964654,0.10259259944050936
SGBM -> RealSense,scene_002,apple,5,38.08914265886853,0.09610392366517721,0.019230349166360506,0.013951224964493063,0.13449611403964654,0.10372957660606123
SGBM -> RealSense,scene_002,apple,6,16.5090146735826,0.09902153933454923,0.019186496218273282,0.013384946463813061,0.13449611403964654,0.0995192058847698
SGBM -> RealSense,scene_002,apple,7,10.843791563610928,0.1001213224830561,0.01980853375397298,0.01347659240926007,0.13449611403964654,0.10020060806580228
SGBM -> RealSense,scene_002,apple,8,12.15776885955717,0.09954942621397596,0.02134074603935049,0.013858600185800356,0.13449611403964654,0.10304089664415986
SGBM -> RealSense,scene_002,apple,9,18.113428886418024,0.09579646485337795,0.01874061120053826,0.012473040357940146,0.13449611403964654,0.09273903894549224
SGBM -> RealSense,scene_002,apple,10,20.849820158203777,0.09507070455244378,0.017808557391338777,0.012268544953302573,0.13449611403964654,0.09121858308624495
SGBM -> RealSense,scene_002,chips_box,0,29.495173682589044,0.0396909475717406,0.04377847763235851,0.02041679721036674,0.2694943619712671,0.07575964506650248
SGBM -> RealSense,scene_002,chips_box,1,33.92877208670486,0.03616533083519448,0.03843551566493922,0.018773852171652578,0.2694943619712671,0.06966324651220053
SGBM -> RealSense,scene_002,chips_box,2,31.92953668069704,0.037254056308900274,0.03707673590017613,0.018064805575892122,0.2694943619712671,0.0670322207995511
SGBM -> RealSense,scene_002,chips_box,3,36.43127560547199,0.04551176898401467,0.04818974110310202,0.02168320269188485,0.2694943619712671,0.08045883607092555
SGBM -> RealSense,scene_002,chips_box,4,37.30513336768272,0.035878702351770805,0.03778194253436556,0.01795035076324069,0.2694943619712671,0.06660751873226393
SGBM -> RealSense,scene_002,chips_box,5,35.39388797214962,0.0370440108952588,0.03608514510367814,0.017938596044468708,0.2694943619712671,0.06656390105252474
SGBM -> RealSense,scene_002,chips_box,6,31.296506517968762,0.03243007069384477,0.03525433727612771,0.01724410426353885,0.2694943619712671,0.0639868832038029
SGBM -> RealSense,scene_002,chips_box,7,34.432447605229925,0.03805993517269178,0.03588031486602885,0.017095955676542256,0.2694943619712671,0.06343715523950363
SGBM -> RealSense,scene_002,chips_box,8,39.764180590024665,0.04094543163675807,0.04038065473379068,0.01834451574762067,0.2694943619712671,0.06807012812229639
SGBM -> RealSense,scene_002,chips_box,9,37.852221522316675,0.03506160611728733,0.03470377037894164,0.016361445937150058,0.2694943619712671,0.06071164464247486
SGBM -> RealSense,scene_002,chips_box,10,42.53858108795522,0.03761043275490888,0.03673401370908541,0.016868598984333537,0.2694943619712671,0.06259351350041242
SGBM -> RealSense,scene_002,lemon,0,81.12634922433948,0.035239578202299185,0.02830826408080002,0.015254219286339611,0.10349089662648787,0.14739672554383285
SGBM -> RealSense,scene_002,lemon,1,76.271100334737,0.0378155989229718,0.028156045814131666,0.014893190766347469,0.10349089662648787,0.14390822045052845
SGBM -> RealSense,scene_002,lemon,2,71.58437639574751,0.03861009094552039,0.029530539427432893,0.015377065020452078,0.10349089662648787,0.1485837452539416
SGBM -> RealSense,scene_002,lemon,3,61.150671939701034,0.045189363370690794,0.018723624191623715,0.009752672467513893,0.10349089662648787,0.09423700813717517
SGBM -> RealSense,scene_002,lemon,4,59.390273095963636,0.04386289466493104,0.02460690198455665,0.012675418411984704,0.10349089662648787,0.12247858338431389
SGBM -> RealSense,scene_002,lemon,5,51.51441736920882,0.047498451756546683,0.02452747503548473,0.011864578266019834,0.10349089662648787,0.11464368995507539
SGBM -> RealSense,scene_002,lemon,6,34.13075480105958,0.04210419339387316,0.022116663730800255,0.01110526749984265,0.10349089662648787,0.10730670872359921
SGBM -> RealSense,scene_002,lemon,7,29.113477668804816,0.043345127907020636,0.022817541031451016,0.011125273119030776,0.10349089662648787,0.10750001673271163
SGBM -> RealSense,scene_002,lemon,8,29.136451979578304,0.04108280478970474,0.025026475571404427,0.012400859111219216,0.10349089662648787,0.1198256031733451
SGBM -> RealSense,scene_002,lemon,9,37.94312998846579,0.03832628960616462,0.025506472116850126,0.012838772317121697,0.10349089662648787,0.12405702081660862
SGBM -> RealSense,scene_002,lemon,10,46.93417275205119,0.04202004490553719,0.028906486646633853,0.014235784418284613,0.10349089662648787,0.13755590957592545
SGBM -> RealSense,scene_002,orange,0,10.0145884206506,0.060364721003415625,0.06305212379898474,0.028780386851247834,0.127517730652621,0.2256971379897771
SGBM -> RealSense,scene_002,orange,1,16.91768480118842,0.05664783687282125,0.06077626848794656,0.027100824310485844,0.127517730652621,0.21252593009448142
SGBM -> RealSense,scene_002,orange,2,27.2439390604738,0.05516079709333374,0.06372705138613585,0.02912196852313026,0.127517730652621,0.22837583741560794
SGBM -> RealSense,scene_002,orange,3,24.048408411518782,0.05703870626812542,0.059275897991343855,0.026048095996890938,0.127517730652621,0.20427038548741255
SGBM -> RealSense,scene_002,orange,4,18.623845017371398,0.05663935490144964,0.060406651585192254,0.02686347696377408,0.127517730652621,0.21066464111531713
SGBM -> RealSense,scene_002,orange,5,9.104332661386703,0.05656186769425995,0.05965651097060615,0.026347421122247,0.127517730652621,0.20661770710162378
SGBM -> RealSense,scene_002,orange,6,23.992903776416686,0.055665343389274334,0.058292345678204016,0.025326400663223326,0.127517730652621,0.1986108169711438
SGBM -> RealSense,scene_002,orange,7,33.26908198027276,0.054138712993072796,0.058345643222291396,0.025270017089561867,0.127517730652621,0.19816865435287187
SGBM -> RealSense,scene_002,orange,8,39.95345731643012,0.05148363649175368,0.06083480574930522,0.026913406162967127,0.127517730652621,0.21105618822753058
SGBM -> RealSense,scene_002,orange,9,38.062123730022215,0.055735781168034064,0.055902554617999096,0.02362305331265405,0.127517730652621,0.18525308748637537
SGBM -> RealSense,scene_002,orange,10,34.09178709049798,0.054540036369602335,0.0593653574096221,0.025951447406009027,0.127517730652621,0.20351246272336027
SGBM -> RealSense,scene_002,rubiks_cube,0,83.29058749408253,0.08625915729930514,0.03159525437485028,0.012939465307240659,0.12883775017150678,0.1004322513395014
SGBM -> RealSense,scene_002,rubiks_cube,1,83.42071368921334,0.08633365789473074,0.03368282362230544,0.013831900531369677,0.12883775017150678,0.10735906605755587
SGBM -> RealSense,scene_002,rubiks_cube,2,81.9433778475111,0.08295255399024737,0.03723379863880783,0.014090351541255134,0.12883775017150678,0.10936508533017908
SGBM -> RealSense,scene_002,rubiks_cube,3,80.14337374937524,0.08708044933366842,0.04765900613842529,0.020018677425772523,0.12883775017150678,0.1553789739352323
SGBM -> RealSense,scene_002,rubiks_cube,4,84.30474816594516,0.08821503979607155,0.0513314477957814,0.022996431742439725,0.12883775017150678,0.17849141041214425
SGBM -> RealSense,scene_002,rubiks_cube,5,89.0674911485682,0.08908081771253658,0.05587507226346442,0.026903795612224522,0.12883775017150678,0.20881919760637402
SGBM -> RealSense,scene_002,rubiks_cube,6,91.3172541944243,0.10737694027964696,0.07444755732628809,0.04538380917275156,0.12883775017150678,0.35225552380678293
SGBM -> RealSense,scene_002,rubiks_cube,7,93.682642272666,0.11506110661531185,0.08084309708775297,0.05215282854188232,0.12883775017150678,0.40479462325643917
SGBM -> RealSense,scene_002,rubiks_cube,8,95.15076265826498,0.11540536905625502,0.08413685265293071,0.05510667452569699,0.12883775017150678,0.42772149041984864
SGBM -> RealSense,scene_002,rubiks_cube,9,97.84310255450359,0.12015725453172803,0.09337068415320436,0.06384343738656383,0.12883775017150678,0.495533625056138
SGBM -> RealSense,scene_002,rubiks_cube,10,103.4347932367124,0.11843736152065339,0.0994374895123934,0.06920526991004074,0.12883775017150678,0.5371505619891357
SGBM -> RealSense,scene_002,scissors,0,73.21359210035517,0.22543931457900526,0.12510714564172212,0.04987794400407617,0.20983996337550315,0.23769516159713053
SGBM -> RealSense,scene_002,scissors,1,71.63392653304314,0.2263912600150657,0.1256380055291339,0.05064844432074919,0.20983996337550315,0.24136700896251645
SGBM -> RealSense,scene_002,scissors,2,68.2108849263153,0.22726085936693283,0.12587936201433017,0.04995986476225693,0.20983996337550315,0.23808555795854316
SGBM -> RealSense,scene_002,scissors,3,70.01597326309795,0.23214489990989406,0.1310537536490678,0.054648218473735286,0.20983996337550315,0.260428078592178
SGBM -> RealSense,scene_002,scissors,4,62.35402986767854,0.21752517572935803,0.11564670064742523,0.047542376397665606,0.20983996337550315,0.22656492897203648
SGBM -> RealSense,scene_002,scissors,5,65.92817378687712,0.2220608830481881,0.12162001116007048,0.051729078656998426,0.20983996337550315,0.24651681131124956
SGBM -> RealSense,scene_002,scissors,6,62.64794354974144,0.21847269669531819,0.11827054278994421,0.04839041863061953,0.20983996337550315,0.23060630516803007
SGBM -> RealSense,scene_002,scissors,7,62.52872508647127,0.2200797116763776,0.11956495510150578,0.04990022709698606,0.20983996337550315,0.23780135248923442
SGBM -> RealSense,scene_002,scissors,8,64.38572339852395,0.22140957998379354,0.12124442152297388,0.05212995127232449,0.20983996337550315,0.2484271843826016
SGBM -> RealSense,scene_002,scissors,9,69.12273863574906,0.2200615051681561,0.1210647114765758,0.05410205353221157,0.20983996337550315,0.2578253096403632
SGBM -> RealSense,scene_002,scissors,10,61.70462662786199,0.21905241505254378,0.11956209473165073,0.052915506653596525,0.20983996337550315,0.2521707772075122
SGBM -> RealSense,scene_002,wood_block,0,2.5653848423370382,0.03436346816424032,0.03399828137711942,0.01818739733282978,0.24655690811826406,0.07376551511631534
SGBM -> RealSense,scene_002,wood_block,1,1.3370222383123076,0.034164997147039904,0.03426841162766554,0.0184034722241144,0.24655690811826406,0.07464188436077787
SGBM -> RealSense,scene_002,wood_block,2,2.3704538704642837,0.03709197802714438,0.03691222878637161,0.019104885935530107,0.24655690811826406,0.07748671931903937
SGBM -> RealSense,scene_002,wood_block,3,1.4794988678546612,0.03562407339041455,0.035414746500982724,0.018486208243791994,0.24655690811826406,0.0749774499724212
SGBM -> RealSense,scene_002,wood_block,4,2.6972112341343015,0.03603938443796138,0.03597838128949381,0.018966519398393725,0.24655690811826406,0.07692552418485148
SGBM -> RealSense,scene_002,wood_block,5,2.075636232301875,0.036220441234403364,0.03694256495483863,0.019462981342984166,0.24655690811826406,0.07893910372062464
SGBM -> RealSense,scene_002,wood_block,6,1.2919238566390763,0.03756952408484709,0.03888610213995025,0.020493877122901225,0.24655690811826406,0.08312027141852008
SGBM -> RealSense,scene_002,wood_block,7,2.2182282279944463,0.03736393435112415,0.03846718426856703,0.02046594647413673,0.24655690811826406,0.08300698865156106
SGBM -> RealSense,scene_002,wood_block,8,2.2052830399233145,0.03888185726919312,0.04103595132067897,0.021467088120087047,0.24655690811826406,0.08706747778403391
SGBM -> RealSense,scene_002,wood_block,9,2.469569736285682,0.03883773709194552,0.04003904711652637,0.020994754159972245,0.24655690811826406,0.08515175794588506
SGBM -> RealSense,scene_002,wood_block,10,2.711265326596403,0.0393702866529104,0.039844373740301774,0.020904024479092956,0.24655690811826406,0.08478377117329068
SGBM -> RealSense,scene_004,chips_box,0,26.358379234717813,0.27369637841334554,0.02822446545306626,0.017367183913009336,0.2694943619712671,0.06444358904569955
SGBM -> RealSense,scene_004,chips_box,1,23.44516170027176,0.2780254023375163,0.03272384555272345,0.019533929176350065,0.2694943619712671,0.07248362835298473
SGBM -> RealSense,scene_004,chips_box,2,21.19820139300603,0.2713767468217744,0.028388949313659245,0.017385548287897103,0.2694943619712671,0.06451173286419518
SGBM -> RealSense,scene_004,chips_box,3,17.559079541228552,0.2610225724283516,0.0309650859464364,0.01664079943010047,0.2694943619712671,0.06174822845412505
SGBM -> RealSense,scene_004,chips_box,4,24.731095311338127,0.2675654639448514,0.04035878407831669,0.022344327718419498,0.2694943619712671,0.08291204148011751
SGBM -> RealSense,scene_004,chips_box,5,29.83341864605274,0.26116182705632907,0.03375132299400255,0.01831174467796129,0.2694943619712671,0.06794852606197992
SGBM -> RealSense,scene_004,chips_box,6,33.470936320607755,0.26287283312586585,0.03250797408523342,0.017876304351687463,0.2694943619712671,0.06633275821033094
SGBM -> RealSense,scene_004,chips_box,7,38.149896725921224,0.2634469430476754,0.039597493558493374,0.021365610982294003,0.2694943619712671,0.07928036351488481
SGBM -> RealSense,scene_004,chips_box,8,41.347711897964835,0.26393289422102045,0.03840985807266074,0.020867909957507983,0.2694943619712671,0.07743356783001225
SGBM -> RealSense,scene_004,chips_box,9,49.50199662744444,0.2620428130264567,0.04308166938259352,0.0227961577430887,0.2694943619712671,0.08458862581147125
SGBM -> RealSense,scene_004,chips_box,10,51.60260781880054,0.26262807634457735,0.0443547551279093,0.02326545649510949,0.2694943619712671,0.08633003052431205
SGBM -> RealSense,scene_004,scissors,0,10.37759482810573,0.043532470599546985,0.04718476863838351,0.027203499966173994,0.20983996337550315,0.12963927141701811
SGBM -> RealSense,scene_004,scissors,1,1.065734430402699,0.03462867623326956,0.034909732526772354,0.01915407371956219,0.20983996337550315,0.09127943701213137
SGBM -> RealSense,scene_004,scissors,2,4.734001864125765,0.039917650069755825,0.04053197513967739,0.023298112789494674,0.20983996337550315,0.11102800636599096
SGBM -> RealSense,scene_004,scissors,3,3.9021435554404933,0.032859030660404125,0.03082667056403171,0.01807982576410226,0.20983996337550315,0.08616006919401184
SGBM -> RealSense,scene_004,scissors,4,4.035286175792593,0.03634289496013835,0.037557262714289705,0.02425762742225615,0.20983996337550315,0.11560060834955331
SGBM -> RealSense,scene_004,scissors,5,21.2040616310432,0.056576657391434575,0.04882099008376017,0.030730550317645475,0.20983996337550315,0.1464475585265613
SGBM -> RealSense,scene_004,scissors,6,27.455040819089685,0.07203102909748872,0.06158821954361297,0.04223940975207008,0.20983996337550315,0.2012934479810395
SGBM -> RealSense,scene_004,scissors,7,33.192464264407704,0.044918436476616974,0.04362633947062718,0.024207726551878264,0.20983996337550315,0.11536280393148549
SGBM -> RealSense,scene_004,scissors,8,42.96675571370274,0.06004857740308829,0.06155469212871068,0.03584979938657059,0.20983996337550315,0.1708435267042928
SGBM -> RealSense,scene_004,scissors,9,27.713084403053447,0.039268095702308506,0.03843861035626061,0.01786275083097434,0.20983996337550315,0.08512559068173975
SGBM -> RealSense,scene_004,scissors,10,17.437562017032462,0.032489273757474194,0.038848758215105084,0.017152919847022646,0.20983996337550315,0.08174286523453086
SGBM -> RealSense,scene_004,wood_block,0,0.8269811375407585,0.044172326408249994,0.044494771841851015,0.02065838928203769,0.24655690811826406,0.08378750950319608
SGBM -> RealSense,scene_004,wood_block,1,1.7444868798000235,0.04768178202843978,0.048783976990096,0.02433444709212691,0.24655690811826406,0.09869708083966802
SGBM -> RealSense,scene_004,wood_block,2,3.9358456624827967,0.04656749201595376,0.053052095515102746,0.02715827006325164,0.24655690811826406,0.11015010802384348
SGBM -> RealSense,scene_004,wood_block,3,4.804613551874192,0.056088392255273685,0.0636380128145132,0.03221754238215601,0.24655690811826406,0.13066980206736883
SGBM -> RealSense,scene_004,wood_block,4,4.889093534318325,0.06072111577072684,0.0670343829364868,0.03468784256419851,0.24655690811826406,0.1406889907443196
SGBM -> RealSense,scene_004,wood_block,5,4.999000463205182,0.05032166149309414,0.05872481759505548,0.03148204326804594,0.24655690811826406,0.12768672152939714
SGBM -> RealSense,scene_004,wood_block,6,3.8188630478781223,0.055309171014616514,0.060767088751527594,0.0327337148737476,0.24655690811826406,0.13276332479821035
SGBM -> RealSense,scene_004,wood_block,7,6.658403360500504,0.03940822129229225,0.05198347346259722,0.02809919916399276,0.24655690811826406,0.1139663835763005
SGBM -> RealSense,scene_004,wood_block,8,3.1488569314468453,0.047029088639211826,0.053140903254820064,0.0289573782804873,0.24655690811826406,0.11744703687879447
SGBM -> RealSense,scene_004,wood_block,9,7.416168199255488,0.043325097390917854,0.058264926681250426,0.03142998089231647,0.24655690811826406,0.12747556388580558
SGBM -> RealSense,scene_004,wood_block,10,5.645562775230891,0.048483878497021446,0.05878188387682109,0.03185589282462472,0.24655690811826406,0.12920300253499548
SGBM -> RealSense,scene_005,apple,0,76.64608554525772,0.1018144690159036,0.02745709883760413,0.017150949365408265,0.13449611403964654,0.12752003645512416
SGBM -> RealSense,scene_005,apple,1,72.49801248705229,0.1067328939042961,0.025638971601205207,0.017429752246898522,0.13449611403964654,0.1295929802236562
SGBM -> RealSense,scene_005,apple,2,71.78586574888689,0.11081029807089313,0.025465492402377814,0.01717922374962276,0.13449611403964654,0.1277302609989066
SGBM -> RealSense,scene_005,apple,3,77.7012343149533,0.11268779867457215,0.026211895251064786,0.017876668126607022,0.13449611403964654,0.13291587087294854
SGBM -> RealSense,scene_005,apple,4,72.0244123583855,0.11058376682628093,0.027245609557142874,0.01879482243210239,0.13449611403964654,0.1397424941702188
SGBM -> RealSense,scene_005,apple,5,70.72470329980007,0.11104466974952455,0.025032827086978477,0.01875125988262693,0.13449611403964654,0.13941859968608064
SGBM -> RealSense,scene_005,apple,6,73.43311241282697,0.11609309893696991,0.024706250785615957,0.018892063420722253,0.13449611403964654,0.14046549638715422
SGBM -> RealSense,scene_005,apple,7,63.872980033329284,0.11461723568040486,0.026610578151608836,0.020151713163365167,0.13449611403964654,0.14983119257575633
SGBM -> RealSense,scene_005,apple,8,71.66846362567118,0.11847594147524555,0.025957363582662863,0.019597180438123755,0.13449611403964654,0.1457081535630608
SGBM -> RealSense,scene_005,apple,9,63.73505921063025,0.12412289836960319,0.029566751432847056,0.020323398423845326,0.13449611403964654,0.15110769979461586
SGBM -> RealSense,scene_005,apple,10,61.077064770694896,0.12509155544903872,0.02864666823078078,0.020213063642491032,0.13449611403964654,0.15028734314608272
SGBM -> RealSense,scene_005,chips_box,0,4.663305952621512,0.05728415698481773,0.04327056193356417,0.021066908427049544,0.2694943619712671,0.07817198205169001
SGBM -> RealSense,scene_005,chips_box,1,9.824261193773259,0.0496575370905155,0.037165696599521465,0.018347741041631623,0.2694943619712671,0.06808209606844325
SGBM -> RealSense,scene_005,chips_box,2,16.62308574989251,0.0485141647822909,0.03712046596805871,0.01819354767786454,0.2694943619712671,0.06750993803649331
SGBM -> RealSense,scene_005,chips_box,3,20.280682474895162,0.04124800607631719,0.03414562798695221,0.01644468452872892,0.2694943619712671,0.06102051415265681
SGBM -> RealSense,scene_005,chips_box,4,22.776239735899168,0.04162214052698986,0.03464097466361166,0.016935685960726112,0.2694943619712671,0.06284244997500824
SGBM -> RealSense,scene_005,chips_box,5,26.542045581878227,0.039658928067288525,0.03281794230722075,0.015819504175994873,0.2694943619712671,0.058700686946770025
SGBM -> RealSense,scene_005,chips_box,6,26.971730911299566,0.03878683669595024,0.033008467521171925,0.015647152464682196,0.2694943619712671,0.058061149592251816
SGBM -> RealSense,scene_005,chips_box,7,31.09456583018787,0.03929694478216239,0.03097055295375366,0.014820569981331036,0.2694943619712671,0.054993989013065785
SGBM -> RealSense,scene_005,chips_box,8,33.15219494084209,0.03737826339395084,0.030269578644939652,0.014611404585806682,0.2694943619712671,0.0542178488593558
SGBM -> RealSense,scene_005,chips_box,9,30.81715014301439,0.03481021729377935,0.028861646292859887,0.013567722643134654,0.2694943619712671,0.05034510757067792
SGBM -> RealSense,scene_005,chips_box,10,29.85259336360647,0.034039422822511996,0.026948715579381124,0.01264620309460371,0.2694943619712671,0.04692566850787039
SGBM -> RealSense,scene_005,lemon,0,84.5464853697161,0.05775434557998077,0.03545559342076548,0.018352932204586534,0.10349089662648787,0.1773386143403961
SGBM -> RealSense,scene_005,lemon,1,87.30866824119593,0.05630506252806135,0.036781493303293666,0.01906187984696309,0.10349089662648787,0.18418895253908077
SGBM -> RealSense,scene_005,lemon,2,79.4686957954846,0.057529972635281756,0.03698186706434916,0.019201420821468685,0.10349089662648787,0.18553729310867906
SGBM -> RealSense,scene_005,lemon,3,50.347492617271,0.07081210959505709,0.048591580472492166,0.025554983269227446,0.10349089662648787,0.24692976969229197
SGBM -> RealSense,scene_005,lemon,4,48.04800469412023,0.06982480895428245,0.045936756854667624,0.02366998272219077,0.10349089662648787,0.228715601987862
SGBM -> RealSense,scene_005,lemon,5,50.22076673138713,0.06968980978006574,0.04684012031724992,0.02421089659591667,0.10349089662648787,0.2339422827043131
SGBM -> RealSense,scene_005,lemon,6,56.57939648962421,0.06955590816842808,0.05309602332469397,0.02860551817444747,0.10349089662648787,0.27640612949454396
SGBM -> RealSense,scene_005,lemon,7,54.76358215603661,0.066621376116922,0.05548120942775432,0.030650453910292832,0.10349089662648787,0.29616570065011916
SGBM -> RealSense,scene_005,lemon,8,56.57394544928653,0.0657006195613385,0.050872419700555234,0.026742536944990764,0.10349089662648787,0.2584047275337469
SGBM -> RealSense,scene_005,lemon,9,55.567624675355475,0.06612747463952465,0.05954492826328787,0.03410266389195832,0.10349089662648787,0.3295233204427562
SGBM -> RealSense,scene_005,lemon,10,55.47513309262903,0.06451042366547897,0.05362328019649677,0.029388050468260846,0.10349089662648787,0.2839674930474914
SGBM -> RealSense,scene_005,orange,0,64.6302311826754,0.062083971083581206,0.055496559524339954,0.024524561440626542,0.127517730652621,0.1923227563344538
SGBM -> RealSense,scene_005,orange,1,57.69883605568911,0.06406293923767031,0.054549759005174815,0.02388070785878445,0.127517730652621,0.18727362647190904
SGBM -> RealSense,scene_005,orange,2,44.88042214501872,0.06997962794703474,0.053487824611765586,0.022966802824130286,0.127517730652621,0.18010674050258613
SGBM -> RealSense,scene_005,orange,3,34.49036664787663,0.07217542469457962,0.053045834536073956,0.02273463550841668,0.127517730652621,0.17828607356846332
SGBM -> RealSense,scene_005,orange,4,26.80418496833705,0.07227778357149323,0.054446904845805756,0.023699441583016637,0.127517730652621,0.18585212787057637
SGBM -> RealSense,scene_005,orange,5,27.480407943699,0.06698437634567855,0.0552491298842032,0.024138210039611144,0.127517730652621,0.18929297060161418
SGBM -> RealSense,scene_005,orange,6,23.574490548065594,0.0669300246988021,0.055577007299784584,0.0243299123924568,0.127517730652621,0.1907963094068497
SGBM -> RealSense,scene_005,orange,7,27.29831521966289,0.0669830334559903,0.056505513101549124,0.025127114550891016,0.127517730652621,0.19704800596978433
SGBM -> RealSense,scene_005,orange,8,28.565815840818782,0.06297904504689847,0.05672421261188991,0.02498321655332045,0.127517730652621,0.1959195511515084
SGBM -> RealSense,scene_005,orange,9,31.012289044409492,0.061120038784708224,0.0539733219990303,0.022974955202167725,0.127517730652621,0.18017067183194493
SGBM -> RealSense,scene_005,orange,10,33.0860848635624,0.0610650250881012,0.055260443183136346,0.02381171412726102,0.127517730652621,0.18673257440667598
SGBM -> RealSense,scene_005,rubiks_cube,0,64.53805438243154,0.028949848895022206,0.06179567662030867,0.029403624977624332,0.12883775017150678,0.22822212386107868
SGBM -> RealSense,scene_005,rubiks_cube,1,66.7409997422876,0.0287607506100768,0.0650071308755386,0.03146287282282738,0.12883775017150678,0.24420538841251496
SGBM -> RealSense,scene_005,rubiks_cube,2,66.27136265355199,0.02789547883030677,0.06597884234342381,0.031976823747713067,0.12883775017150678,0.2481945214438006
SGBM -> RealSense,scene_005,rubiks_cube,3,66.40086842664606,0.0289439844119719,0.0648620764814135,0.03159925395487368,0.12883775017150678,0.24526393788163214
SGBM -> RealSense,scene_005,rubiks_cube,4,63.26735103734708,0.029502253653299025,0.06689184217985476,0.03316059011843275,0.12883775017150678,0.25738256120034614
SGBM -> RealSense,scene_005,rubiks_cube,5,64.04831139514087,0.03171399675201584,0.06586497519876887,0.03232973751529934,0.12883775017150678,0.25093373232816085
SGBM -> RealSense,scene_005,rubiks_cube,6,64.9990954689752,0.03266376397439874,0.06713917970624632,0.033555034294886675,0.12883775017150678,0.26044411867033335
SGBM -> RealSense,scene_005,rubiks_cube,7,65.56482475732747,0.03412563877144257,0.07010392846997754,0.035779267732908564,0.12883775017150678,0.2777079519417233
SGBM -> RealSense,scene_005,rubiks_cube,8,64.88383009951849,0.0379168295471907,0.07150317898342522,0.036784060946080145,0.12883775017150678,0.28550685569341117
SGBM -> RealSense,scene_005,rubiks_cube,9,65.99195959727194,0.04087741871930898,0.06922118600584722,0.03530183950368377,0.12883775017150678,0.2740022971271271
SGBM -> RealSense,scene_005,rubiks_cube,10,62.8638485240896,0.0436269969656572,0.07631254379575803,0.04092160283535372,0.12883775017150678,0.3176212156831327
SGBM -> RealSense,scene_005,scissors,0,7.40008556178536,0.032677242550002636,0.029884628188138123,0.01150352788218314,0.20983996337550315,0.05482048174778737
SGBM -> RealSense,scene_005,scissors,1,1.0701327541714376,0.03093926379390758,0.03063903123443901,0.012898073076241391,0.20983996337550315,0.06146623774023743
SGBM -> RealSense,scene_005,scissors,2,1.5361539932656791,0.03103292034192064,0.030940251877477183,0.012546671095368798,0.20983996337550315,0.059791618781961264
SGBM -> RealSense,scene_005,scissors,3,3.6468952977846967,0.034502066580153055,0.032411425181827325,0.013006071867111654,0.20983996337550315,0.06198090991770537
SGBM -> RealSense,scene_005,scissors,4,2.8510384799876967,0.03583883773675968,0.03499799910595058,0.015550249411325219,0.20983996337550315,0.07410528081106482
SGBM -> RealSense,scene_005,scissors,5,5.902073426139228,0.037623520296133084,0.03254058343190736,0.015208510009428645,0.20983996337550315,0.07247670922537007
SGBM -> RealSense,scene_005,scissors,6,7.902155633892269,0.039319347336955204,0.03250723300826728,0.013646471898684167,0.20983996337550315,0.06503275962865168
SGBM -> RealSense,scene_005,scissors,7,7.55975849308643,0.03675909157207114,0.03119786325520353,0.01277299293434775,0.20983996337550315,0.060870163761374725
SGBM -> RealSense,scene_005,scissors,8,6.047046077545901,0.03934557086758144,0.03383537102251732,0.015810863356956105,0.20983996337550315,0.0753472460756342
SGBM -> RealSense,scene_005,scissors,9,2.7773793896672747,0.035307415275481466,0.03308289428849427,0.015169810190612403,0.20983996337550315,0.07229228382711077
SGBM -> RealSense,scene_005,scissors,10,3.324821379057435,0.03588760189969348,0.03302301318073287,0.016080316145772367,0.20983996337550315,0.07663133316982648
SGBM -> RealSense,scene_005,wood_block,0,85.87325730696195,0.2133013793950457,0.052165645504165865,0.026917165193492524,0.24655690811826406,0.10917222072147893
SGBM -> RealSense,scene_005,wood_block,1,84.07608855186474,0.20776669419465035,0.0594338378532247,0.029293078556723428,0.24655690811826406,0.11880858979085121
SGBM -> RealSense,scene_005,wood_block,2,81.7705559465307,0.20836343020678133,0.0586175282866226,0.029082915396219374,0.24655690811826406,0.1179561976915666
SGBM -> RealSense,scene_005,wood_block,3,83.01435457614983,0.21286050283462601,0.06214279821053323,0.03132995495997013,0.24655690811826406,0.12706987283009866
SGBM -> RealSense,scene_005,wood_block,4,84.49433979024647,0.21061538707807717,0.058840083006147015,0.029657400768643413,0.24655690811826406,0.12028622923198679
SGBM -> RealSense,scene_005,wood_block,5,84.23421185026544,0.2090333614969118,0.05181549100616572,0.026320435852736246,0.24655690811826406,0.106751970786847
SGBM -> RealSense,scene_005,wood_block,6,84.3719228054734,0.21276247671962306,0.06110797688223472,0.030889250397778685,0.24655690811826406,0.12528243736315137
SGBM -> RealSense,scene_005,wood_block,7,84.41263113499991,0.2155956287585943,0.06082859893886995,0.031059230090384055,0.24655690811826406,0.12597185099143973
SGBM -> RealSense,scene_005,wood_block,8,83.15946794997109,0.2171483251174284,0.061856435685608994,0.031697443435124775,0.24655690811826406,0.1285603541877671
SGBM -> RealSense,scene_005,wood_block,9,85.23853725823449,0.2220143861236152,0.05712650394333733,0.03026662190388934,0.24655690811826406,0.12275714412094907
SGBM -> RealSense,scene_005,wood_block,10,85.38586235344528,0.22033204743768206,0.05362945902227277,0.028675692065858776,0.24655690811826406,0.11630455737262947
SGBM -> RealSense,scene_006,apple,0,8.900171379546622,0.12772529366755436,0.1310921489034862,0.0845050813667937,0.13449611403964654,0.6283087208146656
SGBM -> RealSense,scene_006,apple,1,34.330470065909886,0.12769842295281789,0.1258807798151536,0.0806022174259752,0.13449611403964654,0.5992903066494205
SGBM -> RealSense,scene_006,apple,2,36.332188379993674,0.14434589418379878,0.13350851037866598,0.08988119109399954,0.13449611403964654,0.6682809517270106
SGBM -> RealSense,scene_006,apple,3,39.26669150440495,0.15632022129443668,0.1428875156540052,0.09950925902006395,0.13449611403964654,0.7398671681378897
SGBM -> RealSense,scene_006,apple,4,42.892663334441025,0.17130637174075658,0.15738436454522106,0.11495277036299971,0.13449611403964654,0.8546921313214605
SGBM -> RealSense,scene_006,apple,5,32.46931515529415,0.176573498828832,0.16043332885462183,0.11920259883870031,0.13449611403964654,0.8862902819895746
SGBM -> RealSense,scene_006,apple,6,32.858430126589326,0.19692324547263915,0.1863975337394239,0.14454930693466223,0.13449611403964654,1.0747470881727648
SGBM -> RealSense,scene_006,apple,7,41.760261062664625,0.21305867544082674,0.20784105392676627,0.16630229425176016,0.13449611403964654,1.23648400877023
SGBM -> RealSense,scene_006,apple,8,44.84324110342251,0.18882634386127464,0.1836232511045007,0.14284475652272707,0.13449611403964654,1.062073484744842
SGBM -> RealSense,scene_006,apple,9,44.47790527886434,0.17190382376796481,0.16834508782641128,0.12801184778662764,0.13449611403964654,0.9517884490617515
SGBM -> RealSense,scene_006,apple,10,51.26197228842406,0.13525898465366984,0.12624875003103683,0.08615595855943163,0.13449611403964654,0.6405832553201851
SGBM -> RealSense,scene_006,chips_box,0,4.683432810660811,0.2909651811129461,0.07921061363694089,0.04626927680537376,0.2694943619712671,0.17168922001532222
SGBM -> RealSense,scene_006,chips_box,1,9.94803603934267,0.2902594514183649,0.07545223199785675,0.043036128155559995,0.2694943619712671,0.15969212803104363
SGBM -> RealSense,scene_006,chips_box,2,8.481465022394321,0.29042336739059565,0.08008376838363503,0.04700350600337349,0.2694943619712671,0.1744136896206567
SGBM -> RealSense,scene_006,chips_box,3,9.893584859953618,0.28907260518664546,0.07732843846760824,0.04455959422741278,0.2694943619712671,0.16534518162633632
SGBM -> RealSense,scene_006,chips_box,4,11.197979356418053,0.2893704857533848,0.07782546424630607,0.04494503754890852,0.2694943619712671,0.16677542795385258
SGBM -> RealSense,scene_006,chips_box,5,12.240534795498542,0.290830043283146,0.07677725773496305,0.04416117584955411,0.2694943619712671,0.16386678937002208
SGBM -> RealSense,scene_006,chips_box,6,14.49959086482619,0.2917360628137449,0.0819285524624952,0.04871379975480872,0.2694943619712671,0.18075999586218608
SGBM -> RealSense,scene_006,chips_box,7,17.150721885964764,0.291776679598203,0.08424033212148799,0.05079334183950493,0.2694943619712671,0.18847645445332326
SGBM -> RealSense,scene_006,chips_box,8,20.28095617662952,0.2863081632681583,0.074892974950762,0.042577572271772245,0.2694943619712671,0.15799058637193966
SGBM -> RealSense,scene_006,chips_box,9,25.045262978342045,0.28294866982902744,0.06825078991892922,0.03721720205097993,0.2694943619712671,0.13810011377881054
SGBM -> RealSense,scene_006,chips_box,10,31.317169729221867,0.2796364156951595,0.0617271068545659,0.03293756089109409,0.2694943619712671,0.12221985146615358
SGBM -> RealSense,scene_006,lemon,0,12.58524107652563,0.1098077671320849,0.10201050083135965,0.07414640394053872,0.10349089662648787,0.7164533921098659
SGBM -> RealSense,scene_006,lemon,1,23.492279472774236,0.13120606569200166,0.11959453772553713,0.0915352041144916,0.10349089662648787,0.8844759017293481
SGBM -> RealSense,scene_006,lemon,2,26.366512525097132,0.12003679855772274,0.10618051388553797,0.07874715928715074,0.10349089662648787,0.7609090446994531
SGBM -> RealSense,scene_006,lemon,3,36.99364839788657,0.14711162158435584,0.13412481611800423,0.10615933651371226,0.10349089662648787,1.0257842957613472
SGBM -> RealSense,scene_006,lemon,4,50.063001999261076,0.15921268897206392,0.1419646583994299,0.11391151507649223,0.10349089662648787,1.100691160185941
SGBM -> RealSense,scene_006,lemon,5,62.36510526444281,0.16964295709542926,0.14954124406760727,0.12139352663119349,0.10349089662648787,1.1729874857430074
SGBM -> RealSense,scene_006,lemon,6,71.11682330791749,0.1900218096620868,0.17316153837932724,0.14445901697028898,0.10349089662648787,1.3958620678653544
SGBM -> RealSense,scene_006,lemon,7,85.16906576384434,0.2039827324108248,0.19282129025143493,0.1635601315493634,0.10349089662648787,1.5804301332867299
SGBM -> RealSense,scene_006,lemon,8,87.2573022332135,0.21232478711215955,0.1969748235648046,0.16809205717469083,0.10349089662648787,1.624220705917323
SGBM -> RealSense,scene_006,lemon,9,86.9297202815218,0.19732160729527706,0.18149427335591609,0.15291345822095917,0.10349089662648787,1.477554675874959
SGBM -> RealSense,scene_006,lemon,10,90.45876929572124,0.17393772127474616,0.1515356647366709,0.12321836095108364,0.10349089662648787,1.1906202861087847
SGBM -> RealSense,scene_006,orange,0,60.397968420071955,0.07390255660633017,0.09634683039416234,0.06733828209148061,0.127517730652621,0.5280699534633425
SGBM -> RealSense,scene_006,orange,1,52.12995472712614,0.07489779679612342,0.09814675476985968,0.06957157345329265,0.127517730652621,0.5455835286374168
SGBM -> RealSense,scene_006,orange,2,52.293643282623314,0.06314898994176538,0.08745307335112851,0.05895529340526816,0.127517730652621,0.4623301646252782
SGBM -> RealSense,scene_006,orange,3,55.0427993988537,0.08120383930109622,0.11067881171687083,0.08015406982461831,0.127517730652621,0.6285719594788822
SGBM -> RealSense,scene_006,orange,4,57.46345986571526,0.08443037418657859,0.1134035060557736,0.08289467746629418,0.127517730652621,0.6500639326158708
SGBM -> RealSense,scene_006,orange,5,55.98235451337363,0.08420718248469483,0.11384668138598401,0.08328067155698039,0.127517730652621,0.6530909163044193
SGBM -> RealSense,scene_006,orange,6,55.58788717575498,0.09463941744731176,0.12343673372318953,0.09240342713035084,0.127517730652621,0.7246319916253275
SGBM -> RealSense,scene_006,orange,7,57.20253227537783,0.09518894865339118,0.12452925727439848,0.0932805381124962,0.127517730652621,0.731510336916264
SGBM -> RealSense,scene_006,orange,8,43.1237492881831,0.09917626596109207,0.11606800043696833,0.08838060127930816,0.127517730652621,0.6930848033993897
SGBM -> RealSense,scene_006,orange,9,35.43216647043303,0.08074391899286908,0.09370310500356815,0.06727920660669437,0.127517730652621,0.5276066807522936
SGBM -> RealSense,scene_006,orange,10,31.52983794122737,0.08242397757831112,0.09322085968377629,0.06767796946911299,0.127517730652621,0.5307337977451838
SGBM -> RealSense,scene_006,rubiks_cube,0,55.03664338509093,0.12623463300723484,0.15523297678548864,0.11736128216090083,0.12883775017150678,0.9109230951694774
SGBM -> RealSense,scene_006,rubiks_cube,1,58.73490756451318,0.113512092637688,0.14163301637564787,0.10247398556944222,0.12883775017150678,0.7953723612297674
SGBM -> RealSense,scene_006,rubiks_cube,2,65.11807300645484,0.10869354188220155,0.1428083080789325,0.10307863494829035,0.12883775017150678,0.8000654684754561
SGBM -> RealSense,scene_006,rubiks_cube,3,58.57136399980985,0.11915541047805725,0.15209054872442215,0.11137082900926862,0.12883775017150678,0.8644269933386257
SGBM -> RealSense,scene_006,rubiks_cube,4,62.04114056585072,0.10773764046778388,0.14169228897282143,0.09873047321782788,0.12883775017150678,0.7663163404079893
SGBM -> RealSense,scene_006,rubiks_cube,5,66.12109669994983,0.11197765066583912,0.1431357950419352,0.0998889758093181,0.12883775017150678,0.7753082902825257
SGBM -> RealSense,scene_006,rubiks_cube,6,63.81916045111232,0.13453355386776714,0.1635262151414957,0.11886957744956234,0.12883775017150678,0.9226300311152983
SGBM -> RealSense,scene_006,rubiks_cube,7,63.515212918757385,0.15174355656205707,0.1785219969836293,0.1334779101273159,0.12883775017150678,1.0360155307713168
SGBM -> RealSense,scene_006,rubiks_cube,8,62.232848793850316,0.1675386127086407,0.18761649946295997,0.14297888329020608,0.12883775017150678,1.1097592367134232
SGBM -> RealSense,scene_006,rubiks_cube,9,71.45983248792244,0.15061534119860642,0.16614474250889663,0.12306136452052885,0.12883775017150678,0.9551654259462891
SGBM -> RealSense,scene_006,rubiks_cube,10,75.45704304406242,0.12546128065956036,0.14627636104697675,0.10270267680442337,0.12883775017150678,0.7971473940495483
SGBM -> RealSense,scene_006,scissors,0,4.1571470476070544,0.1153437700911326,0.11400271049415564,0.07287597631320124,0.20983996337550315,0.347293123487596
SGBM -> RealSense,scene_006,scissors,1,3.5582083998029566,0.14855629779914617,0.14981255415750103,0.10268172669727085,0.20983996337550315,0.48933351419588544
SGBM -> RealSense,scene_006,scissors,2,8.512913687380628,0.16305796544837295,0.1645981308012402,0.11591424338276164,0.20983996337550315,0.5523935551558219
SGBM -> RealSense,scene_006,scissors,3,15.407604939422393,0.1488508604353852,0.15191844186845388,0.10440025692728527,0.20983996337550315,0.4975232326954982
SGBM -> RealSense,scene_006,scissors,4,21.63273216848502,0.11022395523682837,0.11260411266364827,0.06933634348160021,0.20983996337550315,0.33042487411001226
SGBM -> RealSense,scene_006,scissors,5,16.742134593182485,0.08569654652733452,0.08883648591619146,0.04969206777715784,0.20983996337550315,0.2368093616573654
SGBM -> RealSense,scene_006,scissors,6,18.751331178013466,0.08758978259817868,0.08888432185334423,0.05085264924755893,0.20983996337550315,0.24234015499020767
SGBM -> RealSense,scene_006,scissors,7,10.40229334183648,0.10255082047466565,0.10475858383814808,0.06356882869917549,0.20983996337550315,0.30293957202718685
SGBM -> RealSense,scene_006,scissors,8,14.484123389513307,0.11686006557101053,0.11994335625219048,0.07540512269358741,0.20983996337550315,0.35934586282142983
SGBM -> RealSense,scene_006,scissors,9,16.087421443382258,0.10127451735729283,0.10328169150135365,0.06011171185194414,0.20983996337550315,0.28646455558313166
SGBM -> RealSense,scene_006,scissors,10,18.73361972091383,0.10162928782750281,0.10547004369491071,0.05973220282323645,0.20983996337550315,0.28465599146310955
SGBM -> RealSense,scene_006,wood_block,0,19.04789559649039,0.11661670455248827,0.1541156936953928,0.10276734602845698,0.24655690811826406,0.41680984245293734
SGBM -> RealSense,scene_006,wood_block,1,5.1802867082405015,0.11101235612752341,0.14492335854701788,0.09457304249319731,0.24655690811826406,0.38357490453211796
SGBM -> RealSense,scene_006,wood_block,2,5.205705645671111,0.11775613086828408,0.15408102613464944,0.1037391693942505,0.24655690811826406,0.4207514207814884
SGBM -> RealSense,scene_006,wood_block,3,7.440063343227134,0.1248258917015365,0.1617143614456396,0.11157427777541604,0.24655690811826406,0.4525295138836591
SGBM -> RealSense,scene_006,wood_block,4,9.603609860878342,0.11375839821032534,0.15000187353452143,0.09900936037399416,0.24655690811826406,0.40156798334972266
SGBM -> RealSense,scene_006,wood_block,5,9.93797058127482,0.10757342747538368,0.14644738876376284,0.09578422741255821,0.24655690811826406,0.388487299518755
SGBM -> RealSense,scene_006,wood_block,6,11.658921408086398,0.1152023567110181,0.15887746973271666,0.10673839782858287,0.24655690811826406,0.43291586775327534
SGBM -> RealSense,scene_006,wood_block,7,7.00470874002695,0.11597781372967883,0.15160169926860764,0.10022632354482876,0.24655690811826406,0.40650381410831926
SGBM -> RealSense,scene_006,wood_block,8,5.897479240854445,0.09552599237826762,0.1276244881774432,0.07899728292399669,0.24655690811826406,0.3204018233636539
SGBM -> RealSense,scene_006,wood_block,9,5.555063267343215,0.1078403108956121,0.13958419881924253,0.08999863191714053,0.24655690811826406,0.36502174124430364
SGBM -> RealSense,scene_006,wood_block,10,5.690684420772947,0.08979318540423332,0.12395687028124813,0.07548106444158728,0.24655690811826406,0.30614053776737765
SGBM -> RealSense,scene_009,apple,0,73.05663116746294,0.06627008949253009,0.019370003320634627,0.012692951415606554,0.13449611403964654,0.0943741126369268
SGBM -> RealSense,scene_009,apple,1,77.03249529953779,0.06706155020047283,0.017115744352107363,0.012578007623125956,0.13449611403964654,0.09351948725758896
SGBM -> RealSense,scene_009,apple,2,82.37067043498156,0.0699991261570228,0.015412570530243482,0.012488529005272732,0.13449611403964654,0.0928541995019379
SGBM -> RealSense,scene_009,apple,3,85.30641112521681,0.0763249682635428,0.018902826604630406,0.013636877466901544,0.13449611403964654,0.10139235296331081
SGBM -> RealSense,scene_009,apple,4,85.91387655484314,0.07177218182279356,0.016380817288317227,0.012333871142176366,0.13449611403964654,0.09170429369089882
SGBM -> RealSense,scene_009,apple,5,78.16716677139081,0.08047839855733831,0.02070113130321185,0.01321354763007214,0.13449611403964654,0.09824482829427378
SGBM -> RealSense,scene_009,apple,6,80.02454663962115,0.07261458134346035,0.020770521445752727,0.012265687000884143,0.13449611403964654,0.09119733375544578
SGBM -> RealSense,scene_009,apple,7,80.49774381068711,0.07842594010549452,0.021349592109982572,0.012280715594327777,0.13449611403964654,0.09130907373805379
SGBM -> RealSense,scene_009,chips_box,0,41.89920805409077,0.23442960019524106,0.05917422556443714,0.024018726534761475,0.2694943619712671,0.08912515408141378
SGBM -> RealSense,scene_009,chips_box,1,34.02358759799757,0.22745487492401237,0.0634195311417366,0.02434079096380152,0.2694943619712671,0.0903202233462557
SGBM -> RealSense,scene_009,chips_box,2,30.060878291463684,0.22646474605308473,0.06314746508405225,0.023672268193186692,0.2694943619712671,0.0878395674775214
SGBM -> RealSense,scene_009,chips_box,3,18.43535149557629,0.19662280857277764,0.09089235662525096,0.031272628932654596,0.2694943619712671,0.11604186708733008
SGBM -> RealSense,scene_009,chips_box,4,17.771249964548016,0.20726904030225266,0.07825776180291301,0.026548004407416302,0.2694943619712671,0.09851042601865932
SGBM -> RealSense,scene_009,chips_box,5,21.99062602946685,0.22581285668779416,0.061048068246365515,0.022013323132881624,0.2694943619712671,0.0816837983988275
SGBM -> RealSense,scene_009,chips_box,6,21.835582125501816,0.22860496424899526,0.057428245035162105,0.020162562669302966,0.2694943619712671,0.07481626896318022
SGBM -> RealSense,scene_009,chips_box,7,22.167306005032472,0.2246208736759114,0.06035775735965128,0.020535586103032615,0.2694943619712671,0.07620042939978862
SGBM -> RealSense,scene_009,lemon,0,66.53377951349655,0.09730604049960982,0.04638149932730024,0.025579878345833564,0.10349089662648787,0.24717032299135136
SGBM -> RealSense,scene_009,lemon,1,73.51878808828715,0.0900569613047206,0.03814030652702518,0.020051932470803363,0.10349089662648787,0.19375551980357653
SGBM -> RealSense,scene_009,lemon,2,67.96794949420098,0.08824609264007739,0.03144217524235265,0.016683268877159135,0.10349089662648787,0.16120518249417845
SGBM -> RealSense,scene_009,lemon,3,64.262164931649,0.08068081514441468,0.024751039493780932,0.013566190401508476,0.10349089662648787,0.13108583308994437
SGBM -> RealSense,scene_009,lemon,4,65.60916673600018,0.08467134787692235,0.03168349491021067,0.016479858212918256,0.10349089662648787,0.15923968919117795
SGBM -> RealSense,scene_009,lemon,5,63.77630565726541,0.0910211891883644,0.032289972065266535,0.017189471112609458,0.10349089662648787,0.16609645556215924
SGBM -> RealSense,scene_009,lemon,6,62.975513470403804,0.10442727144758995,0.04739123542997891,0.025968534644918592,0.10349089662648787,0.2509257866287739
SGBM -> RealSense,scene_009,lemon,7,64.7659814795973,0.11789572858573635,0.06364621196343855,0.039185149184398534,0.10349089662648787,0.3786337780589808
SGBM -> RealSense,scene_009,orange,0,63.10381672403857,0.05378332937703191,0.049955380585786004,0.01987278514876793,0.127517730652621,0.1558433093740087
SGBM -> RealSense,scene_009,orange,1,56.11911233666935,0.05948910407036096,0.04870847000797876,0.019334822334061412,0.127517730652621,0.15162457985339
SGBM -> RealSense,scene_009,orange,2,51.69181482512012,0.05616528377016522,0.05070130057874857,0.020246751891307566,0.127517730652621,0.15877597403660676
SGBM -> RealSense,scene_009,orange,3,54.453587997703316,0.05701402830461833,0.05298781773514363,0.021383430218355405,0.127517730652621,0.16768985857039237
SGBM -> RealSense,scene_009,orange,4,40.33325255172549,0.052772949612136445,0.05112551440566791,0.020598923331280716,0.127517730652621,0.1615377189184422
SGBM -> RealSense,scene_009,orange,5,40.307105328650145,0.05279791013569982,0.054203547324340434,0.02232326145241202,0.127517730652621,0.1750600590064154
SGBM -> RealSense,scene_009,orange,6,46.10297682221093,0.05199731718626516,0.057115804004556396,0.02395683774796529,0.127517730652621,0.18787064061881403
SGBM -> RealSense,scene_009,orange,7,49.48709172419689,0.0476698394471792,0.054962103188292734,0.02281113430845019,0.127517730652621,0.17888598073150644
SGBM -> RealSense,scene_009,rubiks_cube,0,88.13925335952102,0.06983062994311866,0.03897370659829839,0.01756504712649235,0.12883775017150678,0.13633463098439733
SGBM -> RealSense,scene_009,rubiks_cube,1,78.22972116623336,0.07398705014040852,0.05513432757385814,0.02682240623912413,0.12883775017150678,0.20818747768739027
SGBM -> RealSense,scene_009,rubiks_cube,2,78.13869880891673,0.07969249013596263,0.060772281265235824,0.030752319668702385,0.12883775017150678,0.23869028780590612
SGBM -> RealSense,scene_009,rubiks_cube,3,84.1694055001894,0.08195239589829223,0.041804530131491206,0.020017213535676568,0.12883775017150678,0.1553676116590826
SGBM -> RealSense,scene_009,rubiks_cube,4,94.82956346480118,0.07296886352423225,0.040332972417928645,0.017690911325159382,0.12883775017150678,0.13731155116888893
SGBM -> RealSense,scene_009,rubiks_cube,5,91.26186004452327,0.07935964010976539,0.056754075575170794,0.0307725323499071,0.12883775017150678,0.23884717257902432
SGBM -> RealSense,scene_009,rubiks_cube,6,84.77503191917731,0.08070718726710446,0.038236123423073004,0.020772840718328037,0.12883775017150678,0.16123256336497307
SGBM -> RealSense,scene_009,rubiks_cube,7,85.49365242369835,0.09012528217915576,0.03312928916514953,0.019141405523962478,0.12883775017150678,0.1485698523800807
SGBM -> RealSense,scene_009,scissors,0,13.540323629385837,0.035810723573563505,0.037833494794940484,0.021895763358002647,0.20983996337550315,0.10434505899536757
SGBM -> RealSense,scene_009,scissors,1,18.78172167886664,0.038187192580741575,0.04055973175875407,0.021357488981766502,0.20983996337550315,0.10177989282026242
SGBM -> RealSense,scene_009,scissors,2,10.343201168115353,0.035705839294194484,0.03904982171055654,0.021959322299869143,0.20983996337550315,0.10464795145133297
SGBM -> RealSense,scene_009,scissors,3,13.47750774317786,0.0312845840968126,0.03242136269809915,0.016496055217134983,0.20983996337550315,0.07861255287971873
SGBM -> RealSense,scene_009,scissors,4,12.14238544650958,0.037359369461720734,0.039104969898388894,0.020993397163600304,0.20983996337550315,0.1000447999794642
SGBM -> RealSense,scene_009,scissors,5,10.027273309891351,0.039460720296554876,0.041935326327172194,0.021541446949304294,0.20983996337550315,0.10265655122497537
SGBM -> RealSense,scene_009,scissors,6,9.95181060077576,0.035925375431311725,0.04047140527183351,0.020429645056132286,0.20983996337550315,0.09735821874679786
SGBM -> RealSense,scene_009,scissors,7,11.068057543464148,0.03646256178573807,0.0402924851594533,0.019280775652429895,0.20983996337550315,0.09188323969504059
SGBM -> RealSense,scene_009,wood_block,0,5.356296342776342,0.09856540302954617,0.051680887685324736,0.02250967195664861,0.24655690811826406,0.0912960505890655
SGBM -> RealSense,scene_009,wood_block,1,2.0764324563998406,0.09330725811620001,0.055837714191644475,0.023876136943265572,0.24655690811826406,0.09683823959948869
SGBM -> RealSense,scene_009,wood_block,2,3.217813543445009,0.09068592972579002,0.05542512388207847,0.024869983179477317,0.24655690811826406,0.10086913958033625
SGBM -> RealSense,scene_009,wood_block,3,8.08506617670015,0.10058361196581489,0.05366760001724515,0.026582261422674745,0.24655690811826406,0.10781389832291471
SGBM -> RealSense,scene_009,wood_block,4,3.9708824586828286,0.08914025178784007,0.049925150338943236,0.023989826805616843,0.24655690811826406,0.09729934962564435
SGBM -> RealSense,scene_009,wood_block,5,3.791971135567235,0.08892427473940866,0.053203363362436175,0.02562809058439364,0.24655690811826406,0.10394391615302383
SGBM -> RealSense,scene_009,wood_block,6,3.9757439956901113,0.08838829212118457,0.05441982530222504,0.027344490853109683,0.24655690811826406,0.11090539324898396
SGBM -> RealSense,scene_009,wood_block,7,4.6162674251865,0.08570896049474563,0.056551321262413114,0.028444159902831088,0.24655690811826406,0.11536549561688815
network -> SGBM,scene_001,apple,0,57.82942459358853,0.07407906794672275,0.02549327116106081,0.0027071835867027356,0.13449611403964654,0.020128340554915337
network -> SGBM,scene_001,apple,1,66.30138442423846,0.092998118192592,0.012009709552182715,0.00909144892426713,0.13449611403964654,0.06759636878123608
network -> SGBM,scene_001,apple,2,64.35029816527091,0.0761854990503336,0.025400113219415568,0.002401824549446693,0.13449611403964654,0.017857947544407768
network -> SGBM,scene_001,apple,3,61.36507431873997,0.07737848343532652,0.02570306241486499,0.0024374676965905327,0.13449611403964654,0.018122960012599474
network -> SGBM,scene_001,apple,4,66.22982983284892,0.0769647611160768,0.02606046631447314,0.0026310043240723503,0.13449611403964654,0.019561935620658805
network -> SGBM,scene_001,apple,5,63.15145449653152,0.09275876586649226,0.011953149890372654,0.007397520333792663,0.13449611403964654,0.05500174028531438
network -> SGBM,scene_001,apple,6,65.79789609154345,0.07918729890440396,0.02518765258774587,0.0024188410839170106,0.13449611403964654,0.017984468184738697
network -> SGBM,scene_001,apple,7,52.75657238867361,0.09590661105940695,0.04636954040631116,0.020400475523552758,0.13449611403964654,0.1516807802903446
network -> SGBM,scene_001,chips_box,0,23.398827058439974,0.022661770713400635,0.0012739175700847401,0.001791076386422711,0.2694943619712671,0.006646062549589337
network -> SGBM,scene_001,chips_box,1,25.05593045952268,0.024018711171300538,0.0018945015023410707,0.001808886803985571,0.2694943619712671,0.006712150824804382
network -> SGBM,scene_001,chips_box,2,26.636226947309527,0.02394813042346146,0.0039000174806736523,0.0024602590437342283,0.2694943619712671,0.009129167028720755
network -> SGBM,scene_001,chips_box,3,27.981255841229203,0.022093259934502205,0.0014843228351734876,0.0016878780016621074,0.2694943619712671,0.006263129177604337
network -> SGBM,scene_001,chips_box,4,33.54725044544313,0.029492886908501676,0.002802690090543458,0.002216653177064457,0.2694943619712671,0.008225230245450523
network -> SGBM,scene_001,chips_box,5,31.81761816178683,0.028194932642678062,0.004978587676404984,0.002454624194630318,0.2694943619712671,0.00910825806030044
network -> SGBM,scene_001,chips_box,6,30.873565282303552,0.025820008082830005,0.0032376854768612164,0.0019234690644444271,0.2694943619712671,0.00713732580665084
network -> SGBM,scene_001,chips_box,7,29.525438642900934,0.029692589810921873,0.0046257509665622795,0.0030000459102157233,0.2694943619712671,0.01113212865854159
network -> SGBM,scene_001,lemon,0,51.612550195077745,0.06403671948781835,0.012422909324309611,0.00725974204200757,0.10349089662648787,0.07014860513006206
network -> SGBM,scene_001,lemon,1,52.4706677605794,0.06657932401481964,0.010714869986438877,0.006978941170615715,0.10349089662648787,0.06743531458427326
network -> SGBM,scene_001,lemon,2,58.940087603412124,0.06526931843942148,0.013156049184333628,0.007838459316142663,0.10349089662648787,0.0757405682205333
network -> SGBM,scene_001,lemon,3,64.13352530340181,0.06115165335701332,0.004307689693891978,0.0038390812167066702,0.10349089662648787,0.037095834917368765
network -> SGBM,scene_001,lemon,4,45.439957744777786,0.06724684824962034,0.0086150705881838,0.005922237947964181,0.10349089662648787,0.057224723536199604
network -> SGBM,scene_001,lemon,5,47.207090526914016,0.061605751617720805,0.0035816697526981343,0.0033944798402929304,0.10349089662648787,0.03279979158499371
network -> SGBM,scene_001,lemon,6,49.88775774475919,0.07253261997009731,0.02005065884034537,0.010389322690779383,0.10349089662648787,0.10038875910289773
network -> SGBM,scene_001,lemon,7,60.49461230213394,0.09195000444541808,0.039534385440387426,0.02085160916099988,0.10349089662648787,0.20148254426914528
network -> SGBM,scene_001,orange,0,65.42572430647655,0.04487909941676619,0.012373360609563996,0.002032883806066917,0.127517730652621,0.015941969761090104
network -> SGBM,scene_001,orange,1,68.24159583215253,0.04693203030774958,0.01318739020319605,0.002710195774816576,0.127517730652621,0.021253481856570902
network -> SGBM,scene_001,orange,2,71.16421813774768,0.04545694166728721,0.014624417609207851,0.002622060718462274,0.127517730652621,0.020562322627942563
network -> SGBM,scene_001,orange,3,86.61091091253172,0.05285959411133048,0.017598169022927865,0.004641331702063093,0.127517730652621,0.03639753999941258
network -> SGBM,scene_001,orange,4,92.14699850820287,0.062463880409475994,0.02185671684246941,0.010245449761436777,0.127517730652621,0.08034529558361608
network -> SGBM,scene_001,orange,5,93.6236062525457,0.05880612619197912,0.013729181710468809,0.002904318090735671,0.127517730652621,0.02277579812526232
network -> SGBM,scene_001,orange,6,97.41422596373086,0.052694948447118146,0.03033718119780207,0.010527426652739575,0.127517730652621,0.08255657153606344
network -> SGBM,scene_001,orange,7,90.07700009915499,0.03825382677472102,0.04602762144650025,0.019482791443354536,0.127517730652621,0.15278496051995172
network -> SGBM,scene_001,rubiks_cube,0,84.03885223246287,0.02586307537227727,0.02477720623546261,0.005610850420525613,0.12883775017150678,0.04354973921119033
network -> SGBM,scene_001,rubiks_cube,1,89.52513376871167,0.03026063906614622,0.021885298507705993,0.00459959026840981,0.12883775017150678,0.03570064101776776
network -> SGBM,scene_001,rubiks_cube,2,82.53506239827524,0.031119133784351667,0.01374019334828358,0.00326390532123379,0.12883775017150678,0.025333454805667833
network -> SGBM,scene_001,rubiks_cube,3,67.82960258061082,0.04200039825907487,0.024377677327634573,0.013772928909514455,0.12883775017150678,0.10690134600441369
network -> SGBM,scene_001,rubiks_cube,4,63.222865177605435,0.04752943485719113,0.024114315922812598,0.01541347181454739,0.12883775017150678,0.11963474830963144
network -> SGBM,scene_001,rubiks_cube,5,73.32600426000074,0.060520850811409094,0.04340032264789661,0.02528886333970599,0.12883775017150678,0.19628457735440005
network -> SGBM,scene_001,rubiks_cube,6,67.55828621581512,0.05255772941176479,0.03039405962259563,0.016963905464028806,0.12883775017150678,0.13166874958191
network -> SGBM,scene_001,rubiks_cube,7,85.07463751997592,0.059269505542526996,0.046629028264871517,0.02459227510167375,0.12883775017150678,0.19087786824076716
network -> SGBM,scene_001,scissors,0,66.24591482868524,0.196932290125441,0.09313759471255967,0.02608209796992827,0.20983996337550315,0.12429518929745063
network -> SGBM,scene_001,scissors,1,57.28202447670526,0.18617466233978774,0.08129867965792488,0.022052618927512115,0.20983996337550315,0.10509255993363632
network -> SGBM,scene_001,scissors,2,57.00084116278785,0.17774292017202606,0.07144201430991055,0.02078207066437053,0.20983996337550315,0.09903771583862488
network -> SGBM,scene_001,scissors,3,42.079623158033414,0.1941068833541189,0.08516888955462797,0.017677827299532142,0.20983996337550315,0.08424433084701854
network -> SGBM,scene_001,scissors,4,38.500713721765756,0.1848945556653362,0.0751288480740615,0.016615050241134344,0.20983996337550315,0.07917962800728355
network -> SGBM,scene_001,scissors,5,52.13964724797325,0.18400926954280444,0.0741186512622156,0.01740920766019412,0.20983996337550315,0.08296421415705643
network -> SGBM,scene_001,scissors,6,77.17828076695679,0.18035766196326422,0.0705623511729424,0.017140867255239813,0.20983996337550315,0.0816854281687358
network -> SGBM,scene_001,scissors,7,83.02084698563924,0.18187418924189666,0.07214607663405265,0.021412282852682814,0.20983996337550315,0.10204101501088281
network -> SGBM,scene_001,wood_block,0,1.2032339942589476,0.002964009643103687,0.001497738026332065,0.0011701472801028993,0.24655690811826406,0.0047459521172354404
network -> SGBM,scene_001,wood_block,1,1.270534573398719,0.003997004206644002,0.0028847709167000115,0.0014830846653745206,0.24655690811826406,0.006015181958167405
network -> SGBM,scene_001,wood_block,2,0.7722106091247635,0.004248774902705674,0.003911357418153478,0.0017958305377915164,0.24655690811826406,0.00728363505000689
network -> SGBM,scene_001,wood_block,3,1.5250885695513086,0.003952481218410461,0.0016565038209064107,0.0013636567732883847,0.24655690811826406,0.005530799293744753
network -> SGBM,scene_001,wood_block,4,1.0154337390466033,0.0019657304438037804,0.001984756273992653,0.0015223657630551541,0.24655690811826406,0.006174500542994044
network -> SGBM,scene_001,wood_block,5,0.6737329620464874,0.002849358431935084,0.002035841017865293,0.0013238169639855132,0.24655690811826406,0.005369214653480843
network -> SGBM,scene_001,wood_block,6,1.5951568305471293,0.006176055029302984,0.0037959341467254867,0.0020896227381828323,0.24655690811826406,0.008475214724790915
network -> SGBM,scene_001,wood_block,7,0.7887233826529279,0.0037460848284480174,0.0028408587044389446,0.0014970272430073774,0.24655690811826406,0.006071731084043729
network -> SGBM,scene_002,apple,0,38.79419367514058,0.07532294220282713,0.016751213980885686,0.003932537895545424,0.13449611403964654,0.029239044738394428
network -> SGBM,scene_002,apple,1,44.23079878832077,0.07775646898153088,0.016057881693378098,0.003965817247788122,0.13449611403964654,0.029486482015525627
network -> SGBM,scene_002,apple,2,44.025466616627924,0.0764695685121779,0.017951501487398568,0.0032450661255006004,0.13449611403964654,0.024127582783128033
network -> SGBM,scene_002,apple,3,44.109307984005085,0.07801209039392307,0.018984581352543495,0.00312273638838349,0.13449611403964654,0.02321804173065532
network -> SGBM,scene_002,apple,4,45.5840239327332,0.0787972658486718,0.01805889551933255,0.003401058094982516,0.13449611403964654,0.02528740788733835
network -> SGBM,scene_002,apple,5,43.99421428170164,0.07768670463360577,0.018023306881144494,0.003339721921692808,0.13449611403964654,0.024831363683179206
network -> SGBM,scene_002,apple,6,37.151899472539284,0.07764398346591445,0.015739623197312556,0.004139821696198094,0.13449611403964654,0.030780232765518896
network -> SGBM,scene_002,apple,7,35.79521625908536,0.07395874176575384,0.01907234604221155,0.002881997130766156,0.13449611403964654,0.02142810705978171
network -> SGBM,scene_002,apple,8,38.49742797129286,0.07762863910526321,0.016501077110523017,0.003710335984331926,0.13449611403964654,0.027586938186468343
network -> SGBM,scene_002,apple,9,44.55406895546772,0.07834418354380167,0.01852808810483395,0.0031365174646196987,0.13449611403964654,0.02332050622440379
network -> SGBM,scene_002,apple,10,43.59414349876396,0.07805084718194881,0.019882090056238484,0.0028250220461641397,0.13449611403964654,0.021004488243663192
network -> SGBM,scene_002,chips_box,0,7.010645027463487,0.015540570898155885,0.0038891313466686496,0.002277074345731228,0.2694943619712671,0.008449432222162795
network -> SGBM,scene_002,chips_box,1,12.233909156746904,0.014303609203434233,0.0033728420054273452,0.002062965695744479,0.2694943619712671,0.0076549493676028296
network -> SGBM,scene_002,chips_box,2,10.163656157808651,0.014498376884265071,0.003868346511630607,0.002141197424769193,0.2694943619712671,0.007945240149393117
network -> SGBM,scene_002,chips_box,3,14.194070999004007,0.018259595552715863,0.010714796040879045,0.003983290987857836,0.2694943619712671,0.01478060972675386
network -> SGBM,scene_002,chips_box,4,17.20286055432436,0.016160461553349235,0.004794670345586792,0.0019775258635722263,0.2694943619712671,0.0073379118179216895
network -> SGBM,scene_002,chips_box,5,12.649133344158688,0.015120628488013847,0.002424550621928826,0.0019548677845850925,0.2694943619712671,0.007253835554428097
network -> SGBM,scene_002,chips_box,6,14.14673463215432,0.013908079582964722,0.0031399257142904454,0.002361843956747732,0.2694943619712671,0.008763982813857705
network -> SGBM,scene_002,chips_box,7,15.525651658457083,0.013950058539873066,0.0018261637802518165,0.0017716501624147985,0.2694943619712671,0.00657397857771766
network -> SGBM,scene_002,chips_box,8,19.65030359189007,0.014391221277056306,0.005022331115597484,0.0022830527471749064,0.2694943619712671,0.008471615994023358
network -> SGBM,scene_002,chips_box,9,20.731624518288317,0.013442098153929348,0.002144793080788473,0.0019777017920792296,0.2694943619712671,0.007338564627523035
network -> SGBM,scene_002,chips_box,10,25.57339858318823,0.01231526973960596,0.002504075856256973,0.0017522600920626104,0.2694943619712671,0.006502028759508641
network -> SGBM,scene_002,lemon,0,64.99881445625573,0.028901149033503486,0.013426908475263693,0.007338386349658864,0.10349089662648787,0.07090852035173738
network -> SGBM,scene_002,lemon,1,69.80205932120455,0.03220021244325339,0.0068744728167635365,0.0043311162498142,0.10349089662648787,0.04185021476280917
network -> SGBM,scene_002,lemon,2,68.24058494091237,0.031212275979594375,0.004812494594749631,0.003575354312388233,0.10349089662648787,0.034547524747922054
network -> SGBM,scene_002,lemon,3,65.9961757165834,0.0272449829893554,0.0023679337571544706,0.002448430008906327,0.10349089662648787,0.023658409470960814
network -> SGBM,scene_002,lemon,4,63.7404216947386,0.0241266031657133,0.0033506783236647753,0.0026142236173154506,0.10349089662648787,0.025260420989012437
network -> SGBM,scene_002,lemon,5,72.81532918063527,0.02988318161664079,0.002556905279180281,0.003441339178924761,0.10349089662648787,0.03325257864317286
network -> SGBM,scene_002,lemon,6,75.34609545273277,0.02548478295896444,0.0034697357597814303,0.0030740339658868114,0.10349089662648787,0.029703423838150715
network -> SGBM,scene_002,lemon,7,69.41654960378696,0.021773959985315252,0.0019828663559257713,0.0029802171048429788,0.10349089662648787,0.028796901002790327
network -> SGBM,scene_002,lemon,8,55.43723478856563,0.016086968716683765,0.0019466612506941787,0.002562435858863165,0.10349089662648787,0.02476001215943978
network -> SGBM,scene_002,lemon,9,45.63598476379274,0.013726505925661428,0.001108894395079513,0.002837014946361363,0.10349089662648787,0.027413183563386446
network -> SGBM,scene_002,lemon,10,40.417983964607984,0.013857819180095182,0.0022085347833457796,0.0027187750468153915,0.10349089662648787,0.02627066858477229
network -> SGBM,scene_002,orange,0,82.52169775282447,0.0637332180798746,0.017558572882416617,0.004924590927874616,0.127517730652621,0.038618872078973875
network -> SGBM,scene_002,orange,1,78.12792949620105,0.06019407119518892,0.016881728035544368,0.0031678623770954447,0.127517730652621,0.02484252472877843
network -> SGBM,scene_002,orange,2,75.3816419583716,0.05913444793505026,0.01842314546262627,0.005037071514605857,0.127517730652621,0.03950095009397287
network -> SGBM,scene_002,orange,3,76.4695914430257,0.05970235698957347,0.016071522197046547,0.0025903877645627993,0.127517730652621,0.020313941844051758
network -> SGBM,scene_002,orange,4,76.61505188023025,0.06000365770522478,0.017069669317875506,0.004073256659017335,0.127517730652621,0.03194266897764631
network -> SGBM,scene_002,orange,5,79.77519565622286,0.0613551727215349,0.017321229100662836,0.004108737969411678,0.127517730652621,0.03222091507105429
network -> SGBM,scene_002,orange,6,80.64234480424325,0.06252637774606164,0.015583921555471792,0.002960234059625795,0.127517730652621,0.023214293765076114
network -> SGBM,scene_002,orange,7,77.35426376435443,0.0593081690471007,0.016532677763325867,0.0023559040765740277,0.127517730652621,0.01847510981035173
network -> SGBM,scene_002,orange,8,70.96431803516272,0.05725712242925331,0.014690021411261996,0.00255996519340155,0.127517730652621,0.020075366619998206
network -> SGBM,scene_002,orange,9,72.67376321663832,0.05913672825848,0.013661442694469662,0.0028092156883075896,0.127517730652621,0.02203000064328583
network -> SGBM,scene_002,orange,10,75.03060093108061,0.05861319789731459,0.015430291382245918,0.0026186543679226236,0.127517730652621,0.020535609867903492
network -> SGBM,scene_002,rubiks_cube,0,84.77621411971626,0.07210684482536021,0.01909830798737749,0.002405948779029287,0.12883775017150678,0.01867425328233787
network -> SGBM,scene_002,rubiks_cube,1,83.74433156233067,0.07527502111035299,0.01763032949278326,0.003911924124885652,0.12883775017150678,0.03036318252746699
network -> SGBM,scene_002,rubiks_cube,2,82.14459182922192,0.07652559593873433,0.018540964028068294,0.0045978889870483515,0.12883775017150678,0.03568743618176904
network -> SGBM,scene_002,rubiks_cube,3,79.27544450399661,0.07331552482640123,0.024920921431640715,0.006368879473836184,0.12883775017150678,0.04943333351721861
network -> SGBM,scene_002,rubiks_cube,4,85.549220489588,0.07766093080927845,0.030079003140628825,0.010245608800470004,0.12883775017150678,0.07952334456967164
network -> SGBM,scene_002,rubiks_cube,5,90.60095747757683,0.07863508202779755,0.036469531000992886,0.01341379238956949,0.12883775017150678,0.104113835981405
network -> SGBM,scene_002,rubiks_cube,6,90.10575394270015,0.09658375555415587,0.05757709273764749,0.02612839731888484,0.12883775017150678,0.2028007884653615
network -> SGBM,scene_002,rubiks_cube,7,94.95114622243953,0.10388478825489324,0.06326104691870421,0.03059671048795926,0.12883775017150678,0.23748249598607085
network -> SGBM,scene_002,rubiks_cube,8,95.48895496755043,0.1036617886920968,0.06581394050688975,0.031232396393682072,0.12883775017150678,0.24241649945071223
network -> SGBM,scene_002,rubiks_cube,9,98.58515122492521,0.10811452134364176,0.0756613097898545,0.038053505096401825,0.12883775017150678,0.29535990069483203
network -> SGBM,scene_002,rubiks_cube,10,102.76712004639892,0.1051239846211171,0.0798848406723114,0.039574301373146,0.12883775017150678,0.30716386556320113
network -> SGBM,scene_002,scissors,0,6.374428116443984,0.0056355640933399625,0.0033525846475307318,0.002392126679780272,0.20983996337550315,0.01139976695239707
network -> SGBM,scene_002,scissors,1,9.79717547510831,0.00933783531455887,0.00725971603307042,0.0035841083939702686,0.20983996337550315,0.017080199292432204
network -> SGBM,scene_002,scissors,2,4.037863567746309,0.006297714187723323,0.007034551765520457,0.003537717073382739,0.20983996337550315,0.01685911976191154
network -> SGBM,scene_002,scissors,3,5.839696320870077,0.0058944875195659835,0.004206070969934506,0.0028036546922001167,0.20983996337550315,0.013360918707286704
network -> SGBM,scene_002,scissors,4,7.797817511700535,0.009770729491319735,0.010877063010183518,0.0038187726038857936,0.20983996337550315,0.01819850014485658
network -> SGBM,scene_002,scissors,5,2.73601105830227,0.0072069854487562795,0.007101088039110373,0.0028290740072025667,0.20983996337550315,0.013482055380175665
network -> SGBM,scene_002,scissors,6,6.0366891782530425,0.01270833944901676,0.011382983018865851,0.0038402121993193587,0.20983996337550315,0.018300671318967964
network -> SGBM,scene_002,scissors,7,5.162850776218247,0.014935997874392823,0.013834969313435128,0.004452542380172645,0.20983996337550315,0.021218753132380874
network -> SGBM,scene_002,scissors,8,3.156430014924385,0.0032080590016036114,0.0027890483157763817,0.001836544841029269,0.20983996337550315,0.008752121433336413
network -> SGBM,scene_002,scissors,9,3.1508944288245275,0.0070495828913447935,0.005258285725097401,0.003108647327840636,0.20983996337550315,0.014814372237941124
network -> SGBM,scene_002,scissors,10,5.0036795780012335,0.008552572907865933,0.005815710068514426,0.002612369685693312,0.20983996337550315,0.012449343031091482
network -> SGBM,scene_002,wood_block,0,84.43706479087912,0.2141262012890357,0.01981404214547157,0.002130019228017419,0.24655690811826406,0.00863905718267577
network -> SGBM,scene_002,wood_block,1,85.83899657334929,0.21712009735682847,0.016928975516029714,0.001959596769918608,0.24655690811826406,0.007947847760074374
network -> SGBM,scene_002,wood_block,2,85.43973796963375,0.21465098209131034,0.019040209176273276,0.0019183732081664768,0.24655690811826406,0.0077806508152929365
network -> SGBM,scene_002,wood_block,3,86.85411257675597,0.2149732761084434,0.018912687006236835,0.001711793515336638,0.24655690811826406,0.006942792754829466
network -> SGBM,scene_002,wood_block,4,84.42579619248959,0.21715159061432765,0.017467967651951275,0.002172901872008733,0.24655690811826406,0.008812983130719963
network -> SGBM,scene_002,wood_block,5,85.37075377247328,0.21665539328944272,0.017816466633612565,0.0019570915305433313,0.24655690811826406,0.007937686862963856
network -> SGBM,scene_002,wood_block,6,85.02304434455193,0.21631299656060138,0.017531578952953524,0.0019107105349726301,0.24655690811826406,0.007749572094958842
network -> SGBM,scene_002,wood_block,7,84.38955465386826,0.2168568777674644,0.016911159670424968,0.001679783114286914,0.24655690811826406,0.006812963088753471
network -> SGBM,scene_002,wood_block,8,84.58781771771733,0.2158198827610782,0.017796580257787884,0.001973990083873456,0.24655690811826406,0.008006225008818684
network -> SGBM,scene_002,wood_block,9,86.77238166917188,0.21673263205996285,0.017081815311925937,0.0018004293764521551,0.24655690811826406,0.007302287290155979
network -> SGBM,scene_002,wood_block,10,86.66383820906744,0.21825140195676207,0.016013561478841122,0.0018691275176566662,0.24655690811826406,0.007580917249173632
network -> SGBM,scene_004,chips_box,0,4.43342489016711,0.0042211615366177175,0.004989244885773442,0.0028947489432643277,0.2694943619712671,0.010741408176743081
network -> SGBM,scene_004,chips_box,1,6.953478077463401,0.008410826975193724,0.013023063263424586,0.0064945095670832734,0.2694943619712671,0.02409886989686153
network -> SGBM,scene_004,chips_box,2,10.3198681359623,0.0047890437091996805,0.003941337357509777,0.002439727197652583,0.2694943619712671,0.009052980477241679
network -> SGBM,scene_004,chips_box,3,12.493305310971124,0.0023250169960011145,0.007619545416923349,0.0040856190375435485,0.2694943619712671,0.015160313587484804
network -> SGBM,scene_004,chips_box,4,15.487553375905257,0.0058022733118862965,0.010240054667850761,0.005586038510253701,0.2694943619712671,0.020727849255893792
network -> SGBM,scene_004,chips_box,5,18.032160578933794,0.00718211617098059,0.011005655753641269,0.006066023133224558,0.2694943619712671,0.022508905525345665
network -> SGBM,scene_004,chips_box,6,20.454967594699262,0.00466985720050076,0.004951789069273574,0.003015934653067551,0.2694943619712671,0.01119108626617244
network -> SGBM,scene_004,chips_box,7,23.396095868149956,0.007208403206552176,0.008680342096677136,0.004858191872229576,0.2694943619712671,0.01802706311439475
network -> SGBM,scene_004,chips_box,8,25.596342173399744,0.006760413639730298,0.008812971463060515,0.004895923245604057,0.2694943619712671,0.018167071139417935
network -> SGBM,scene_004,chips_box,9,23.918728794430656,0.006164874110970289,0.009272172926487847,0.005206664096425971,0.2694943619712671,0.019320122537409872
network -> SGBM,scene_004,chips_box,10,14.59237456061758,0.004337771524591756,0.011390376499824849,0.006144520174162651,0.2694943619712671,0.02280018078752151
network -> SGBM,scene_004,scissors,0,9.899820311918894,0.01293881816361854,0.01323169715813071,0.007296373024141739,0.20983996337550315,0.034771131803359445
network -> SGBM,scene_004,scissors,1,1.1811330643659481,0.0015922104527851505,0.002455502004641568,0.0013033006222655018,0.20983996337550315,0.006210926657155764
network -> SGBM,scene_004,scissors,2,2.099897762740347,0.006144183738963375,0.005018938963317414,0.002610108182132076,0.20983996337550315,0.012438565753375373
network -> SGBM,scene_004,scissors,3,6.3468551413669605,0.00613174125255678,0.008533613016051501,0.0034884170811457314,0.20983996337550315,0.016624178850542876
network -> SGBM,scene_004,scissors,4,4.009482456500794,0.0065249948296286515,0.008674451462475077,0.004765738954926496,0.20983996337550315,0.022711302834142848
network -> SGBM,scene_004,scissors,5,23.57992027078675,0.02842729163696449,0.018764443425330585,0.007805818632699973,0.20983996337550315,0.03719891343448085
network -> SGBM,scene_004,scissors,6,26.814647885163552,0.04234562674156169,0.03314692350198318,0.01425532122870693,0.20983996337550315,0.06793425332045738
network -> SGBM,scene_004,scissors,7,37.7299480517945,0.02457082361310753,0.017693374889148215,0.008541400005988752,0.20983996337550315,0.04070435330139731
network -> SGBM,scene_004,scissors,8,43.068068052392924,0.03710320047823323,0.03679816939862304,0.017030761999956245,0.20983996337550315,0.08116071755826672
network -> SGBM,scene_004,scissors,9,37.162727978838845,0.025098492622139968,0.019849370977076678,0.009559258893505255,0.20983996337550315,0.0455549969592742
network -> SGBM,scene_004,scissors,10,20.988725163735772,0.0176891925081004,0.01598288449170795,0.007314558070000502,0.20983996337550315,0.03485779330275278
network -> SGBM,scene_004,wood_block,0,3.5987376172060275,0.055653959969314035,0.0028902651294962973,0.0025097818246612937,0.24655690811826406,0.010179320643725164
network -> SGBM,scene_004,wood_block,1,3.3717036357918486,0.054444877018981326,0.003142649968756021,0.002269293968999364,0.24655690811826406,0.009203935863402657
network -> SGBM,scene_004,wood_block,2,3.7886505073259187,0.05585080190074739,0.009055466693879502,0.005655585633938347,0.24655690811826406,0.022938256636579724
network -> SGBM,scene_004,wood_block,3,4.317806404056951,0.05734591711828185,0.018507871125384746,0.011037471288717526,0.24655690811826406,0.0447664248102238
network -> SGBM,scene_004,wood_block,4,3.7976187289872128,0.06452753648063145,0.02175337600168277,0.012518290349078556,0.24655690811826406,0.050772417794410385
network -> SGBM,scene_004,wood_block,5,3.914674744706189,0.060271835336316575,0.022852955624885648,0.013199688922118131,0.24655690811826406,0.053536074178001686
network -> SGBM,scene_004,wood_block,6,3.193884602699896,0.059532048043418266,0.024719023321410585,0.01334056663738707,0.24655690811826406,0.054107454296060946
network -> SGBM,scene_004,wood_block,7,1.9128066275954234,0.05588276441375789,0.0025048659123946084,0.002061650087285524,0.24655690811826406,0.008361761603112852
network -> SGBM,scene_004,wood_block,8,4.449296760495292,0.05208041258542339,0.00355434154753043,0.002703396232498598,0.24655690811826406,0.010964593339245966
network -> SGBM,scene_004,wood_block,9,3.674332925572035,0.054903902774333664,0.003270515699186867,0.0019873075571092283,0.24655690811826406,0.008060238799539097
network -> SGBM,scene_004,wood_block,10,2.8126297074680617,0.05529160019803037,0.003283890491148191,0.0018630852867673972,0.24655690811826406,0.007556410813984353
network -> SGBM,scene_005,apple,0,47.48864095650025,0.07098123524455392,0.01871830285156006,0.002937874889731562,0.13449611403964654,0.021843567085258243
network -> SGBM,scene_005,apple,1,46.96016758464637,0.07108077653237292,0.01891466488695538,0.002971414564167115,0.13449611403964654,0.02209293989929855
network -> SGBM,scene_005,apple,2,49.055517798626525,0.07229757592966765,0.019786600690537615,0.003039178663347762,0.13449611403964654,0.022596776754842732
network -> SGBM,scene_005,apple,3,43.1392866649533,0.07342176719911826,0.01784862725218164,0.0032446095399828348,0.13449611403964654,0.024124187997181794
network -> SGBM,scene_005,apple,4,36.74591135087962,0.07068873362632702,0.018240138441237657,0.0029534242420144173,0.13449611403964654,0.021959178992664516
network -> SGBM,scene_005,apple,5,34.84854717190322,0.07049790631718143,0.017992197141076458,0.002902935483877787,0.13449611403964654,0.02158378704549088
network -> SGBM,scene_005,apple,6,41.32789870606471,0.07368971199763001,0.018050613924252286,0.002952226393877556,0.13449611403964654,0.021950272801244678
network -> SGBM,scene_005,apple,7,44.07205412392735,0.07151729158758052,0.01835085168702998,0.0026856630370962246,0.13449611403964654,0.019968331845666182
network -> SGBM,scene_005,apple,8,59.56418105998097,0.07310654492623576,0.020335351310407073,0.002710893226575106,0.13449611403964654,0.020155922317398656
network -> SGBM,scene_005,apple,9,66.5837736018065,0.08064656249550567,0.017153919749410766,0.0033160480558931055,0.13449611403964654,0.024655344725540596
network -> SGBM,scene_005,apple,10,65.66559897046658,0.07740727126995568,0.019058584357530585,0.002829667257203037,0.13449611403964654,0.021039026126575766
network -> SGBM,scene_005,chips_box,0,69.85047170389299,0.2514038379684558,0.022466001499121084,0.0037580257935377168,0.2694943619712671,0.013944728810090616
network -> SGBM,scene_005,chips_box,1,70.64335868530534,0.24846484682627507,0.02527402916274737,0.0026673281350938064,0.2694943619712671,0.009897528525580774
network -> SGBM,scene_005,chips_box,2,73.64948862275052,0.24900024319355712,0.02441476488740999,0.0020450241720656654,0.2694943619712671,0.007588374603115821
network -> SGBM,scene_005,chips_box,3,72.25876310847208,0.24682072741616223,0.02674793153192603,0.0018899867683295464,0.2694943619712671,0.007013084631919138
network -> SGBM,scene_005,chips_box,4,72.81228179144833,0.24563683598895827,0.02780420708965438,0.0018633152272222858,0.2694943619712671,0.0069141158041033475
network -> SGBM,scene_005,chips_box,5,69.23420221567795,0.24636861068383895,0.027001535481835162,0.001753736956485664,0.2694943619712671,0.00650750889056686
network -> SGBM,scene_005,chips_box,6,69.729119088422,0.2476577396132756,0.02606874395454169,0.0027169628176980185,0.2694943619712671,0.010081705597936388
network -> SGBM,scene_005,chips_box,7,66.06580837032477,0.24858216050012502,0.02516916642077689,0.0027510708971977015,0.2694943619712671,0.010208268837516589
network -> SGBM,scene_005,chips_box,8,63.05729963958828,0.2465475731218371,0.026754687915782734,0.001816646577260673,0.2694943619712671,0.006740944648980672
network -> SGBM,scene_005,chips_box,9,66.84751421921844,0.24815646105824507,0.025937235622156225,0.0030571157700857252,0.2694943619712671,0.01134389509199331
network -> SGBM,scene_005,chips_box,10,68.34763867515679,0.24799513051796984,0.02566443090438425,0.0021171005784014394,0.2694943619712671,0.007855825119737236
network -> SGBM,scene_005,lemon,0,84.10383860513133,0.05772265367610772,0.019415621127041652,0.010345783537460374,0.10349089662648787,0.09996805395164035
network -> SGBM,scene_005,lemon,1,88.0216317667784,0.05316693251850984,0.022087208920038393,0.01166782648592116,0.10349089662648787,0.11274253935620894
network -> SGBM,scene_005,lemon,2,98.09747686675185,0.05993075341808068,0.020635036180042095,0.010731267713198964,0.10349089662648787,0.1036928663583765
network -> SGBM,scene_005,lemon,3,98.08842026833311,0.07800072916976111,0.020222033714226702,0.010366856498243083,0.10349089662648787,0.10017167534704446
network -> SGBM,scene_005,lemon,4,97.51963721058091,0.07060355814397468,0.015129800736730314,0.00812765289542175,0.10349089662648787,0.0785349548642477
network -> SGBM,scene_005,lemon,5,95.35381008271163,0.0678906770290484,0.015036545745227066,0.007998767280930028,0.10349089662648787,0.07728957368877208
network -> SGBM,scene_005,lemon,6,91.21685502425208,0.0735653723704069,0.02111114302286412,0.010671604042301575,0.10349089662648787,0.10311635506277218
network -> SGBM,scene_005,lemon,7,87.40858141069833,0.07065740887527716,0.02034515550379803,0.010143478755099506,0.10349089662648787,0.09801324643759385
network -> SGBM,scene_005,lemon,8,84.23199896352622,0.06803746695713955,0.019180869105592614,0.009776009691869595,0.10349089662648787,0.09446250839967583
network -> SGBM,scene_005,lemon,9,90.36310823899501,0.07253317409591338,0.022438205882075075,0.011156095187153795,0.10349089662648787,0.10779784068754951
network -> SGBM,scene_005,lemon,10,88.68420527222656,0.07071360503746572,0.020333303339275983,0.010072745206753074,0.10349089662648787,0.09732977039620136
network -> SGBM,scene_005,orange,0,64.80851626152196,0.023060920024408012,0.01606601499017882,0.004012534471786923,0.127517730652621,0.031466482749114455
network -> SGBM,scene_005,orange,1,66.78431221418947,0.026903677653106528,0.015196779183297407,0.0034245557029680914,0.127517730652621,0.02685552578015317
network -> SGBM,scene_005,orange,2,77.46504553616678,0.03176966347927062,0.017687126881697973,0.003823686102117425,0.127517730652621,0.02998552501325299
network -> SGBM,scene_005,orange,3,78.24611376894812,0.03076518027777329,0.018829107369417685,0.004734459434114712,0.127517730652621,0.03712785202406203
network -> SGBM,scene_005,orange,4,82.62236337516376,0.03552978179028344,0.01399741522946323,0.002015973801498489,0.127517730652621,0.015809360715415558
network -> SGBM,scene_005,orange,5,69.10290544359472,0.02770120978178483,0.011348995781310156,0.0020489705535069415,0.127517730652621,0.01606812278591022
network -> SGBM,scene_005,orange,6,68.44149683122059,0.02975911586383166,0.010515191992631052,0.0036818032218422993,0.127517730652621,0.028872872838931935
network -> SGBM,scene_005,orange,7,72.8691094181918,0.031368945673099856,0.011816173055752405,0.0039577795645598214,0.127517730652621,0.031037092209094085
network -> SGBM,scene_005,orange,8,79.8961446775519,0.03222059574729797,0.013246640560097089,0.0030598862066620073,0.127517730652621,0.023995770556783463
network -> SGBM,scene_005,orange,9,78.32224557656868,0.030160448152157553,0.011547357852602212,0.0021910814473375534,0.127517730652621,0.017182563053183678
network -> SGBM,scene_005,orange,10,82.64684968748179,0.0320716666935128,0.013474414056825888,0.0018228190795644087,0.127517730652621,0.014294632363949948
network -> SGBM,scene_005,rubiks_cube,0,10.155101627262221,0.017493527571724607,0.004937917497096031,0.0027233202974205496,0.12883775017150678,0.02113759588160542
network -> SGBM,scene_005,rubiks_cube,1,9.160868994549478,0.018186894898473728,0.004502798291074665,0.0024573895293576817,0.12883775017150678,0.01907352096793404
network -> SGBM,scene_005,rubiks_cube,2,9.933332101633964,0.01667740668033193,0.005886585138278525,0.0030774782883614994,0.12883775017150678,0.023886464054710742
network -> SGBM,scene_005,rubiks_cube,3,8.568480025916447,0.018443312605720862,0.0039048440470945338,0.002317981112663754,0.12883775017150678,0.01799147462275687
network -> SGBM,scene_005,rubiks_cube,4,6.074882909193126,0.018413913878435658,0.0038573548435729584,0.0022184562849616204,0.12883775017150678,0.017218992740935374
network -> SGBM,scene_005,rubiks_cube,5,7.7789247950447535,0.01920703340242101,0.004651888834552276,0.002775033243673562,0.12883775017150678,0.021538976270382565
network -> SGBM,scene_005,rubiks_cube,6,6.556985964795477,0.018149703614703392,0.0021245847587232063,0.0018644021914831156,0.12883775017150678,0.014470930988792126
network -> SGBM,scene_005,rubiks_cube,7,8.2035598495591,0.017284862661115008,0.0045851274738126745,0.0026006417930072743,0.12883775017150678,0.020185402101056103
network -> SGBM,scene_005,rubiks_cube,8,9.518749764531726,0.01879930434753992,0.005550168974608282,0.0028442170895257644,0.12883775017150678,0.02207596054525624
network -> SGBM,scene_005,rubiks_cube,9,8.984079186839638,0.017387104385028013,0.002031727421927362,0.001911740514225187,0.12883775017150678,0.014838356861093183
network -> SGBM,scene_005,rubiks_cube,10,6.616547079670351,0.018129155163225365,0.004353274565230625,0.0025646596629141766,0.12883775017150678,0.019906119592278986
network -> SGBM,scene_005,scissors,0,11.703297104984065,0.01446505733899382,0.008958965773309855,0.005133178742198728,0.20983996337550315,0.024462350543842968
network -> SGBM,scene_005,scissors,1,12.33225252518269,0.019068770005813265,0.012551371464910536,0.006776095463814915,0.20983996337550315,0.03229173011095731
network -> SGBM,scene_005,scissors,2,13.050667600752355,0.018497913453468618,0.013077258821127593,0.0067380701990653056,0.20983996337550315,0.03211051932470892
network -> SGBM,scene_005,scissors,3,8.220442380036133,0.009776920933758863,0.007224404618601325,0.004456448208358896,0.20983996337550315,0.0212373664990791
network -> SGBM,scene_005,scissors,4,9.12183535382312,0.012467813263794826,0.01104904873913957,0.006035784716411203,0.20983996337550315,0.028763752239178212
network -> SGBM,scene_005,scissors,5,8.208762662531795,0.010881135477532174,0.010599901851528551,0.004469294969892961,0.20983996337550315,0.021298588209793353
network -> SGBM,scene_005,scissors,6,10.571490023150007,0.009955186664977418,0.008596349510562875,0.003982540534199177,0.20983996337550315,0.018978942190685213
network -> SGBM,scene_005,scissors,7,6.886587308181267,0.005786031239808323,0.005084049640711999,0.003094297486326332,0.20983996337550315,0.014745987544751746
network -> SGBM,scene_005,scissors,8,6.57244173996856,0.008308714315684758,0.007074295464506489,0.003280917734951717,0.20983996337550315,0.015635333147102207
network -> SGBM,scene_005,scissors,9,15.696999064971942,0.016402118312834814,0.012009344943074284,0.0053339966392944175,0.20983996337550315,0.025419355557879934
network -> SGBM,scene_005,scissors,10,17.482873542419252,0.017595046973673124,0.011769879485583648,0.006107507601879947,0.20983996337550315,0.029105550266184145
network -> SGBM,scene_005,wood_block,0,83.39260157844706,0.19571292986738248,0.039048323217522815,0.007632535648889744,0.24655690811826406,0.03095648670784233
network -> SGBM,scene_005,wood_block,1,81.7510798647858,0.199367950060999,0.03566113913316281,0.008381117427518332,0.24655690811826406,0.033992628685537485
network -> SGBM,scene_005,wood_block,2,79.29678411905019,0.20389903375909996,0.03191990972482564,0.008505119147432986,0.24655690811826406,0.03449556214970623
network -> SGBM,scene_005,wood_block,3,80.8792144864303,0.2066482728797081,0.029031674432949947,0.007427425169029666,0.24655690811826406,0.030124587567698608
network -> SGBM,scene_005,wood_block,4,82.84311492185614,0.20988721271656155,0.026928800956769427,0.008335147784315038,0.24655690811826406,0.03380618230464255
network -> SGBM,scene_005,wood_block,5,82.5431651353974,0.21458827261812538,0.020656946109294496,0.003032514822484312,0.24655690811826406,0.012299451861351738
network -> SGBM,scene_005,wood_block,6,83.87416385296125,0.21437016371502435,0.021733146543504393,0.005385887812550851,0.24655690811826406,0.021844400360372152
network -> SGBM,scene_005,wood_block,7,84.83594438967842,0.21428440438761234,0.023298632455530214,0.008149112300173528,0.24655690811826406,0.03305164865331904
network -> SGBM,scene_005,wood_block,8,83.0446655565392,0.21329914224474095,0.02328074335593108,0.006751327246204386,0.24655690811826406,0.0273824298728066
network -> SGBM,scene_005,wood_block,9,83.68281541691852,0.21701372580036782,0.019708463859672037,0.006819889664038752,0.24655690811826406,0.027660509357002108
network -> SGBM,scene_005,wood_block,10,84.61502962776919,0.21670602738879524,0.018399253973551962,0.004145579252682776,0.24655690811826406,0.01681388400074476
network -> SGBM,scene_006,apple,0,45.84263313096958,0.06867581675140667,0.016859850835108905,0.0037624514644345945,0.13449611403964654,0.02797442507019575
network -> SGBM,scene_006,apple,1,43.674880476655865,0.06811095225688098,0.026590777868318056,0.00597984125279701,0.13449611403964654,0.04446107083089615
network -> SGBM,scene_006,apple,2,36.755670984733605,0.06843914721123028,0.02004167058525643,0.002550517503407299,0.13449611403964654,0.018963503307281145
network -> SGBM,scene_006,apple,3,37.97098613224067,0.064143826485798,0.025940493201851926,0.005716095976573335,0.13449611403964654,0.04250008275249019
network -> SGBM,scene_006,apple,4,45.879642764541885,0.06525717137753069,0.034945253582597556,0.012435995159416234,0.13449611403964654,0.09246360200228813
network -> SGBM,scene_006,apple,5,52.99490307838606,0.07490405196952699,0.03454492062163367,0.01434534128038193,0.13449611403964654,0.10665989410038446
network -> SGBM,scene_006,apple,6,54.78804181731438,0.09333094040478894,0.044284601181060965,0.0227025712606315,0.13449611403964654,0.16879722825255214
network -> SGBM,scene_006,apple,7,55.64190540124444,0.09188398516427133,0.057189327302472254,0.02912524024284914,0.13449611403964654,0.2165507936851146
network -> SGBM,scene_006,apple,8,45.83503396171273,0.08869246262644734,0.07031572989934728,0.03744369942205829,0.13449611403964654,0.2783998607649043
network -> SGBM,scene_006,apple,9,37.79524274335357,0.07517199682003431,0.056704883497600334,0.024946230291893995,0.13449611403964654,0.18547919001243698
network -> SGBM,scene_006,apple,10,38.25316065358397,0.07168673021655267,0.031798740650884824,0.004844178370542953,0.13449611403964654,0.036017236669863895
network -> SGBM,scene_006,chips_box,0,30.51792415860539,0.24986579357240118,0.024630231652923315,0.0037342349364836154,0.2694943619712671,0.013856449200528179
network -> SGBM,scene_006,chips_box,1,27.726025055775764,0.2498108594932215,0.02479513131297207,0.00269223726971003,0.2694943619712671,0.009989957674873623
network -> SGBM,scene_006,chips_box,2,27.485059634068325,0.24750050066955795,0.02651944112008659,0.004442885930580978,0.2694943619712671,0.016486006972771732
network -> SGBM,scene_006,chips_box,3,31.521120212128746,0.25314779870220117,0.02174425776792508,0.003385066600970481,0.2694943619712671,0.012560806750129301
network -> SGBM,scene_006,chips_box,4,35.53389777195592,0.25252406881166095,0.022498658581436497,0.004184358243305838,0.2694943619712671,0.015526700494580162
network -> SGBM,scene_006,chips_box,5,39.614081594186494,0.2524411544163915,0.022550023938164247,0.002849332513229038,0.2694943619712671,0.010572883574955188
network -> SGBM,scene_006,chips_box,6,38.8220511250765,0.2492691025337831,0.02588408677816012,0.0052876373590291376,0.2694943619712671,0.019620586198359484
network -> SGBM,scene_006,chips_box,7,40.72119689202523,0.24694587672739612,0.02732943961308856,0.008479038500891434,0.2694943619712671,0.031462767676733255
network -> SGBM,scene_006,chips_box,8,35.91694569898087,0.24289156065196524,0.031373771839687016,0.006479765409218998,0.2694943619712671,0.02404415944668207
network -> SGBM,scene_006,chips_box,9,39.25614059013644,0.25038270039141225,0.024041995626465477,0.003654182061567735,0.2694943619712671,0.013559400778697316
network -> SGBM,scene_006,chips_box,10,35.12508937496167,0.2476333675375674,0.026687768901348247,0.0029586244542028433,0.2694943619712671,0.010978428018164942
network -> SGBM,scene_006,lemon,0,65.28325390198063,0.024467448961932953,0.01930707234158672,0.010462310798660538,0.10349089662648787,0.1010940202443156
network -> SGBM,scene_006,lemon,1,66.99292988733426,0.03544286451498096,0.024045888143609712,0.012797040954407661,0.10349089662648787,0.12365378377765775
network -> SGBM,scene_006,lemon,2,71.54815348520714,0.04456505166695397,0.022139226809289543,0.010628472515446016,0.10349089662648787,0.10269958867788688
network -> SGBM,scene_006,lemon,3,66.90215988841273,0.05101041827909663,0.016110277187993155,0.008235541265245573,0.10349089662648787,0.07957744626533399
network -> SGBM,scene_006,lemon,4,59.92246631155702,0.054110939362940896,0.02483714683130875,0.013095975262262844,0.10349089662648787,0.12654229201944134
network -> SGBM,scene_006,lemon,5,55.63446881010447,0.05515788013221427,0.033387401377987846,0.017012206440215654,0.10349089662648787,0.16438360275894529
network -> SGBM,scene_006,lemon,6,52.86601133540193,0.036087400277492784,0.020796628577362166,0.010073353986021875,0.10349089662648787,0.0973356528388958
network -> SGBM,scene_006,lemon,7,55.98901380129964,0.06018113561882721,0.02601855809068437,0.012674500823442961,0.10349089662648787,0.1224697170146944
network -> SGBM,scene_006,lemon,8,54.702835579241984,0.056284513268919326,0.018750613249681497,0.009921876203679679,0.10349089662648787,0.09587197064770848
network -> SGBM,scene_006,lemon,9,51.8567389827474,0.036708740312891106,0.014215935251625891,0.007595554777525073,0.10349089662648787,0.07339345802499345
network -> SGBM,scene_006,lemon,10,45.91655466063344,0.036983752721841616,0.017413629390078105,0.009317977157625676,0.10349089662648787,0.09003668401149784
network -> SGBM,scene_006,orange,0,33.65670967945315,0.012162626117858743,0.006828845400546666,0.003994977884449489,0.127517730652621,0.03132880317116415
network -> SGBM,scene_006,orange,1,36.95362628808142,0.01085399258931378,0.0063903910581586095,0.003717120311823992,0.127517730652621,0.029149831108193344
network -> SGBM,scene_006,orange,2,40.22739866454095,0.007057566802830384,0.0051324720139970205,0.001982749238237882,0.127517730652621,0.015548812138440674
network -> SGBM,scene_006,orange,3,44.580883652420866,0.012937515989007584,0.017194468427716932,0.007758979823942314,0.127517730652621,0.06084628219332913
network -> SGBM,scene_006,orange,4,38.56826407375101,0.02039962145343031,0.020290177052875343,0.010038526030809455,0.127517730652621,0.07872259002284183
network -> SGBM,scene_006,orange,5,38.29265844326522,0.025521263620406354,0.02618130153036971,0.012454557529317824,0.127517730652621,0.09766922188449274
network -> SGBM,scene_006,orange,6,36.9027290956699,0.032052570777660154,0.03203195069784632,0.014823947507783871,0.127517730652621,0.11625008876739432
network -> SGBM,scene_006,orange,7,32.05030728016871,0.042138686471613174,0.042230314014205544,0.017511621120745786,0.127517730652621,0.13732695077871393
network -> SGBM,scene_006,orange,8,35.41934751966696,0.03984854131571195,0.03936881560594446,0.016897465703339852,0.127517730652621,0.13251071530884823
network -> SGBM,scene_006,orange,9,35.29231374125349,0.022703104100006314,0.017785120441636968,0.008230404066190643,0.127517730652621,0.0645432131207824
network -> SGBM,scene_006,orange,10,40.12582066974739,0.024432470887897902,0.021043903736587564,0.009374138169700596,0.127517730652621,0.07351242938315197
network -> SGBM,scene_006,rubiks_cube,0,40.20080333721431,0.059209935740221764,0.027450017199837362,0.01090436681860271,0.12883775017150678,0.08463642685538197
network -> SGBM,scene_006,rubiks_cube,1,59.75090329003636,0.05147171389476339,0.01952363518797372,0.006695936510517293,0.12883775017150678,0.05197185220638957
network -> SGBM,scene_006,rubiks_cube,2,59.56363044532841,0.04311393330612239,0.018341748079386936,0.0034106738765316076,0.12883775017150678,0.026472628340617345
network -> SGBM,scene_006,rubiks_cube,3,64.37568827166427,0.04914418640547131,0.025652102636296636,0.007637422285779261,0.12883775017150678,0.05927938260030499
network -> SGBM,scene_006,rubiks_cube,4,52.448215857375224,0.04679836277609449,0.019539655628606236,0.004164993941889462,0.12883775017150678,0.03232743459386001
network -> SGBM,scene_006,rubiks_cube,5,50.51991840854632,0.05260477570879554,0.024205275950144597,0.008393065956385025,0.12883775017150678,0.06514446228075473
network -> SGBM,scene_006,rubiks_cube,6,50.831212242115086,0.042726974081526106,0.024123103362702847,0.005162220872055872,0.12883775017150678,0.04006761112472086
network -> SGBM,scene_006,rubiks_cube,7,47.32885584197715,0.03774996072266037,0.028570025506287178,0.00838455828017931,0.12883775017150678,0.06507842824807107
network -> SGBM,scene_006,rubiks_cube,8,47.3325155951241,0.03781188930565687,0.03343109556381742,0.011238032769631243,0.12883775017150678,0.08722624195681274
network -> SGBM,scene_006,rubiks_cube,9,45.31177667544526,0.038093245197757176,0.027875649684739972,0.007654267406949801,0.12883775017150678,0.05941012938180433
network -> SGBM,scene_006,rubiks_cube,10,43.36588584596268,0.06728869833235254,0.028349722561618718,0.012630558077238402,0.12883775017150678,0.09803460600968894
network -> SGBM,scene_006,scissors,0,44.267085485140385,0.047518400504042296,0.008577357220307348,0.01793154182499765,0.20983996337550315,0.08545341667311303
network -> SGBM,scene_006,scissors,1,43.66017811941253,0.056259412012818956,0.025614039082907082,0.020831470816589624,0.20983996337550315,0.0992731340660418
network -> SGBM,scene_006,scissors,2,46.02033235263269,0.06142747546159192,0.02860936395291352,0.021787191090486734,0.20983996337550315,0.10382765389402553
network -> SGBM,scene_006,scissors,3,49.685256970147165,0.07654764787710334,0.0549914162657259,0.030725867514650576,0.20983996337550315,0.14642524245806998
network -> SGBM,scene_006,scissors,4,47.58473533491613,0.11959560880031889,0.10815605968699427,0.0647871501089786,0.20983996337550315,0.3087455271474847
network -> SGBM,scene_006,scissors,5,51.02035852338454,0.14175660505300589,0.1310341891066074,0.08325777154936775,0.20983996337550315,0.3967679473922712
network -> SGBM,scene_006,scissors,6,47.91607254743294,0.1498624929444794,0.14223678444081075,0.0946329630768671,0.20983996337550315,0.4509768375603644
network -> SGBM,scene_006,scissors,7,52.24092956444909,0.1605881707638926,0.14986910680060894,0.10125839554611898,0.20983996337550315,0.4825505776748527
network -> SGBM,scene_006,scissors,8,52.64558260165449,0.15634767672305605,0.1468731078986135,0.09957717276664968,0.20983996337550315,0.47453864919171246
network -> SGBM,scene_006,scissors,9,43.53640637300443,0.13671035124693953,0.13274983708072624,0.08352139915089543,0.20983996337550315,0.39802427434394877
network -> SGBM,scene_006,scissors,10,45.94091575942671,0.11459773745996449,0.10061406221444488,0.05698903728920773,0.20983996337550315,0.2715833360456098
network -> SGBM,scene_006,wood_block,0,2.62649314184713,0.01852112810222674,0.01335141992697714,0.008152927947290493,0.24655690811826406,0.03306712437917108
network -> SGBM,scene_006,wood_block,1,3.949284983823416,0.004012999600438336,0.004277653611129773,0.0022426353762949438,0.24655690811826406,0.00909581237618066
network -> SGBM,scene_006,wood_block,2,2.3849243729759584,0.0386753069562175,0.040657863262836734,0.021561041541233658,0.24655690811826406,0.08744853959188861
network -> SGBM,scene_006,wood_block,3,3.3389181461235466,0.0330815721744508,0.035390034966281896,0.018266675189373444,0.24655690811826406,0.07408705490665712
network -> SGBM,scene_006,wood_block,4,6.481860040309715,0.04822774488256894,0.04891319391547177,0.019359018101665605,0.24655690811826406,0.07851744349576209
network -> SGBM,scene_006,wood_block,5,4.500698200681943,0.04720426534034634,0.047550096594031074,0.013520205690544958,0.24655690811826406,0.05483604492663343
network -> SGBM,scene_006,wood_block,6,10.508229325904233,0.0484712314944812,0.0527375117136254,0.021562721597823773,0.24655690811826406,0.0874553536641567
network -> SGBM,scene_006,wood_block,7,7.407089098807039,0.05838847962269163,0.06132778210351375,0.029983829739942614,0.24655690811826406,0.12161017904053413
network -> SGBM,scene_006,wood_block,8,5.56997592803819,0.044812202044924615,0.04222117318146064,0.014345802490240743,0.24655690811826406,0.05818454895354059
network -> SGBM,scene_006,wood_block,9,6.644269642223359,0.05536346915499837,0.049087317323717496,0.019872797030469607,0.24655690811826406,0.08060125827396154
network -> SGBM,scene_006,wood_block,10,11.884323114567302,0.05157224351082642,0.04847802077826139,0.021090527107390764,0.24655690811826406,0.08554019949534099
network -> SGBM,scene_009,apple,0,36.36471832427441,0.03500996681324747,0.004866140762094739,0.003048877778316344,0.13449611403964654,0.022668891217315027
network -> SGBM,scene_009,apple,1,42.88404164629071,0.03819788725807217,0.005498798429337818,0.0027108064765260123,0.13449611403964654,0.020155277316985718
network -> SGBM,scene_009,apple,2,39.95414279382188,0.038527059986799235,0.007105651131691876,0.0027003216798316193,0.13449611403964654,0.020077321185916368
network -> SGBM,scene_009,apple,3,45.97419212160212,0.04194056767998931,0.01043149938524702,0.0024905546612353736,0.13449611403964654,0.018517670038416218
network -> SGBM,scene_009,apple,4,47.804751065251985,0.04338851684006786,0.009063444330274837,0.002983805200261963,0.13449611403964654,0.022185066249441242
network -> SGBM,scene_009,apple,5,37.64000409902598,0.032255897509770357,0.005468759792715482,0.002576796292327846,0.13449611403964654,0.019158890282646102
network -> SGBM,scene_009,apple,6,42.222071500951145,0.0345123016122612,0.006304822553213633,0.002815567737374854,0.13449611403964654,0.020934193954071312
network -> SGBM,scene_009,apple,7,46.13990999132366,0.0344697794513085,0.007710027468481331,0.0030044187361864456,0.13449611403964654,0.022338331167700565
network -> SGBM,scene_009,chips_box,0,3.0409806607580476,0.003748707974861382,0.002265426942599583,0.0014782304075102127,0.2694943619712671,0.005485199752222714
network -> SGBM,scene_009,chips_box,1,2.3335348892577215,0.006276666484644004,0.0024359301642045516,0.001970399272055667,0.2694943619712671,0.007311467511389892
network -> SGBM,scene_009,chips_box,2,3.5609302843731863,0.009100258938706694,0.003102425947989727,0.0026680526192573665,0.2694943619712671,0.009900216834747098
network -> SGBM,scene_009,chips_box,3,1.8001135313884544,0.012966969352536741,0.010625715867494574,0.004696085585183931,0.2694943619712671,0.017425542971784388
network -> SGBM,scene_009,chips_box,4,1.9905387552124658,0.013948068290765064,0.014000650904290353,0.00458214687271975,0.2694943619712671,0.017002755973085214
network -> SGBM,scene_009,chips_box,5,2.853336866119474,0.0025194974068824287,0.003988556487210346,0.002278624623816477,0.2694943619712671,0.008455184765829793
network -> SGBM,scene_009,chips_box,6,2.5701251677368915,0.0038670914062297734,0.0025461661914449076,0.001805551898975966,0.2694943619712671,0.006699776150302061
network -> SGBM,scene_009,chips_box,7,2.2178456385215197,0.009519491977930275,0.00852961765136289,0.003778737118541071,0.2694943619712671,0.01402158134552719
network -> SGBM,scene_009,lemon,0,57.97515783326569,0.06921815687389783,0.010267084198581012,0.0068544046223386855,0.10349089662648787,0.0662319570684282
network -> SGBM,scene_009,lemon,1,60.400498901765104,0.06736868312687823,0.008500165620014353,0.005710765647375116,0.10349089662648787,0.05518133317547738
network -> SGBM,scene_009,lemon,2,53.70845067539954,0.0666653347037595,0.006991182458618147,0.005015920020133306,0.10349089662648787,0.04846725831583443
network -> SGBM,scene_009,lemon,3,56.58975536833054,0.08177831556752888,0.02452655318657818,0.013801673932695314,0.10349089662648787,0.1333612364235992
network -> SGBM,scene_009,lemon,4,58.59685269340137,0.07731051701425538,0.020653945055926923,0.011133139843078557,0.10349089662648787,0.10757603041414848
network -> SGBM,scene_009,lemon,5,62.913757926350854,0.08240246760005028,0.02231390487181446,0.012561425385716453,0.10349089662648787,0.12137710460710639
network -> SGBM,scene_009,lemon,6,67.32620827850477,0.09907214205876706,0.04384357891758873,0.023055390654267517,0.10349089662648787,0.2227769920428598
network -> SGBM,scene_009,lemon,7,67.94346136277119,0.10705257831155102,0.053637631797300106,0.030199812018626107,0.10349089662648787,0.2918112897177919
network -> SGBM,scene_009,orange,0,68.63787573462726,0.06595940794328645,0.02243581144342619,0.0033359417284439647,0.127517730652621,0.026160610852867288
network -> SGBM,scene_009,orange,1,71.28771483726123,0.0669553852513666,0.020394514121542532,0.0030169216622497174,0.127517730652621,0.02365884059267257
network -> SGBM,scene_009,orange,2,67.33178524885602,0.06743886848513524,0.022359664804131662,0.0029142813311271594,0.127517730652621,0.02285393032178509
network -> SGBM,scene_009,orange,3,59.75704768178063,0.0714964120079229,0.022120913751022625,0.002840641052896635,0.127517730652621,0.022276439820239604
network -> SGBM,scene_009,orange,4,66.61194368049202,0.06726615300710642,0.023385229856674718,0.003297702911089921,0.127517730652621,0.025860740261081018
network -> SGBM,scene_009,orange,5,79.6871056081899,0.06358376842747666,0.020568445223999855,0.002987895936341534,0.127517730652621,0.02343121949433877
network -> SGBM,scene_009,orange,6,79.86892776326471,0.061065199048069854,0.02293841976505594,0.003635027561894712,0.127517730652621,0.02850605592877995
network -> SGBM,scene_009,orange,7,90.94211713803782,0.05592204218803469,0.02119423412369731,0.0037835199979185065,0.127517730652621,0.029670540548007624
network -> SGBM,scene_009,rubiks_cube,0,35.23251785395836,0.05919054951636981,0.01739785089799671,0.007376920437614987,0.12883775017150678,0.05725744533566402
network -> SGBM,scene_009,rubiks_cube,1,50.291583458182835,0.05627751816097834,0.024188078081415827,0.007863251195862054,0.12883775017150678,0.06103219891215593
network -> SGBM,scene_009,rubiks_cube,2,44.42422158499073,0.06346280086203303,0.03484198235708399,0.01501832531547109,0.12883775017150678,0.1165677396219581
network -> SGBM,scene_009,rubiks_cube,3,34.66382480933746,0.07204033634559302,0.018839354051147898,0.012551128839160415,0.12883775017150678,0.09741810007123339
network -> SGBM,scene_009,rubiks_cube,4,28.58985137546208,0.05481149349686324,0.01790233386611742,0.006679903333244489,0.12883775017150678,0.05184740749005868
network -> SGBM,scene_009,rubiks_cube,5,33.836528676152476,0.05526152878809849,0.026663604855982626,0.010562594421738009,0.12883775017150678,0.08198369195113428
network -> SGBM,scene_009,rubiks_cube,6,52.98452198505784,0.055593132271822526,0.017364378772320808,0.007418011312907572,0.12883775017150678,0.05757638039342376
network -> SGBM,scene_009,rubiks_cube,7,60.45351932471437,0.06245047930498274,0.012514934134897866,0.007535720332387385,0.12883775017150678,0.05849000252143454
network -> SGBM,scene_009,scissors,0,11.467535704746933,0.013144188791264545,0.0076409272460954535,0.004197732730496714,0.20983996337550315,0.020004448451913712
network -> SGBM,scene_009,scissors,1,7.530814242640671,0.011635601387710255,0.0047285765453898496,0.0032089428858021753,0.20983996337550315,0.01529233437798431
network -> SGBM,scene_009,scissors,2,1.0179098818292074,0.003099791005699945,0.0022291758618622278,0.0014419211714977779,0.20983996337550315,0.006871527941117191
network -> SGBM,scene_009,scissors,3,6.186207827209981,0.006331607243551211,0.003562604280717046,0.0023886255710846124,0.20983996337550315,0.011383082291194595
network -> SGBM,scene_009,scissors,4,5.228334567846988,0.004690684809433335,0.0037209450389947755,0.002277993514241808,0.20983996337550315,0.010855861188678335
network -> SGBM,scene_009,scissors,5,3.0863296561288407,0.0026616325511422657,0.003523613783773317,0.0018881511866867,0.20983996337550315,0.008998053356061174
network -> SGBM,scene_009,scissors,6,2.163017181553596,0.003754817449243535,0.003964539522568227,0.0021171678509873362,0.20983996337550315,0.010089440623846849
network -> SGBM,scene_009,scissors,7,4.291309911327962,0.005150764174702602,0.005218848961100984,0.0027720010264176923,0.20983996337550315,0.013210072008339369
network -> SGBM,scene_009,wood_block,0,1.3433041927278488,0.006616195352653996,0.004248744830756513,0.0026170672219641873,0.24655690811826406,0.010614455064097732
network -> SGBM,scene_009,wood_block,1,1.7609545787771665,0.0034765488371442427,0.0038082643332487125,0.0019800292884913427,0.24655690811826406,0.008030719169878612
network -> SGBM,scene_009,wood_block,2,1.006506211543171,0.003314052334739733,0.0045304023102790015,0.0025843372212431518,0.24655690811826406,0.0104817068033784
network -> SGBM,scene_009,wood_block,3,1.9048334322755764,0.006123299929312705,0.004421653546429429,0.002819126134268492,0.24655690811826406,0.011433977477184552
network -> SGBM,scene_009,wood_block,4,1.2633027512012789,0.006646043945329461,0.00466364246296129,0.0029882725680387173,0.24655690811826406,0.012120011525312264
network -> SGBM,scene_009,wood_block,5,1.0978059092063228,0.004363699552774857,0.004723302384806637,0.0029565360301979215,0.24655690811826406,0.011991292609736096
network -> SGBM,scene_009,wood_block,6,2.326576108342953,0.004905377181442873,0.004942920600711313,0.0031807223263905435,0.24655690811826406,0.012900560566994419
network -> SGBM,scene_009,wood_block,7,1.5020165593099595,0.003839248262254396,0.004277122248303536,0.002754863346295848,0.24655690811826406,0.011173336684504674
RealSense -> ZED,scene_001,apple,0,52.061668589990944,0.0360333761935062,0.013218168293405077,0.003911680113570481,0.13449611403964654,0.02908396381190168
RealSense -> ZED,scene_001,apple,1,71.93197383383419,0.046183304608604224,0.015693743469115024,0.004495030910892645,0.13449611403964654,0.03342126977414089
RealSense -> ZED,scene_001,apple,2,81.82966942300088,0.05333273099770325,0.019385786273440026,0.00536257644958701,0.13449611403964654,0.039871608840730065
RealSense -> ZED,scene_001,apple,3,93.5092364977396,0.061710298811951184,0.025091544395759818,0.009038412450732815,0.13449611403964654,0.06720203416485689
RealSense -> ZED,scene_001,apple,4,96.23841651662073,0.0593286961685316,0.021713250981496953,0.005056334355781319,0.13449611403964654,0.03759465016432238
RealSense -> ZED,scene_001,apple,5,93.98313994625944,0.059254828693228546,0.02517438547058661,0.009659974498447153,0.13449611403964654,0.07182344685140571
RealSense -> ZED,scene_001,apple,6,92.19454314479161,0.05311782695170306,0.022122339866456127,0.003803988130754826,0.13449611403964654,0.028283256790850426
RealSense -> ZED,scene_001,apple,7,94.61448218535824,0.05998344877304305,0.026982082592598735,0.010090609982011818,0.13449611403964654,0.07502529016591011
RealSense -> ZED,scene_001,chips_box,0,31.608924510362147,0.002297687814794037,0.0032198602277578596,0.0024114383521731905,0.2694943619712671,0.008948010394481993
RealSense -> ZED,scene_001,chips_box,1,32.297576325356665,0.001532532434943489,0.009973993716219312,0.005543676491858275,0.2694943619712671,0.020570658515109603
RealSense -> ZED,scene_001,chips_box,2,33.95470976915352,0.004792603216939835,0.012728243760998988,0.006986452381435252,0.2694943619712671,0.025924298862252757
RealSense -> ZED,scene_001,chips_box,3,36.63056567376902,0.006191450172065904,0.010144384197989647,0.0058537109629127814,0.2694943619712671,0.021721088783062895
RealSense -> ZED,scene_001,chips_box,4,35.737518542689,0.005453299832642777,0.005575113193575236,0.003819807130667078,0.2694943619712671,0.01417397789967249
RealSense -> ZED,scene_001,chips_box,5,32.9380032963753,0.006784749194875581,0.004910674254903203,0.0026596391500462095,0.2694943619712671,0.009868997371936764
RealSense -> ZED,scene_001,chips_box,6,35.07366146134965,0.01068659201851075,0.005497564392348031,0.002766735894829969,0.2694943619712671,0.010266396204329323
RealSense -> ZED,scene_001,chips_box,7,35.60109476976334,0.009587789645849587,0.002245362313752384,0.0016611027866581815,0.2694943619712671,0.006163775651956996
RealSense -> ZED,scene_001,lemon,0,49.11990000879619,0.06326268708153383,0.015502895688190915,0.0077070863739750455,0.10349089662648787,0.07447115277965871
RealSense -> ZED,scene_001,lemon,1,58.43048102684763,0.06634727649966911,0.009172062128469678,0.005770703273475928,0.10349089662648787,0.05576049161408996
RealSense -> ZED,scene_001,lemon,2,69.98102844883064,0.05552326519225315,0.01631348558977281,0.00793056332444279,0.10349089662648787,0.07663054029829527
RealSense -> ZED,scene_001,lemon,3,45.99830680372435,0.0740961210891045,0.013017246871003547,0.008081577878199443,0.10349089662648787,0.07808974645728417
RealSense -> ZED,scene_001,lemon,4,50.56056864538283,0.07996641529781284,0.01782978318993692,0.010593429665200006,0.10349089662648787,0.1023609806322683
RealSense -> ZED,scene_001,lemon,5,48.799678320961924,0.09310298704051236,0.036785155278827635,0.01970709157420527,0.10349089662648787,0.1904234306262775
RealSense -> ZED,scene_001,lemon,6,48.860452962257966,0.10672934419373256,0.06006152279872309,0.0369859581513073,0.10349089662648787,0.35738368645886254
RealSense -> ZED,scene_001,lemon,7,44.06245357460333,0.10329125032804246,0.07076882892858886,0.046611307886903104,0.10349089662648787,0.45039041506355276
RealSense -> ZED,scene_001,orange,0,40.30089751260604,0.05407109120747716,0.017773984236084225,0.002994743515014088,0.127517730652621,0.0234849185261323
RealSense -> ZED,scene_001,orange,1,38.08508941684157,0.060888812803915636,0.023398427316386274,0.003626779814235241,0.127517730652621,0.02844137670639056
RealSense -> ZED,scene_001,orange,2,42.72375940112763,0.06149722146052763,0.0215169887599326,0.0036230808882872956,0.127517730652621,0.028412369556333746
RealSense -> ZED,scene_001,orange,3,48.31016304077787,0.06576957938986311,0.02822740208499442,0.008503026648012961,0.127517730652621,0.06668113214135363
RealSense -> ZED,scene_001,orange,4,54.42030629923653,0.0883053733958818,0.035570345041720075,0.01849739069024143,0.127517730652621,0.14505740178698226
RealSense -> ZED,scene_001,orange,5,63.375449293550204,0.10005148365772626,0.0520610507746701,0.027597544956039447,0.127517730652621,0.21642123659822365
RealSense -> ZED,scene_001,orange,6,74.61451699334268,0.12608424274876986,0.09617543043161755,0.06620788534909582,0.127517730652621,0.5192053294098907
RealSense -> ZED,scene_001,orange,7,61.189534423538134,0.10854889230790536,0.09666293986323644,0.06261248451203501,0.127517730652621,0.4910100281081819
RealSense -> ZED,scene_001,rubiks_cube,0,58.27037086942743,0.042788321240861495,0.019306259499953276,0.002809541560197564,0.12883775017150678,0.021806819479985848
RealSense -> ZED,scene_001,rubiks_cube,1,54.07552171236425,0.04764056393944738,0.016865131571839775,0.0030888220493175546,0.12883775017150678,0.023974510927160426
RealSense -> ZED,scene_001,rubiks_cube,2,63.40361308633727,0.040654778193441946,0.028278767083896525,0.0077279049954497815,0.12883775017150678,0.05998168227217967
RealSense -> ZED,scene_001,rubiks_cube,3,56.00676889316807,0.04467596165444043,0.031580365108280904,0.011407420032864764,0.12883775017150678,0.08854097512320253
RealSense -> ZED,scene_001,rubiks_cube,4,48.672223261594155,0.05547277628419977,0.04177800233651135,0.020115169365678483,0.12883775017150678,0.15612791545103424
RealSense -> ZED,scene_001,rubiks_cube,5,46.63142583864008,0.09136669226360108,0.06906352589900512,0.04217546124187332,0.12883775017150678,0.3273532888127122
RealSense -> ZED,scene_001,rubiks_cube,6,56.066191671813264,0.083346396520162,0.06912490274623878,0.040343288667805656,0.12883775017150678,0.31313251445404244
RealSense -> ZED,scene_001,rubiks_cube,7,52.17865867351765,0.044500261995333516,0.0367865068280348,0.01637305311749558,0.12883775017150678,0.12708273076563376
RealSense -> ZED,scene_001,scissors,0,11.955534818369463,0.016995065151990146,0.0090360534696945,0.005536291260977283,0.20983996337550315,0.026383397956804985
RealSense -> ZED,scene_001,scissors,1,1.9184389486351288,0.00937475373898711,0.007538038859927721,0.004638823356387442,0.20983996337550315,0.02210648191968271
RealSense -> ZED,scene_001,scissors,2,2.363602128288695,0.004731747817568536,0.0031887957748575014,0.0019118520590617745,0.20983996337550315,0.009111000727924094
RealSense -> ZED,scene_001,scissors,3,1.9317104566888101,0.008785094039002267,0.0076254844819355645,0.0035317750910672636,0.20983996337550315,0.01683080302843574
RealSense -> ZED,scene_001,scissors,4,4.712730354570879,0.005047388190202237,0.0033656321710069073,0.001959158376369473,0.20983996337550315,0.009336440708691938
RealSense -> ZED,scene_001,scissors,5,6.051267989892213,0.010133596219601464,0.007595015955378739,0.003081788777479504,0.20983996337550315,0.014686376836449992
RealSense -> ZED,scene_001,scissors,6,16.86978570972704,0.018804298249505295,0.006417309640626327,0.006663622442117253,0.20983996337550315,0.031755735823270584
RealSense -> ZED,scene_001,scissors,7,14.201571040325089,0.016039168005777347,0.004543906599575982,0.00540666238274036,0.20983996337550315,0.02576564680896974
RealSense -> ZED,scene_001,wood_block,0,3.659302074861049,0.2172798168982909,0.012916121557367315,0.002969011027283769,0.24655690811826406,0.012041889436168815
RealSense -> ZED,scene_001,wood_block,1,4.49876415731265,0.21588134627191632,0.01337086275564729,0.001955048101415003,0.24655690811826406,0.00792939900299707
RealSense -> ZED,scene_001,wood_block,2,4.048091035449646,0.21406505343777318,0.016321012314152165,0.0039691730622737845,0.24655690811826406,0.016098405404929565
RealSense -> ZED,scene_001,wood_block,3,4.234918434108512,0.21881200419066957,0.011710795602942496,0.0035286703946763574,0.24655690811826406,0.014311788793943616
RealSense -> ZED,scene_001,wood_block,4,4.108488173824257,0.21796576932437595,0.011762259134653199,0.002607646970566959,0.24655690811826406,0.010576247854779916
RealSense -> ZED,scene_001,wood_block,5,3.3615947215531885,0.21914599186004513,0.01170532429468119,0.004002200319312348,0.24655690811826406,0.01623235929529358
RealSense -> ZED,scene_001,wood_block,6,3.811216039476032,0.22011523044560058,0.01260741612250163,0.0058444955324466205,0.24655690811826406,0.02370444850664349
RealSense -> ZED,scene_001,wood_block,7,5.311784033578627,0.21916729798920243,0.012785615684055465,0.005788714235745228,0.24655690811826406,0.02347820744478431
RealSense -> ZED,scene_002,apple,0,89.27356196531274,0.0629496536304532,0.018719871500385902,0.002699358787307714,0.13449611403964654,0.020070161926849437
RealSense -> ZED,scene_002,apple,1,91.04508533770618,0.06965374374523355,0.013103069116689141,0.004870469568514382,0.13449611403964654,0.03621271590849586
RealSense -> ZED,scene_002,apple,2,92.87775464807717,0.07114144715651419,0.010845336552807132,0.0057469310009236356,0.13449611403964654,0.042729346062961825
RealSense -> ZED,scene_002,apple,3,91.10930161436852,0.06766905827548271,0.013197263034296818,0.004603008530070044,0.13449611403964654,0.03422410054697325
RealSense -> ZED,scene_002,apple,4,91.43084649733406,0.06004843059485785,0.016403504119838295,0.0035953159300031816,0.13449611403964654,0.026731745788159803
RealSense -> ZED,scene_002,apple,5,83.85206680027136,0.060217921990200034,0.013516715184858918,0.004883214324959401,0.13449611403964654,0.03630747519976626
RealSense -> ZED,scene_002,apple,6,72.86143391867274,0.060071016843719946,0.015008493061095661,0.004273254460612373,0.13449611403964654,0.031772326591924506
RealSense -> ZED,scene_002,apple,7,68.7229933627161,0.051050481339778034,0.013530815468307643,0.004469125416243898,0.13449611403964654,0.03322865830106063
RealSense -> ZED,scene_002,apple,8,54.94901228769561,0.04219675480628282,0.015750893557202057,0.005582267259744052,0.13449611403964654,0.041505044956901285
RealSense -> ZED,scene_002,apple,9,53.35202698882404,0.04198790274910796,0.0161426897807379,0.005732698987488883,0.13449611403964654,0.04262352877941892
RealSense -> ZED,scene_002,apple,10,41.96849653933282,0.035952794578379764,0.013161282156081736,0.004216236342078119,0.13449611403964654,0.031348387811675094
RealSense -> ZED,scene_002,chips_box,0,22.250549580289444,0.025491461241096688,0.006141658594488834,0.003274558744915697,0.2694943619712671,0.012150750468259605
RealSense -> ZED,scene_002,chips_box,1,23.636934623821073,0.025108609090311394,0.00593053007087895,0.0027101190330743713,0.2694943619712671,0.010056310689584364
RealSense -> ZED,scene_002,chips_box,2,27.78332211025601,0.02724253937590446,0.005233478679698567,0.0028369834592340626,0.2694943619712671,0.010527060523576132
RealSense -> ZED,scene_002,chips_box,3,28.0852856247381,0.027547232521442658,0.004503465700708332,0.002526609500727578,0.2694943619712671,0.009375370535569718
RealSense -> ZED,scene_002,chips_box,4,27.0278090755236,0.027610670450505033,0.005695153957070658,0.0032040146795536853,0.2694943619712671,0.011888985936912812
RealSense -> ZED,scene_002,chips_box,5,26.275772595759854,0.02574610609702336,0.005183015653611706,0.002399376457562334,0.2694943619712671,0.008903252891866251
RealSense -> ZED,scene_002,chips_box,6,31.65463297752702,0.02505208225407971,0.004493529205660706,0.002472175310322942,0.2694943619712671,0.009173384156313148
RealSense -> ZED,scene_002,chips_box,7,35.23053569917342,0.025383882892409292,0.004003620258298492,0.0020548429135515004,0.2694943619712671,0.007624808543380894
RealSense -> ZED,scene_002,chips_box,8,39.47675932109303,0.025006070211834003,0.003942594150660343,0.002378590786123879,0.2694943619712671,0.008826124482624535
RealSense -> ZED,scene_002,chips_box,9,43.93374569299372,0.023394259980847557,0.005244182667112706,0.002453355249998956,0.2694943619712671,0.009103549447392624
RealSense -> ZED,scene_002,chips_box,10,44.62652071758808,0.023529286432545735,0.004157724493027135,0.0020772595191938534,0.2694943619712671,0.0077079887831394646
RealSense -> ZED,scene_002,lemon,0,91.04434589149862,0.056427506107159665,0.019025034393654047,0.009342042905977366,0.10349089662648787,0.09026922377234797
RealSense -> ZED,scene_002,lemon,1,89.80570009356649,0.058928420723339314,0.018739094307926103,0.008569514812686153,0.10349089662648787,0.08280452766405771
RealSense -> ZED,scene_002,lemon,2,88.467071531734,0.05657959315063032,0.012734505023938109,0.0055386071063952555,0.10349089662648787,0.0535178193149182
RealSense -> ZED,scene_002,lemon,3,81.18442929494799,0.06589211359123137,0.010132045037607392,0.005651532674610139,0.10349089662648787,0.054608983580529374
RealSense -> ZED,scene_002,lemon,4,85.47848041627094,0.05704593068246438,0.02083506331142422,0.009140943859243373,0.10349089662648787,0.08832606690262072
RealSense -> ZED,scene_002,lemon,5,86.26638114860462,0.06585322472577008,0.012890868667191196,0.006655216242965911,0.10349089662648787,0.06430726237676201
RealSense -> ZED,scene_002,lemon,6,89.61138447824115,0.061239893278650634,0.0021760893792306217,0.0028897640511573145,0.10349089662648787,0.027922881580462574
RealSense -> ZED,scene_002,lemon,7,91.49442605987738,0.05943887988798358,0.00941541864504608,0.005265043704401416,0.10349089662648787,0.050874462160702356
RealSense -> ZED,scene_002,lemon,8,89.46674000960974,0.058570877164991264,0.006484655607133415,0.003796674491561258,0.10349089662648787,0.03668607206355503
RealSense -> ZED,scene_002,lemon,9,87.09251726116469,0.053772448136263855,0.009087315043406222,0.0037750128972874218,0.10349089662648787,0.03647676288777297
RealSense -> ZED,scene_002,lemon,10,90.42378820439774,0.05816028114879872,0.008283700034986461,0.0038729974752946704,0.10349089662648787,0.03742355706195901
RealSense -> ZED,scene_002,orange,0,59.391387682290095,0.06057469331044473,0.02228182738561723,0.003320732199520499,0.127517730652621,0.026041337016628002
RealSense -> ZED,scene_002,orange,1,47.994292902528244,0.06287456469119636,0.025414835590771536,0.004757354880951779,0.127517730652621,0.0373073991875811
RealSense -> ZED,scene_002,orange,2,48.254120789300195,0.06570628998673263,0.025858436790703238,0.004636137938314411,0.127517730652621,0.03635681026150005
RealSense -> ZED,scene_002,orange,3,48.31496556497516,0.0669320237441362,0.027405523783746222,0.005117629668278658,0.127517730652621,0.040132690897863546
RealSense -> ZED,scene_002,orange,4,45.148435256192485,0.06942822839594873,0.02443668548371239,0.004375988345517696,0.127517730652621,0.03431670500346809
RealSense -> ZED,scene_002,orange,5,52.28072695571775,0.0674179018963554,0.026062282498073013,0.005051518763513689,0.127517730652621,0.03961424609472424
RealSense -> ZED,scene_002,orange,6,45.74764865935903,0.0698707761836397,0.02435384550849434,0.0038336818758060234,0.127517730652621,0.0300639123374113
RealSense -> ZED,scene_002,orange,7,44.66919969991492,0.0698189481600653,0.0245253007645089,0.004008350042658528,0.127517730652621,0.031433668260439196
RealSense -> ZED,scene_002,orange,8,46.975351844876485,0.06723977087735414,0.02757035150656694,0.005302721158197835,0.127517730652621,0.041584187007243
RealSense -> ZED,scene_002,orange,9,42.629555807811876,0.06583360249619633,0.030700986781750626,0.007221206786112605,0.127517730652621,0.056629040911842635
RealSense -> ZED,scene_002,orange,10,40.83633989749307,0.06657336844373243,0.029127102408780477,0.00621402741593198,0.127517730652621,0.0487306932465729
RealSense -> ZED,scene_002,rubiks_cube,0,54.034599305014204,0.04581154598073071,0.01574893969812456,0.0026075055178841227,0.12883775017150678,0.02023867627627037
RealSense -> ZED,scene_002,rubiks_cube,1,55.15002877951936,0.044645727195875624,0.016139108909180536,0.0018903139659261995,0.12883775017150678,0.014672050415424387
RealSense -> ZED,scene_002,rubiks_cube,2,59.83450504116337,0.044305342000473896,0.015031379093812636,0.005062020250665487,0.12883775017150678,0.03928988393484833
RealSense -> ZED,scene_002,rubiks_cube,3,58.423373268523136,0.0454039940938439,0.014607842911194406,0.005609405080605675,0.12883775017150678,0.043538520915946795
RealSense -> ZED,scene_002,rubiks_cube,4,56.776588405451626,0.038234038862593,0.015847443652728818,0.0036472919723345917,0.12883775017150678,0.028309187078161286
RealSense -> ZED,scene_002,rubiks_cube,5,59.42752693208535,0.035347448780352564,0.029945239287893773,0.010844319590641385,0.12883775017150678,0.08417035827003808
RealSense -> ZED,scene_002,rubiks_cube,6,57.27304729601861,0.04004206340446485,0.015425945216593441,0.005324136568853787,0.12883775017150678,0.04132435223190704
RealSense -> ZED,scene_002,rubiks_cube,7,53.68385471284533,0.04080016026484783,0.01213662148239675,0.004771218044281328,0.12883775017150678,0.03703276437169974
RealSense -> ZED,scene_002,rubiks_cube,8,50.495884564481415,0.03908882078944283,0.01500415065022797,0.004261730026254197,0.12883775017150678,0.03307827108577299
RealSense -> ZED,scene_002,rubiks_cube,9,50.044454642986885,0.04119509658800492,0.016861258968955344,0.005608179586949767,0.12883775017150678,0.043529009001509626
RealSense -> ZED,scene_002,rubiks_cube,10,52.735562641610684,0.033337570312044526,0.02168148697818813,0.006654451560364121,0.12883775017150678,0.0516498584576789
RealSense -> ZED,scene_002,scissors,0,3.108677033640198,0.00986118941128576,0.008765494525784349,0.002897648801261006,0.20983996337550315,0.013808851062729834
RealSense -> ZED,scene_002,scissors,1,2.89162720731032,0.00259657408593532,0.0019882200207438864,0.0011924802550382773,0.20983996337550315,0.005682808154633371
RealSense -> ZED,scene_002,scissors,2,4.796295813895859,0.016547359795391722,0.013172401513494171,0.0042307644546414665,0.20983996337550315,0.020161862338255482
RealSense -> ZED,scene_002,scissors,3,3.2182545518227936,0.007390740649386294,0.004945472211088914,0.0024724760033123148,0.20983996337550315,0.011782674584668524
RealSense -> ZED,scene_002,scissors,4,2.891175015509807,0.006559974843018699,0.007752906307927836,0.00442952692756062,0.20983996337550315,0.02110907215340148
RealSense -> ZED,scene_002,scissors,5,1.8822337442917176,0.002489236078472564,0.0034569134478723185,0.0021537483016018976,0.20983996337550315,0.010263766095630797
RealSense -> ZED,scene_002,scissors,6,2.171393076826188,0.0068090458939239,0.00591369342907068,0.002707390179015707,0.20983996337550315,0.012902166658173222
RealSense -> ZED,scene_002,scissors,7,3.2166707674949513,0.007869046374411914,0.006355170049644991,0.00236679345908474,0.20983996337550315,0.01127904056506827
RealSense -> ZED,scene_002,scissors,8,3.420907520240575,0.010141375164804749,0.007358080193111101,0.0031264004027451706,0.20983996337550315,0.014898975163994662
RealSense -> ZED,scene_002,scissors,9,6.01270378915129,0.009531590324904924,0.004029029019157613,0.0026158913102085238,0.20983996337550315,0.012466125461180406
RealSense -> ZED,scene_002,scissors,10,3.7873859254456663,0.006855633449774471,0.003875747375247284,0.0020341088261411917,0.20983996337550315,0.009693619811118662
RealSense -> ZED,scene_002,wood_block,0,3.1026357719168356,0.2182547632466918,0.011892428153684772,0.002809821355651704,0.24655690811826406,0.01139623860915687
RealSense -> ZED,scene_002,wood_block,1,3.8643931000757723,0.21918397622512795,0.011007837551498298,0.003016035836277624,0.24655690811826406,0.012232615420497346
RealSense -> ZED,scene_002,wood_block,2,4.960141779780464,0.2170318371744506,0.012205493307522122,0.0020389909844087386,0.24655690811826406,0.008269859481814686
RealSense -> ZED,scene_002,wood_block,3,3.64558896843512,0.2178347799111709,0.011618030401225856,0.0020874735599248602,0.24655690811826406,0.008466497961288426
RealSense -> ZED,scene_002,wood_block,4,2.5301723332052948,0.22168828259333723,0.008959299582048923,0.0034931480482221556,0.24655690811826406,0.014167715173271983
RealSense -> ZED,scene_002,wood_block,5,3.507144341876863,0.22491247560891062,0.009647905650629816,0.0057757516710992066,0.24655690811826406,0.023425633113182926
RealSense -> ZED,scene_002,wood_block,6,2.764395106982504,0.2171283378124697,0.01225172357172652,0.002065306426571987,0.24655690811826406,0.008376591198902193
RealSense -> ZED,scene_002,wood_block,7,2.5148346942005295,0.21783332142811523,0.011582044607262426,0.0022538878167004148,0.24655690811826406,0.009141450685370006
RealSense -> ZED,scene_002,wood_block,8,2.7681768811857976,0.21617608413570183,0.013165110036826865,0.00202674609169596,0.24655690811826406,0.008220195926223273
RealSense -> ZED,scene_002,wood_block,9,1.9476966611232007,0.21657403214947185,0.012721729185977929,0.002167427530872963,0.24655690811826406,0.008790779976172194
RealSense -> ZED,scene_002,wood_block,10,1.8034874568165453,0.21769206476390457,0.011685394754072811,0.0023316142431525854,0.24655690811826406,0.009456698094357178
RealSense -> ZED,scene_004,chips_box,0,7.325682435184278,0.018245868040294554,0.005984163575913596,0.003553568096419126,0.2694943619712671,0.013186057290497231
RealSense -> ZED,scene_004,chips_box,1,9.810482657169873,0.01821980060856591,0.00486144035042521,0.0031711855978295046,0.2694943619712671,0.011767168613967552
RealSense -> ZED,scene_004,chips_box,2,6.764071603483741,0.02781900611800004,0.005630436793458345,0.0040980885849448015,0.2694943619712671,0.015206583748055297
RealSense -> ZED,scene_004,chips_box,3,3.9900715422820205,0.027585572284445754,0.004723636450371811,0.003924647452674852,0.2694943619712671,0.014563003930647312
RealSense -> ZED,scene_004,chips_box,4,21.909619681933908,0.023527007904897514,0.007769647863415919,0.005072036341220508,0.2694943619712671,0.018820565685011538
RealSense -> ZED,scene_004,chips_box,5,30.00045316032574,0.013639724894103,0.008810185321864176,0.005245009621801142,0.2694943619712671,0.019462409467253916
RealSense -> ZED,scene_004,chips_box,6,37.79719799806474,0.017390810674380815,0.011070237874434992,0.0065121353494203725,0.2694943619712671,0.02416427305486518
RealSense -> ZED,scene_004,chips_box,7,43.534408031925246,0.016664160733339192,0.0052774159663281466,0.003485650378227998,0.2694943619712671,0.012934038221547768
RealSense -> ZED,scene_004,chips_box,8,43.388391337899385,0.014257641491065174,0.004225267993891478,0.002882000411913875,0.2694943619712671,0.010694102803609478
RealSense -> ZED,scene_004,chips_box,9,35.217058236172555,0.023679489684296128,0.009899566739405266,0.005862047763300777,0.2694943619712671,0.02175202375449241
RealSense -> ZED,scene_004,chips_box,10,26.365682747382905,0.014441915475688268,0.004919977192840009,0.0034642811061621954,0.2694943619712671,0.012854744273023232
RealSense -> ZED,scene_004,scissors,0,3.9773970364222766,0.014347697299239166,0.013619828722305957,0.005038845515346015,0.20983996337550315,0.024012802110192577
RealSense -> ZED,scene_004,scissors,1,3.409371665731979,0.009323358221483589,0.00835945470205573,0.0036343270104310047,0.20983996337550315,0.017319517941048586
RealSense -> ZED,scene_004,scissors,2,3.1245489714955696,0.008958430972271668,0.007188987321171264,0.0029736322630648892,0.20983996337550315,0.01417095302167801
RealSense -> ZED,scene_004,scissors,3,3.040872045067552,0.0020966573636359773,0.0022722560176346406,0.001310867492051404,0.20983996337550315,0.0062469868511444634
RealSense -> ZED,scene_004,scissors,4,4.061676234171634,0.002644087447975707,0.004347041164434518,0.0021445438298716662,0.20983996337550315,0.010219901849840018
RealSense -> ZED,scene_004,scissors,5,2.102513657398924,0.007263133195139154,0.005262014477080853,0.002383101127410014,0.20983996337550315,0.011356755353342855
RealSense -> ZED,scene_004,scissors,6,5.481331762712376,0.011804346037611364,0.008016861506183694,0.003685151647295152,0.20983996337550315,0.017561724602003812
RealSense -> ZED,scene_004,scissors,7,4.567164818493356,0.005910418844037017,0.005132335949135001,0.002181831604443876,0.20983996337550315,0.010397598099745877
RealSense -> ZED,scene_004,scissors,8,3.105217235950687,0.005069641685775664,0.005155241942747736,0.0021647293031383194,0.20983996337550315,0.010316096459017163
RealSense -> ZED,scene_004,scissors,9,9.708858202665017,0.012384949834528845,0.010436715517726573,0.004782146045858264,0.20983996337550315,0.022789491424475415
RealSense -> ZED,scene_004,scissors,10,13.411596440867319,0.015445965946312383,0.010488350443738534,0.0046030299993602315,0.20983996337550315,0.02193590737110085
RealSense -> ZED,scene_004,wood_block,0,2.74913435295586,0.04581027402029066,0.005462372007872798,0.0031164833951085945,0.24655690811826406,0.012640016533682904
RealSense -> ZED,scene_004,wood_block,1,3.0294213346470453,0.046498122857153185,0.0050324423462931,0.003187508492886213,0.24655690811826406,0.01292808429994298
RealSense -> ZED,scene_004,wood_block,2,3.4914149779561767,0.04707650101221441,0.005402577025495678,0.003325494081676264,0.24655690811826406,0.013487734361436549
RealSense -> ZED,scene_004,wood_block,3,4.061964959379311,0.04633741919010196,0.004050082461305767,0.0026994506644834413,0.24655690811826406,0.010948590672578586
RealSense -> ZED,scene_004,wood_block,4,3.9724401646272867,0.047294716470356456,0.006858319135544226,0.004168025638679604,0.24655690811826406,0.01690492337241818
RealSense -> ZED,scene_004,wood_block,5,3.6665624511653987,0.049816209753242295,0.010862875598172615,0.006571476898931537,0.24655690811826406,0.026652982263143273
RealSense -> ZED,scene_004,wood_block,6,3.398649017602006,0.052808786640064,0.013879748684581004,0.008409714736228036,0.24655690811826406,0.03410861533108702
RealSense -> ZED,scene_004,wood_block,7,4.309265766712942,0.042260382882161295,0.012859594704466671,0.0073945295211853695,0.24655690811826406,0.029991167465640397
RealSense -> ZED,scene_004,wood_block,8,3.4710403092283837,0.04913823314586172,0.009839951123450688,0.005899679438360427,0.24655690811826406,0.023928266635833105
RealSense -> ZED,scene_004,wood_block,9,3.160902401123594,0.041482849307667345,0.006294650669102245,0.003554494689622117,0.24655690811826406,0.014416528487277914
RealSense -> ZED,scene_004,wood_block,10,3.10211963577228,0.0450215077103648,0.005473349722470468,0.0031756372451386067,0.24655690811826406,0.01287993619556331
RealSense -> ZED,scene_005,apple,0,71.49710354611088,0.04459838305746218,0.019995051233377026,0.004631713359916106,0.13449611403964654,0.03443752552249039
RealSense -> ZED,scene_005,apple,1,67.28279408225127,0.04216019570638229,0.017616869900518438,0.004166927748265174,0.13449611403964654,0.03098177057395765
RealSense -> ZED,scene_005,apple,2,59.506877570911605,0.03612389382027848,0.016902992864945746,0.004098906142985444,0.13449611403964654,0.030476019119609475
RealSense -> ZED,scene_005,apple,3,52.063054360146545,0.030864849594238356,0.01631588964587173,0.004601791864753461,0.13449611403964654,0.03421505444682924
RealSense -> ZED,scene_005,apple,4,60.583110402036176,0.03381966246643286,0.018372100962563982,0.005234936467165518,0.13449611403964654,0.03892258526980469
RealSense -> ZED,scene_005,apple,5,60.27260146441702,0.03305421903028211,0.016595707766408098,0.005116248371179425,0.13449611403964654,0.03804012039835788
RealSense -> ZED,scene_005,apple,6,58.35893597229619,0.031180684346678204,0.016377230199630187,0.005433819167813516,0.13449611403964654,0.040401309782167716
RealSense -> ZED,scene_005,apple,7,58.124170264717485,0.02974512380544419,0.014956642540447275,0.004994951750316942,0.13449611403964654,0.037138260729559364
RealSense -> ZED,scene_005,apple,8,53.62843040349591,0.02645875533998164,0.01478704285159627,0.004857210296349018,0.13449611403964654,0.036114131111009036
RealSense -> ZED,scene_005,apple,9,52.55099193123131,0.029506029249397832,0.014386181927150748,0.0038451417891962854,0.13449611403964654,0.02858924078700758
RealSense -> ZED,scene_005,apple,10,51.70716076478937,0.027550130724051176,0.013087950343784691,0.004289131702741552,0.13449611403964654,0.031890376412490325
RealSense -> ZED,scene_005,chips_box,0,39.32870709193233,0.2426696596133769,0.03192257034400805,0.0036533707355413682,0.2694943619712671,0.013556390229532457
RealSense -> ZED,scene_005,chips_box,1,41.51242713298046,0.24150693240583426,0.032993018844254596,0.003053037299931396,0.2694943619712671,0.011328761305429107
RealSense -> ZED,scene_005,chips_box,2,43.64118869496688,0.24185473610334374,0.032624341799721276,0.0031816775254230284,0.2694943619712671,0.011806100514125976
RealSense -> ZED,scene_005,chips_box,3,47.594334567038544,0.24079620353923115,0.03407531569643361,0.0042304240725021475,0.2694943619712671,0.015697634791161926
RealSense -> ZED,scene_005,chips_box,4,52.57289506379257,0.23965906659314057,0.03570095557375279,0.005458144522429069,0.2694943619712671,0.020253279076060983
RealSense -> ZED,scene_005,chips_box,5,55.524103731301516,0.2427140173571104,0.031728228604614765,0.0034402355605914806,0.2694943619712671,0.012765519602811843
RealSense -> ZED,scene_005,chips_box,6,57.614331868505296,0.24319669372971187,0.031249791952939168,0.0028442197840767712,0.2694943619712671,0.010553912012378262
RealSense -> ZED,scene_005,chips_box,7,57.660321939853944,0.24167039082353034,0.03282603042360616,0.0028872990182686777,0.2694943619712671,0.010713764091942359
RealSense -> ZED,scene_005,chips_box,8,57.84683886768315,0.2407079609652879,0.034123268417266955,0.004304973767469926,0.2694943619712671,0.015974262823089832
RealSense -> ZED,scene_005,chips_box,9,60.446472284605036,0.24107194788526393,0.03359570353455115,0.0039056341758441733,0.2694943619712671,0.014492452262361554
RealSense -> ZED,scene_005,chips_box,10,64.19177392026612,0.24108907172925445,0.03357892904256208,0.0037934073774373175,0.2694943619712671,0.014076017582296443
RealSense -> ZED,scene_005,lemon,0,53.027222159815345,0.05065590694432959,0.020954876031028413,0.009986659414453846,0.10349089662648787,0.09649795044772876
RealSense -> ZED,scene_005,lemon,1,45.952564762495,0.04849144717683208,0.02052750537678732,0.00987249711409145,0.10349089662648787,0.0953948360281637
RealSense -> ZED,scene_005,lemon,2,40.990433617910085,0.048570940240873536,0.0203651252784936,0.00981326512421053,0.10349089662648787,0.09482249593051534
RealSense -> ZED,scene_005,lemon,3,50.07265417298541,0.048136751323806765,0.01902701051412206,0.008700904403705228,0.10349089662648787,0.08407410397755008
RealSense -> ZED,scene_005,lemon,4,53.37575190999226,0.04678308246103036,0.01900178513750569,0.008753223261136868,0.10349089662648787,0.08457964464960036
RealSense -> ZED,scene_005,lemon,5,58.024735866629754,0.05170982564584621,0.016388315648404986,0.007337903001423979,0.10349089662648787,0.07090384990969231
RealSense -> ZED,scene_005,lemon,6,60.5631903727467,0.05167217461297366,0.017304823099769332,0.008020364798232456,0.10349089662648787,0.07749826370892308
RealSense -> ZED,scene_005,lemon,7,62.33705619842129,0.05173425902940439,0.0189150252293954,0.008905076465063753,0.10349089662648787,0.08604695442154041
RealSense -> ZED,scene_005,lemon,8,59.903124796940034,0.05029436248018992,0.020310939678935297,0.009430832010468434,0.10349089662648787,0.09112716497669872
RealSense -> ZED,scene_005,lemon,9,58.54822611949707,0.049627919800260684,0.019684252050726287,0.009027830924545068,0.10349089662648787,0.08723309217358205
RealSense -> ZED,scene_005,lemon,10,61.424922028626305,0.05069566900076792,0.019230963873984517,0.008937854945739654,0.10349089662648787,0.08636368257584565
RealSense -> ZED,scene_005,orange,0,9.303466807543048,0.010969104583257979,0.004986113226030447,0.0033458188864503384,0.127517730652621,0.02623806798730517
RealSense -> ZED,scene_005,orange,1,7.335975835906169,0.008011855720565801,0.00474424792100946,0.003127856975633534,0.127517730652621,0.02452880050190294
RealSense -> ZED,scene_005,orange,2,6.562032667479567,0.007051183552174223,0.006623639651375809,0.003892419660227961,0.127517730652621,0.030524536786429676
RealSense -> ZED,scene_005,orange,3,4.605502008091258,0.010032024765632802,0.00845428300085662,0.005043384401694674,0.127517730652621,0.03955045604939184
RealSense -> ZED,scene_005,orange,4,5.4380368464984485,0.011819303643589666,0.010162900010863077,0.005862568645476301,0.127517730652621,0.04597453715238149
RealSense -> ZED,scene_005,orange,5,8.199967725390529,0.010003668889396768,0.007523994071551137,0.004392788184673527,0.127517730652621,0.03444845012683134
RealSense -> ZED,scene_005,orange,6,9.695560310147428,0.011729457505468305,0.0073428228810551366,0.004300346466391778,0.127517730652621,0.033723517854208206
RealSense -> ZED,scene_005,orange,7,9.42255948623995,0.012883023436825512,0.0071646989605508625,0.00437488287271268,0.127517730652621,0.03430803583409566
RealSense -> ZED,scene_005,orange,8,5.437885799526462,0.011883962439198623,0.010112944172404905,0.005710201736400622,0.127517730652621,0.04477966873450828
RealSense -> ZED,scene_005,orange,9,5.3285748582783485,0.012751448771335702,0.011650820819043353,0.006620715544630082,0.127517730652621,0.05191996054780794
RealSense -> ZED,scene_005,orange,10,8.28632081406309,0.016856021166876765,0.013420306072586709,0.007806049630235293,0.127517730652621,0.061215405812860946
RealSense -> ZED,scene_005,rubiks_cube,0,63.069198280059425,0.049028974171483074,0.016486253760665637,0.003051644038779382,0.12883775017150678,0.0236859463528126
RealSense -> ZED,scene_005,rubiks_cube,1,59.517289002347624,0.0458512881169761,0.018794148346618345,0.0032132963737962275,0.12883775017150678,0.024940643324792136
RealSense -> ZED,scene_005,rubiks_cube,2,59.42821481838448,0.04602035968463332,0.01792740542661957,0.0024407188141813397,0.12883775017150678,0.018944127873486562
RealSense -> ZED,scene_005,rubiks_cube,3,59.444586679133366,0.04518897681693062,0.018468374028281748,0.0024985226013268472,0.12883775017150678,0.019392783543649695
RealSense -> ZED,scene_005,rubiks_cube,4,59.26988437628219,0.044441137371150165,0.019395157674095366,0.0028111706381355947,0.12883775017150678,0.021819463894653612
RealSense -> ZED,scene_005,rubiks_cube,5,58.12010843208725,0.0467908761714177,0.018221627835001974,0.002775707067187136,0.12883775017150678,0.021544206286528277
RealSense -> ZED,scene_005,rubiks_cube,6,59.22768194253724,0.04596627450432479,0.0192391173576303,0.0030928800427334037,0.12883775017150678,0.024006007855742674
RealSense -> ZED,scene_005,rubiks_cube,7,58.876405067212104,0.04557038060695264,0.019232604566184905,0.0026577174023158885,0.12883775017150678,0.020628405873107665
RealSense -> ZED,scene_005,rubiks_cube,8,57.9651593252314,0.045069859397787015,0.020432023567747457,0.003126084285752079,0.12883775017150678,0.02426372923767052
RealSense -> ZED,scene_005,rubiks_cube,9,59.93008977456233,0.04558553935108135,0.02056767961852084,0.0034118092591020294,0.12883775017150678,0.026481440839818165
RealSense -> ZED,scene_005,rubiks_cube,10,60.579928718346764,0.04414006195561595,0.02062802935696279,0.0032548772818175075,0.12883775017150678,0.02526338186971339
RealSense -> ZED,scene_005,scissors,0,8.636238874192653,0.004575447611841142,0.00720927047573128,0.003730088295834098,0.20983996337550315,0.017775871839813478
RealSense -> ZED,scene_005,scissors,1,3.259026841908515,0.0074053822316224,0.010449524468825524,0.004737374384616908,0.20983996337550315,0.02257613043965081
RealSense -> ZED,scene_005,scissors,2,4.966011619345879,0.010384545786723803,0.011963200235130832,0.0056559199243197515,0.20983996337550315,0.02695349271577326
RealSense -> ZED,scene_005,scissors,3,6.517620112354705,0.012090094995856435,0.011901124453959496,0.0053062293050072816,0.20983996337550315,0.025287029313438843
RealSense -> ZED,scene_005,scissors,4,11.581011574778026,0.01569889635913723,0.013835386411178785,0.007222498545776227,0.20983996337550315,0.03441908028191824
RealSense -> ZED,scene_005,scissors,5,9.845193804639727,0.015021288427668738,0.014110158759068554,0.006614519410635003,0.20983996337550315,0.031521733535563444
RealSense -> ZED,scene_005,scissors,6,1.4927700157541899,0.009796952479784035,0.010177824274021181,0.004414759168316437,0.20983996337550315,0.021038695858025577
RealSense -> ZED,scene_005,scissors,7,1.6148454507380738,0.008054513175282966,0.00800231028881007,0.0037581586893435126,0.20983996337550315,0.017909642324033317
RealSense -> ZED,scene_005,scissors,8,1.5763914808770456,0.012671502881844215,0.01272527884883928,0.004568599787317492,0.20983996337550315,0.021771828939667233
RealSense -> ZED,scene_005,scissors,9,2.7938612918482657,0.018748266100242467,0.019168399545977457,0.0062868779993085514,0.20983996337550315,0.029960346438196554
RealSense -> ZED,scene_005,scissors,10,4.518393470148395,0.006557739925293075,0.00919714887907465,0.005310725015582556,0.20983996337550315,0.025308453786179668
RealSense -> ZED,scene_005,wood_block,0,0.9909573501080784,0.004790234660966148,0.004849858998387856,0.002758965565216726,0.24655690811826406,0.011189974705123062
RealSense -> ZED,scene_005,wood_block,1,1.62527341135232,0.005632194493197383,0.006198700749449405,0.003616802134294524,0.24655690811826406,0.014669238683670061
RealSense -> ZED,scene_005,wood_block,2,2.299771575495804,0.006766721544397908,0.00608418113985215,0.0036589057921443883,0.24655690811826406,0.01484000517393473
RealSense -> ZED,scene_005,wood_block,3,2.3727271283925973,0.00895222195411887,0.007156245432229388,0.004256397016506149,0.24655690811826406,0.017263345200875555
RealSense -> ZED,scene_005,wood_block,4,0.749796014121069,0.009900671432005749,0.009697715810069774,0.00559535600368417,0.24655690811826406,0.022693973762034237
RealSense -> ZED,scene_005,wood_block,5,0.6098350291227165,0.009592799954065378,0.009258898100462836,0.005104582679995018,0.24655690811826406,0.020703466469276708
RealSense -> ZED,scene_005,wood_block,6,1.517948372313257,0.00747977893320596,0.008249226336364181,0.0046711366758233775,0.24655690811826406,0.01894547068858768
RealSense -> ZED,scene_005,wood_block,7,0.8192044986350705,0.0058761614324141275,0.005977606113552436,0.0031991975110461676,0.24655690811826406,0.012975493306850008
RealSense -> ZED,scene_005,wood_block,8,1.39003602602154,0.006776245137000656,0.006085865043005222,0.0030678555124396423,0.24655690811826406,0.012442788708917893
RealSense -> ZED,scene_005,wood_block,9,0.3730638125380388,0.0065388128590544905,0.00597740903798797,0.0033472232640529976,0.24655690811826406,0.013575864856511993
RealSense -> ZED,scene_005,wood_block,10,1.1470552728323071,0.008585212108565011,0.006998901126066553,0.003726750652291536,0.24655690811826406,0.015115174345486008
RealSense -> ZED,scene_006,apple,0,75.52204816866605,0.052091488375575555,0.017445931306553253,0.002946921574138246,0.13449611403964654,0.021910830622731282
RealSense -> ZED,scene_006,apple,1,56.863592935418744,0.05279168759572451,0.005177839740698208,0.005518980971024897,0.13449611403964654,0.04103450133435098
RealSense -> ZED,scene_006,apple,2,46.26967912620406,0.032731572993865705,0.016408809701277557,0.004493034263195913,0.13449611403964654,0.033406424380941324
RealSense -> ZED,scene_006,apple,3,47.747454154890185,0.032226724568238246,0.018783591194539997,0.006834121781080704,0.13449611403964654,0.05081278243523194
RealSense -> ZED,scene_006,apple,4,39.71202340669153,0.02762410547263926,0.018853656610323555,0.00667709132854273,0.13449611403964654,0.04964523604432518
RealSense -> ZED,scene_006,apple,5,36.66021060022246,0.023782935128694123,0.021581490510350892,0.007912771765420889,0.13449611403964654,0.05883271663215768
RealSense -> ZED,scene_006,apple,6,32.508599069353906,0.023390498555196506,0.022144453093658784,0.008429093506449348,0.13449611403964654,0.06267165089962848
RealSense -> ZED,scene_006,apple,7,28.333702196525017,0.02003894567841319,0.022652848265279385,0.008565527448506114,0.13449611403964654,0.06368605895915463
RealSense -> ZED,scene_006,apple,8,21.053542488041366,0.02087030723542186,0.01271666517754997,0.004660943148270076,0.13449611403964654,0.034654853648010464
RealSense -> ZED,scene_006,apple,9,22.6479402061153,0.033385607749600976,0.009489388233922228,0.006005307642211956,0.13449611403964654,0.044650417486721744
RealSense -> ZED,scene_006,apple,10,22.222061536697023,0.03885306283063138,0.01741955192087283,0.010040976819207209,0.13449611403964654,0.07465625970611572
RealSense -> ZED,scene_006,chips_box,0,35.36505877911931,0.032206211371538895,0.011972062242536996,0.005343940733761053,0.2694943619712671,0.019829508471612526
RealSense -> ZED,scene_006,chips_box,1,38.7816435591986,0.038362544964898014,0.013995643414929029,0.006815973282183787,0.2694943619712671,0.02529171012086142
RealSense -> ZED,scene_006,chips_box,2,39.01909800059412,0.044302922154407946,0.02091162030001661,0.010839247616638494,0.2694943619712671,0.040220684163307846
RealSense -> ZED,scene_006,chips_box,3,37.13454291498409,0.02735307621025295,0.014125440847206605,0.006378277419052649,0.2694943619712671,0.023667572755131285
RealSense -> ZED,scene_006,chips_box,4,29.986781761232347,0.02716211117509027,0.009758436708552398,0.0034363340290733094,0.2694943619712671,0.012751042374087529
RealSense -> ZED,scene_006,chips_box,5,28.345144674988475,0.028710084387098156,0.009739162021416496,0.0035389635638964226,0.2694943619712671,0.013131864941477845
RealSense -> ZED,scene_006,chips_box,6,19.882719572311903,0.02019033753143425,0.009272446173476898,0.003455708245911793,0.2694943619712671,0.012822933365412051
RealSense -> ZED,scene_006,chips_box,7,13.173501818000284,0.017091143757573878,0.007986579402671065,0.003302977585298766,0.2694943619712671,0.012256202916968342
RealSense -> ZED,scene_006,chips_box,8,19.447895847930535,0.03797775416893691,0.018815688883276754,0.009195711292281758,0.2694943619712671,0.03412209155330005
RealSense -> ZED,scene_006,chips_box,9,20.835750669704403,0.03248379169806852,0.012780846407686942,0.006289098919084594,0.2694943619712671,0.02333666230744792
RealSense -> ZED,scene_006,chips_box,10,28.18329701142873,0.03712527045314107,0.017651820568873235,0.008775322473813312,0.2694943619712671,0.03256217462074
RealSense -> ZED,scene_006,lemon,0,76.71965204994841,0.05721304142854154,0.009817506429215101,0.00567732837487885,0.10349089662648787,0.05485823932291424
RealSense -> ZED,scene_006,lemon,1,86.42596491963444,0.05919661169420538,0.006609397302439907,0.004270044384686283,0.10349089662648787,0.04126009652904476
RealSense -> ZED,scene_006,lemon,2,84.78394134652143,0.054129859892332516,0.0046294223940333895,0.0027260228274587493,0.10349089662648787,0.026340701610667466
RealSense -> ZED,scene_006,lemon,3,91.09653812001358,0.06226976200968204,0.01863905808428084,0.008847957466962568,0.10349089662648787,0.08549503149920518
RealSense -> ZED,scene_006,lemon,4,78.60129038449082,0.07805281715220208,0.044664442643278866,0.022251640253129618,0.10349089662648787,0.21501060458910395
RealSense -> ZED,scene_006,lemon,5,67.54768011205454,0.09697874136928396,0.06326883099973628,0.03620625317954252,0.10349089662648787,0.34984964243005456
RealSense -> ZED,scene_006,lemon,6,56.635307967359985,0.11357626497444816,0.08599260826682598,0.05704056180805122,0.10349089662648787,0.5511650170924505
RealSense -> ZED,scene_006,lemon,7,50.71314508683446,0.13358290845212312,0.10805616713839535,0.07818850887134272,0.10349089662648787,0.7555109813526424
RealSense -> ZED,scene_006,lemon,8,56.53741832190194,0.15105460366274864,0.12422190391914702,0.09399449360821935,0.10349089662648787,0.9082392429882767
RealSense -> ZED,scene_006,lemon,9,60.65710661464677,0.15331892353277124,0.12118321469295201,0.0912358313085335,0.10349089662648787,0.8815831564182451
RealSense -> ZED,scene_006,lemon,10,62.074605363104105,0.15039549206928515,0.11395312220263949,0.08410264630339463,0.10349089662648787,0.812657432150115
RealSense -> ZED,scene_006,orange,0,42.74159888603763,0.03449793902624179,0.014525742933162503,0.0046303759684123745,0.127517730652621,0.03631162462439259
RealSense -> ZED,scene_006,orange,1,36.69811463961543,0.035191616927509516,0.016631320763767225,0.0073995635827403625,0.127517730652621,0.05802772324186018
RealSense -> ZED,scene_006,orange,2,37.6463479519896,0.028920345839243078,0.0248368351842732,0.010200604468227577,0.127517730652621,0.07999361669959199
RealSense -> ZED,scene_006,orange,3,35.560783115209055,0.023174896124557934,0.02556491948293098,0.010049556130129733,0.127517730652621,0.07880908857691606
RealSense -> ZED,scene_006,orange,4,26.708862558492484,0.03050999857686476,0.04764249512568516,0.020452194002477896,0.127517730652621,0.16038706066839437
RealSense -> ZED,scene_006,orange,5,24.194625902480244,0.04482375406817926,0.05891470061592586,0.02690451387257182,0.127517730652621,0.21098645447090084
RealSense -> ZED,scene_006,orange,6,26.749618904736717,0.0515885397478623,0.06175445039174677,0.029362431477903052,0.127517730652621,0.23026155913871366
RealSense -> ZED,scene_006,orange,7,31.34857425483886,0.06877850554513315,0.07131173121392229,0.03773274608639039,0.127517730652621,0.29590195726726437
RealSense -> ZED,scene_006,orange,8,45.37432182585564,0.08033656156268404,0.06842464832094759,0.03379632345136626,0.127517730652621,0.2650323470971494
RealSense -> ZED,scene_006,orange,9,48.79711737850374,0.06737615706423819,0.05627946332492427,0.024169442800097113,0.127517730652621,0.1895378993681953
RealSense -> ZED,scene_006,orange,10,36.25645422586781,0.030686455986047242,0.028796891995924848,0.01387717432701723,0.127517730652621,0.10882544926102006
RealSense -> ZED,scene_006,rubiks_cube,0,56.81094776026378,0.04973071100836133,0.019269216971247994,0.004783745343804346,0.12883775017150678,0.03712999751576149
RealSense -> ZED,scene_006,rubiks_cube,1,56.08025413961684,0.052557004419475986,0.01502702047985169,0.005002979155417874,0.12883775017150678,0.03883162465005782
RealSense -> ZED,scene_006,rubiks_cube,2,55.34147407295673,0.05054869304110088,0.019484224251097786,0.004536574290408822,0.12883775017150678,0.03521152988444618
RealSense -> ZED,scene_006,rubiks_cube,3,54.81658377540587,0.04833956476275724,0.025243642433365222,0.006324603350548478,0.12883775017150678,0.04908967551924235
RealSense -> ZED,scene_006,rubiks_cube,4,45.84928824169388,0.03274297437125145,0.027697152035248907,0.007210204176538102,0.12883775017150678,0.055963443687428505
RealSense -> ZED,scene_006,rubiks_cube,5,38.640907749666695,0.0322782611309114,0.04485300617875842,0.019993127997721457,0.12883775017150678,0.15518066693268798
RealSense -> ZED,scene_006,rubiks_cube,6,41.72818338879079,0.03720406118435567,0.053519196643495075,0.02702760679698462,0.12883775017150678,0.20978018291227452
RealSense -> ZED,scene_006,rubiks_cube,7,37.304363868088956,0.04897050256094938,0.06979004931027193,0.03975589472787502,0.12883775017150678,0.3085733387532194
RealSense -> ZED,scene_006,rubiks_cube,8,39.72119307275769,0.04908667113985922,0.08127082936921741,0.04767190363343443,0.12883775017150678,0.37001502719485824
RealSense -> ZED,scene_006,rubiks_cube,9,38.74836246688057,0.04899652207578656,0.08765247805105537,0.051856796116810856,0.12883775017150678,0.40249690830350504
RealSense -> ZED,scene_006,rubiks_cube,10,32.728500309649476,0.05170198467299591,0.09247387732250772,0.05550219555602189,0.12883775017150678,0.43079140610681455
RealSense -> ZED,scene_006,scissors,0,3.0799719949496605,0.017658857537982228,0.01792603394345087,0.005919471057984566,0.20983996337550315,0.028209455257060957
RealSense -> ZED,scene_006,scissors,1,5.990981445039864,0.007473997958980682,0.00744495530018514,0.002959017574263867,0.20983996337550315,0.014101306189082688
RealSense -> ZED,scene_006,scissors,2,12.082469873052828,0.0074803417698773795,0.006164777959313724,0.003936559890997987,0.20983996337550315,0.018759819758229827
RealSense -> ZED,scene_006,scissors,3,7.302607969455043,0.021307279391500497,0.021942990048457064,0.010301258551923945,0.20983996337550315,0.04909102339810321
RealSense -> ZED,scene_006,scissors,4,18.34609997545092,0.00810378882260011,0.004880193231814123,0.0043161416889026735,0.20983996337550315,0.0205687306625147
RealSense -> ZED,scene_006,scissors,5,18.590435984476052,0.023298422034611445,0.018498652031010553,0.008743468466995825,0.20983996337550315,0.04166731792337199
RealSense -> ZED,scene_006,scissors,6,13.75131115712352,0.014236534058595679,0.011016041802748568,0.00473191172143607,0.20983996337550315,0.02255009791899571
RealSense -> ZED,scene_006,scissors,7,2.4328607968790443,0.008696422230915123,0.008433195062626266,0.0032043144729829586,0.20983996337550315,0.015270277507859269
RealSense -> ZED,scene_006,scissors,8,6.61737617272942,0.009971975232716193,0.007931726333855506,0.004435834019591129,0.20983996337550315,0.02113912883054273
RealSense -> ZED,scene_006,scissors,9,6.0342039055325785,0.01008646965184649,0.009667492162776837,0.004259614350740786,0.20983996337550315,0.02029934757050218
RealSense -> ZED,scene_006,scissors,10,22.094236654162994,0.017250937500182,0.009605028183255754,0.006584881292046164,0.20983996337550315,0.031380492000290194
RealSense -> ZED,scene_006,wood_block,0,3.13449377041663,0.03248362172471684,0.006981821698207456,0.004593687467521931,0.24655690811826406,0.01863134763727047
RealSense -> ZED,scene_006,wood_block,1,3.1491428920999573,0.041621429680115035,0.007737332181447007,0.004361500913885248,0.24655690811826406,0.017689631765633596
RealSense -> ZED,scene_006,wood_block,2,4.002835919074617,0.03370386125399981,0.007290812397303761,0.004488325783274514,0.24655690811826406,0.01820401552537978
RealSense -> ZED,scene_006,wood_block,3,4.69099068018186,0.03385380339115185,0.01416202423160195,0.008803655610983107,0.24655690811826406,0.03570638388586673
RealSense -> ZED,scene_006,wood_block,4,6.3931228026605,0.031841956157273234,0.017900666840825228,0.01069123208038239,0.24655690811826406,0.043362127477905466
RealSense -> ZED,scene_006,wood_block,5,5.722171352354214,0.03215547874732287,0.01496309213253536,0.00912489403194099,0.24655690811826406,0.03700928155525102
RealSense -> ZED,scene_006,wood_block,6,5.589050407528438,0.03501619288398458,0.013700949463117337,0.008266942077270105,0.24655690811826406,0.033529549589033474
RealSense -> ZED,scene_006,wood_block,7,3.772281685790495,0.03321649815926888,0.00949577227769968,0.005632965112043799,0.24655690811826406,0.022846510994297017
RealSense -> ZED,scene_006,wood_block,8,4.716542476923745,0.03358102980327897,0.011469206753469739,0.007227256539562344,0.24655690811826406,0.02931273187484855
RealSense -> ZED,scene_006,wood_block,9,2.7491504211050373,0.0329638032539083,0.008211440572575808,0.004857359020968051,0.24655690811826406,0.01970076222175109
RealSense -> ZED,scene_006,wood_block,10,2.5850543839471465,0.04037764508349913,0.010346113329178569,0.0057315805692441995,0.24655690811826406,0.023246481362002545
RealSense -> ZED,scene_009,apple,0,44.48892748682839,0.052508450751904016,0.022205220065577354,0.0054172611825561885,0.13449611403964654,0.04027819852816935
RealSense -> ZED,scene_009,apple,1,50.32074685353095,0.055114613948117605,0.01894595532616525,0.004391573721791976,0.13449611403964654,0.0326520491179205
RealSense -> ZED,scene_009,apple,2,56.65689363152912,0.05576102672568294,0.019306930061879366,0.005148930716301022,0.13449611403964654,0.038283118832587455
RealSense -> ZED,scene_009,apple,3,62.38660469998538,0.055711738347570434,0.015695418711290824,0.004587097493683114,0.13449611403964654,0.03410579946072596
RealSense -> ZED,scene_009,apple,4,64.55930943730532,0.057823484400595516,0.01995851703490501,0.004635033741002557,0.13449611403964654,0.034462213083987316
RealSense -> ZED,scene_009,apple,5,54.312199125236944,0.05781723381140641,0.018167028909340417,0.00426198760231348,0.13449611403964654,0.03168855570843585
RealSense -> ZED,scene_009,apple,6,52.33385484991462,0.05651515882698057,0.018711505608301794,0.003792104360542579,0.13449611403964654,0.028194899069163806
RealSense -> ZED,scene_009,apple,7,52.8106003518485,0.05800964033839491,0.019498815795271057,0.003855170786997331,0.13449611403964654,0.028663807980808354
RealSense -> ZED,scene_009,chips_box,0,45.48926692799675,0.2444512271997613,0.029950954337570907,0.0031183294699804356,0.2694943619712671,0.011571037876899648
RealSense -> ZED,scene_009,chips_box,1,38.782848836707586,0.24683570541456748,0.02713714330293538,0.0019507622859527907,0.2694943619712671,0.0072386014745673116
RealSense -> ZED,scene_009,chips_box,2,32.285162078567666,0.2449662552845404,0.029291688534879103,0.002155437392921325,0.2694943619712671,0.00799807972662201
RealSense -> ZED,scene_009,chips_box,3,31.66160541980988,0.2396017751126459,0.03480569829306521,0.004136137598807144,0.2694943619712671,0.015347770426633751
RealSense -> ZED,scene_009,chips_box,4,32.26333389795902,0.24775213106865213,0.026492423866535726,0.0021736567776112683,0.2694943619712671,0.008065685536838871
RealSense -> ZED,scene_009,chips_box,5,32.341365525216005,0.24690031357240338,0.02715686362104746,0.0022312171050647834,0.2694943619712671,0.008279271925186587
RealSense -> ZED,scene_009,chips_box,6,30.952868153062514,0.24463859305826519,0.029628250137206425,0.002597215715099605,0.2694943619712671,0.009637365680312504
RealSense -> ZED,scene_009,chips_box,7,32.98390426095319,0.24548358548758956,0.028720699976611357,0.0021546978274360035,0.2694943619712671,0.00799533545590736
RealSense -> ZED,scene_009,lemon,0,92.67225488754433,0.045495533892522214,0.020101936466871126,0.00984134760602357,0.10349089662648787,0.09509384812407487
RealSense -> ZED,scene_009,lemon,1,94.21702645101463,0.04417426213142273,0.01599441602660305,0.007744237948877706,0.10349089662648787,0.0748301367687215
RealSense -> ZED,scene_009,lemon,2,84.21265324750051,0.04246658356113876,0.007569023570865569,0.003774658711080672,0.10349089662648787,0.03647334049780153
RealSense -> ZED,scene_009,lemon,3,94.55561843828,0.048158092254414184,0.009147372954098426,0.0050577183800736706,0.10349089662648787,0.04887114272792162
RealSense -> ZED,scene_009,lemon,4,104.07551955517816,0.05740612423676218,0.014883682858062188,0.00818176491899586,0.10349089662648787,0.07905782233702076
RealSense -> ZED,scene_009,lemon,5,102.44622371911224,0.06591225342639306,0.027502885035828328,0.013937272534078149,0.10349089662648787,0.13467148308106344
RealSense -> ZED,scene_009,lemon,6,100.89754649838578,0.06099970266737831,0.0268311362879154,0.013537980998374501,0.10349089662648787,0.1308132544955605
RealSense -> ZED,scene_009,lemon,7,95.91912220225736,0.06837847090093147,0.030893825354037032,0.016064480393586593,0.10349089662648787,0.15522602390397094
RealSense -> ZED,scene_009,orange,0,71.15341558951494,0.07035858780945073,0.029880670750378546,0.006394032663223515,0.127517730652621,0.05014230280369322
RealSense -> ZED,scene_009,orange,1,71.73636118339262,0.07487250237045996,0.025145175515244148,0.003824603246159375,0.127517730652621,0.02999271729966882
RealSense -> ZED,scene_009,orange,2,79.27940969340295,0.07426774308166198,0.0251377990591681,0.0039027576379121348,0.127517730652621,0.030605607690305278
RealSense -> ZED,scene_009,orange,3,67.40268729763599,0.07701480898229102,0.022448890236716982,0.0021913295379839,0.127517730652621,0.017184508591620386
RealSense -> ZED,scene_009,orange,4,69.53299689443914,0.07407582924402396,0.025620026584085714,0.00394647265815261,0.127517730652621,0.030948422920914754
RealSense -> ZED,scene_009,orange,5,69.45530787516236,0.06996410025874111,0.02921450615918596,0.005456959101991384,0.127517730652621,0.04279372816676785
RealSense -> ZED,scene_009,orange,6,59.96891910545396,0.07148048616849129,0.026123749087066744,0.004017556605443131,0.127517730652621,0.03150586655582514
RealSense -> ZED,scene_009,orange,7,61.3649412431404,0.06836430019534612,0.027637217344717926,0.004756471010542942,0.127517730652621,0.03730046783455033
RealSense -> ZED,scene_009,rubiks_cube,0,6.520910742296599,0.019342293122159793,0.0019253731305995281,0.0019179480038321267,0.12883775017150678,0.014886537534837301
RealSense -> ZED,scene_009,rubiks_cube,1,4.063862282886891,0.021559418011854087,0.0033517046691191,0.0021901521605047457,0.12883775017150678,0.016999304610560567
RealSense -> ZED,scene_009,rubiks_cube,2,12.260471564548526,0.026018901730762725,0.007551796471664773,0.004052202843677477,0.12883775017150678,0.031451983896670414
RealSense -> ZED,scene_009,rubiks_cube,3,9.655478914978474,0.02614552087457507,0.008709441162726485,0.004871163198458117,0.12883775017150678,0.0378085087016321
RealSense -> ZED,scene_009,rubiks_cube,4,4.12335823884558,0.02700975704914863,0.003951851814677287,0.0022446921656479163,0.12883775017150678,0.017422627783082345
RealSense -> ZED,scene_009,rubiks_cube,5,9.615030571978263,0.01894886393993482,0.007933802341930082,0.0043573851739698525,0.12883775017150678,0.03382071767140741
RealSense -> ZED,scene_009,rubiks_cube,6,7.282986696048154,0.023367108914622892,0.005489069513492646,0.003158088416465282,0.12883775017150678,0.024512135707595674
RealSense -> ZED,scene_009,rubiks_cube,7,10.207523719626058,0.028095004885025948,0.008743751364084104,0.004480402214399428,0.12883775017150678,0.034775539067045086
RealSense -> ZED,scene_009,scissors,0,5.492713800605483,0.005735117142242245,0.006858074803454151,0.0028461512662425062,0.20983996337550315,0.013563437681074089
RealSense -> ZED,scene_009,scissors,1,13.238458169631034,0.008383798795353807,0.004625226147869662,0.003367734361769762,0.20983996337550315,0.01604906094909714
RealSense -> ZED,scene_009,scissors,2,7.385030400586808,0.002801126421835354,0.004339974731266897,0.002460563070306135,0.20983996337550315,0.011725903067868065
RealSense -> ZED,scene_009,scissors,3,11.294181196657046,0.010961173307673086,0.010466114016482626,0.005095715330284893,0.20983996337550315,0.024283817287778703
RealSense -> ZED,scene_009,scissors,4,5.576573903154859,0.009213331371260104,0.010705894603071564,0.003674523935059729,0.20983996337550315,0.017511077851668628
RealSense -> ZED,scene_009,scissors,5,4.342666542158949,0.004245890188645699,0.0069570856020042225,0.004124195712224466,0.20983996337550315,0.019654005108856815
RealSense -> ZED,scene_009,scissors,6,6.258692260711875,0.006631609224203244,0.006253414266629478,0.003411120400054936,0.20983996337550315,0.016255818697179358
RealSense -> ZED,scene_009,scissors,7,7.716643573137904,0.007399215890902213,0.0063567783749227495,0.0038459535197628036,0.20983996337550315,0.018328031790972865
RealSense -> ZED,scene_009,wood_block,0,3.471112837810338,0.06149761041843938,0.007308402826126836,0.003784374240469346,0.24655690811826406,0.015348887481400944
RealSense -> ZED,scene_009,wood_block,1,4.035243138209319,0.06102231175536802,0.004154567742735971,0.002503324526939449,0.24655690811826406,0.010153130756079641
RealSense -> ZED,scene_009,wood_block,2,4.885554386222655,0.06092394752523008,0.004925422108963848,0.0030987006163926524,0.24655690811826406,0.012567892094535524
RealSense -> ZED,scene_009,wood_block,3,3.924169999176776,0.06087467166727892,0.004087121755962127,0.0023943409759080115,0.24655690811826406,0.009711108864001233
RealSense -> ZED,scene_009,wood_block,4,4.301295967333125,0.06018480764348122,0.005340922744185815,0.003005084203957024,0.24655690811826406,0.012188197146419432
RealSense -> ZED,scene_009,wood_block,5,2.881581597130809,0.061216498172052866,0.006839284206592864,0.00376819786427861,0.24655690811826406,0.01528327838403598
RealSense -> ZED,scene_009,wood_block,6,2.660825528278388,0.058546589808343055,0.005858649586551013,0.003190383360139756,0.24655690811826406,0.012939744355528053
RealSense -> ZED,scene_009,wood_block,7,3.9259177913006744,0.05871748474906911,0.005534395088223194,0.00316251267630711,0.24655690811826406,0.01282670479786424
