pair,scene,object,frame_id,centroid_m,adds_m,diameter_m,adds_frac_diam
network (local) -> ZED,scene_001,apple,0,0.025858523153395544,0.011441258235318103,0.13449611403964654,0.08506757475495141
network (local) -> ZED,scene_001,apple,1,0.027638659138567123,0.01052648422847458,0.13449611403964654,0.07826608451580691
network (local) -> ZED,scene_001,apple,2,0.023593617872319516,0.009365201004747118,0.13449611403964654,0.06963175904090775
network (local) -> ZED,scene_001,apple,3,0.014773948421231744,0.004797116066499432,0.13449611403964654,0.035667320953863
network (local) -> ZED,scene_001,apple,4,0.02498873734935114,0.008365446690651429,0.13449611403964654,0.062198426700904356
network (local) -> ZED,scene_001,apple,5,0.023876639076980802,0.007600066503533206,0.13449611403964654,0.056507703273069074
network (local) -> ZED,scene_001,apple,6,0.025948934365812335,0.010327577800866168,0.13449611403964654,0.07678718358971934
network (local) -> ZED,scene_001,apple,7,0.012692391064819812,0.004843331556304554,0.13449611403964654,0.03601094047131239
network (local) -> ZED,scene_001,chips_box,0,0.03231834167483117,0.016655096705107897,0.2694943619712671,0.061801280677195126
network (local) -> ZED,scene_001,chips_box,1,0.04095449285789208,0.02083427499398144,0.2694943619712671,0.07730876015952699
network (local) -> ZED,scene_001,chips_box,2,0.04107734160751479,0.021049296664314234,0.2694943619712671,0.07810663091556054
network (local) -> ZED,scene_001,chips_box,3,0.04553797689195462,0.02304737549641203,0.2694943619712671,0.08552080766301631
network (local) -> ZED,scene_001,chips_box,4,0.04088295776846145,0.02168198261391128,0.2694943619712671,0.08045430878521669
network (local) -> ZED,scene_001,chips_box,5,0.03415881730201524,0.017851799341093034,0.2694943619712671,0.06624182862495785
network (local) -> ZED,scene_001,chips_box,6,0.03230156344196552,0.01712364676516271,0.2694943619712671,0.06353990725412058
network (local) -> ZED,scene_001,chips_box,7,0.03997760569950423,0.019890887955788684,0.2694943619712671,0.07380817843569361
network (local) -> ZED,scene_001,lemon,0,0.028748317117082575,0.015415877304138945,0.10349089662648787,0.14895877614991446
network (local) -> ZED,scene_001,lemon,1,0.044745715008669466,0.023163526078971715,0.10349089662648787,0.22382187065758932
network (local) -> ZED,scene_001,lemon,2,0.043556248633583615,0.0218199476212561,0.10349089662648787,0.21083929439714041
network (local) -> ZED,scene_001,lemon,3,0.04192940158934958,0.02055642598694033,0.10349089662648787,0.198630282053997
network (local) -> ZED,scene_001,lemon,4,0.042693786237548506,0.02069921992104034,0.10349089662648787,0.20001005494953358
network (local) -> ZED,scene_001,lemon,5,0.034742524717017984,0.0162186397578117,0.10349089662648787,0.1567156173778925
network (local) -> ZED,scene_001,lemon,6,0.036012054848085194,0.016316573761080325,0.10349089662648787,0.15766192286427824
network (local) -> ZED,scene_001,lemon,7,0.04319898630481413,0.02050145233055069,0.10349089662648787,0.1980990888941962
network (local) -> ZED,scene_001,orange,0,0.052261113219315695,0.021309312606469375,0.127517730652621,0.16710862479602465
network (local) -> ZED,scene_001,orange,1,0.055972737513696885,0.023588490850887014,0.127517730652621,0.1849820470468212
network (local) -> ZED,scene_001,orange,2,0.04775874053832684,0.018684168361072506,0.127517730652621,0.14652212100583262
network (local) -> ZED,scene_001,orange,3,0.04677462513774369,0.017484102191184302,0.127517730652621,0.13711114604771185
network (local) -> ZED,scene_001,orange,4,0.03645935517262054,0.010380547465481959,0.127517730652621,0.08140473808901331
network (local) -> ZED,scene_001,orange,5,0.057426050416945,0.024084135766361214,0.127517730652621,0.1888689176250345
network (local) -> ZED,scene_001,orange,6,0.08168719347048586,0.042467060120049104,0.127517730652621,0.33302866905415895
network (local) -> ZED,scene_001,orange,7,0.11924712108126584,0.0774974484988279,0.127517730652621,0.607738610953982
network (local) -> ZED,scene_001,rubiks_cube,0,0.03559521086611788,0.016435072421325546,0.12883775017150678,0.12756410601277526
network (local) -> ZED,scene_001,rubiks_cube,1,0.031232192499184526,0.014842280281477783,0.12883775017150678,0.1152013308344796
network (local) -> ZED,scene_001,rubiks_cube,2,0.031059103407109958,0.01332188674238707,0.12883775017150678,0.10340049189506324
network (local) -> ZED,scene_001,rubiks_cube,3,0.02917145626260945,0.012491247662681886,0.12883775017150678,0.09695332032772797
network (local) -> ZED,scene_001,rubiks_cube,4,0.031013856455941822,0.0130197820491075,0.12883775017150678,0.10105564581635251
network (local) -> ZED,scene_001,rubiks_cube,5,0.04451057021829423,0.02357926015011639,0.12883775017150678,0.18301514982004924
network (local) -> ZED,scene_001,rubiks_cube,6,0.042217073471634524,0.02041255174425008,0.12883775017150678,0.1584361083384118
network (local) -> ZED,scene_001,rubiks_cube,7,0.024171860490330467,0.01086275386114533,0.12883775017150678,0.08431343955234397
network (local) -> ZED,scene_001,scissors,0,0.09953425950667283,0.04825991450373833,0.20983996337550315,0.22998438299085322
network (local) -> ZED,scene_001,scissors,1,0.09157398609386333,0.04251595601070114,0.20983996337550315,0.20261133926438954
network (local) -> ZED,scene_001,scissors,2,0.08759064902297269,0.0402108158657872,0.20983996337550315,0.1916261098169894
network (local) -> ZED,scene_001,scissors,3,0.10013465953649041,0.032383264393502524,0.20983996337550315,0.15432362774269798
network (local) -> ZED,scene_001,scissors,4,0.09917751083412178,0.030428703746237965,0.20983996337550315,0.1450090976797713
network (local) -> ZED,scene_001,scissors,5,0.09005990314183455,0.02087322686962216,0.20983996337550315,0.09947212405994403
network (local) -> ZED,scene_001,scissors,6,0.0897804013563763,0.03751791245394199,0.20983996337550315,0.1787929803762149
network (local) -> ZED,scene_001,scissors,7,0.08807510966850128,0.030498574912014475,0.20983996337550315,0.14534207126903692
network (local) -> ZED,scene_001,wood_block,0,0.0472424815732189,0.01958060922871612,0.24655690811826406,0.07941618581347573
network (local) -> ZED,scene_001,wood_block,1,0.05442288997808087,0.023081965194909338,0.24655690811826406,0.09361719114289749
network (local) -> ZED,scene_001,wood_block,2,0.06264188025544255,0.02810918117044409,0.24655690811826406,0.11400686918478542
network (local) -> ZED,scene_001,wood_block,3,0.05251398563722501,0.0235835489772497,0.24655690811826406,0.09565154412926674
network (local) -> ZED,scene_001,wood_block,4,0.05479583378516657,0.025090024481535998,0.24655690811826406,0.10176159602675282
network (local) -> ZED,scene_001,wood_block,5,0.05415222153510609,0.025009062728021735,0.24655690811826406,0.10143322658810204
network (local) -> ZED,scene_001,wood_block,6,0.04825891774598528,0.021566153647746875,0.24655690811826406,0.0874692735739629
network (local) -> ZED,scene_001,wood_block,7,0.04789955020004295,0.02076665765565375,0.24655690811826406,0.08422663073667669
network (local) -> ZED,scene_002,apple,0,0.044205244045486626,0.014107537229287707,0.13449611403964654,0.10489178315686586
network (local) -> ZED,scene_002,apple,1,0.03789875437032301,0.00986287254886188,0.13449611403964654,0.0733320261279409
network (local) -> ZED,scene_002,apple,2,0.0355536456113084,0.008489848317106457,0.13449611403964654,0.06312337258014632
network (local) -> ZED,scene_002,apple,3,0.041687819513928734,0.012475241821946757,0.13449611403964654,0.09275540718053256
network (local) -> ZED,scene_002,apple,4,0.04249033094396207,0.013296790549092257,0.13449611403964654,0.09886375263728922
network (local) -> ZED,scene_002,apple,5,0.038269688484034343,0.010883332812403832,0.13449611403964654,0.08091931049543678
network (local) -> ZED,scene_002,apple,6,0.03476787104539308,0.009799760395030447,0.13449611403964654,0.07286277722597763
network (local) -> ZED,scene_002,apple,7,0.03253591289203328,0.011180056308060932,0.13449611403964654,0.08312549688064068
network (local) -> ZED,scene_002,apple,8,0.025091213392100666,0.008064038172140072,0.13449611403964654,0.05995740642560846
network (local) -> ZED,scene_002,apple,9,0.02322377310754978,0.0070149509333502615,0.13449611403964654,0.05215727594391616
network (local) -> ZED,scene_002,apple,10,0.022132491454269817,0.009535909360466818,0.13449611403964654,0.07090100281749284
network (local) -> ZED,scene_002,chips_box,0,0.04611771904504594,0.022532362262736257,0.2694943619712671,0.08360977238232023
network (local) -> ZED,scene_002,chips_box,1,0.033466181877069415,0.017385427452941176,0.2694943619712671,0.06451128448763159
network (local) -> ZED,scene_002,chips_box,2,0.030356622104674387,0.015639236631667653,0.2694943619712671,0.05803177668457151
network (local) -> ZED,scene_002,chips_box,3,0.038480798012811165,0.019391681308194717,0.2694943619712671,0.07195579590738235
network (local) -> ZED,scene_002,chips_box,4,0.03839080509102263,0.019721484585560747,0.2694943619712671,0.07317958135118022
network (local) -> ZED,scene_002,chips_box,5,0.031138924185090185,0.01611638995091279,0.2694943619712671,0.059802326969018695
network (local) -> ZED,scene_002,chips_box,6,0.02976797282295781,0.015127924566550089,0.2694943619712671,0.05613447515522791
network (local) -> ZED,scene_002,chips_box,7,0.033394405617181204,0.01714233821170167,0.2694943619712671,0.0636092647219438
network (local) -> ZED,scene_002,chips_box,8,0.03563494829680692,0.017882429759063654,0.2694943619712671,0.06635548747016178
network (local) -> ZED,scene_002,chips_box,9,0.028618806499120592,0.014557518844211317,0.2694943619712671,0.05401789758319103
network (local) -> ZED,scene_002,chips_box,10,0.032763468742902695,0.016506159415259562,0.2694943619712671,0.06124862611047653
network (local) -> ZED,scene_002,lemon,0,0.012846262194665918,0.006220309654874804,0.10349089662648787,0.060104896736229
network (local) -> ZED,scene_002,lemon,1,0.01404063914778062,0.0075793639371362015,0.10349089662648787,0.07323701102417841
network (local) -> ZED,scene_002,lemon,2,0.01713415574973276,0.00899137414354493,0.10349089662648787,0.0868808217595792
network (local) -> ZED,scene_002,lemon,3,0.019693371546252628,0.010656656751284181,0.10349089662648787,0.10297192408860312
network (local) -> ZED,scene_002,lemon,4,0.015584222784622802,0.00871753944506973,0.10349089662648787,0.08423484315275057
network (local) -> ZED,scene_002,lemon,5,0.02274682488085895,0.012094990598572776,0.10349089662648787,0.11687009189054737
network (local) -> ZED,scene_002,lemon,6,0.02231357339641031,0.01201735372532746,0.10349089662648787,0.11611991119083309
network (local) -> ZED,scene_002,lemon,7,0.023652797110999442,0.01248714765134817,0.10349089662648787,0.12065938221035917
network (local) -> ZED,scene_002,lemon,8,0.02457726092087842,0.013236675542134459,0.10349089662648787,0.12790183459234433
network (local) -> ZED,scene_002,lemon,9,0.01738218058186305,0.009925605493291176,0.10349089662648787,0.09590800560085955
network (local) -> ZED,scene_002,lemon,10,0.02505493057383729,0.013679606359454878,0.10349089662648787,0.13218173583736895
network (local) -> ZED,scene_002,orange,0,0.03176724496787398,0.01970644238159248,0.127517730652621,0.15453884162411916
network (local) -> ZED,scene_002,orange,1,0.029962110235567323,0.01776067632022405,0.127517730652621,0.1392800532861349
network (local) -> ZED,scene_002,orange,2,0.02911760790358158,0.017477774602101696,0.127517730652621,0.13706152479857087
network (local) -> ZED,scene_002,orange,3,0.030675249496023217,0.018653366812945268,0.127517730652621,0.14628057382671014
network (local) -> ZED,scene_002,orange,4,0.030183516382161456,0.018303591610953768,0.127517730652621,0.1435376203550526
network (local) -> ZED,scene_002,orange,5,0.02813606710659115,0.01614713848794946,0.127517730652621,0.1266266142387437
network (local) -> ZED,scene_002,orange,6,0.03238457591754675,0.018585259230448438,0.127517730652621,0.14574647098353483
network (local) -> ZED,scene_002,orange,7,0.033866410325835705,0.019874308007397503,0.127517730652621,0.155855251702513
network (local) -> ZED,scene_002,orange,8,0.03208186413257365,0.01835988350701839,0.127517730652621,0.14397906403332797
network (local) -> ZED,scene_002,orange,9,0.02569294942799092,0.013887199832491181,0.127517730652621,0.10890406974322785
network (local) -> ZED,scene_002,orange,10,0.028684764554969322,0.016743079679163053,0.127517730652621,0.13130001289604126
network (local) -> ZED,scene_002,rubiks_cube,0,0.026153676734222295,0.014679825003410626,0.12883775017150678,0.11394040165921149
network (local) -> ZED,scene_002,rubiks_cube,1,0.02506835146299234,0.01201853153025972,0.12883775017150678,0.09328423939614625
network (local) -> ZED,scene_002,rubiks_cube,2,0.026288039710656318,0.012331094023504904,0.12883775017150678,0.09571025578364994
network (local) -> ZED,scene_002,rubiks_cube,3,0.02929626611700259,0.014257058737537286,0.12883775017150678,0.1106590166201949
network (local) -> ZED,scene_002,rubiks_cube,4,0.021626265552423373,0.010222809105006286,0.12883775017150678,0.0793463801672867
network (local) -> ZED,scene_002,rubiks_cube,5,0.023628944899627864,0.0063905897020560916,0.12883775017150678,0.04960184180140556
network (local) -> ZED,scene_002,rubiks_cube,6,0.027022032995992776,0.011986862924696468,0.12883775017150678,0.09303843717186729
network (local) -> ZED,scene_002,rubiks_cube,7,0.03294198280671953,0.01573493600311606,0.12883775017150678,0.12212985698811073
network (local) -> ZED,scene_002,rubiks_cube,8,0.03137629109997809,0.014573186887410087,0.12883775017150678,0.1131127085656998
network (local) -> ZED,scene_002,rubiks_cube,9,0.029944313191011814,0.01349294088909424,0.12883775017150678,0.10472816291135673
network (local) -> ZED,scene_002,rubiks_cube,10,0.02744990988429267,0.011335852467176404,0.12883775017150678,0.08798548912943835
network (local) -> ZED,scene_002,scissors,0,0.13805015100308174,0.05213858959995464,0.20983996337550315,0.2484683506480317
network (local) -> ZED,scene_002,scissors,1,0.12093774645394556,0.04375060836960926,0.20983996337550315,0.20849512011836702
network (local) -> ZED,scene_002,scissors,2,0.14580733281017247,0.05311954782886288,0.20983996337550315,0.25314314287125006
network (local) -> ZED,scene_002,scissors,3,0.14090648171291892,0.05398649195670935,0.20983996337550315,0.2572745967368567
network (local) -> ZED,scene_002,scissors,4,0.1280490367013906,0.0433662486841326,0.20983996337550315,0.20666344001657028
network (local) -> ZED,scene_002,scissors,5,0.13650191964180605,0.052471411953927904,0.20983996337550315,0.25005442771657216
network (local) -> ZED,scene_002,scissors,6,0.13780206132321854,0.055351395211917766,0.20983996337550315,0.2637790929884404
network (local) -> ZED,scene_002,scissors,7,0.1436500361357626,0.059591600435239325,0.20983996337550315,0.2839859456542208
network (local) -> ZED,scene_002,scissors,8,0.1353653662513785,0.05398691088474671,0.20983996337550315,0.2572765931537004
network (local) -> ZED,scene_002,scissors,9,0.1305801435823495,0.0468693282099628,0.20983996337550315,0.22335749328211307
network (local) -> ZED,scene_002,scissors,10,0.13461068172672916,0.05633468289634673,0.20983996337550315,0.26846498631691657
network (local) -> ZED,scene_002,wood_block,0,0.029147075631021525,0.015967764286856402,0.24655690811826406,0.06476299694347752
network (local) -> ZED,scene_002,wood_block,1,0.03047886101612512,0.016225795724078153,0.24655690811826406,0.06580953601306215
network (local) -> ZED,scene_002,wood_block,2,0.03480325173750237,0.018046964375081298,0.24655690811826406,0.07319593887194939
network (local) -> ZED,scene_002,wood_block,3,0.032900874407082975,0.01747370379177486,0.24655690811826406,0.07087087490322268
network (local) -> ZED,scene_002,wood_block,4,0.03099988713499374,0.016738076654902356,0.24655690811826406,0.06788727512300621
network (local) -> ZED,scene_002,wood_block,5,0.026775860118003505,0.015016790781817495,0.24655690811826406,0.060905982705682316
network (local) -> ZED,scene_002,wood_block,6,0.03659518289339846,0.018845316562558695,0.24655690811826406,0.07643394259924491
network (local) -> ZED,scene_002,wood_block,7,0.035458890847526195,0.018414462495797597,0.24655690811826406,0.07468645935065374
network (local) -> ZED,scene_002,wood_block,8,0.03834586460589073,0.01949609267236918,0.24655690811826406,0.07907339859655298
network (local) -> ZED,scene_002,wood_block,9,0.03742929011950292,0.019018320808787792,0.24655690811826406,0.07713562338989674
network (local) -> ZED,scene_002,wood_block,10,0.03895380514158853,0.019756095040865503,0.24655690811826406,0.08012793148504786
network (local) -> ZED,scene_004,chips_box,0,0.019874179576899305,0.01236868778972656,0.2694943619712671,0.04589590557388092
network (local) -> ZED,scene_004,chips_box,1,0.018849985537125025,0.011950805637796503,0.2694943619712671,0.04434529001044806
network (local) -> ZED,scene_004,chips_box,2,0.02156615696484554,0.013401379094656236,0.2694943619712671,0.049727864422206586
network (local) -> ZED,scene_004,chips_box,3,0.02310345288284453,0.012506394157626676,0.2694943619712671,0.04640688608899388
network (local) -> ZED,scene_004,chips_box,4,0.026437623761863913,0.015120245648892923,0.2694943619712671,0.05610598135817406
network (local) -> ZED,scene_004,chips_box,5,0.02013037898580625,0.008794889031343678,0.2694943619712671,0.0326347793215851
network (local) -> ZED,scene_004,chips_box,6,0.019497037619349816,0.010230241232795659,0.2694943619712671,0.03796087293984423
network (local) -> ZED,scene_004,chips_box,7,0.029037096720190232,0.016497242268095014,0.2694943619712671,0.06121553767367465
network (local) -> ZED,scene_004,chips_box,8,0.02917997967451501,0.016536876041322226,0.2694943619712671,0.061362604843975745
network (local) -> ZED,scene_004,chips_box,9,0.04061585876542331,0.022611086580198482,0.2694943619712671,0.08390189098875926
network (local) -> ZED,scene_004,chips_box,10,0.03475799835912072,0.018118290101883858,0.2694943619712671,0.06723068330392601
network (local) -> ZED,scene_004,scissors,0,0.0390090575894494,0.020865399591164718,0.20983996337550315,0.09943482287893192
network (local) -> ZED,scene_004,scissors,1,0.044733361582911454,0.02447446255939789,0.20983996337550315,0.116633944105306
network (local) -> ZED,scene_004,scissors,2,0.03759788584905761,0.0202299833699581,0.20983996337550315,0.09640672369808354
network (local) -> ZED,scene_004,scissors,3,0.03715437296984598,0.020868762677290726,0.20983996337550315,0.09945084978854395
network (local) -> ZED,scene_004,scissors,4,0.031045182661287713,0.017114672828783244,0.20983996337550315,0.08156059767393775
network (local) -> ZED,scene_004,scissors,5,0.0336302370132494,0.018087590260281318,0.20983996337550315,0.08619707118378613
network (local) -> ZED,scene_004,scissors,6,0.024738295880239965,0.01170020990520549,0.20983996337550315,0.055757777103059576
network (local) -> ZED,scene_004,scissors,7,0.03343090346574325,0.0171596232185872,0.20983996337550315,0.08177481039624707
network (local) -> ZED,scene_004,scissors,8,0.029377920461682402,0.014526771385078628,0.20983996337550315,0.06922785894259498
network (local) -> ZED,scene_004,scissors,9,0.03010149992599891,0.013381427449740656,0.20983996337550315,0.06376968063893025
network (local) -> ZED,scene_004,scissors,10,0.031641555495760525,0.012945218864430544,0.20983996337550315,0.06169091271363507
network (local) -> ZED,scene_004,wood_block,0,0.035723855459543895,0.016208277748368596,0.24655690811826406,0.06573848557751258
network (local) -> ZED,scene_004,wood_block,1,0.04173561653938427,0.020262404024544756,0.24655690811826406,0.08218144922074398
network (local) -> ZED,scene_004,wood_block,2,0.040027147889819675,0.020313486072763568,0.24655690811826406,0.08238863079439637
network (local) -> ZED,scene_004,wood_block,3,0.041887286868612886,0.021880862916275633,0.24655690811826406,0.08874568992315643
network (local) -> ZED,scene_004,wood_block,4,0.04075401289290635,0.022369014668388972,0.24655690811826406,0.09072556449182677
network (local) -> ZED,scene_004,wood_block,5,0.025255687254478205,0.014645550788236691,0.24655690811826406,0.05940028571907534
network (local) -> ZED,scene_004,wood_block,6,0.02429360283567214,0.014239901598637153,0.24655690811826406,0.05775502989276134
network (local) -> ZED,scene_004,wood_block,7,0.03746402551771582,0.02093035492511611,0.24655690811826406,0.08489056374391508
network (local) -> ZED,scene_004,wood_block,8,0.04536783130284834,0.02474350868127468,0.24655690811826406,0.10035617687664282
network (local) -> ZED,scene_004,wood_block,9,0.05458367535944298,0.029555859457447754,0.24655690811826406,0.11987439201367224
network (local) -> ZED,scene_004,wood_block,10,0.05592704543535737,0.030320586055736207,0.24655690811826406,0.12297601509989964
network (local) -> ZED,scene_005,apple,0,0.034414758951228704,0.020012828968417707,0.13449611403964654,0.1487985664962659
network (local) -> ZED,scene_005,apple,1,0.03486948033168942,0.020612655560159752,0.13449611403964654,0.1532583726105543
network (local) -> ZED,scene_005,apple,2,0.036330625940421045,0.021928551744032392,0.13449611403964654,0.1630422700359085
network (local) -> ZED,scene_005,apple,3,0.034133592412337634,0.020897327619008366,0.13449611403964654,0.15537495464626053
network (local) -> ZED,scene_005,apple,4,0.034162623741900225,0.020916667205162384,0.13449611403964654,0.15551874754534992
network (local) -> ZED,scene_005,apple,5,0.034060967724516895,0.02032716490046805,0.13449611403964654,0.15113570414737812
network (local) -> ZED,scene_005,apple,6,0.03424142734162252,0.02021213434795349,0.13449611403964654,0.15028043369338828
network (local) -> ZED,scene_005,apple,7,0.03572493626069466,0.021780178998393688,0.13449611403964654,0.1619390950728388
network (local) -> ZED,scene_005,apple,8,0.038115327944640114,0.023616175893429615,0.13449611403964654,0.1755900240096757
network (local) -> ZED,scene_005,apple,9,0.040362623414095085,0.024972354027569352,0.13449611403964654,0.18567342414226215
network (local) -> ZED,scene_005,apple,10,0.04142823925933988,0.025509826169266326,0.13449611403964654,0.18966961500275453
network (local) -> ZED,scene_005,chips_box,0,0.03893711316464466,0.021006545243835384,0.2694943619712671,0.07794799523885794
network (local) -> ZED,scene_005,chips_box,1,0.0334644406498289,0.01813802167807944,0.2694943619712671,0.06730390033173785
network (local) -> ZED,scene_005,chips_box,2,0.03282283622869406,0.017855680396992115,0.2694943619712671,0.06625622987576954
network (local) -> ZED,scene_005,chips_box,3,0.025918700638253977,0.014039618648738013,0.2694943619712671,0.05209614978971207
network (local) -> ZED,scene_005,chips_box,4,0.024743373284277784,0.013522557522601373,0.2694943619712671,0.05017751549118909
network (local) -> ZED,scene_005,chips_box,5,0.03283237934006526,0.017688978022192527,0.2694943619712671,0.06563765524741659
network (local) -> ZED,scene_005,chips_box,6,0.028539308615102767,0.015281503119389835,0.2694943619712671,0.056704351837309
network (local) -> ZED,scene_005,chips_box,7,0.024171719039483012,0.012915499394965994,0.2694943619712671,0.047924933570012936
network (local) -> ZED,scene_005,chips_box,8,0.02430648652305708,0.013178069735827982,0.2694943619712671,0.048899240931923466
network (local) -> ZED,scene_005,chips_box,9,0.01859668407261368,0.009867155934882266,0.2694943619712671,0.036613589474403484
network (local) -> ZED,scene_005,chips_box,10,0.018055838383478476,0.00950414389214638,0.2694943619712671,0.03526657783348986
network (local) -> ZED,scene_005,lemon,0,0.01651595395741869,0.008483116222117844,0.10349089662648787,0.08196968524424439
network (local) -> ZED,scene_005,lemon,1,0.019338113263348417,0.010045855355204834,0.10349089662648787,0.09706994221396723
network (local) -> ZED,scene_005,lemon,2,0.015554297183437633,0.008019854805833579,0.10349089662648787,0.0774933358126974
network (local) -> ZED,scene_005,lemon,3,0.014498922200973692,0.0074802047513784,0.10349089662648787,0.07227886698455646
network (local) -> ZED,scene_005,lemon,4,0.017729163179903577,0.009224894786036834,0.10349089662648787,0.08913725831684192
network (local) -> ZED,scene_005,lemon,5,0.026073262227409515,0.013728175105395559,0.10349089662648787,0.13265104036099262
network (local) -> ZED,scene_005,lemon,6,0.021987662724321167,0.01131985352586245,0.10349089662648787,0.10938018603430673
network (local) -> ZED,scene_005,lemon,7,0.023074197904362048,0.012005838216097589,0.10349089662648787,0.1160086404452386
network (local) -> ZED,scene_005,lemon,8,0.017869037309434663,0.009177352114377877,0.10349089662648787,0.08867786842643886
network (local) -> ZED,scene_005,lemon,9,0.021690185293295684,0.011135078566774835,0.10349089662648787,0.10759476369175526
network (local) -> ZED,scene_005,lemon,10,0.021043173897231884,0.010744734895633686,0.10349089662648787,0.1038229955086082
network (local) -> ZED,scene_005,orange,0,0.057787921856653254,0.02772068699599764,0.127517730652621,0.21738692222741393
network (local) -> ZED,scene_005,orange,1,0.056374767691162675,0.02609743308836818,0.127517730652621,0.20465728926326193
network (local) -> ZED,scene_005,orange,2,0.05551605345792644,0.025740532755584505,0.127517730652621,0.2018584601831246
network (local) -> ZED,scene_005,orange,3,0.054618082626958116,0.025043471991073523,0.127517730652621,0.19639207710883755
network (local) -> ZED,scene_005,orange,4,0.04654829873462529,0.019376873342666974,0.127517730652621,0.1519543458270342
network (local) -> ZED,scene_005,orange,5,0.04877823901847683,0.020145618051506317,0.127517730652621,0.15798287774102765
network (local) -> ZED,scene_005,orange,6,0.04454727919638046,0.016990527441879247,0.127517730652621,0.13324050980929233
network (local) -> ZED,scene_005,orange,7,0.044570039144001476,0.017102652769048467,0.127517730652621,0.13411980186221215
network (local) -> ZED,scene_005,orange,8,0.04192512099929685,0.015478297395634463,0.127517730652621,0.12138153115192943
network (local) -> ZED,scene_005,orange,9,0.04079717430737423,0.01472501529528644,0.127517730652621,0.11547425773596749
network (local) -> ZED,scene_005,orange,10,0.04260566158707612,0.015654545239723018,0.127517730652621,0.12276367497762754
network (local) -> ZED,scene_005,rubiks_cube,0,0.042597847821348685,0.01984790102304718,0.12883775017150678,0.15405345868447692
network (local) -> ZED,scene_005,rubiks_cube,1,0.044236272330753446,0.020646761187527892,0.12883775017150678,0.16025397183700624
network (local) -> ZED,scene_005,rubiks_cube,2,0.04557176510419181,0.021371079147278763,0.12883775017150678,0.1658759107391267
network (local) -> ZED,scene_005,rubiks_cube,3,0.04871890232751133,0.023083779669706397,0.12883775017150678,0.1791693788425957
network (local) -> ZED,scene_005,rubiks_cube,4,0.045945624494073314,0.0216366977287084,0.12883775017150678,0.16793756255372333
network (local) -> ZED,scene_005,rubiks_cube,5,0.047277767568624854,0.02235138742048074,0.12883775017150678,0.17348476972569707
network (local) -> ZED,scene_005,rubiks_cube,6,0.048945619089893574,0.023216997019113284,0.12883775017150678,0.18020337197915348
network (local) -> ZED,scene_005,rubiks_cube,7,0.049821594340758994,0.023651255387357614,0.12883775017150678,0.18357395527221979
network (local) -> ZED,scene_005,rubiks_cube,8,0.05167012392533063,0.024601690280460622,0.12883775017150678,0.19095094603647797
network (local) -> ZED,scene_005,rubiks_cube,9,0.05779761213521336,0.02802278627117767,0.12883775017150678,0.21750446770355877
network (local) -> ZED,scene_005,rubiks_cube,10,0.06725613387681274,0.034565830905150245,0.12883775017150678,0.26828961899083736
network (local) -> ZED,scene_005,scissors,0,0.03597857086772928,0.014041478202346105,0.20983996337550315,0.06691517657777725
network (local) -> ZED,scene_005,scissors,1,0.042465282125203535,0.016955319764799873,0.20983996337550315,0.0808011948346501
network (local) -> ZED,scene_005,scissors,2,0.040128474231821275,0.015962020661138707,0.20983996337550315,0.07606759172262667
network (local) -> ZED,scene_005,scissors,3,0.04433322525596046,0.01769935306638018,0.20983996337550315,0.08434691267414895
network (local) -> ZED,scene_005,scissors,4,0.04519836745554481,0.019143182510471375,0.20983996337550315,0.09122753455791997
network (local) -> ZED,scene_005,scissors,5,0.04213018249583386,0.016996628151358318,0.20983996337550315,0.0809980514576401
network (local) -> ZED,scene_005,scissors,6,0.042105752808588456,0.01705248857478947,0.20983996337550315,0.08126425634317562
network (local) -> ZED,scene_005,scissors,7,0.037484987927579684,0.014046691187541399,0.20983996337550315,0.0669400192488845
network (local) -> ZED,scene_005,scissors,8,0.029561782472187714,0.010984565010476949,0.20983996337550315,0.05234734525196402
network (local) -> ZED,scene_005,scissors,9,0.02884397453548295,0.010308402311815935,0.20983996337550315,0.049125067246458286
network (local) -> ZED,scene_005,scissors,10,0.02630621655809333,0.010693659841338018,0.20983996337550315,0.05096102605680498
network (local) -> ZED,scene_005,wood_block,0,0.03898290444860996,0.022547728700865684,0.24655690811826406,0.09145040336914993
network (local) -> ZED,scene_005,wood_block,1,0.043448805350460806,0.023124248762271808,0.24655690811826406,0.09378868732073804
network (local) -> ZED,scene_005,wood_block,2,0.040761083202371595,0.02165959191816884,0.24655690811826406,0.0878482460032292
network (local) -> ZED,scene_005,wood_block,3,0.045733609446347495,0.024059471517609957,0.24655690811826406,0.09758181874210368
network (local) -> ZED,scene_005,wood_block,4,0.04211868565508364,0.020835487129437256,0.24655690811826406,0.08450579336208766
network (local) -> ZED,scene_005,wood_block,5,0.0457014798060635,0.022382429605729805,0.24655690811826406,0.0907799735831932
network (local) -> ZED,scene_005,wood_block,6,0.05037375280654413,0.025326352090934905,0.24655690811826406,0.10272010743575195
network (local) -> ZED,scene_005,wood_block,7,0.046879817147783,0.023957037942909782,0.24655690811826406,0.09716636262902231
network (local) -> ZED,scene_005,wood_block,8,0.05097756201368927,0.026336363832788832,0.24655690811826406,0.10681657242455471
network (local) -> ZED,scene_005,wood_block,9,0.047225279723430914,0.02444186455615821,0.24655690811826406,0.09913275090404025
network (local) -> ZED,scene_005,wood_block,10,0.04658059461608234,0.024377290499024745,0.24655690811826406,0.09887084764760222
network (local) -> ZED,scene_006,apple,0,0.11647480938243313,0.08173130827396412,0.13449611403964654,0.6076852766903845
network (local) -> ZED,scene_006,apple,1,0.13181615019285128,0.09696260125799476,0.13449611403964654,0.7209323626213638
network (local) -> ZED,scene_006,apple,2,0.12008261666439249,0.08478906008508383,0.13449611403964654,0.630420147753041
network (local) -> ZED,scene_006,apple,3,0.12439847903246246,0.08953847991802735,0.13449611403964654,0.6657328396241496
network (local) -> ZED,scene_006,apple,4,0.13790522585830778,0.10300695233338761,0.13449611403964654,0.7658730742437911
network (local) -> ZED,scene_006,apple,5,0.13981177204092227,0.10487677941890088,0.13449611403964654,0.7797755360276467
network (local) -> ZED,scene_006,apple,6,0.16159904609589756,0.12639774123478476,0.13449611403964654,0.9397873101190526
network (local) -> ZED,scene_006,apple,7,0.17294104018903209,0.1377192285313837,0.13449611403964654,1.0239643688946065
network (local) -> ZED,scene_006,apple,8,0.1886723355626081,0.15249680261157217,0.13449611403964654,1.133837982609813
network (local) -> ZED,scene_006,apple,9,0.1611149300744588,0.12481370434536672,0.13449611403964654,0.9280097438991758
network (local) -> ZED,scene_006,apple,10,0.13542596075863525,0.09886689985273792,0.13449611403964654,0.7350911255591674
network (local) -> ZED,scene_006,chips_box,0,0.07739884281927875,0.04328863497076439,0.2694943619712671,0.16062909314362478
network (local) -> ZED,scene_006,chips_box,1,0.07251345489880988,0.04007112884823042,0.2694943619712671,0.14869004514648332
network (local) -> ZED,scene_006,chips_box,2,0.06586016355793661,0.03491785780543941,0.2694943619712671,0.12956804569129457
network (local) -> ZED,scene_006,chips_box,3,0.07378272928576006,0.03938244051248464,0.2694943619712671,0.14613456186769322
network (local) -> ZED,scene_006,chips_box,4,0.07676717629967748,0.042763475091977685,0.2694943619712671,0.15868040718616977
network (local) -> ZED,scene_006,chips_box,5,0.08169872708589145,0.04725035731467686,0.2694943619712671,0.17532966912203748
network (local) -> ZED,scene_006,chips_box,6,0.08166794987325739,0.04634232528146991,0.2694943619712671,0.1719602775452899
network (local) -> ZED,scene_006,chips_box,7,0.08131805037354453,0.04599168657566409,0.2694943619712671,0.17065917906129563
network (local) -> ZED,scene_006,chips_box,8,0.05904936323932477,0.031007693343825693,0.2694943619712671,0.11505878311150594
network (local) -> ZED,scene_006,chips_box,9,0.059120071052356366,0.031042958234168354,0.2694943619712671,0.1151896388744418
network (local) -> ZED,scene_006,chips_box,10,0.05120712414255272,0.027273144102006534,0.2694943619712671,0.10120116763301468
network (local) -> ZED,scene_006,lemon,0,0.10393205919634091,0.08068049061526932,0.10349089662648787,0.7795902175478846
network (local) -> ZED,scene_006,lemon,1,0.11360140172205273,0.08961296377464384,0.10349089662648787,0.8659018976139389
network (local) -> ZED,scene_006,lemon,2,0.09648491872289357,0.07328278243941239,0.10349089662648787,0.7081084890384078
network (local) -> ZED,scene_006,lemon,3,0.09751749730123009,0.07429900038308745,0.10349089662648787,0.7179278835629594
network (local) -> ZED,scene_006,lemon,4,0.10094084327153582,0.07749701933815019,0.10349089662648787,0.748829335374753
network (local) -> ZED,scene_006,lemon,5,0.12035261850909271,0.09607817470798355,0.10349089662648787,0.9283731984151437
network (local) -> ZED,scene_006,lemon,6,0.1277254876582966,0.10374866009532852,0.10349089662648787,1.0024906873671309
network (local) -> ZED,scene_006,lemon,7,0.11649130446462969,0.09223167802854705,0.10349089662648787,0.8912057102125919
network (local) -> ZED,scene_006,lemon,8,0.1218599828015348,0.09700360815734384,0.10349089662648787,0.9373153709107622
network (local) -> ZED,scene_006,lemon,9,0.13603062618225734,0.1109522499454783,0.10349089662648787,1.0720967115196558
network (local) -> ZED,scene_006,lemon,10,0.11748502483161377,0.09243224718562773,0.10349089662648787,0.8931437469251788
network (local) -> ZED,scene_006,orange,0,0.07743662168561974,0.05606256685544552,0.127517730652621,0.43964526790528485
network (local) -> ZED,scene_006,orange,1,0.0766809576654445,0.054030141061272643,0.127517730652621,0.4237068898948611
network (local) -> ZED,scene_006,orange,2,0.06547356216144387,0.043723786340412164,0.127517730652621,0.3428839747746363
network (local) -> ZED,scene_006,orange,3,0.07622600498615784,0.05250705783002642,0.127517730652621,0.41176280005377575
network (local) -> ZED,scene_006,orange,4,0.05669674216979134,0.034838288090006275,0.127517730652621,0.27320348246246184
network (local) -> ZED,scene_006,orange,5,0.054968822343380776,0.03281653341849534,0.127517730652621,0.25734878789439014
network (local) -> ZED,scene_006,orange,6,0.06663152067573518,0.04144006394617356,0.127517730652621,0.32497491708869114
network (local) -> ZED,scene_006,orange,7,0.07817463855991551,0.050407806414257024,0.127517730652621,0.395300372397436
network (local) -> ZED,scene_006,orange,8,0.07561545197735109,0.048025696956056484,0.127517730652621,0.3766197587603427
network (local) -> ZED,scene_006,orange,9,0.06636448039638061,0.04077859416096809,0.127517730652621,0.31978764013653593
network (local) -> ZED,scene_006,orange,10,0.11634822844021064,0.08833471362829368,0.127517730652621,0.6927249502967691
network (local) -> ZED,scene_006,rubiks_cube,0,0.1382319959841471,0.10537478267537213,0.12883775017150678,0.8178874789034959
network (local) -> ZED,scene_006,rubiks_cube,1,0.1568544626858674,0.12346342471142313,0.12883775017150678,0.958286096637597
network (local) -> ZED,scene_006,rubiks_cube,2,0.1458293060032393,0.11213044356505546,0.12883775017150678,0.8703228938396486
network (local) -> ZED,scene_006,rubiks_cube,3,0.13044534983833134,0.09621099712649255,0.12883775017150678,0.7467609221553309
network (local) -> ZED,scene_006,rubiks_cube,4,0.13484623828606912,0.09721080717009715,0.12883775017150678,0.7545211480384566
network (local) -> ZED,scene_006,rubiks_cube,5,0.10998495599685566,0.07344740899071495,0.12883775017150678,0.5700767740273555
network (local) -> ZED,scene_006,rubiks_cube,6,0.11433706756168789,0.07790067297831961,0.12883775017150678,0.6046416743122218
network (local) -> ZED,scene_006,rubiks_cube,7,0.10242572065167725,0.06681214489502267,0.12883775017150678,0.5185758429193571
network (local) -> ZED,scene_006,rubiks_cube,8,0.11095599415537706,0.07533852287994271,0.12883775017150678,0.5847550332076837
network (local) -> ZED,scene_006,rubiks_cube,9,0.1186794640553255,0.08512549055607124,0.12883775017150678,0.6607185428397618
network (local) -> ZED,scene_006,rubiks_cube,10,0.11930362275008913,0.08517536372290294,0.12883775017150678,0.661105643412112
network (local) -> ZED,scene_006,scissors,0,0.1397995447787013,0.09096829279825829,0.20983996337550315,0.4335127176679539
network (local) -> ZED,scene_006,scissors,1,0.14044685957129988,0.0914664291180726,0.20983996337550315,0.43588660447102634
network (local) -> ZED,scene_006,scissors,2,0.15306654064752526,0.10358540717211043,0.20983996337550315,0.49364003646315474
network (local) -> ZED,scene_006,scissors,3,0.13179540892104707,0.08233309891867123,0.20983996337550315,0.3923613862405146
network (local) -> ZED,scene_006,scissors,4,0.13757743554517068,0.0889342478025787,0.20983996337550315,0.4238194020432285
network (local) -> ZED,scene_006,scissors,5,0.1282611397747936,0.07953552101311608,0.20983996337550315,0.37902942668165324
network (local) -> ZED,scene_006,scissors,6,0.11618255144269135,0.06888934943321716,0.20983996337550315,0.3282947076670113
network (local) -> ZED,scene_006,scissors,7,0.13917034201256742,0.09073983305606034,0.20983996337550315,0.43242398443276403
network (local) -> ZED,scene_006,scissors,8,0.1266735648106057,0.08030952542125584,0.20983996337550315,0.38271797292274606
network (local) -> ZED,scene_006,scissors,9,0.11788722045889881,0.07215532439436585,0.20983996337550315,0.3438588304804733
network (local) -> ZED,scene_006,scissors,10,0.12250539167188505,0.0788909307815673,0.20983996337550315,0.3759576084198701
network (local) -> ZED,scene_006,wood_block,0,0.13889166642073256,0.0893814078968541,0.24655690811826406,0.3625183677838027
network (local) -> ZED,scene_006,wood_block,1,0.15257439448691823,0.1027340396005119,0.24655690811826406,0.4166747562848016
network (local) -> ZED,scene_006,wood_block,2,0.10985045967227841,0.06308812122249646,0.24655690811826406,0.2558765102303906
network (local) -> ZED,scene_006,wood_block,3,0.11852816670015849,0.07103089918268912,0.24655690811826406,0.2880912959397523
network (local) -> ZED,scene_006,wood_block,4,0.11269501134875766,0.0659886743618624,0.24655690811826406,0.2676407441409434
network (local) -> ZED,scene_006,wood_block,5,0.11995034056785146,0.0723478130213808,0.24655690811826406,0.2934325124919164
network (local) -> ZED,scene_006,wood_block,6,0.1279884083829847,0.07972010826592901,0.24655690811826406,0.32333350087149165
network (local) -> ZED,scene_006,wood_block,7,0.10700182612400878,0.05975287157315191,0.24655690811826406,0.2423492086641949
network (local) -> ZED,scene_006,wood_block,8,0.1063582225551058,0.05980402048854427,0.24655690811826406,0.24255666144166008
network (local) -> ZED,scene_006,wood_block,9,0.11065785960120769,0.06384687854054462,0.24655690811826406,0.2589539227589587
network (local) -> ZED,scene_006,wood_block,10,0.10609889880552005,0.05996355096995688,0.24655690811826406,0.243203694545012
network (local) -> ZED,scene_009,apple,0,0.004724903560345469,0.011339403664626437,0.13449611403964654,0.08431026982150448
network (local) -> ZED,scene_009,apple,1,0.0026224511812792737,0.010271321615523384,0.13449611403964654,0.07636890990393687
network (local) -> ZED,scene_009,apple,2,0.004756072283491012,0.008980174216415315,0.13449611403964654,0.06676902362969502
network (local) -> ZED,scene_009,apple,3,0.012247384218080769,0.013187507264762042,0.13449611403964654,0.09805121403637469
network (local) -> ZED,scene_009,apple,4,0.009501509405506106,0.01234827403620536,0.13449611403964654,0.0918113814988391
network (local) -> ZED,scene_009,apple,5,0.00917051101725088,0.012949369917863378,0.13449611403964654,0.09628062498553813
network (local) -> ZED,scene_009,apple,6,0.009514092512375075,0.012602496224067164,0.13449611403964654,0.09370156390059137
network (local) -> ZED,scene_009,apple,7,0.008616068254392439,0.012021577455946826,0.13449611403964654,0.08938234046229117
network (local) -> ZED,scene_009,chips_box,0,0.03875179492608023,0.02139416460587749,0.2694943619712671,0.07938631609724915
network (local) -> ZED,scene_009,chips_box,1,0.04644767055491301,0.024581907544121658,0.2694943619712671,0.09121492325224424
network (local) -> ZED,scene_009,chips_box,2,0.04224437629514598,0.022325472328078817,0.2694943619712671,0.08284207567377276
network (local) -> ZED,scene_009,chips_box,3,0.05655559636075877,0.026895098584070496,0.2694943619712671,0.0997983719857486
network (local) -> ZED,scene_009,chips_box,4,0.04712484248947065,0.02316687663173443,0.2694943619712671,0.08596423488148681
network (local) -> ZED,scene_009,chips_box,5,0.037766657528043715,0.019997956326966403,0.2694943619712671,0.0742054719834864
network (local) -> ZED,scene_009,chips_box,6,0.034158783252907644,0.018251740807866592,0.2694943619712671,0.06772587253536887
network (local) -> ZED,scene_009,chips_box,7,0.03248356594238335,0.017295929465893763,0.2694943619712671,0.06417918853433312
network (local) -> ZED,scene_009,lemon,0,0.03225751201106281,0.015880968339253284,0.10349089662648787,0.15345280461304503
network (local) -> ZED,scene_009,lemon,1,0.027785381669379293,0.013579420400688765,0.10349089662648787,0.13121367041295104
network (local) -> ZED,scene_009,lemon,2,0.02665825695615416,0.012756103279507118,0.10349089662648787,0.12325821589453956
network (local) -> ZED,scene_009,lemon,3,0.02935721453487018,0.016415632443693224,0.10349089662648787,0.15861909577360586
network (local) -> ZED,scene_009,lemon,4,0.028763250058956708,0.014747025737808457,0.10349089662648787,0.14249587372918793
network (local) -> ZED,scene_009,lemon,5,0.03112399984265167,0.01531762779913872,0.10349089662648787,0.14800942206947953
network (local) -> ZED,scene_009,lemon,6,0.03923461033532565,0.01992253143162294,0.10349089662648787,0.19250515824136638
network (local) -> ZED,scene_009,lemon,7,0.04079534740417427,0.02152316602083594,0.10349089662648787,0.20797158709056168
network (local) -> ZED,scene_009,orange,0,0.018209913261081696,0.011683570877497988,0.127517730652621,0.09162310854892745
network (local) -> ZED,scene_009,orange,1,0.020783760345568673,0.013170769318828998,0.127517730652621,0.103285788191356
network (local) -> ZED,scene_009,orange,2,0.021743301622180057,0.01350800622112269,0.127517730652621,0.10593041573113227
network (local) -> ZED,scene_009,orange,3,0.02028072424921553,0.01534599902849654,0.127517730652621,0.12034404117731307
network (local) -> ZED,scene_009,orange,4,0.01676659912070548,0.014091946335547703,0.127517730652621,0.11050970138369583
network (local) -> ZED,scene_009,orange,5,0.014739091376397458,0.014514041421847082,0.127517730652621,0.11381979076608323
network (local) -> ZED,scene_009,orange,6,0.015515685423234499,0.015351535590445144,0.127517730652621,0.12038745915472114
network (local) -> ZED,scene_009,orange,7,0.016171772395587775,0.01422300974467749,0.127517730652621,0.11153750675992875
network (local) -> ZED,scene_009,rubiks_cube,0,0.024866507365949402,0.011459859384880667,0.12883775017150678,0.08894799365578399
network (local) -> ZED,scene_009,rubiks_cube,1,0.04813167560134006,0.0241231906102401,0.12883775017150678,0.1872369750180183
network (local) -> ZED,scene_009,rubiks_cube,2,0.03864645986780962,0.017915591609037836,0.12883775017150678,0.13905545218842214
network (local) -> ZED,scene_009,rubiks_cube,3,0.0315757049769254,0.014223140458406995,0.12883775017150678,0.11039575310398834
network (local) -> ZED,scene_009,rubiks_cube,4,0.032821658233747594,0.014468239121622557,0.12883775017150678,0.112298135463889
network (local) -> ZED,scene_009,rubiks_cube,5,0.05183146742336864,0.02765315916104757,0.12883775017150678,0.21463553286390147
network (local) -> ZED,scene_009,rubiks_cube,6,0.034507921637374865,0.01791780398834112,0.12883775017150678,0.13907262401345274
network (local) -> ZED,scene_009,rubiks_cube,7,0.025667150464682677,0.01305249570533092,0.12883775017150678,0.10130955941062028
network (local) -> ZED,scene_009,scissors,0,0.047892149752051034,0.02531456893469094,0.20983996337550315,0.12063750168213276
network (local) -> ZED,scene_009,scissors,1,0.03863274461127925,0.02085465667894813,0.20983996337550315,0.09938362713888424
network (local) -> ZED,scene_009,scissors,2,0.03896542345177225,0.020600440217357106,0.20983996337550315,0.09817214931787399
network (local) -> ZED,scene_009,scissors,3,0.034115502202723524,0.019344069123412085,0.20983996337550315,0.092184867039823
network (local) -> ZED,scene_009,scissors,4,0.043107733017440454,0.022176752809840793,0.20983996337550315,0.10568412447802458
network (local) -> ZED,scene_009,scissors,5,0.03726226751866845,0.017447766209909548,0.20983996337550315,0.08314796633226258
network (local) -> ZED,scene_009,scissors,6,0.03929333238429004,0.018992781862463944,0.20983996337550315,0.09051079478353156
network (local) -> ZED,scene_009,scissors,7,0.03771176104297025,0.01654074544956941,0.20983996337550315,0.07882552581259356
network (local) -> ZED,scene_009,wood_block,0,0.04306914776657561,0.01742735556850947,0.24655690811826406,0.07068289305505983
network (local) -> ZED,scene_009,wood_block,1,0.04839892041512574,0.019784192192424017,0.24655690811826406,0.08024188956382551
network (local) -> ZED,scene_009,wood_block,2,0.04765006418945432,0.02002638769787016,0.24655690811826406,0.0812242003305146
network (local) -> ZED,scene_009,wood_block,3,0.04616542029006869,0.022525844281742098,0.24655690811826406,0.09136164325575213
network (local) -> ZED,scene_009,wood_block,4,0.047588473902328725,0.021349957061282936,0.24655690811826406,0.08659241075103913
network (local) -> ZED,scene_009,wood_block,5,0.046765385865354565,0.02149829588342245,0.24655690811826406,0.08719405206489095
network (local) -> ZED,scene_009,wood_block,6,0.050992116823381284,0.0248346504452974,0.24655690811826406,0.10072583500027163
network (local) -> ZED,scene_009,wood_block,7,0.04997461955213213,0.024342271959806542,0.24655690811826406,0.09872881739793099
network (local) -> RealSense,scene_001,apple,0,0.031258115410862375,0.013168633188473772,0.13449611403964654,0.09791088227717824
network (local) -> RealSense,scene_001,apple,1,0.028846264746281616,0.012342767158231068,0.13449611403964654,0.09177043698521051
network (local) -> RealSense,scene_001,apple,2,0.03386085110807431,0.013656009383261643,0.13449611403964654,0.10153460180445174
network (local) -> RealSense,scene_001,apple,3,0.03212844512644905,0.012799698788425072,0.13449611403964654,0.09516779633240555
network (local) -> RealSense,scene_001,apple,4,0.032753909171137345,0.012620284034523893,0.13449611403964654,0.09383381910055563
network (local) -> RealSense,scene_001,apple,5,0.03389555955217371,0.013320618805605403,0.13449611403964654,0.0990409195144387
network (local) -> RealSense,scene_001,apple,6,0.03463196300821651,0.0129301836581192,0.13449611403964654,0.09613797209269304
network (local) -> RealSense,scene_001,apple,7,0.03400841279408185,0.013121242503108697,0.13449611403964654,0.09755852499382131
network (local) -> RealSense,scene_001,chips_box,0,0.03121715856665666,0.015355520175915422,0.2694943619712671,0.05697900343292746
network (local) -> RealSense,scene_001,chips_box,1,0.03263837540926477,0.016122338724024323,0.2694943619712671,0.059824400800426586
network (local) -> RealSense,scene_001,chips_box,2,0.02952417377090522,0.014691795153370771,0.2694943619712671,0.054516150341346215
network (local) -> RealSense,scene_001,chips_box,3,0.036399872211767194,0.01777721878925084,0.2694943619712671,0.0659650860938835
network (local) -> RealSense,scene_001,chips_box,4,0.037059006045031664,0.018821206768571016,0.2694943619712671,0.06983896297829671
network (local) -> RealSense,scene_001,chips_box,5,0.035157138664303755,0.017546203210595693,0.2694943619712671,0.0651078674976749
network (local) -> RealSense,scene_001,chips_box,6,0.03645660278981762,0.01838783980981443,0.2694943619712671,0.06823088867356306
network (local) -> RealSense,scene_001,chips_box,7,0.04024055481336128,0.019440028418735766,0.2694943619712671,0.07213519524689879
network (local) -> RealSense,scene_001,lemon,0,0.036376174192509256,0.018481639732029053,0.10349089662648787,0.17858227471669993
network (local) -> RealSense,scene_001,lemon,1,0.04983019791954257,0.02706085024220688,0.10349089662648787,0.2614804888576143
network (local) -> RealSense,scene_001,lemon,2,0.02887846054317456,0.014650537963652696,0.10349089662648787,0.14156354270007337
network (local) -> RealSense,scene_001,lemon,3,0.04831047356471741,0.02579936283943926,0.10349089662648787,0.24929113265442585
network (local) -> RealSense,scene_001,lemon,4,0.055111778856439426,0.03062920257236483,0.10349089662648787,0.2959603556524359
network (local) -> RealSense,scene_001,lemon,5,0.06738883829596262,0.041674261803250255,0.10349089662648787,0.40268529080058213
network (local) -> RealSense,scene_001,lemon,6,0.08553496851128944,0.0580077191556362,0.10349089662648787,0.5605103545000061
network (local) -> RealSense,scene_001,lemon,7,0.0971035166916709,0.06843732560591882,0.10349089662648787,0.6612883629071071
network (local) -> RealSense,scene_001,orange,0,0.05129801838761954,0.02184336825771951,0.127517730652621,0.17129671415831882
network (local) -> RealSense,scene_001,orange,1,0.04916879212007013,0.022144702682470593,0.127517730652621,0.1736597927922381
network (local) -> RealSense,scene_001,orange,2,0.048663715796793114,0.020208094616755334,0.127517730652621,0.15847282188392658
network (local) -> RealSense,scene_001,orange,3,0.0527183499310561,0.02341284862730045,0.127517730652621,0.18360465252538763
network (local) -> RealSense,scene_001,orange,4,0.05011899991120457,0.024564888971439748,0.127517730652621,0.19263900671474848
network (local) -> RealSense,scene_001,orange,5,0.07605996637212478,0.044147108333750795,0.127517730652621,0.34620368561933307
network (local) -> RealSense,scene_001,orange,6,0.10412759321010336,0.071035217044114,0.127517730652621,0.5570614900419257
network (local) -> RealSense,scene_001,orange,7,0.1088686374261363,0.07698917495052722,0.127517730652621,0.6037527060472729
network (local) -> RealSense,scene_001,rubiks_cube,0,0.03882761787501741,0.017767031567358274,0.12883775017150678,0.13790237367314379
network (local) -> RealSense,scene_001,rubiks_cube,1,0.03737379785682564,0.017180741047496537,0.12883775017150678,0.133351762388165
network (local) -> RealSense,scene_001,rubiks_cube,2,0.03314403948439238,0.015543894436086232,0.12883775017150678,0.12064704960614761
network (local) -> RealSense,scene_001,rubiks_cube,3,0.029499833829022548,0.0144923301455705,0.12883775017150678,0.11248512277091566
network (local) -> RealSense,scene_001,rubiks_cube,4,0.02916120492759686,0.014756094946952295,0.12883775017150678,0.11453238610041866
network (local) -> RealSense,scene_001,rubiks_cube,5,0.02633580885179815,0.012968462640769956,0.12883775017150678,0.10065731995091923
network (local) -> RealSense,scene_001,rubiks_cube,6,0.028515856447505202,0.013779857759888632,0.12883775017150678,0.106955125664218
network (local) -> RealSense,scene_001,rubiks_cube,7,0.03304098647908922,0.014976940747503975,0.12883775017150678,0.11624652500968782
network (local) -> RealSense,scene_001,scissors,0,0.09747279641171293,0.04001447982993819,0.20983996337550315,0.19069046327621267
network (local) -> RealSense,scene_001,scissors,1,0.09296620618221225,0.0454771979482804,0.20983996337550315,0.21672324573799195
network (local) -> RealSense,scene_001,scissors,2,0.08572633963147049,0.04211488947650048,0.20983996337550315,0.2007000420655668
network (local) -> RealSense,scene_001,scissors,3,0.09713065455701116,0.034141916732459476,0.20983996337550315,0.1627045496160491
network (local) -> RealSense,scene_001,scissors,4,0.09626858033045943,0.032202267528169785,0.20983996337550315,0.15346108057855817
network (local) -> RealSense,scene_001,scissors,5,0.08392422885554517,0.018521319114121387,0.20983996337550315,0.08826402185830527
network (local) -> RealSense,scene_001,scissors,6,0.09206862374602304,0.029768326188573304,0.20983996337550315,0.14186204433949343
network (local) -> RealSense,scene_001,scissors,7,0.08815316586211148,0.01926086010234211,0.20983996337550315,0.0917883314146186
network (local) -> RealSense,scene_001,wood_block,0,0.04168348741355937,0.02177799761443721,0.24655690811826406,0.08832848278577181
network (local) -> RealSense,scene_001,wood_block,1,0.04586841461788446,0.023375411251874537,0.24655690811826406,0.09480736690882834
network (local) -> RealSense,scene_001,wood_block,2,0.04873968584638099,0.025374974447687434,0.24655690811826406,0.10291731284818033
network (local) -> RealSense,scene_001,wood_block,3,0.04973646841048107,0.026587725458845326,0.24655690811826406,0.10783605968197896
network (local) -> RealSense,scene_001,wood_block,4,0.05044894197366119,0.0270042031668716,0.24655690811826406,0.10952523444980379
network (local) -> RealSense,scene_001,wood_block,5,0.05270853964988098,0.028314120461643322,0.24655690811826406,0.1148380740078964
network (local) -> RealSense,scene_001,wood_block,6,0.049618745752655326,0.026691238700389034,0.24655690811826406,0.10825589477130469
network (local) -> RealSense,scene_001,wood_block,7,0.048431078464522846,0.025952838095468365,0.24655690811826406,0.10526104619636034
network (local) -> RealSense,scene_002,apple,0,0.027810690576098626,0.014474145209680229,0.13449611403964654,0.10761757180146904
network (local) -> RealSense,scene_002,apple,1,0.026272659405873526,0.01392025797039823,0.13449611403964654,0.10349933207954871
network (local) -> RealSense,scene_002,apple,2,0.026570115586604822,0.013926365001488769,0.13449611403964654,0.10354473882705324
network (local) -> RealSense,scene_002,apple,3,0.029415896874786036,0.016064672717078322,0.13449611403964654,0.11944339679838487
network (local) -> RealSense,scene_002,apple,4,0.028177411458955776,0.014949703185981924,0.13449611403964654,0.11115342099456552
network (local) -> RealSense,scene_002,apple,5,0.028827645301940603,0.015198471852293048,0.13449611403964654,0.11300305559618525
network (local) -> RealSense,scene_002,apple,6,0.02531098869471368,0.013128962180943716,0.13449611403964654,0.09761592202636861
network (local) -> RealSense,scene_002,apple,7,0.03044875591306286,0.015987359968100415,0.13449611403964654,0.11886856421284922
network (local) -> RealSense,scene_002,apple,8,0.028805314153615733,0.01445426071350577,0.13449611403964654,0.10746972740970767
network (local) -> RealSense,scene_002,apple,9,0.02702270483229696,0.0134064212816835,0.13449611403964654,0.09967887457128745
network (local) -> RealSense,scene_002,apple,10,0.026842140028590603,0.013536002690518793,0.13449611403964654,0.10064233295639065
network (local) -> RealSense,scene_002,chips_box,0,0.04265563492306365,0.02046193723516183,0.2694943619712671,0.07592714402442095
network (local) -> RealSense,scene_002,chips_box,1,0.03682247123543174,0.018456294283592016,0.2694943619712671,0.06848489945611473
network (local) -> RealSense,scene_002,chips_box,2,0.03402373621439411,0.016884917896305373,0.2694943619712671,0.0626540673162788
network (local) -> RealSense,scene_002,chips_box,3,0.04000632470865796,0.0194748048870152,0.2694943619712671,0.07226423864515415
network (local) -> RealSense,scene_002,chips_box,4,0.035505673079551735,0.01771649460608249,0.2694943619712671,0.06573975973557245
network (local) -> RealSense,scene_002,chips_box,5,0.03457523789987181,0.01712178764939352,0.2694943619712671,0.06353300872104704
network (local) -> RealSense,scene_002,chips_box,6,0.03276880529508969,0.016027683359365944,0.2694943619712671,0.05947316760962436
network (local) -> RealSense,scene_002,chips_box,7,0.034910461645470264,0.017118683839198803,0.2694943619712671,0.06352149155915908
network (local) -> RealSense,scene_002,chips_box,8,0.03835830829605146,0.018505065652898472,0.2694943619712671,0.06866587307259304
network (local) -> RealSense,scene_002,chips_box,9,0.032840138024307804,0.01576937755009535,0.2694943619712671,0.05851468444366434
network (local) -> RealSense,scene_002,chips_box,10,0.03559409284304769,0.01695747576467672,0.2694943619712671,0.06292330437133482
network (local) -> RealSense,scene_002,lemon,0,0.027838758633994456,0.013868792731607796,0.10349089662648787,0.13400978427756866
network (local) -> RealSense,scene_002,lemon,1,0.025577491366239106,0.01209086192385585,0.10349089662648787,0.11683019780467596
network (local) -> RealSense,scene_002,lemon,2,0.027836290284593144,0.013063678350654629,0.10349089662648787,0.12623021711564783
network (local) -> RealSense,scene_002,lemon,3,0.020986573363143607,0.009556482883670796,0.10349089662648787,0.09234128986399052
network (local) -> RealSense,scene_002,lemon,4,0.02680558065165318,0.012374382985312916,0.10349089662648787,0.11956977269192745
network (local) -> RealSense,scene_002,lemon,5,0.023422398324407005,0.010493435151303292,0.10349089662648787,0.10139476507943945
network (local) -> RealSense,scene_002,lemon,6,0.022702661232796937,0.010295873938949734,0.10349089662648787,0.0994857931911527
network (local) -> RealSense,scene_002,lemon,7,0.022970760057713823,0.010483178967105765,0.10349089662648787,0.10129566279574254
network (local) -> RealSense,scene_002,lemon,8,0.02623150032780464,0.01234148909586787,0.10349089662648787,0.11925192937896664
network (local) -> RealSense,scene_002,lemon,9,0.02495668105251852,0.012213731658569937,0.10349089662648787,0.11801744942505316
network (local) -> RealSense,scene_002,lemon,10,0.028294510011604622,0.014019831309339231,0.10349089662648787,0.1354692225726735
network (local) -> RealSense,scene_002,orange,0,0.05359583649117171,0.022281062832094703,0.127517730652621,0.17472913545483282
network (local) -> RealSense,scene_002,orange,1,0.05431326699017867,0.022503257609040348,0.127517730652621,0.17647159727413025
network (local) -> RealSense,scene_002,orange,2,0.053233416882567004,0.021965615608411773,0.127517730652621,0.17225538359249565
network (local) -> RealSense,scene_002,orange,3,0.05562400138972134,0.023458070222085254,0.127517730652621,0.18395928238394427
network (local) -> RealSense,scene_002,orange,4,0.05344271951624516,0.02209701617233508,0.127517730652621,0.17328583295236752
network (local) -> RealSense,scene_002,orange,5,0.05258976268877212,0.02142467478415532,0.127517730652621,0.1680133003818866
network (local) -> RealSense,scene_002,orange,6,0.05400404100494579,0.022340985546977103,0.127517730652621,0.17519905218386903
network (local) -> RealSense,scene_002,orange,7,0.055937944042425705,0.023633875148826845,0.127517730652621,0.18533795283111928
network (local) -> RealSense,scene_002,orange,8,0.05695653418088997,0.024152902443298156,0.127517730652621,0.1894081891175948
network (local) -> RealSense,scene_002,orange,9,0.051167970854295385,0.02044762782550201,0.127517730652621,0.16035125249526802
network (local) -> RealSense,scene_002,orange,10,0.05540109026446799,0.023262077454624476,0.127517730652621,0.1824222979468961
network (local) -> RealSense,scene_002,rubiks_cube,0,0.03329006472613455,0.01326253808896281,0.12883775017150678,0.10293984543589071
network (local) -> RealSense,scene_002,rubiks_cube,1,0.03470328729958294,0.012478149317887962,0.12883775017150678,0.09685165490143413
network (local) -> RealSense,scene_002,rubiks_cube,2,0.03690308936329739,0.012749920166899284,0.12883775017150678,0.09896105877296671
network (local) -> RealSense,scene_002,rubiks_cube,3,0.038304223344642625,0.013983978965099375,0.12883775017150678,0.10853945327735173
network (local) -> RealSense,scene_002,rubiks_cube,4,0.03501114328845436,0.012113714563000113,0.12883775017150678,0.09402302156685076
network (local) -> RealSense,scene_002,rubiks_cube,5,0.036967300583322586,0.01285748745333525,0.12883775017150678,0.09979596380889581
network (local) -> RealSense,scene_002,rubiks_cube,6,0.03600175784442539,0.012467028761662153,0.12883775017150678,0.09676534047719897
network (local) -> RealSense,scene_002,rubiks_cube,7,0.03918113545730845,0.014367990682181187,0.12883775017150678,0.11152003712463734
network (local) -> RealSense,scene_002,rubiks_cube,8,0.040186871741598136,0.014918807269460986,0.12883775017150678,0.11579531037759744
network (local) -> RealSense,scene_002,rubiks_cube,9,0.03875909684689457,0.013967362340210987,0.12883775017150678,0.10841048001550674
network (local) -> RealSense,scene_002,rubiks_cube,10,0.04151154869103791,0.0153722382043637,0.12883775017150678,0.1193147053864292
network (local) -> RealSense,scene_002,scissors,0,0.1314273633414671,0.049537829770801386,0.20983996337550315,0.23607433481178575
network (local) -> RealSense,scene_002,scissors,1,0.11922442154775124,0.04300376238226595,0.20983996337550315,0.2049359983222635
network (local) -> RealSense,scene_002,scissors,2,0.13345258968939067,0.051521880379193544,0.20983996337550315,0.24552940036019966
network (local) -> RealSense,scene_002,scissors,3,0.13725796307244004,0.05683586251290975,0.20983996337550315,0.27085337606165827
network (local) -> RealSense,scene_002,scissors,4,0.13183437221925465,0.051769437080036125,0.20983996337550315,0.2467091408484287
network (local) -> RealSense,scene_002,scissors,5,0.1358048167523017,0.057339379467398234,0.20983996337550315,0.27325290447554507
network (local) -> RealSense,scene_002,scissors,6,0.1320830300995861,0.05346516892460188,0.20983996337550315,0.2547902128105472
network (local) -> RealSense,scene_002,scissors,7,0.13730003248506775,0.05990341566958966,0.20983996337550315,0.2854719125279014
network (local) -> RealSense,scene_002,scissors,8,0.1284096711817758,0.054123899903952354,0.20983996337550315,0.257929419321805
network (local) -> RealSense,scene_002,scissors,9,0.12709446512401204,0.053777589400155146,0.20983996337550315,0.2562790639832583
network (local) -> RealSense,scene_002,scissors,10,0.13093247395927216,0.059495691540873204,0.20983996337550315,0.28352888831955814
network (local) -> RealSense,scene_002,wood_block,0,0.028171392470278972,0.01744564731999635,0.24655690811826406,0.07075708181588784
network (local) -> RealSense,scene_002,wood_block,1,0.030088583659404172,0.01827184757635969,0.24655690811826406,0.07410803337781707
network (local) -> RealSense,scene_002,wood_block,2,0.029600097305916666,0.01799583578097069,0.24655690811826406,0.07298856851473318
network (local) -> RealSense,scene_002,wood_block,3,0.028937166661107638,0.01776050272379707,0.24655690811826406,0.07203409086910688
network (local) -> RealSense,scene_002,wood_block,4,0.031864620537099195,0.019113477245159306,0.24655690811826406,0.0775215644576111
network (local) -> RealSense,scene_002,wood_block,5,0.03274181223323757,0.019496873768504223,0.24655690811826406,0.07907656661216853
network (local) -> RealSense,scene_002,wood_block,6,0.0330657118623497,0.019518886938460087,0.24655690811826406,0.07916584892075955
network (local) -> RealSense,scene_002,wood_block,7,0.03279302212346504,0.019439427235775478,0.24655690811826406,0.07884357158815082
network (local) -> RealSense,scene_002,wood_block,8,0.03517615881616806,0.02043038186809399,0.24655690811826406,0.08286274363196632
network (local) -> RealSense,scene_002,wood_block,9,0.03408794015233839,0.019935076854194326,0.24655690811826406,0.08085385644369056
network (local) -> RealSense,scene_002,wood_block,10,0.03644424088004334,0.020961618216223134,0.24655690811826406,0.08501736323757206
network (local) -> RealSense,scene_004,chips_box,0,0.02356588091383303,0.01497939173571977,0.2694943619712671,0.05558332139548374
network (local) -> RealSense,scene_004,chips_box,1,0.022971911484532925,0.014484210718059404,0.2694943619712671,0.05374587658202542
network (local) -> RealSense,scene_004,chips_box,2,0.025729963709060822,0.015818161444575363,0.2694943619712671,0.05869570453671258
network (local) -> RealSense,scene_004,chips_box,3,0.025643674673608476,0.013951207257000274,0.2694943619712671,0.05176808581430628
network (local) -> RealSense,scene_004,chips_box,4,0.03248486442392517,0.018440145736175723,0.2694943619712671,0.06842497780395781
network (local) -> RealSense,scene_004,chips_box,5,0.027103067858147374,0.013506180463329475,0.2694943619712671,0.050116745910882825
network (local) -> RealSense,scene_004,chips_box,6,0.02819153092361682,0.015764525297682738,0.2694943619712671,0.058496679419822215
network (local) -> RealSense,scene_004,chips_box,7,0.03229030649538654,0.018019860161587256,0.2694943619712671,0.06686544397358671
network (local) -> RealSense,scene_004,chips_box,8,0.03161116397725235,0.01761625824078375,0.2694943619712671,0.06536781738930018
network (local) -> RealSense,scene_004,chips_box,9,0.035941718509157054,0.019647222953096722,0.2694943619712671,0.072904022219179
network (local) -> RealSense,scene_004,chips_box,10,0.03641233129125832,0.01905140669114742,0.2694943619712671,0.07069315495801964
network (local) -> RealSense,scene_004,scissors,0,0.02654460442909766,0.014504179160525295,0.20983996337550315,0.06912019487236779
network (local) -> RealSense,scene_004,scissors,1,0.03708909002298405,0.020018236865383322,0.20983996337550315,0.09539763800645165
network (local) -> RealSense,scene_004,scissors,2,0.03705154582390989,0.020654029412231795,0.20983996337550315,0.0984275305808739
network (local) -> RealSense,scene_004,scissors,3,0.03565651082839678,0.01984928121830328,0.20983996337550315,0.09459247370713418
network (local) -> RealSense,scene_004,scissors,4,0.029288995828103785,0.01739352659725925,0.20983996337550315,0.08288948547962709
network (local) -> RealSense,scene_004,scissors,5,0.03053210636726105,0.0177113120406986,0.20983996337550315,0.0844039036025024
network (local) -> RealSense,scene_004,scissors,6,0.026533776797820225,0.014692056025554333,0.20983996337550315,0.07001552892602865
network (local) -> RealSense,scene_004,scissors,7,0.02967690699496931,0.015587662982556028,0.20983996337550315,0.07428357654953605
network (local) -> RealSense,scene_004,scissors,8,0.025816725287856963,0.012989536457747993,0.20983996337550315,0.06190210982120482
network (local) -> RealSense,scene_004,scissors,9,0.020555802989899563,0.009215871839851546,0.20983996337550315,0.043918573429027837
network (local) -> RealSense,scene_004,scissors,10,0.02334666994993217,0.0107351522896711,0.20983996337550315,0.051158759832896195
network (local) -> RealSense,scene_004,wood_block,0,0.041019873507711156,0.018918748909360402,0.24655690811826406,0.0767317738275895
network (local) -> RealSense,scene_004,wood_block,1,0.04557160815637629,0.02287441628655514,0.24655690811826406,0.09277540208114203
network (local) -> RealSense,scene_004,wood_block,2,0.043425807776265535,0.02282107874771696,0.24655690811826406,0.092559072556063
network (local) -> RealSense,scene_004,wood_block,3,0.044613290697197654,0.02380031734158004,0.24655690811826406,0.09653072600246887
network (local) -> RealSense,scene_004,wood_block,4,0.04646938615977236,0.025466519642328822,0.24655690811826406,0.10328860722942507
network (local) -> RealSense,scene_004,wood_block,5,0.035271003789754486,0.019963925555693544,0.24655690811826406,0.08097086270289211
network (local) -> RealSense,scene_004,wood_block,6,0.03795598962258349,0.02134107046967238,0.24655690811826406,0.08655636799045141
network (local) -> RealSense,scene_004,wood_block,7,0.04979406803428965,0.02689898048333602,0.24655690811826406,0.10909846610517031
network (local) -> RealSense,scene_004,wood_block,8,0.05436320089564566,0.029420078970444605,0.24655690811826406,0.11932368553361686
network (local) -> RealSense,scene_004,wood_block,9,0.05939795741103988,0.0320454472246802,0.24655690811826406,0.12997180841231676
network (local) -> RealSense,scene_004,wood_block,10,0.060063777015707503,0.032472759495985985,0.24655690811826406,0.13170492663872158
network (local) -> RealSense,scene_005,apple,0,0.045851295167167495,0.024504412950685152,0.13449611403964654,0.1821942078078314
network (local) -> RealSense,scene_005,apple,1,0.04426305573515579,0.02507004728226684,0.13449611403964654,0.18639978902941934
network (local) -> RealSense,scene_005,apple,2,0.04477485444355768,0.026045586817308473,0.13449611403964654,0.19365308063570372
network (local) -> RealSense,scene_005,apple,3,0.043809298289754994,0.025763076227216495,0.13449611403964654,0.19155256946399282
network (local) -> RealSense,scene_005,apple,4,0.04535520838236452,0.027011004903899086,0.13449611403964654,0.20083111766290013
network (local) -> RealSense,scene_005,apple,5,0.04256577460570116,0.026204383766835752,0.13449611403964654,0.194833761212694
network (local) -> RealSense,scene_005,apple,6,0.04226546270833445,0.02685257029882053,0.13449611403964654,0.19965313117451836
network (local) -> RealSense,scene_005,apple,7,0.04386929666578022,0.028173277262075316,0.13449611403964654,0.20947279750975145
network (local) -> RealSense,scene_005,apple,8,0.0457063996802722,0.029613761293100685,0.13449611403964654,0.2201830253948541
network (local) -> RealSense,scene_005,apple,9,0.045610236202059534,0.029335362414531965,0.13449611403964654,0.21811308545230187
network (local) -> RealSense,scene_005,apple,10,0.047179042498613266,0.03110242981444188,0.13449611403964654,0.23125151262938018
network (local) -> RealSense,scene_005,chips_box,0,0.054269805725705854,0.02013291713689935,0.2694943619712671,0.0747062646863309
network (local) -> RealSense,scene_005,chips_box,1,0.05372204105748745,0.018591764526555046,0.2694943619712671,0.06898758248804203
network (local) -> RealSense,scene_005,chips_box,2,0.05316060572822144,0.018548332819214537,0.2694943619712671,0.0688264225030137
network (local) -> RealSense,scene_005,chips_box,3,0.05323876195822049,0.017280726332496825,0.2694943619712671,0.06412277498532329
network (local) -> RealSense,scene_005,chips_box,4,0.053660605433874804,0.018154634169675415,0.2694943619712671,0.06736554351964893
network (local) -> RealSense,scene_005,chips_box,5,0.0536921008543683,0.017483707670017522,0.2694943619712671,0.06487596824708933
network (local) -> RealSense,scene_005,chips_box,6,0.051071023960300985,0.01541804617533523,0.2694943619712671,0.057211015705698025
network (local) -> RealSense,scene_005,chips_box,7,0.04941185627644584,0.014262731527884548,0.2694943619712671,0.05292404421212051
network (local) -> RealSense,scene_005,chips_box,8,0.05228123634307172,0.016633564633295735,0.2694943619712671,0.06172138263534126
network (local) -> RealSense,scene_005,chips_box,9,0.04775255273474143,0.012704882720806231,0.2694943619712671,0.04714340822521845
network (local) -> RealSense,scene_005,chips_box,10,0.04749813797372833,0.012385781121985382,0.2694943619712671,0.0459593329945282
network (local) -> RealSense,scene_005,lemon,0,0.030052996836844734,0.013491770876758312,0.10349089662648787,0.1303667406173112
network (local) -> RealSense,scene_005,lemon,1,0.03572925134792614,0.016542061181736373,0.10349089662648787,0.1598407369243193
network (local) -> RealSense,scene_005,lemon,2,0.03302061404478127,0.014808952197576815,0.10349089662648787,0.14309424964230671
network (local) -> RealSense,scene_005,lemon,3,0.02952264691005353,0.013690316898724056,0.10349089662648787,0.1322852284112891
network (local) -> RealSense,scene_005,lemon,4,0.03340628199852993,0.015780762315754447,0.10349089662648787,0.15248454530942246
network (local) -> RealSense,scene_005,lemon,5,0.0360101735979491,0.0175258517847317,0.10349089662648787,0.16934679624996177
network (local) -> RealSense,scene_005,lemon,6,0.0338817147065588,0.016275752464352807,0.10349089662648787,0.15726747950686057
network (local) -> RealSense,scene_005,lemon,7,0.03741588241380762,0.018700736519380385,0.10349089662648787,0.18069933809612046
network (local) -> RealSense,scene_005,lemon,8,0.03369844331788482,0.016021365542330655,0.10349089662648787,0.15480941865016254
network (local) -> RealSense,scene_005,lemon,9,0.03837033816944401,0.019141984429223893,0.10349089662648787,0.1849629779352459
network (local) -> RealSense,scene_005,lemon,10,0.03679373718146313,0.018149460937057407,0.10349089662648787,0.17537253544687292
network (local) -> RealSense,scene_005,orange,0,0.06078786357559505,0.029507328125950617,0.127517730652621,0.23139784542067618
network (local) -> RealSense,scene_005,orange,1,0.05906670861062931,0.028014938100298443,0.127517730652621,0.21969445313150748
network (local) -> RealSense,scene_005,orange,2,0.06020469793278555,0.028705003302779582,0.127517730652621,0.225105976681601
network (local) -> RealSense,scene_005,orange,3,0.06197471836422045,0.03000959300168953,0.127517730652621,0.2353366300364969
network (local) -> RealSense,scene_005,orange,4,0.05602145893487645,0.025526492854770128,0.127517730652621,0.20017994928335445
network (local) -> RealSense,scene_005,orange,5,0.05454801451128916,0.024078662067642812,0.127517730652621,0.18882599262401395
network (local) -> RealSense,scene_005,orange,6,0.050236407896105714,0.020977204659996012,0.127517730652621,0.16450421876735966
network (local) -> RealSense,scene_005,orange,7,0.050739905499614255,0.02153176158163062,0.127517730652621,0.16885308004960214
network (local) -> RealSense,scene_005,orange,8,0.05173568831383122,0.02190303001703815,0.127517730652621,0.17176458446163503
network (local) -> RealSense,scene_005,orange,9,0.05218221224604934,0.021954335861785673,0.127517730652621,0.1721669272925884
network (local) -> RealSense,scene_005,orange,10,0.05566718880124074,0.024274107096413707,0.127517730652621,0.19035868166867173
network (local) -> RealSense,scene_005,rubiks_cube,0,0.053232640656615045,0.0233619807475045,0.12883775017150678,0.18132869222262418
network (local) -> RealSense,scene_005,rubiks_cube,1,0.056008498870813335,0.024394901015392722,0.12883775017150678,0.18934590974243662
network (local) -> RealSense,scene_005,rubiks_cube,2,0.055019346776861225,0.023887666651487872,0.12883775017150678,0.18540890864431417
network (local) -> RealSense,scene_005,rubiks_cube,3,0.05657431277812709,0.025087531847588808,0.12883775017150678,0.1947219026581315
network (local) -> RealSense,scene_005,rubiks_cube,4,0.05508571935174388,0.02411434883577889,0.12883775017150678,0.18716834781481553
network (local) -> RealSense,scene_005,rubiks_cube,5,0.05583715792477015,0.024807826140927938,0.12883775017150678,0.19255091079985603
network (local) -> RealSense,scene_005,rubiks_cube,6,0.057843933378655975,0.02609204026501006,0.12883775017150678,0.20251859591056773
network (local) -> RealSense,scene_005,rubiks_cube,7,0.05574197957485423,0.024930232981365485,0.12883775017150678,0.1935009960060522
network (local) -> RealSense,scene_005,rubiks_cube,8,0.05616246469703107,0.025231981008868025,0.12883775017150678,0.19584307375190585
network (local) -> RealSense,scene_005,rubiks_cube,9,0.06078397802947907,0.02831414399992488,0.12883775017150678,0.2197658990647814
network (local) -> RealSense,scene_005,rubiks_cube,10,0.07071406744058804,0.03570163188604071,0.12883775017150678,0.27710536576830364
network (local) -> RealSense,scene_005,scissors,0,0.031880959514042996,0.01118393548297838,0.20983996337550315,0.05329745251129795
network (local) -> RealSense,scene_005,scissors,1,0.034102339996635415,0.012632664364876969,0.20983996337550315,0.0602014228446616
network (local) -> RealSense,scene_005,scissors,2,0.030307939929754966,0.011026053476943116,0.20983996337550315,0.05254506005232321
network (local) -> RealSense,scene_005,scissors,3,0.033661078832610984,0.012487484491501484,0.20983996337550315,0.05950956286222494
network (local) -> RealSense,scene_005,scissors,4,0.033649168864617836,0.013518000693423782,0.20983996337550315,0.06442052541361568
network (local) -> RealSense,scene_005,scissors,5,0.029264919834808546,0.011524542454599789,0.20983996337550315,0.054920627459207665
network (local) -> RealSense,scene_005,scissors,6,0.03272168234305019,0.01250491577146264,0.20983996337550315,0.05959263226273739
network (local) -> RealSense,scene_005,scissors,7,0.03161641390182391,0.012263563128884178,0.20983996337550315,0.058442457440477394
network (local) -> RealSense,scene_005,scissors,8,0.02964085056868852,0.01305223648863713,0.20983996337550315,0.062200909105576296
network (local) -> RealSense,scene_005,scissors,9,0.029378582963956075,0.013257630543421805,0.20983996337550315,0.06317972196600902
network (local) -> RealSense,scene_005,scissors,10,0.027514960715974607,0.011998454770741839,0.20983996337550315,0.05717907388913768
network (local) -> RealSense,scene_005,wood_block,0,0.04205601452937452,0.02438841940543171,0.24655690811826406,0.09891598492033939
network (local) -> RealSense,scene_005,wood_block,1,0.04730393599472643,0.02550670208582425,0.24655690811826406,0.10345158154558641
network (local) -> RealSense,scene_005,wood_block,2,0.0446670512652766,0.02408803655685042,0.24655690811826406,0.09769767450724316
network (local) -> RealSense,scene_005,wood_block,3,0.05020314538551253,0.026865611416212194,0.24655690811826406,0.10896312588137166
network (local) -> RealSense,scene_005,wood_block,4,0.046652781431056875,0.024337273928965997,0.24655690811826406,0.09870854609067503
network (local) -> RealSense,scene_005,wood_block,5,0.04903047429388039,0.025302535335556018,0.24655690811826406,0.10262351003939157
network (local) -> RealSense,scene_005,wood_block,6,0.054243419196105785,0.02791767900614695,0.24655690811826406,0.11323016345076768
network (local) -> RealSense,scene_005,wood_block,7,0.04887692311513115,0.02560709035495503,0.24655690811826406,0.10385874218812102
network (local) -> RealSense,scene_005,wood_block,8,0.052706659062108224,0.02788690602012192,0.24655690811826406,0.11310535256528129
network (local) -> RealSense,scene_005,wood_block,9,0.04957723706081163,0.02631614052828181,0.24655690811826406,0.1067345495574553
network (local) -> RealSense,scene_005,wood_block,10,0.049449220026325964,0.026639570033505394,0.24655690811826406,0.10804633395519138
network (local) -> RealSense,scene_006,apple,0,0.12873008621665566,0.0824407672335791,0.13449611403964654,0.6129602168972507
network (local) -> RealSense,scene_006,apple,1,0.13409768284843263,0.0883908428180452,0.13449611403964654,0.6571999752497645
network (local) -> RealSense,scene_006,apple,2,0.13325544722490537,0.08930825471190482,0.13449611403964654,0.6640210785984395
network (local) -> RealSense,scene_006,apple,3,0.1426189574115067,0.09936413369304924,0.13449611403964654,0.7387881382488036
network (local) -> RealSense,scene_006,apple,4,0.15656173055443584,0.11404713584968407,0.13449611403964654,0.8479585946703668
network (local) -> RealSense,scene_006,apple,5,0.16127800862202535,0.11975067270715313,0.13449611403964654,0.8903652983747413
network (local) -> RealSense,scene_006,apple,6,0.18328665392394056,0.14230519275436354,0.13449611403964654,1.0580617423074028
network (local) -> RealSense,scene_006,apple,7,0.19510505452839283,0.1552649021769548,0.13449611403964654,1.15441924315513
network (local) -> RealSense,scene_006,apple,8,0.2008439610727895,0.1610115550974388,0.13449611403964654,1.1971465216457935
network (local) -> RealSense,scene_006,apple,9,0.15820603224500268,0.11842757319187072,0.13449611403964654,0.8805278430346385
network (local) -> RealSense,scene_006,apple,10,0.12398604517744158,0.08422251294205045,0.13449611403964654,0.6262077796331237
network (local) -> RealSense,scene_006,chips_box,0,0.08661547098824239,0.04958858840546563,0.2694943619712671,0.18400603278948247
network (local) -> RealSense,scene_006,chips_box,1,0.08430329589058681,0.047592279631890555,0.2694943619712671,0.17659842411458218
network (local) -> RealSense,scene_006,chips_box,2,0.08582747063454413,0.04850488576423875,0.2694943619712671,0.1799847885849658
network (local) -> RealSense,scene_006,chips_box,3,0.08655613355331047,0.04928208536323443,0.2694943619712671,0.18286870642766465
network (local) -> RealSense,scene_006,chips_box,4,0.08206949754563848,0.0457944223498763,0.2694943619712671,0.16992720001600184
network (local) -> RealSense,scene_006,chips_box,5,0.08668154368301231,0.049672198664279923,0.2694943619712671,0.18431628142772005
network (local) -> RealSense,scene_006,chips_box,6,0.08546234667684144,0.04850659278648145,0.2694943619712671,0.17999112275177437
network (local) -> RealSense,scene_006,chips_box,7,0.08356445976682476,0.04695687663220865,0.2694943619712671,0.17424066421550996
network (local) -> RealSense,scene_006,chips_box,8,0.07595192326583464,0.04055774365548378,0.2694943619712671,0.15049570372759027
network (local) -> RealSense,scene_006,chips_box,9,0.07049108484255975,0.036971315844644206,0.2694943619712671,0.1371877154468486
network (local) -> RealSense,scene_006,chips_box,10,0.06750794177419753,0.03516408915698764,0.2694943619712671,0.13048172473729436
network (local) -> RealSense,scene_006,lemon,0,0.1093887586369883,0.08214610806414428,0.10349089662648787,0.7937520182148995
network (local) -> RealSense,scene_006,lemon,1,0.11799994342101991,0.0906306016785537,0.10349089662648787,0.8757350127678509
network (local) -> RealSense,scene_006,lemon,2,0.09809009635830247,0.07133218387118351,0.10349089662648787,0.6892604682770375
network (local) -> RealSense,scene_006,lemon,3,0.10668046089900882,0.07921697067019763,0.10349089662648787,0.7654486844007352
network (local) -> RealSense,scene_006,lemon,4,0.12860567962550698,0.10012770038087812,0.10349089662648787,0.9675024919559063
network (local) -> RealSense,scene_006,lemon,5,0.14627531767331645,0.11729246345651001,0.10349089662648787,1.1333602015241377
network (local) -> RealSense,scene_006,lemon,6,0.1745581097874068,0.1453826119905591,0.10349089662648787,1.4047864761986157
network (local) -> RealSense,scene_006,lemon,7,0.16965496573668434,0.14057355646535377,0.10349089662648787,1.3583180844659415
network (local) -> RealSense,scene_006,lemon,8,0.1778038284939228,0.14903229752166186,0.10349089662648787,1.440052240145709
network (local) -> RealSense,scene_006,lemon,9,0.1794784933903447,0.15070930009063413,0.10349089662648787,1.4562565887757608
network (local) -> RealSense,scene_006,lemon,10,0.1542379330678864,0.12575870730903901,0.10349089662648787,1.215166854365158
network (local) -> RealSense,scene_006,orange,0,0.09018471966451862,0.06153240785433962,0.127517730652621,0.482540016509264
network (local) -> RealSense,scene_006,orange,1,0.09266065361882982,0.06422287165383873,0.127517730652621,0.503638759293735
network (local) -> RealSense,scene_006,orange,2,0.09001116897044555,0.061244820841668664,0.127517730652621,0.48028474572300456
network (local) -> RealSense,scene_006,orange,3,0.10049137215107151,0.06938207969135286,0.127517730652621,0.5440975097052261
network (local) -> RealSense,scene_006,orange,4,0.09786693476564742,0.06788025052493421,0.127517730652621,0.5323200952332741
network (local) -> RealSense,scene_006,orange,5,0.09644433934583582,0.06633566178893698,0.127517730652621,0.5202073582194313
network (local) -> RealSense,scene_006,orange,6,0.11018040548248396,0.07877516805242374,0.127517730652621,0.6177585473742477
network (local) -> RealSense,scene_006,orange,7,0.11571279262297242,0.08345219142692929,0.127517730652621,0.6544359831360754
network (local) -> RealSense,scene_006,orange,8,0.11552888532149017,0.08566426257893682,0.127517730652621,0.6717831484336886
network (local) -> RealSense,scene_006,orange,9,0.11057316588901833,0.08243514468095268,0.127517730652621,0.6464602550489186
network (local) -> RealSense,scene_006,orange,10,0.14366665012971339,0.11486648422013453,0.127517730652621,0.9007883345497221
network (local) -> RealSense,scene_006,rubiks_cube,0,0.15041997917229663,0.11154594348845603,0.12883775017150678,0.8657861794386182
network (local) -> RealSense,scene_006,rubiks_cube,1,0.15402212378207525,0.11353105663581352,0.12883775017150678,0.8811940326859384
network (local) -> RealSense,scene_006,rubiks_cube,2,0.1552828033981329,0.11441525004754047,0.12883775017150678,0.8880568769264652
network (local) -> RealSense,scene_006,rubiks_cube,3,0.1436719480661916,0.10273781315439831,0.12883775017150678,0.7974201118665558
network (local) -> RealSense,scene_006,rubiks_cube,4,0.1428687188352346,0.10006534545856974,0.12883775017150678,0.7766772186363416
network (local) -> RealSense,scene_006,rubiks_cube,5,0.13328066970182356,0.09104858310089367,0.12883775017150678,0.7066918118307036
network (local) -> RealSense,scene_006,rubiks_cube,6,0.14047757765682933,0.09740045887512236,0.12883775017150678,0.7559931677281263
network (local) -> RealSense,scene_006,rubiks_cube,7,0.139215666976522,0.09591413936508163,0.12883775017150678,0.7444568011891098
network (local) -> RealSense,scene_006,rubiks_cube,8,0.1479623568227475,0.10546166107529774,0.12883775017150678,0.8185618030034585
network (local) -> RealSense,scene_006,rubiks_cube,9,0.14248855269873634,0.10211009083753099,0.12883775017150678,0.7925479193916662
network (local) -> RealSense,scene_006,rubiks_cube,10,0.13589856529451844,0.09504041657685937,0.12883775017150678,0.7376752267898428
network (local) -> RealSense,scene_006,scissors,0,0.12230213697634913,0.0764383444462599,0.20983996337550315,0.3642697187736135
network (local) -> RealSense,scene_006,scissors,1,0.13412188989741422,0.0860344240141479,0.20983996337550315,0.41000018599980187
network (local) -> RealSense,scene_006,scissors,2,0.1553102694927759,0.10571069109566932,0.20983996337550315,0.503768154526899
network (local) -> RealSense,scene_006,scissors,3,0.15193499064695948,0.10169687149736562,0.20983996337550315,0.48464015081522727
network (local) -> RealSense,scene_006,scissors,4,0.13956209712916587,0.09075691358491654,0.20983996337550315,0.4325053823160911
network (local) -> RealSense,scene_006,scissors,5,0.11285875658362757,0.06512824757410517,0.20983996337550315,0.31037103956008544
network (local) -> RealSense,scene_006,scissors,6,0.10978847957134488,0.06328078409978892,0.20983996337550315,0.30156688498153045
network (local) -> RealSense,scene_006,scissors,7,0.1330090975222261,0.08555202758789895,0.20983996337550315,0.4077013082336744
network (local) -> RealSense,scene_006,scissors,8,0.12994574059376812,0.08394515007746173,0.20983996337550315,0.4000436748420703
network (local) -> RealSense,scene_006,scissors,9,0.12740842089180301,0.0807320914710826,0.20983996337550315,0.3847317268475434
network (local) -> RealSense,scene_006,scissors,10,0.11692139459858067,0.07004121218948264,0.20983996337550315,0.33378395164959934
network (local) -> RealSense,scene_006,wood_block,0,0.14500536521835936,0.09424878037155934,0.24655690811826406,0.3822597431597891
network (local) -> RealSense,scene_006,wood_block,1,0.1472166613872465,0.0967253795052303,0.24655690811826406,0.39230447949499264
network (local) -> RealSense,scene_006,wood_block,2,0.11520586172818388,0.06696878013590905,0.24655690811826406,0.2716159147477087
network (local) -> RealSense,scene_006,wood_block,3,0.13233796591991812,0.08322471706098028,0.24655690811826406,0.33754769921538974
network (local) -> RealSense,scene_006,wood_block,4,0.1289939384306955,0.07996625307186855,0.24655690811826406,0.32433182944325273
network (local) -> RealSense,scene_006,wood_block,5,0.13386320007089447,0.08388018199889803,0.24655690811826406,0.3402061724373339
network (local) -> RealSense,scene_006,wood_block,6,0.14038551071652086,0.08970412970248601,0.24655690811826406,0.36382728185193786
network (local) -> RealSense,scene_006,wood_block,7,0.11461406809978449,0.06542876092447918,0.24655690811826406,0.2653698143111669
network (local) -> RealSense,scene_006,wood_block,8,0.11715255223318641,0.06905113903468853,0.24655690811826406,0.2800616683656955
network (local) -> RealSense,scene_006,wood_block,9,0.1165104342160125,0.06849535776743597,0.24655690811826406,0.27780749803441457
network (local) -> RealSense,scene_006,wood_block,10,0.09990793395731713,0.05477564353476929,0.24655690811826406,0.22216227463598578
network (local) -> RealSense,scene_009,apple,0,0.0237815407933527,0.013414729336343792,0.13449611403964654,0.0997406462791142
network (local) -> RealSense,scene_009,apple,1,0.01847177021375867,0.011812767947639483,0.13449611403964654,0.08782980855608463
network (local) -> RealSense,scene_009,apple,2,0.01781659545183114,0.011402612183439515,0.13449611403964654,0.08478023521243351
network (local) -> RealSense,scene_009,apple,3,0.02572806900120973,0.013793561366648955,0.13449611403964654,0.10255732267909921
network (local) -> RealSense,scene_009,apple,4,0.024625247868864494,0.013647778285590686,0.13449611403964654,0.10147340228408099
network (local) -> RealSense,scene_009,apple,5,0.024521462286524617,0.013898904441598166,0.13449611403964654,0.10334056519656078
network (local) -> RealSense,scene_009,apple,6,0.024080579462130828,0.013083005014284079,0.13449611403964654,0.09727422318259317
network (local) -> RealSense,scene_009,apple,7,0.023129756362332644,0.012908706612537568,0.13449611403964654,0.09597828684278835
network (local) -> RealSense,scene_009,chips_box,0,0.05582757373945372,0.023363665917172458,0.2694943619712671,0.0866944515880575
network (local) -> RealSense,scene_009,chips_box,1,0.06382854181870415,0.02443860630261124,0.2694943619712671,0.09068318210388696
network (local) -> RealSense,scene_009,chips_box,2,0.0628011571413957,0.02333676219691106,0.2694943619712671,0.08659462122402092
network (local) -> RealSense,scene_009,chips_box,3,0.08428853308696821,0.028673862015526234,0.2694943619712671,0.10639874543491704
network (local) -> RealSense,scene_009,chips_box,4,0.0673095011402164,0.023025125072559445,0.2694943619712671,0.08543824406617581
network (local) -> RealSense,scene_009,chips_box,5,0.056724829796524115,0.02066609468574818,0.2694943619712671,0.07668470143338864
network (local) -> RealSense,scene_009,chips_box,6,0.055390884885344854,0.019123502696966475,0.2694943619712671,0.07096067820151793
network (local) -> RealSense,scene_009,chips_box,7,0.05279283556814755,0.017714690868892977,0.2694943619712671,0.06573306669317883
network (local) -> RealSense,scene_009,lemon,0,0.046901711495103034,0.025771126098744396,0.10349089662648787,0.24901828990578512
network (local) -> RealSense,scene_009,lemon,1,0.039275455443683056,0.020387669114038567,0.10349089662648787,0.19699963744270493
network (local) -> RealSense,scene_009,lemon,2,0.030471787790534232,0.014971454630172062,0.10349089662648787,0.14466445956310528
network (local) -> RealSense,scene_009,lemon,3,0.030228535021427774,0.015051604293557884,0.10349089662648787,0.14543892056400945
network (local) -> RealSense,scene_009,lemon,4,0.019461941667912305,0.00910524182824745,0.10349089662648787,0.08798108940064027
network (local) -> RealSense,scene_009,lemon,5,0.021175241219179124,0.01039794759230842,0.10349089662648787,0.10047209881499015
network (local) -> RealSense,scene_009,lemon,6,0.026065040626601338,0.01285229322914344,0.10349089662648787,0.12418766913894891
network (local) -> RealSense,scene_009,lemon,7,0.024909518257834256,0.012565947509359623,0.10349089662648787,0.12142080046626481
network (local) -> RealSense,scene_009,orange,0,0.04064476890905215,0.01671278142794945,0.127517730652621,0.13106241259482398
network (local) -> RealSense,scene_009,orange,1,0.037490069977657726,0.01604499784236449,0.127517730652621,0.12582562252518176
network (local) -> RealSense,scene_009,orange,2,0.03799918159046093,0.01652050789108982,0.127517730652621,0.1295545945378715
network (local) -> RealSense,scene_009,orange,3,0.03748043228860454,0.016260029761808483,0.127517730652621,0.1275119128813815
network (local) -> RealSense,scene_009,orange,4,0.03720012345607628,0.01641252048746202,0.127517730652621,0.12870775227464162
network (local) -> RealSense,scene_009,orange,5,0.04159826817142021,0.01773595818933098,0.127517730652621,0.13908621254911294
network (local) -> RealSense,scene_009,orange,6,0.04087569379385361,0.017158940408950926,0.127517730652621,0.13456121216346506
network (local) -> RealSense,scene_009,orange,7,0.04001016465855058,0.016576137983543286,0.127517730652621,0.129990848321316
network (local) -> RealSense,scene_009,rubiks_cube,0,0.023815972378589415,0.01063369247108993,0.12883775017150678,0.0825355336998242
network (local) -> RealSense,scene_009,rubiks_cube,1,0.0467089523353612,0.022733898715401123,0.12883775017150678,0.1764537077458906
network (local) -> RealSense,scene_009,rubiks_cube,2,0.041901928622382296,0.01947226918996185,0.12883775017150678,0.15113791698505036
network (local) -> RealSense,scene_009,rubiks_cube,3,0.026355950693223572,0.011481076892680608,0.12883775017150678,0.08911267759175537
network (local) -> RealSense,scene_009,rubiks_cube,4,0.03558743243732601,0.01576175002377514,0.12883775017150678,0.12233797937943923
network (local) -> RealSense,scene_009,rubiks_cube,5,0.0507614195900052,0.02841428287518993,0.12883775017150678,0.22054314699973637
network (local) -> RealSense,scene_009,rubiks_cube,6,0.03498537355487674,0.019468701540070774,0.12883775017150678,0.15111022595593562
network (local) -> RealSense,scene_009,rubiks_cube,7,0.02988806992785635,0.017216304085744254,0.12883775017150678,0.13362779203165362
network (local) -> RealSense,scene_009,scissors,0,0.04226861623024444,0.023170364391739667,0.20983996337550315,0.11041921671648838
network (local) -> RealSense,scene_009,scissors,1,0.03450803725294505,0.017799536971296055,0.20983996337550315,0.08482434272753016
network (local) -> RealSense,scene_009,scissors,2,0.03721728513846536,0.020473289685869214,0.20983996337550315,0.09756620882187629
network (local) -> RealSense,scene_009,scissors,3,0.024636491480134623,0.014094816466443422,0.20983996337550315,0.06716936202100414
network (local) -> RealSense,scene_009,scissors,4,0.03608180585547168,0.01944187064957766,0.20983996337550315,0.09265094378036531
network (local) -> RealSense,scene_009,scissors,5,0.04033401270245129,0.020635916191381342,0.20983996337550315,0.0983412113661777
network (local) -> RealSense,scene_009,scissors,6,0.03814100093303097,0.01913336896529794,0.20983996337550315,0.09118076775041785
network (local) -> RealSense,scene_009,scissors,7,0.03634088859462794,0.016708626728185245,0.20983996337550315,0.07962557016980408
network (local) -> RealSense,scene_009,wood_block,0,0.04995110940942983,0.020737751626135805,0.24655690811826406,0.08410939196312718
network (local) -> RealSense,scene_009,wood_block,1,0.050993238763858764,0.021732165643315513,0.24655690811826406,0.08814259478339748
network (local) -> RealSense,scene_009,wood_block,2,0.05088193583835001,0.022619851843369676,0.24655690811826406,0.0917429246497518
network (local) -> RealSense,scene_009,wood_block,3,0.04978552623491737,0.024312617573741334,0.24655690811826406,0.0986085433959104
network (local) -> RealSense,scene_009,wood_block,4,0.048594917970142204,0.023087553110008357,0.24655690811826406,0.09363985493740101
network (local) -> RealSense,scene_009,wood_block,5,0.0511102422651075,0.024164068843786256,0.24655690811826406,0.09800605072560231
network (local) -> RealSense,scene_009,wood_block,6,0.05285184143345011,0.02657173002142737,0.24655690811826406,0.1077711844467238
network (local) -> RealSense,scene_009,wood_block,7,0.05142707565581899,0.026071210574059714,0.24655690811826406,0.10574114825269604
LAS2-M -> ZED,scene_001,apple,0,0.028985327388411582,0.012616140877194298,0.13449611403964654,0.09380301406682526
LAS2-M -> ZED,scene_001,apple,1,0.03134977031298522,0.012971360776282023,0.13449611403964654,0.09644413051560989
LAS2-M -> ZED,scene_001,apple,2,0.025514683616092545,0.010775114961420841,0.13449611403964654,0.08011469356092006
LAS2-M -> ZED,scene_001,apple,3,0.014150046647021615,0.006124247414749374,0.13449611403964654,0.04553475361335777
LAS2-M -> ZED,scene_001,apple,4,0.024859304328593755,0.008824497878094422,0.13449611403964654,0.06561154529336924
LAS2-M -> ZED,scene_001,apple,5,0.026227723590037506,0.009115456842377547,0.13449611403964654,0.06777487147093714
LAS2-M -> ZED,scene_001,apple,6,0.030957072448429792,0.011859041251004029,0.13449611403964654,0.08817385792654382
LAS2-M -> ZED,scene_001,apple,7,0.026613452137511356,0.010115937541492365,0.13449611403964654,0.07521360459909203
LAS2-M -> ZED,scene_001,chips_box,0,0.03567464019343423,0.01867613078645491,0.2694943619712671,0.06930063638379982
LAS2-M -> ZED,scene_001,chips_box,1,0.04791380384233448,0.024357770033725395,0.2694943619712671,0.09038322677905361
LAS2-M -> ZED,scene_001,chips_box,2,0.04885413704985244,0.02482297594647021,0.2694943619712671,0.09210944438650921
LAS2-M -> ZED,scene_001,chips_box,3,0.05103756861046506,0.02621906498632803,0.2694943619712671,0.09728984604554901
LAS2-M -> ZED,scene_001,chips_box,4,0.04695298252575792,0.024831073455801066,0.2694943619712671,0.09213949143191538
LAS2-M -> ZED,scene_001,chips_box,5,0.04014007981700537,0.021212576012901472,0.2694943619712671,0.07871250388222635
LAS2-M -> ZED,scene_001,chips_box,6,0.03535394667135812,0.018674438330175777,0.2694943619712671,0.06929435626622425
LAS2-M -> ZED,scene_001,chips_box,7,0.04983898420058269,0.024444983221123692,0.2694943619712671,0.09070684463421155
LAS2-M -> ZED,scene_001,lemon,0,0.03840677933756487,0.01963338640132425,0.10349089662648787,0.1897112407111874
LAS2-M -> ZED,scene_001,lemon,1,0.04703403810688533,0.024279746500289037,0.10349089662648787,0.23460755768613933
LAS2-M -> ZED,scene_001,lemon,2,0.060249058747264654,0.03315787936088715,0.10349089662648787,0.3203941645279029
LAS2-M -> ZED,scene_001,lemon,3,0.0501183083108158,0.025600369513573907,0.10349089662648787,0.24736832270348352
LAS2-M -> ZED,scene_001,lemon,4,0.03552522577902786,0.01681137831885654,0.10349089662648787,0.16244306375594555
LAS2-M -> ZED,scene_001,lemon,5,0.023040489984389335,0.01056509771075671,0.10349089662648787,0.10208721786310851
LAS2-M -> ZED,scene_001,lemon,6,0.029629830350337012,0.015785051105820364,0.10349089662648787,0.15252598653957622
LAS2-M -> ZED,scene_001,lemon,7,0.035474183013844765,0.016817975826427276,0.10349089662648787,0.16250681339756426
LAS2-M -> ZED,scene_001,orange,0,0.06837258771942081,0.03238229095931645,0.127517730652621,0.2539434382464903
LAS2-M -> ZED,scene_001,orange,1,0.06730452117183393,0.03170955557845589,0.127517730652621,0.24866781596700355
LAS2-M -> ZED,scene_001,orange,2,0.06072710277714416,0.027325089938946626,0.127517730652621,0.2142846316280879
LAS2-M -> ZED,scene_001,orange,3,0.06280515715396003,0.028099175711243558,0.127517730652621,0.22035504841119133
LAS2-M -> ZED,scene_001,orange,4,0.038384681956352425,0.011606074806947897,0.127517730652621,0.09101538074391183
LAS2-M -> ZED,scene_001,orange,5,0.065711343230301,0.030255546403480865,0.127517730652621,0.23726540810157518
LAS2-M -> ZED,scene_001,orange,6,0.08851101788426168,0.04840805022239443,0.127517730652621,0.379618190934293
LAS2-M -> ZED,scene_001,orange,7,0.11605998605380675,0.07512562282030595,0.127517730652621,0.589138643197473
LAS2-M -> ZED,scene_001,rubiks_cube,0,0.03837972546618226,0.017173797460909974,0.12883775017150678,0.13329786835029706
LAS2-M -> ZED,scene_001,rubiks_cube,1,0.04023992176213942,0.01707967541687597,0.12883775017150678,0.13256732125591897
LAS2-M -> ZED,scene_001,rubiks_cube,2,0.04072727905873362,0.016784053203298007,0.12883775017150678,0.13027279024164376
LAS2-M -> ZED,scene_001,rubiks_cube,3,0.03579901157779777,0.014232244533106573,0.12883775017150678,0.1104664162030215
LAS2-M -> ZED,scene_001,rubiks_cube,4,0.03567238322281692,0.013780870772337762,0.12883775017150678,0.10696298836321563
LAS2-M -> ZED,scene_001,rubiks_cube,5,0.03940447017983494,0.018508287072663002,0.12883775017150678,0.14365577672712432
LAS2-M -> ZED,scene_001,rubiks_cube,6,0.03591755991221052,0.01596465330617539,0.12883775017150678,0.12391285384076868
LAS2-M -> ZED,scene_001,rubiks_cube,7,0.04684457484977309,0.016567919810034637,0.12883775017150678,0.12859522762528594
LAS2-M -> ZED,scene_001,scissors,0,0.039902431794743023,0.023328788859817942,0.20983996337550315,0.11117419429811701
LAS2-M -> ZED,scene_001,scissors,1,0.04491090345445043,0.02347431585543827,0.20983996337550315,0.11186770850427377
LAS2-M -> ZED,scene_001,scissors,2,0.050466507859243614,0.0255781194672759,0.20983996337550315,0.12189346135895249
LAS2-M -> ZED,scene_001,scissors,3,0.033174320520922736,0.01852725342518499,0.20983996337550315,0.08829230203415044
LAS2-M -> ZED,scene_001,scissors,4,0.040365209348234836,0.02596950865066985,0.20983996337550315,0.1237586407894958
LAS2-M -> ZED,scene_001,scissors,5,0.03901074138468862,0.023072940605513317,0.20983996337550315,0.10995494010940561
LAS2-M -> ZED,scene_001,scissors,6,0.0372614698281224,0.02368185834917764,0.20983996337550315,0.11285675982891576
LAS2-M -> ZED,scene_001,scissors,7,0.027203833139481697,0.018481733649956218,0.20983996337550315,0.08807537588482912
LAS2-M -> ZED,scene_001,wood_block,0,0.03729722270674537,0.01848977900122293,0.24655690811826406,0.07499193246029058
LAS2-M -> ZED,scene_001,wood_block,1,0.04597902840748818,0.022829636360263212,0.24655690811826406,0.09259378102402507
LAS2-M -> ZED,scene_001,wood_block,2,0.05493477755619914,0.027412396608739904,0.24655690811826406,0.1111808094040148
LAS2-M -> ZED,scene_001,wood_block,3,0.039805348366395904,0.020794753760562713,0.24655690811826406,0.08434058457039156
LAS2-M -> ZED,scene_001,wood_block,4,0.043472169345226644,0.022392158225937216,0.24655690811826406,0.09081943149285658
LAS2-M -> ZED,scene_001,wood_block,5,0.04234847272659889,0.022187782635909016,0.24655690811826406,0.08999051296208814
LAS2-M -> ZED,scene_001,wood_block,6,0.037928204844810236,0.020175969869769494,0.24655690811826406,0.08183088449540356
LAS2-M -> ZED,scene_001,wood_block,7,0.03566563162890112,0.018717403857464225,0.24655690811826406,0.07591514673150505
LAS2-M -> ZED,scene_002,apple,0,0.04238185031094907,0.013947096843728399,0.13449611403964654,0.10369888337158274
LAS2-M -> ZED,scene_002,apple,1,0.03643803451362085,0.010078485745337493,0.13449611403964654,0.07493514453783084
LAS2-M -> ZED,scene_002,apple,2,0.03644199052348402,0.0102615849097706,0.13449611403964654,0.07629651594800506
LAS2-M -> ZED,scene_002,apple,3,0.04194517502810534,0.013879732486257318,0.13449611403964654,0.10319801865922962
LAS2-M -> ZED,scene_002,apple,4,0.042570849236473085,0.014785339097541048,0.13449611403964654,0.10993134785427816
LAS2-M -> ZED,scene_002,apple,5,0.037348229094145265,0.012397464092980396,0.13449611403964654,0.09217711739482594
LAS2-M -> ZED,scene_002,apple,6,0.03367095669855004,0.011954233088392626,0.13449611403964654,0.08888162437814953
LAS2-M -> ZED,scene_002,apple,7,0.02992658875717904,0.013127450170372158,0.13449611403964654,0.09760467998727808
LAS2-M -> ZED,scene_002,apple,8,0.022573622175280104,0.01094482980769644,0.13449611403964654,0.08137655043676684
LAS2-M -> ZED,scene_002,apple,9,0.020210987185583604,0.009948417698883017,0.13449611403964654,0.07396806792462747
LAS2-M -> ZED,scene_002,apple,10,0.02135081423987129,0.012506088123485014,0.13449611403964654,0.09298475433869034
LAS2-M -> ZED,scene_002,chips_box,0,0.04903930837538417,0.024162223366209358,0.2694943619712671,0.08965762099611377
LAS2-M -> ZED,scene_002,chips_box,1,0.03764795970855112,0.01955737057109556,0.2694943619712671,0.0725706112292647
LAS2-M -> ZED,scene_002,chips_box,2,0.037112749961523354,0.019441805769455138,0.2694943619712671,0.07214179037826395
LAS2-M -> ZED,scene_002,chips_box,3,0.040100513498922796,0.020070935358713626,0.2694943619712671,0.07447627182958858
LAS2-M -> ZED,scene_002,chips_box,4,0.045003322570134785,0.022987516604175792,0.2694943619712671,0.08529869209889694
LAS2-M -> ZED,scene_002,chips_box,5,0.037332041343548845,0.01970201012230546,0.2694943619712671,0.07310731838021178
LAS2-M -> ZED,scene_002,chips_box,6,0.036448455318825804,0.018877119478806874,0.2694943619712671,0.07004643563125641
LAS2-M -> ZED,scene_002,chips_box,7,0.03881093283495838,0.0198967108233031,0.2694943619712671,0.07382978507514916
LAS2-M -> ZED,scene_002,chips_box,8,0.041189806900123686,0.02073030480152733,0.2694943619712671,0.07692296287718832
LAS2-M -> ZED,scene_002,chips_box,9,0.03547992610595896,0.018410779449341923,0.2694943619712671,0.06831600971045487
LAS2-M -> ZED,scene_002,chips_box,10,0.03654741691668017,0.018860391704281644,0.2694943619712671,0.06998436466842486
LAS2-M -> ZED,scene_002,lemon,0,0.025214021373074037,0.012968512974281065,0.10349089662648787,0.1253106640005847
LAS2-M -> ZED,scene_002,lemon,1,0.019848827064816263,0.010307658414537235,0.10349089662648787,0.09959966287410686
LAS2-M -> ZED,scene_002,lemon,2,0.024238656934942496,0.01210814642464816,0.10349089662648787,0.11699721250215889
LAS2-M -> ZED,scene_002,lemon,3,0.02605651655614784,0.013081192296330613,0.10349089662648787,0.12639944886691185
LAS2-M -> ZED,scene_002,lemon,4,0.016297050657837577,0.008415970860845409,0.10349089662648787,0.08132088072654103
LAS2-M -> ZED,scene_002,lemon,5,0.026631435397838812,0.013821189339864526,0.10349089662648787,0.13354980766807925
LAS2-M -> ZED,scene_002,lemon,6,0.029351868942802898,0.016149800234985582,0.10349089662648787,0.15605044270968407
LAS2-M -> ZED,scene_002,lemon,7,0.03118354577437522,0.016864858430135042,0.10349089662648787,0.1629598252588584
LAS2-M -> ZED,scene_002,lemon,8,0.029120182430403835,0.01571893369942771,0.10349089662648787,0.15188711482672132
LAS2-M -> ZED,scene_002,lemon,9,0.028150510786920605,0.01564913969979271,0.10349089662648787,0.15121271734916447
LAS2-M -> ZED,scene_002,lemon,10,0.033759773531467765,0.01820710984598485,0.10349089662648787,0.17592957873093593
LAS2-M -> ZED,scene_002,orange,0,0.04912195900924286,0.030957935715102244,0.127517730652621,0.24277357789119292
LAS2-M -> ZED,scene_002,orange,1,0.046010418474996824,0.02854956336010836,0.127517730652621,0.2238870093907333
LAS2-M -> ZED,scene_002,orange,2,0.045757552819802524,0.02893140716366527,0.127517730652621,0.22688144633375823
LAS2-M -> ZED,scene_002,orange,3,0.049284100182516485,0.031896564907494235,0.127517730652621,0.25013435186033584
LAS2-M -> ZED,scene_002,orange,4,0.047329770170875245,0.030047284044133305,0.127517730652621,0.23563220495185083
LAS2-M -> ZED,scene_002,orange,5,0.05115593435087469,0.03188331024222818,0.127517730652621,0.25003040815620764
LAS2-M -> ZED,scene_002,orange,6,0.04873874318804397,0.0297005243923481,0.127517730652621,0.2329128995657643
LAS2-M -> ZED,scene_002,orange,7,0.05158327051395068,0.03231597192185886,0.127517730652621,0.25342336125705384
LAS2-M -> ZED,scene_002,orange,8,0.04998416609073968,0.03053974169887875,0.127517730652621,0.23949408088255555
LAS2-M -> ZED,scene_002,orange,9,0.04647869704512905,0.028073881726876627,0.127517730652621,0.22015669180432984
LAS2-M -> ZED,scene_002,orange,10,0.05148840008482213,0.03251801845814698,0.127517730652621,0.25500781963201136
LAS2-M -> ZED,scene_002,rubiks_cube,0,0.06902453093557082,0.04295400092561406,0.12883775017150678,0.33339608048444164
LAS2-M -> ZED,scene_002,rubiks_cube,1,0.04950658133039538,0.02670329829668604,0.12883775017150678,0.20726299753867972
LAS2-M -> ZED,scene_002,rubiks_cube,2,0.036875743203368797,0.019975411674204645,0.12883775017150678,0.15504315813970435
LAS2-M -> ZED,scene_002,rubiks_cube,3,0.0413745434486776,0.02263624306871878,0.12883775017150678,0.17569573388689086
LAS2-M -> ZED,scene_002,rubiks_cube,4,0.045291916624897274,0.025890618374323472,0.12883775017150678,0.20095521956769882
LAS2-M -> ZED,scene_002,rubiks_cube,5,0.024704990143316147,0.016343418153003136,0.12883775017150678,0.12685271305379855
LAS2-M -> ZED,scene_002,rubiks_cube,6,0.05619181969600538,0.0332115282183206,0.12883775017150678,0.25777792746388334
LAS2-M -> ZED,scene_002,rubiks_cube,7,0.03683746065645438,0.019573348924627757,0.12883775017150678,0.15192246758866887
LAS2-M -> ZED,scene_002,rubiks_cube,8,0.046714575532175104,0.025217600416987975,0.12883775017150678,0.19573145590806035
LAS2-M -> ZED,scene_002,rubiks_cube,9,0.05409391178161383,0.03055741078114267,0.12883775017150678,0.23717746344115082
LAS2-M -> ZED,scene_002,rubiks_cube,10,0.03765834212785855,0.020219599463925902,0.12883775017150678,0.15693847057256038
LAS2-M -> ZED,scene_002,scissors,0,0.1223510354240725,0.046018126870180566,0.20983996337550315,0.2193010622472914
LAS2-M -> ZED,scene_002,scissors,1,0.12101136331392191,0.04632051528806422,0.20983996337550315,0.22074210528322893
LAS2-M -> ZED,scene_002,scissors,2,0.12842100828834044,0.043232289585975636,0.20983996337550315,0.20602505304774849
LAS2-M -> ZED,scene_002,scissors,3,0.13375763596906778,0.05110584112086932,0.20983996337550315,0.24354675009839163
LAS2-M -> ZED,scene_002,scissors,4,0.11761506018052183,0.040539182863309646,0.20983996337550315,0.1931909547218412
LAS2-M -> ZED,scene_002,scissors,5,0.11965460782726736,0.043279716136982116,0.20983996337550315,0.20625106600659376
LAS2-M -> ZED,scene_002,scissors,6,0.13246901108794146,0.05459142099143627,0.20983996337550315,0.2601574081184257
LAS2-M -> ZED,scene_002,scissors,7,0.13690919570872037,0.05760903417800087,0.20983996337550315,0.274537953835376
LAS2-M -> ZED,scene_002,scissors,8,0.13567998320791538,0.056533892167789944,0.20983996337550315,0.26941432536672727
LAS2-M -> ZED,scene_002,scissors,9,0.12500017928904592,0.04756617772886885,0.20983996337550315,0.22667835508410955
LAS2-M -> ZED,scene_002,scissors,10,0.12468775719228824,0.05162621854923408,0.20983996337550315,0.24602662771557157
LAS2-M -> ZED,scene_002,wood_block,0,0.03787376143431471,0.015543011051268502,0.24655690811826406,0.06304025780455158
LAS2-M -> ZED,scene_002,wood_block,1,0.0452761638661799,0.01817594268058515,0.24655690811826406,0.07371905666446318
LAS2-M -> ZED,scene_002,wood_block,2,0.04911642674188798,0.019969399178770095,0.24655690811826406,0.08099306294509309
LAS2-M -> ZED,scene_002,wood_block,3,0.04240736155011854,0.017348923647063526,0.24655690811826406,0.07036478425800952
LAS2-M -> ZED,scene_002,wood_block,4,0.03983955439527588,0.016716554736507985,0.24655690811826406,0.06779998526137294
LAS2-M -> ZED,scene_002,wood_block,5,0.036964116398034076,0.015748014097729628,0.24655690811826406,0.06387172121000113
LAS2-M -> ZED,scene_002,wood_block,6,0.0444649387745123,0.01816166768042022,0.24655690811826406,0.07366115927974223
LAS2-M -> ZED,scene_002,wood_block,7,0.04643778506240765,0.01956995449076167,0.24655690811826406,0.07937297170101883
LAS2-M -> ZED,scene_002,wood_block,8,0.04514268710437803,0.019280909233247455,0.24655690811826406,0.07820064495617024
LAS2-M -> ZED,scene_002,wood_block,9,0.04532009612258692,0.019318402348742787,0.24655690811826406,0.07835271173775621
LAS2-M -> ZED,scene_002,wood_block,10,0.04653803241631325,0.02027812943444291,0.24655690811826406,0.08224522926251272
LAS2-M -> ZED,scene_004,chips_box,0,0.02131197966922316,0.012154351136453528,0.2694943619712671,0.04510057667829578
LAS2-M -> ZED,scene_004,chips_box,1,0.022011240230674523,0.013420583651529703,0.2694943619712671,0.049799125864312434
LAS2-M -> ZED,scene_004,chips_box,2,0.024294147475858598,0.015018415795935887,0.2694943619712671,0.055728126132513
LAS2-M -> ZED,scene_004,chips_box,3,0.025655675774958715,0.01414263646606449,0.2694943619712671,0.05247841313864795
LAS2-M -> ZED,scene_004,chips_box,4,0.03349379798613579,0.018501968482173736,0.2694943619712671,0.06865438054747273
LAS2-M -> ZED,scene_004,chips_box,5,0.022518909933069382,0.011031650326610732,0.2694943619712671,0.04093462381148776
LAS2-M -> ZED,scene_004,chips_box,6,0.024242749898087765,0.013954597373743475,0.2694943619712671,0.05178066536038065
LAS2-M -> ZED,scene_004,chips_box,7,0.035587026470410156,0.019942701871523166,0.2694943619712671,0.0740004418854945
LAS2-M -> ZED,scene_004,chips_box,8,0.032130002562667556,0.0179496299160489,0.2694943619712671,0.06660484391863698
LAS2-M -> ZED,scene_004,chips_box,9,0.051820124850271466,0.028407051512551518,0.2694943619712671,0.10540870430372944
LAS2-M -> ZED,scene_004,chips_box,10,0.03697812116437683,0.019165801852066115,0.2694943619712671,0.07111763567843965
LAS2-M -> ZED,scene_004,scissors,0,0.039901763999252306,0.022302859868679734,0.20983996337550315,0.10628509226704995
LAS2-M -> ZED,scene_004,scissors,1,0.03855108304088056,0.02113476635208906,0.20983996337550315,0.10071850000406712
LAS2-M -> ZED,scene_004,scissors,2,0.04211548142734815,0.022853706713177657,0.20983996337550315,0.10891017299827462
LAS2-M -> ZED,scene_004,scissors,3,0.03453155116856774,0.01998922890958837,0.20983996337550315,0.09525939953495972
LAS2-M -> ZED,scene_004,scissors,4,0.03261495680882754,0.01811653547459195,0.20983996337550315,0.08633501065844584
LAS2-M -> ZED,scene_004,scissors,5,0.03135204345869686,0.01755296360090691,0.20983996337550315,0.08364928833644684
LAS2-M -> ZED,scene_004,scissors,6,0.03075537559150398,0.01779440300078445,0.20983996337550315,0.08479987660378033
LAS2-M -> ZED,scene_004,scissors,7,0.030904862298946914,0.016470026041781143,0.20983996337550315,0.07848850989507876
LAS2-M -> ZED,scene_004,scissors,8,0.024705975757945673,0.012535816894826675,0.20983996337550315,0.05973989269333867
LAS2-M -> ZED,scene_004,scissors,9,0.028040875105325644,0.011667991717906478,0.20983996337550315,0.05560424015623235
LAS2-M -> ZED,scene_004,scissors,10,0.032199153974069715,0.012701516697739237,0.20983996337550315,0.06052954114850947
LAS2-M -> ZED,scene_004,wood_block,0,0.053461058964495274,0.01871636453643954,0.24655690811826406,0.07591093139220421
LAS2-M -> ZED,scene_004,wood_block,1,0.05488218597781689,0.020866738833223777,0.24655690811826406,0.08463254585920905
LAS2-M -> ZED,scene_004,wood_block,2,0.055605751197294224,0.021575298760009468,0.24655690811826406,0.08750636485780643
LAS2-M -> ZED,scene_004,wood_block,3,0.05644623349633027,0.024413333792437195,0.24655690811826406,0.09901703415556719
LAS2-M -> ZED,scene_004,wood_block,4,0.05005725543972307,0.023102743603640886,0.24655690811826406,0.09370146543433847
LAS2-M -> ZED,scene_004,wood_block,5,0.033255154858063574,0.015381029920322049,0.24655690811826406,0.06238328521277671
LAS2-M -> ZED,scene_004,wood_block,6,0.029927159688207507,0.014821156554309106,0.24655690811826406,0.060112517906819124
LAS2-M -> ZED,scene_004,wood_block,7,0.03412654650018137,0.01730822665898061,0.24655690811826406,0.07019972302166648
LAS2-M -> ZED,scene_004,wood_block,8,0.05306032033763533,0.02771667697662306,0.24655690811826406,0.11241492760498284
LAS2-M -> ZED,scene_004,wood_block,9,0.05749708696940432,0.030269281542924742,0.24655690811826406,0.12276793124127638
LAS2-M -> ZED,scene_004,wood_block,10,0.05179320250864399,0.0285962959843808,0.24655690811826406,0.11598253807865012
LAS2-M -> ZED,scene_005,apple,0,0.015115283153888468,0.014158341277567823,0.13449611403964654,0.1052695193364044
LAS2-M -> ZED,scene_005,apple,1,0.016531727243448223,0.014665912448767504,0.13449611403964654,0.10904339172538703
LAS2-M -> ZED,scene_005,apple,2,0.014987243346322662,0.014494252796314186,0.13449611403964654,0.10776707490628015
LAS2-M -> ZED,scene_005,apple,3,0.016875130554225508,0.015256218765541937,0.13449611403964654,0.11343241308105552
LAS2-M -> ZED,scene_005,apple,4,0.014241604612525601,0.014871744577183061,0.13449611403964654,0.11057378633853461
LAS2-M -> ZED,scene_005,apple,5,0.01697107725538157,0.015739798113482854,0.13449611403964654,0.11702790244811909
LAS2-M -> ZED,scene_005,apple,6,0.015966601639953094,0.015401853983958854,0.13449611403964654,0.11451523409381717
LAS2-M -> ZED,scene_005,apple,7,0.019629615426544473,0.017236076014915183,0.13449611403964654,0.12815296663392342
LAS2-M -> ZED,scene_005,apple,8,0.02238650671164337,0.017977641336148476,0.13449611403964654,0.13366662274605984
LAS2-M -> ZED,scene_005,apple,9,0.025384526669153338,0.01825166910214261,0.13449611403964654,0.135704062771378
LAS2-M -> ZED,scene_005,apple,10,0.028557168370644145,0.019364032931956248,0.13449611403964654,0.14397466477171342
LAS2-M -> ZED,scene_005,chips_box,0,0.0321104329160366,0.01733742631590452,0.2694943619712671,0.06433316893565662
LAS2-M -> ZED,scene_005,chips_box,1,0.031078307382303876,0.01690069899255292,0.2694943619712671,0.06271262548473959
LAS2-M -> ZED,scene_005,chips_box,2,0.02919807259162531,0.015928675197894884,0.2694943619712671,0.05910578270128399
LAS2-M -> ZED,scene_005,chips_box,3,0.02634948643118831,0.014518380038725801,0.2694943619712671,0.05387266706631035
LAS2-M -> ZED,scene_005,chips_box,4,0.022129787442108702,0.012275940100166138,0.2694943619712671,0.04555175110295989
LAS2-M -> ZED,scene_005,chips_box,5,0.03191332624716631,0.017183961697423936,0.2694943619712671,0.06376371502442063
LAS2-M -> ZED,scene_005,chips_box,6,0.027822586737474557,0.01520252819990546,0.2694943619712671,0.056411303333783
LAS2-M -> ZED,scene_005,chips_box,7,0.025706814239970503,0.013935374424239744,0.2694943619712671,0.051709335669610425
LAS2-M -> ZED,scene_005,chips_box,8,0.017630621444746954,0.009977063736082226,0.2694943619712671,0.03702141916106564
LAS2-M -> ZED,scene_005,chips_box,9,0.018991332803763476,0.010651877857042134,0.2694943619712671,0.03952542004636748
LAS2-M -> ZED,scene_005,chips_box,10,0.018253296038916744,0.010014155883033388,0.2694943619712671,0.03715905523879225
LAS2-M -> ZED,scene_005,lemon,0,0.022383285711964625,0.012177523476885908,0.10349089662648787,0.1176675811480905
LAS2-M -> ZED,scene_005,lemon,1,0.01986321256151125,0.011099196534824067,0.10349089662648787,0.10724804689713448
LAS2-M -> ZED,scene_005,lemon,2,0.017907650325047042,0.009932693353360262,0.10349089662648787,0.09597649336451926
LAS2-M -> ZED,scene_005,lemon,3,0.020092150907587532,0.01110845890954815,0.10349089662648787,0.10733754631231021
LAS2-M -> ZED,scene_005,lemon,4,0.017899429577664536,0.010163616834572847,0.10349089662648787,0.09820783436880119
LAS2-M -> ZED,scene_005,lemon,5,0.030126933778431744,0.016714585593613922,0.10349089662648787,0.1615077860803452
LAS2-M -> ZED,scene_005,lemon,6,0.022923827850529925,0.012979139952869097,0.10349089662648787,0.1254133491539116
LAS2-M -> ZED,scene_005,lemon,7,0.02613009393773206,0.014530377382586347,0.10349089662648787,0.1404024687797263
LAS2-M -> ZED,scene_005,lemon,8,0.022271049224847062,0.01220905114933247,0.10349089662648787,0.11797222313568821
LAS2-M -> ZED,scene_005,lemon,9,0.024567333633252548,0.013426992848500173,0.10349089662648787,0.1297408108943141
LAS2-M -> ZED,scene_005,lemon,10,0.030724592195088496,0.016632665636830316,0.10349089662648787,0.1607162192908597
LAS2-M -> ZED,scene_005,orange,0,0.062288791524709244,0.030646794856782362,0.127517730652621,0.24033359674717866
LAS2-M -> ZED,scene_005,orange,1,0.06588744832066862,0.03325700020000329,0.127517730652621,0.2608029489687262
LAS2-M -> ZED,scene_005,orange,2,0.06423406252955154,0.032028416942204686,0.127517730652621,0.25116834167520824
LAS2-M -> ZED,scene_005,orange,3,0.06035687655847836,0.029144582446775695,0.127517730652621,0.22855317686110857
LAS2-M -> ZED,scene_005,orange,4,0.055279143173974,0.02519239069881209,0.127517730652621,0.1975599045707632
LAS2-M -> ZED,scene_005,orange,5,0.06005796617356076,0.02783828438312988,0.127517730652621,0.21830912643015804
LAS2-M -> ZED,scene_005,orange,6,0.0592726015449839,0.026866684283054467,0.127517730652621,0.2106897930629245
LAS2-M -> ZED,scene_005,orange,7,0.056815601251146715,0.025187829678014112,0.127517730652621,0.19752413683262485
LAS2-M -> ZED,scene_005,orange,8,0.05185547567017117,0.021928103331885645,0.127517730652621,0.17196121056781788
LAS2-M -> ZED,scene_005,orange,9,0.05188650655931195,0.02192922557759546,0.127517730652621,0.1719700112710932
LAS2-M -> ZED,scene_005,orange,10,0.04816510986596306,0.019361215365799083,0.127517730652621,0.1518315552410682
LAS2-M -> ZED,scene_005,rubiks_cube,0,0.06674125659680302,0.03345179122632652,0.12883775017150678,0.2596427769174487
LAS2-M -> ZED,scene_005,rubiks_cube,1,0.06408213204627784,0.031554674440696415,0.12883775017150678,0.24491792505450716
LAS2-M -> ZED,scene_005,rubiks_cube,2,0.06384093928614833,0.03167168537288306,0.12883775017150678,0.2458261288381877
LAS2-M -> ZED,scene_005,rubiks_cube,3,0.06560300615192453,0.03280712406195737,0.12883775017150678,0.25463906361516747
LAS2-M -> ZED,scene_005,rubiks_cube,4,0.08084837864812407,0.04516003413278837,0.12883775017150678,0.3505186490191892
LAS2-M -> ZED,scene_005,rubiks_cube,5,0.06868665633609888,0.03529976946927039,0.12883775017150678,0.2739862301404665
LAS2-M -> ZED,scene_005,rubiks_cube,6,0.06499372724617232,0.032010185009555936,0.12883775017150678,0.24845346155877826
LAS2-M -> ZED,scene_005,rubiks_cube,7,0.09164132420098053,0.05474994230146966,0.12883775017150678,0.4249526418195552
LAS2-M -> ZED,scene_005,rubiks_cube,8,0.08272755221166983,0.04633063440707993,0.12883775017150678,0.3596044974815636
LAS2-M -> ZED,scene_005,rubiks_cube,9,0.09920512174461843,0.0617497972809489,0.12883775017150678,0.479283418087855
LAS2-M -> ZED,scene_005,rubiks_cube,10,0.09120303086503723,0.05358140676726061,0.12883775017150678,0.41588281925083204
LAS2-M -> ZED,scene_005,scissors,0,0.03979983459662999,0.016187634965176056,0.20983996337550315,0.07714276491846649
LAS2-M -> ZED,scene_005,scissors,1,0.05210928625521565,0.02202597235696807,0.20983996337550315,0.10496557472969612
LAS2-M -> ZED,scene_005,scissors,2,0.0476005814824236,0.019159951380669126,0.20983996337550315,0.09130744722054156
LAS2-M -> ZED,scene_005,scissors,3,0.054931706968063224,0.023158879493672017,0.20983996337550315,0.11036448501580133
LAS2-M -> ZED,scene_005,scissors,4,0.05454651786670973,0.024008202113278743,0.20983996337550315,0.11441196294109474
LAS2-M -> ZED,scene_005,scissors,5,0.04953573297882827,0.020477789557303793,0.20983996337550315,0.09758765312334391
LAS2-M -> ZED,scene_005,scissors,6,0.04803579528923355,0.01953173032110606,0.20983996337550315,0.09307917332293152
LAS2-M -> ZED,scene_005,scissors,7,0.03911226961290477,0.014732517170086975,0.20983996337550315,0.07020834798623901
LAS2-M -> ZED,scene_005,scissors,8,0.030540791014196118,0.011065774418855322,0.20983996337550315,0.052734351649944805
LAS2-M -> ZED,scene_005,scissors,9,0.02604093898018689,0.00932642374859063,0.20983996337550315,0.044445412582832175
LAS2-M -> ZED,scene_005,scissors,10,0.021607954473848997,0.010062259384700003,0.20983996337550315,0.04795206414849516
LAS2-M -> ZED,scene_005,wood_block,0,0.04156546866705111,0.02265055562273162,0.24655690811826406,0.09186745484278624
LAS2-M -> ZED,scene_005,wood_block,1,0.04537610936827386,0.024504759918367463,0.24655690811826406,0.09938784561093479
LAS2-M -> ZED,scene_005,wood_block,2,0.04366222523783041,0.023705931822323605,0.24655690811826406,0.09614791166570259
LAS2-M -> ZED,scene_005,wood_block,3,0.05068249248898005,0.027181813796262347,0.24655690811826406,0.11024559808003537
LAS2-M -> ZED,scene_005,wood_block,4,0.042165362868548134,0.022740200247317825,0.24655690811826406,0.09223104078028999
LAS2-M -> ZED,scene_005,wood_block,5,0.044582723403600824,0.02395084307739372,0.24655690811826406,0.09714123712934218
LAS2-M -> ZED,scene_005,wood_block,6,0.04419909901155774,0.02398927192770787,0.24655690811826406,0.09729709911920667
LAS2-M -> ZED,scene_005,wood_block,7,0.04346461489581659,0.023689200921313158,0.24655690811826406,0.09608005349398015
LAS2-M -> ZED,scene_005,wood_block,8,0.05169011048248138,0.027832065970564365,0.24655690811826406,0.11288292906891245
LAS2-M -> ZED,scene_005,wood_block,9,0.04711838716954302,0.02562021381066139,0.24655690811826406,0.10391196907114174
LAS2-M -> ZED,scene_005,wood_block,10,0.04143096282481588,0.022850925072201756,0.24655690811826406,0.09268012503320745
LAS2-M -> ZED,scene_006,apple,0,0.12096415086229358,0.08632841709219079,0.13449611403964654,0.6418655119414308
LAS2-M -> ZED,scene_006,apple,1,0.15123252186444008,0.11602196870049329,0.13449611403964654,0.8626417910207617
LAS2-M -> ZED,scene_006,apple,2,0.12826044615282084,0.0933892095713812,0.13449611403964654,0.6943636270699396
LAS2-M -> ZED,scene_006,apple,3,0.14777158043262753,0.11265740431323207,0.13449611403964654,0.8376257196547933
LAS2-M -> ZED,scene_006,apple,4,0.16637382281237184,0.13102934018269893,0.13449611403964654,0.974223984970111
LAS2-M -> ZED,scene_006,apple,5,0.1745420227327878,0.13920199865181304,0.13449611403964654,1.03498900058019
LAS2-M -> ZED,scene_006,apple,6,0.18443289328027918,0.14896880843752547,0.13449611403964654,1.1076067847849693
LAS2-M -> ZED,scene_006,apple,7,0.21076781165314645,0.17500627842502633,0.13449611403964654,1.301199515500041
LAS2-M -> ZED,scene_006,apple,8,0.2161346667439017,0.1797573258875218,0.13449611403964654,1.336524309055749
LAS2-M -> ZED,scene_006,apple,9,0.2055081750642031,0.16863732078310423,0.13449611403964654,1.2538453024255676
LAS2-M -> ZED,scene_006,apple,10,0.16169100414719867,0.1246169452354719,0.13449611403964654,0.9265468086218277
LAS2-M -> ZED,scene_006,chips_box,0,0.07981693213874895,0.04617703868304217,0.2694943619712671,0.17134695637144895
LAS2-M -> ZED,scene_006,chips_box,1,0.07996653924801356,0.046295686919615,0.2694943619712671,0.17178721877881417
LAS2-M -> ZED,scene_006,chips_box,2,0.0662467925448525,0.03556805709018797,0.2694943619712671,0.13198070946649398
LAS2-M -> ZED,scene_006,chips_box,3,0.07343105547537358,0.04000619106108304,0.2694943619712671,0.14844908356690747
LAS2-M -> ZED,scene_006,chips_box,4,0.07621944884016939,0.04318324287447187,0.2694943619712671,0.16023801966987336
LAS2-M -> ZED,scene_006,chips_box,5,0.07914629849459108,0.04548161244505468,0.2694943619712671,0.16876647107706036
LAS2-M -> ZED,scene_006,chips_box,6,0.07824032933223715,0.04307646835806743,0.2694943619712671,0.1598418165151082
LAS2-M -> ZED,scene_006,chips_box,7,0.09207254874734135,0.05470529052526788,0.2694943619712671,0.2029923376693886
LAS2-M -> ZED,scene_006,chips_box,8,0.055582478329890814,0.03005130250258659,0.2694943619712671,0.11150994878991419
LAS2-M -> ZED,scene_006,chips_box,9,0.0583789041697735,0.032135481536228576,0.2694943619712671,0.11924361348848847
LAS2-M -> ZED,scene_006,chips_box,10,0.04422866946708079,0.023719172061965874,0.2694943619712671,0.08801361144800039
LAS2-M -> ZED,scene_006,lemon,0,0.1042047004962029,0.0811251139523827,0.10349089662648787,0.7838864730795966
LAS2-M -> ZED,scene_006,lemon,1,0.1139457690453289,0.09076676403367989,0.10349089662648787,0.8770507068005118
LAS2-M -> ZED,scene_006,lemon,2,0.09676271568264927,0.07395205124484924,0.10349089662648787,0.7145754231094531
LAS2-M -> ZED,scene_006,lemon,3,0.10645267560429868,0.08326577461640279,0.10349089662648787,0.804571004123385
LAS2-M -> ZED,scene_006,lemon,4,0.09613023619885254,0.07291265457675443,0.10349089662648787,0.7045320598574548
LAS2-M -> ZED,scene_006,lemon,5,0.12019819469374197,0.0960795758040126,0.10349089662648787,0.9283867367656143
LAS2-M -> ZED,scene_006,lemon,6,0.08590400807738222,0.06196379733138168,0.10349089662648787,0.5987366942526076
LAS2-M -> ZED,scene_006,lemon,7,0.09203805228112903,0.06775311048194825,0.10349089662648787,0.6546770072586969
LAS2-M -> ZED,scene_006,lemon,8,0.09592648568731,0.07058124279861372,0.10349089662648787,0.6820043607637357
LAS2-M -> ZED,scene_006,lemon,9,0.10089156781165999,0.07554204264285995,0.10349089662648787,0.7299390101479265
LAS2-M -> ZED,scene_006,lemon,10,0.11698820374371872,0.08996246958641724,0.10349089662648787,0.8692790624000825
LAS2-M -> ZED,scene_006,orange,0,0.08515167048387602,0.06292677790753139,0.127517730652621,0.493474731595986
LAS2-M -> ZED,scene_006,orange,1,0.08232359314235818,0.05882078052738492,0.127517730652621,0.4612753083539596
LAS2-M -> ZED,scene_006,orange,2,0.06781969964718856,0.045425953325218205,0.127517730652621,0.35623244777595575
LAS2-M -> ZED,scene_006,orange,3,0.07304532613572645,0.049653703828245944,0.127517730652621,0.38938666469458033
LAS2-M -> ZED,scene_006,orange,4,0.06191656285335108,0.03869312098918854,0.127517730652621,0.3034332621131322
LAS2-M -> ZED,scene_006,orange,5,0.04761276305035668,0.02770338475238621,0.127517730652621,0.21725123722484307
LAS2-M -> ZED,scene_006,orange,6,0.05354333589396674,0.031566088887909606,0.127517730652621,0.24754274347855793
LAS2-M -> ZED,scene_006,orange,7,0.061287677889862086,0.03622908023396428,0.127517730652621,0.28411013941785224
LAS2-M -> ZED,scene_006,orange,8,0.0649697582035277,0.03967120122499135,0.127517730652621,0.3111034130074204
LAS2-M -> ZED,scene_006,orange,9,0.04655101441924495,0.02569932333304496,0.127517730652621,0.2015352939667197
LAS2-M -> ZED,scene_006,orange,10,0.0846407005337183,0.05875739397400661,0.127517730652621,0.4607782280416461
LAS2-M -> ZED,scene_006,rubiks_cube,0,0.2087666547341071,0.17363932212538977,0.12883775017150678,1.347736373029208
LAS2-M -> ZED,scene_006,rubiks_cube,1,0.18321873145540132,0.14839995432553102,0.12883775017150678,1.1518359652196917
LAS2-M -> ZED,scene_006,rubiks_cube,2,0.18638740559876546,0.15139965768894081,0.12883775017150678,1.175118763618582
LAS2-M -> ZED,scene_006,rubiks_cube,3,0.18141053817091904,0.14552948018343465,0.12883775017150678,1.1295562053024684
LAS2-M -> ZED,scene_006,rubiks_cube,4,0.17196012507689054,0.13586614125282637,0.12883775017150678,1.054552264937594
LAS2-M -> ZED,scene_006,rubiks_cube,5,0.17626809717144473,0.14011132220470443,0.12883775017150678,1.0875020870683512
LAS2-M -> ZED,scene_006,rubiks_cube,6,0.17805446103721492,0.14190261255494824,0.12883775017150678,1.1014055458594219
LAS2-M -> ZED,scene_006,rubiks_cube,7,0.1748645300599488,0.13890096981052313,0.12883775017150678,1.0781076945663857
LAS2-M -> ZED,scene_006,rubiks_cube,8,0.17675147084154288,0.14080773757856357,0.12883775017150678,1.0929074544620854
LAS2-M -> ZED,scene_006,rubiks_cube,9,0.16705889899020832,0.13212422089165926,0.12883775017150678,1.0255086006684964
LAS2-M -> ZED,scene_006,rubiks_cube,10,0.1359539752966795,0.10336388468214529,0.12883775017150678,0.8022794914110881
LAS2-M -> ZED,scene_006,scissors,0,0.27091335226171886,0.21828938390763603,0.20983996337550315,1.0402660217635136
LAS2-M -> ZED,scene_006,scissors,1,0.2779649995516673,0.2265005020569848,0.20983996337550315,1.0793964048290843
LAS2-M -> ZED,scene_006,scissors,2,0.28388327352009174,0.23262368400368708,0.20983996337550315,1.1085766517572873
LAS2-M -> ZED,scene_006,scissors,3,0.30293972958155674,0.25127254283540834,0.20983996337550315,1.1974484687922036
LAS2-M -> ZED,scene_006,scissors,4,0.3277722242387612,0.27694350353324787,0.20983996337550315,1.319784368422066
LAS2-M -> ZED,scene_006,scissors,5,0.34239028883439837,0.2912201025244027,0.20983996337550315,1.3878200216956382
LAS2-M -> ZED,scene_006,scissors,6,0.34730923688590487,0.2959460383358129,0.20983996337550315,1.4103416411974166
LAS2-M -> ZED,scene_006,scissors,7,0.3347536453905448,0.283170863845021,0.20983996337550315,1.3494610811492285
LAS2-M -> ZED,scene_006,scissors,8,0.3363284389110088,0.2842132868617431,0.20983996337550315,1.354428786060884
LAS2-M -> ZED,scene_006,scissors,9,0.3489013446540174,0.2962498844448849,0.20983996337550315,1.411789630913886
LAS2-M -> ZED,scene_006,scissors,10,0.3365513595598228,0.2840036429880207,0.20983996337550315,1.353429720533279
LAS2-M -> ZED,scene_006,wood_block,0,0.1161968088222325,0.06546646043270309,0.24655690811826406,0.2655227181925128
LAS2-M -> ZED,scene_006,wood_block,1,0.12167417977963507,0.06983500079788772,0.24655690811826406,0.2832409009784893
LAS2-M -> ZED,scene_006,wood_block,2,0.09671093716570446,0.05047357759826895,0.24655690811826406,0.20471370274508258
LAS2-M -> ZED,scene_006,wood_block,3,0.16122121280638196,0.1069107865306666,0.24655690811826406,0.4336150519838022
LAS2-M -> ZED,scene_006,wood_block,4,0.12194308507597997,0.06834931587049328,0.24655690811826406,0.2772151727247841
LAS2-M -> ZED,scene_006,wood_block,5,0.15369055305763335,0.09662308873284377,0.24655690811826406,0.3918896025679285
LAS2-M -> ZED,scene_006,wood_block,6,0.13373068660526038,0.0780806050311073,0.24655690811826406,0.3166839072854327
LAS2-M -> ZED,scene_006,wood_block,7,0.10455560651536008,0.054416447042851895,0.24655690811826406,0.22070542439131488
LAS2-M -> ZED,scene_006,wood_block,8,0.0905101536710314,0.04694276451689865,0.24655690811826406,0.19039322351650342
LAS2-M -> ZED,scene_006,wood_block,9,0.08264171653262026,0.04179405215543561,0.24655690811826406,0.16951077329128647
LAS2-M -> ZED,scene_006,wood_block,10,0.10992192079387612,0.06158893974181307,0.24655690811826406,0.2497960418625593
LAS2-M -> ZED,scene_009,apple,0,0.005206089903579265,0.01154796768213825,0.13449611403964654,0.0858609764646
LAS2-M -> ZED,scene_009,apple,1,0.008974672523479518,0.013270516322210305,0.13449611403964654,0.09866839958140683
LAS2-M -> ZED,scene_009,apple,2,0.005631969416348003,0.011602087426115563,0.13449611403964654,0.08626336536902114
LAS2-M -> ZED,scene_009,apple,3,0.01760134566271414,0.014519932600014452,0.13449611403964654,0.10795800833126146
LAS2-M -> ZED,scene_009,apple,4,0.0157425027947772,0.014025821645351787,0.13449611403964654,0.10428421479312985
LAS2-M -> ZED,scene_009,apple,5,0.015800934883818188,0.014581908082617903,0.13449611403964654,0.10841880590185285
LAS2-M -> ZED,scene_009,apple,6,0.015464170187437306,0.014408145225640172,0.13449611403964654,0.10712685142258432
LAS2-M -> ZED,scene_009,apple,7,0.013883358570793891,0.014035715752931931,0.13449611403964654,0.10435777905668342
LAS2-M -> ZED,scene_009,chips_box,0,0.10781776593505303,0.07347648252601605,0.2694943619712671,0.27264571321106135
LAS2-M -> ZED,scene_009,chips_box,1,0.11710654718178844,0.07593273514320113,0.2694943619712671,0.28176001378202087
LAS2-M -> ZED,scene_009,chips_box,2,0.12655473529851968,0.07991068102922945,0.2694943619712671,0.29652078969187995
LAS2-M -> ZED,scene_009,chips_box,3,0.1291985045292937,0.07807403027639266,0.2694943619712671,0.2897056164934417
LAS2-M -> ZED,scene_009,chips_box,4,0.13447994756270973,0.08111942122749087,0.2694943619712671,0.3010060048534138
LAS2-M -> ZED,scene_009,chips_box,5,0.1320841433820969,0.08423891096785249,0.2694943619712671,0.3125813480908141
LAS2-M -> ZED,scene_009,chips_box,6,0.14062179398264696,0.08886800925945744,0.2694943619712671,0.32975832447631076
LAS2-M -> ZED,scene_009,chips_box,7,0.1442869581552955,0.09594982689003054,0.2694943619712671,0.3560364906641739
LAS2-M -> ZED,scene_009,lemon,0,0.036032572996318665,0.017840126437118756,0.10349089662648787,0.17238353341846188
LAS2-M -> ZED,scene_009,lemon,1,0.033201980214840825,0.01632374276945222,0.10349089662648787,0.15773119473847766
LAS2-M -> ZED,scene_009,lemon,2,0.03129083338900299,0.015003839875817892,0.10349089662648787,0.14497738801093496
LAS2-M -> ZED,scene_009,lemon,3,0.028572104773291064,0.015615254961368338,0.10349089662648787,0.15088529977400647
LAS2-M -> ZED,scene_009,lemon,4,0.035629104289630766,0.019888055244512426,0.10349089662648787,0.19217202568348604
LAS2-M -> ZED,scene_009,lemon,5,0.027831675833647054,0.014178236929768086,0.10349089662648787,0.1369998462854099
LAS2-M -> ZED,scene_009,lemon,6,0.036670025140214786,0.018937093226556498,0.10349089662648787,0.1829831786548621
LAS2-M -> ZED,scene_009,lemon,7,0.03994714432585768,0.021121859581042613,0.10349089662648787,0.2040938891202591
LAS2-M -> ZED,scene_009,orange,0,0.02519017044547325,0.014657286232703933,0.127517730652621,0.11494312326364056
LAS2-M -> ZED,scene_009,orange,1,0.03128662183556006,0.017972949964998777,0.127517730652621,0.1409447131235421
LAS2-M -> ZED,scene_009,orange,2,0.03148463596748684,0.01786177669459598,0.127517730652621,0.14007288714425414
LAS2-M -> ZED,scene_009,orange,3,0.03884850921471972,0.023438903865869783,0.127517730652621,0.18380897892326173
LAS2-M -> ZED,scene_009,orange,4,0.03424539826728965,0.02028157729754309,0.127517730652621,0.15904907649896466
LAS2-M -> ZED,scene_009,orange,5,0.032533466152449196,0.020369205278642156,0.127517730652621,0.15973625921975648
LAS2-M -> ZED,scene_009,orange,6,0.039094314193726776,0.02424212246034345,0.127517730652621,0.1901078566586393
LAS2-M -> ZED,scene_009,orange,7,0.040175730874559244,0.02301395249382709,0.127517730652621,0.1804764904146611
LAS2-M -> ZED,scene_009,rubiks_cube,0,0.029448113927539946,0.013603473022445106,0.12883775017150678,0.10558608020037898
LAS2-M -> ZED,scene_009,rubiks_cube,1,0.040787747869210446,0.019200833138299473,0.12883775017150678,0.14903111171019073
LAS2-M -> ZED,scene_009,rubiks_cube,2,0.034488041322341886,0.016295362368093175,0.12883775017150678,0.1264797184551969
LAS2-M -> ZED,scene_009,rubiks_cube,3,0.04581312766046477,0.022359477894783836,0.12883775017150678,0.17354756556226147
LAS2-M -> ZED,scene_009,rubiks_cube,4,0.029895833080414512,0.014781101662961824,0.12883775017150678,0.11472648073476488
LAS2-M -> ZED,scene_009,rubiks_cube,5,0.04704852790662543,0.023968557788025605,0.12883775017150678,0.18603676140043612
LAS2-M -> ZED,scene_009,rubiks_cube,6,0.03578343413090363,0.017679968497828633,0.12883775017150678,0.13722661622306612
LAS2-M -> ZED,scene_009,rubiks_cube,7,0.043842419504908074,0.02290816600128842,0.12883775017150678,0.17780631818541873
LAS2-M -> ZED,scene_009,scissors,0,0.04149458418560486,0.022604499452898046,0.20983996337550315,0.10772256670883935
LAS2-M -> ZED,scene_009,scissors,1,0.033705538127444555,0.01909674140884393,0.20983996337550315,0.09100621779403768
LAS2-M -> ZED,scene_009,scissors,2,0.03445381815927752,0.018791434675763455,0.20983996337550315,0.08955126742057552
LAS2-M -> ZED,scene_009,scissors,3,0.03714248283936684,0.020790587591128187,0.20983996337550315,0.09907830356376861
LAS2-M -> ZED,scene_009,scissors,4,0.04204154213437709,0.023058880271258197,0.20983996337550315,0.10988793507362052
LAS2-M -> ZED,scene_009,scissors,5,0.029386717068824137,0.013220259308496076,0.20983996337550315,0.063001627982744
LAS2-M -> ZED,scene_009,scissors,6,0.035827077614909275,0.01772782252998977,0.20983996337550315,0.08448258494148846
LAS2-M -> ZED,scene_009,scissors,7,0.03832954448614794,0.01782726029775428,0.20983996337550315,0.08495645925105726
LAS2-M -> ZED,scene_009,wood_block,0,0.04262819198033556,0.017141051839138343,0.24655690811826406,0.06952168556119477
LAS2-M -> ZED,scene_009,wood_block,1,0.04288462267364438,0.017108830175257873,0.24655690811826406,0.06939099904291228
LAS2-M -> ZED,scene_009,wood_block,2,0.0427695166794746,0.01801099376545066,0.24655690811826406,0.07305004715913888
LAS2-M -> ZED,scene_009,wood_block,3,0.04781504423950656,0.022691132804631843,0.24655690811826406,0.09203203016217157
LAS2-M -> ZED,scene_009,wood_block,4,0.04321663989896346,0.01951587330270659,0.24655690811826406,0.07915362603973586
LAS2-M -> ZED,scene_009,wood_block,5,0.043006431668518405,0.020249071095242648,0.24655690811826406,0.08212737274240124
LAS2-M -> ZED,scene_009,wood_block,6,0.05070201420130662,0.02450674983489712,0.24655690811826406,0.09939591643135855
LAS2-M -> ZED,scene_009,wood_block,7,0.045383666650778164,0.02284442118590163,0.24655690811826406,0.09265374618886778
LAS2-M -> RealSense,scene_001,apple,0,0.03442061065538998,0.014341377111418998,0.13449611403964654,0.10663041987362899
LAS2-M -> RealSense,scene_001,apple,1,0.033956106330680295,0.015025998059137962,0.13449611403964654,0.11172068551146856
LAS2-M -> RealSense,scene_001,apple,2,0.03507916012295041,0.01489896584661224,0.13449611403964654,0.11077618080638633
LAS2-M -> RealSense,scene_001,apple,3,0.032284180306551884,0.013895610850925265,0.13449611403964654,0.10331607682604972
LAS2-M -> RealSense,scene_001,apple,4,0.031778807038539046,0.012838205088230642,0.13449611403964654,0.09545409679603246
LAS2-M -> RealSense,scene_001,apple,5,0.034571269316185295,0.014808807465738712,0.13449611403964654,0.11010583890456044
LAS2-M -> RealSense,scene_001,apple,6,0.038013059955172956,0.014469925317600059,0.13449611403964654,0.10758619623266319
LAS2-M -> RealSense,scene_001,apple,7,0.04704074733744849,0.01894559932709022,0.13449611403964654,0.14086354436608828
LAS2-M -> RealSense,scene_001,chips_box,0,0.03429164849871406,0.017471858692331862,0.2694943619712671,0.06483200080525126
LAS2-M -> RealSense,scene_001,chips_box,1,0.03902505460270197,0.01990280269538248,0.2694943619712671,0.07385238989713809
LAS2-M -> RealSense,scene_001,chips_box,2,0.03682851500529238,0.018830900201425017,0.2694943619712671,0.06987493194174031
LAS2-M -> RealSense,scene_001,chips_box,3,0.04134407072769179,0.021109977378959466,0.2694943619712671,0.07833179597727602
LAS2-M -> RealSense,scene_001,chips_box,4,0.04279937886536179,0.02194790976420602,0.2694943619712671,0.08144107210133791
LAS2-M -> RealSense,scene_001,chips_box,5,0.04079857428036993,0.020741972978707605,0.2694943619712671,0.07696625943113078
LAS2-M -> RealSense,scene_001,chips_box,6,0.03942039374283667,0.019777670331145154,0.2694943619712671,0.07338806714351155
LAS2-M -> RealSense,scene_001,chips_box,7,0.05000507218596078,0.023860042631352937,0.2694943619712671,0.08853633321611694
LAS2-M -> RealSense,scene_001,lemon,0,0.049980981636528025,0.026561390616082585,0.10349089662648787,0.2566543675038985
LAS2-M -> RealSense,scene_001,lemon,1,0.05186358878406557,0.02824869174103314,0.10349089662648787,0.27295822784284446
LAS2-M -> RealSense,scene_001,lemon,2,0.04661784477871104,0.024284551105910015,0.10349089662648787,0.23465398307984636
LAS2-M -> RealSense,scene_001,lemon,3,0.05749909679560378,0.03382581323900542,0.10349089662648787,0.32684819961592554
LAS2-M -> RealSense,scene_001,lemon,4,0.0495600446550501,0.027016627118589903,0.10349089662648787,0.26105317471638523
LAS2-M -> RealSense,scene_001,lemon,5,0.05186310242947274,0.028628129179516452,0.10349089662648787,0.2766246125283763
LAS2-M -> RealSense,scene_001,lemon,6,0.04530321732050631,0.023478017180543344,0.10349089662648787,0.2268606993065155
LAS2-M -> RealSense,scene_001,lemon,7,0.07315438461889161,0.045656235266906244,0.10349089662648787,0.4411618485796441
LAS2-M -> RealSense,scene_001,orange,0,0.06590254482488239,0.032653761943835555,0.127517730652621,0.25607232638721983
LAS2-M -> RealSense,scene_001,orange,1,0.05837064505226502,0.029776073442512648,0.127517730652621,0.23350535874597317
LAS2-M -> RealSense,scene_001,orange,2,0.059677204821022796,0.028848446411715942,0.127517730652621,0.22623086424196015
LAS2-M -> RealSense,scene_001,orange,3,0.06810202663592368,0.035622099062242826,0.127517730652621,0.2793501647177458
LAS2-M -> RealSense,scene_001,orange,4,0.061643840184546,0.03175505653092325,0.127517730652621,0.2490246365615553
LAS2-M -> RealSense,scene_001,orange,5,0.0917997837065354,0.05718875973647424,0.127517730652621,0.4484769250816242
LAS2-M -> RealSense,scene_001,orange,6,0.131951090566102,0.0958670771699174,0.127517730652621,0.7517940970191421
LAS2-M -> RealSense,scene_001,orange,7,0.1278968139148721,0.09209582083246104,0.127517730652621,0.7222197286693017
LAS2-M -> RealSense,scene_001,rubiks_cube,0,0.04063132216988755,0.018410771245675306,0.12883775017150678,0.14289888810668594
LAS2-M -> RealSense,scene_001,rubiks_cube,1,0.044082183001057915,0.018865467274153613,0.12883775017150678,0.1464281023926621
LAS2-M -> RealSense,scene_001,rubiks_cube,2,0.042536376872917676,0.0192735552116985,0.12883775017150678,0.14959555864676188
LAS2-M -> RealSense,scene_001,rubiks_cube,3,0.03671893504715067,0.016861416872600107,0.12883775017150678,0.1308732638543785
LAS2-M -> RealSense,scene_001,rubiks_cube,4,0.038970767406418645,0.01750934411844025,0.12883775017150678,0.13590228093188594
LAS2-M -> RealSense,scene_001,rubiks_cube,5,0.040583296123210134,0.016871968072813496,0.12883775017150678,0.13095515910789965
LAS2-M -> RealSense,scene_001,rubiks_cube,6,0.047720064827345636,0.020416902070507482,0.12883775017150678,0.15846987426688858
LAS2-M -> RealSense,scene_001,rubiks_cube,7,0.05587764687956303,0.023071348935113,0.12883775017150678,0.17907289520657402
LAS2-M -> RealSense,scene_001,scissors,0,0.047585549522357454,0.02736792842897961,0.20983996337550315,0.13042286125453337
LAS2-M -> RealSense,scene_001,scissors,1,0.05066917241046241,0.030154265897775874,0.20983996337550315,0.143701254101992
LAS2-M -> RealSense,scene_001,scissors,2,0.05191651413162139,0.027008293080696938,0.20983996337550315,0.12870900588352802
LAS2-M -> RealSense,scene_001,scissors,3,0.03816471478805069,0.021898327658304437,0.20983996337550315,0.1043572792619962
LAS2-M -> RealSense,scene_001,scissors,4,0.03890254299642827,0.02499343543525887,0.20983996337550315,0.11910712827629391
LAS2-M -> RealSense,scene_001,scissors,5,0.03876638174937832,0.022181513345031257,0.20983996337550315,0.10570681098212935
LAS2-M -> RealSense,scene_001,scissors,6,0.04219971946243249,0.027367835046791113,0.20983996337550315,0.1304224162383077
LAS2-M -> RealSense,scene_001,scissors,7,0.030730135124306397,0.020409528832861297,0.20983996337550315,0.09726235415100115
LAS2-M -> RealSense,scene_001,wood_block,0,0.03517266926810889,0.020494927255005953,0.24655690811826406,0.08312453060603481
LAS2-M -> RealSense,scene_001,wood_block,1,0.04070279535867514,0.023119737974319893,0.24655690811826406,0.09377039220182883
LAS2-M -> RealSense,scene_001,wood_block,2,0.04372390393331879,0.024774246025201438,0.24655690811826406,0.10048084320281209
LAS2-M -> RealSense,scene_001,wood_block,3,0.040162158101591704,0.023437613983031406,0.24655690811826406,0.09505965240198934
LAS2-M -> RealSense,scene_001,wood_block,4,0.041863569328252956,0.024108940416439715,0.24655690811826406,0.09778245760964671
LAS2-M -> RealSense,scene_001,wood_block,5,0.043822105115935046,0.025204043434981456,0.24655690811826406,0.1022240407999115
LAS2-M -> RealSense,scene_001,wood_block,6,0.04282492163205726,0.024792900042561464,0.24655690811826406,0.10055650126286157
LAS2-M -> RealSense,scene_001,wood_block,7,0.04001383396899509,0.02337032767233937,0.24655690811826406,0.09478674862814838
LAS2-M -> RealSense,scene_002,apple,0,0.02573118350386566,0.015467783886583089,0.13449611403964654,0.11500543340622854
LAS2-M -> RealSense,scene_002,apple,1,0.025236192410988404,0.015383710798662808,0.13449611403964654,0.11438033662539888
LAS2-M -> RealSense,scene_002,apple,2,0.028222391523404843,0.01706740358833146,0.13449611403964654,0.12689886031428654
LAS2-M -> RealSense,scene_002,apple,3,0.030907081016626328,0.018858459861493922,0.13449611403964654,0.1402156485795185
LAS2-M -> RealSense,scene_002,apple,4,0.03011638889103889,0.018015285519338554,0.13449611403964654,0.13394651323552767
LAS2-M -> RealSense,scene_002,apple,5,0.03099398628872766,0.01817480050995146,0.13449611403964654,0.13513253256219673
LAS2-M -> RealSense,scene_002,apple,6,0.029138655290831775,0.016564011180560743,0.13449611403964654,0.12315605769604639
LAS2-M -> RealSense,scene_002,apple,7,0.03325582819044843,0.018166835077619316,0.13449611403964654,0.13507330830587513
LAS2-M -> RealSense,scene_002,apple,8,0.03298475292649603,0.017611329434811446,0.13449611403964654,0.13094303549632674
LAS2-M -> RealSense,scene_002,apple,9,0.03180714781383803,0.016731843170475755,0.13449611403964654,0.12440391523537676
LAS2-M -> RealSense,scene_002,apple,10,0.031924500270392724,0.016994124619217246,0.13449611403964654,0.1263540195236254
LAS2-M -> RealSense,scene_002,chips_box,0,0.04535586876624246,0.022250935566592214,0.2694943619712671,0.08256549563350257
LAS2-M -> RealSense,scene_002,chips_box,1,0.041008755936203845,0.020518363292464488,0.2694943619712671,0.07613652153009462
LAS2-M -> RealSense,scene_002,chips_box,2,0.04047082721591239,0.020496110435989017,0.2694943619712671,0.07605394890663526
LAS2-M -> RealSense,scene_002,chips_box,3,0.041679993530908,0.02018505431173789,0.2694943619712671,0.07489972763842079
LAS2-M -> RealSense,scene_002,chips_box,4,0.04187310700345395,0.021257540369441066,0.2694943619712671,0.07887935099624645
LAS2-M -> RealSense,scene_002,chips_box,5,0.04034360411333411,0.020595264671135375,0.2694943619712671,0.0764218758436631
LAS2-M -> RealSense,scene_002,chips_box,6,0.039308921106122836,0.019581835118074372,0.2694943619712671,0.07266139066821051
LAS2-M -> RealSense,scene_002,chips_box,7,0.04025590575356169,0.019817551219508858,0.2694943619712671,0.07353605127227769
LAS2-M -> RealSense,scene_002,chips_box,8,0.043776198391018616,0.021283896494887267,0.2694943619712671,0.07897714942606669
LAS2-M -> RealSense,scene_002,chips_box,9,0.039489028835572065,0.019319232059894404,0.2694943619712671,0.07168696190369347
LAS2-M -> RealSense,scene_002,chips_box,10,0.03919004452580126,0.019154185307158542,0.2694943619712671,0.07107453071393278
LAS2-M -> RealSense,scene_002,lemon,0,0.03621329902098821,0.018220315126773738,0.10349089662648787,0.17605717720789713
LAS2-M -> RealSense,scene_002,lemon,1,0.031066204277062727,0.01543220035058277,0.10349089662648787,0.1491165006162773
LAS2-M -> RealSense,scene_002,lemon,2,0.03572503265551017,0.01762124431137966,0.10349089662648787,0.17026854424671792
LAS2-M -> RealSense,scene_002,lemon,3,0.029049679125683365,0.014297459403289924,0.10349089662648787,0.13815185556746423
LAS2-M -> RealSense,scene_002,lemon,4,0.03036026505823717,0.014757943586833765,0.10349089662648787,0.14260136947211025
LAS2-M -> RealSense,scene_002,lemon,5,0.02852320672811166,0.013713099960864136,0.10349089662648787,0.1325053739785104
LAS2-M -> RealSense,scene_002,lemon,6,0.029719729901565604,0.014340140100330842,0.10349089662648787,0.13856426572557656
LAS2-M -> RealSense,scene_002,lemon,7,0.02916086649492258,0.013813675917149344,0.10349089662648787,0.13347720782635306
LAS2-M -> RealSense,scene_002,lemon,8,0.02971366460203304,0.014084141470992434,0.10349089662648787,0.13609063144774883
LAS2-M -> RealSense,scene_002,lemon,9,0.036319029169177654,0.017926211646229505,0.10349089662648787,0.17321534773176753
LAS2-M -> RealSense,scene_002,lemon,10,0.03635504668754007,0.01780559561809391,0.10349089662648787,0.17204987296956778
LAS2-M -> RealSense,scene_002,orange,0,0.07110213503079142,0.034185347667155246,0.127517730652621,0.26808309316828793
LAS2-M -> RealSense,scene_002,orange,1,0.0711098625052789,0.0341444771543717,0.127517730652621,0.2677625846980198
LAS2-M -> RealSense,scene_002,orange,2,0.07109686358560166,0.0340606256159563,0.127517730652621,0.26710501701714695
LAS2-M -> RealSense,scene_002,orange,3,0.07577049766494877,0.037683220944204184,0.127517730652621,0.29551357878897166
LAS2-M -> RealSense,scene_002,orange,4,0.07122442270800947,0.03425212091477138,0.127517730652621,0.26860673209500346
LAS2-M -> RealSense,scene_002,orange,5,0.07622688239219547,0.03814786632692177,0.127517730652621,0.2991573495833513
LAS2-M -> RealSense,scene_002,orange,6,0.0714256056260304,0.03420147977886119,0.127517730652621,0.2682096019418003
LAS2-M -> RealSense,scene_002,orange,7,0.07490780794462028,0.036809395676167096,0.127517730652621,0.2886610002215446
LAS2-M -> RealSense,scene_002,orange,8,0.0760135020260732,0.037576433295979525,0.127517730652621,0.2946761450636526
LAS2-M -> RealSense,scene_002,orange,9,0.0744795350921951,0.036396796858630266,0.127517730652621,0.28542538102235404
LAS2-M -> RealSense,scene_002,orange,10,0.07968327806464967,0.04070227904776237,0.127517730652621,0.31918917345417624
LAS2-M -> RealSense,scene_002,rubiks_cube,0,0.0728499871600481,0.040137198094282636,0.12883775017150678,0.31153290119435206
LAS2-M -> RealSense,scene_002,rubiks_cube,1,0.0575769728582312,0.027138774932524316,0.12883775017150678,0.21064303665965609
LAS2-M -> RealSense,scene_002,rubiks_cube,2,0.05104177283848285,0.022308563852427563,0.12883775017150678,0.17315238602607352
LAS2-M -> RealSense,scene_002,rubiks_cube,3,0.05478780490918131,0.02509509777716155,0.12883775017150678,0.1947806271357219
LAS2-M -> RealSense,scene_002,rubiks_cube,4,0.06003111150500275,0.028697443233279864,0.12883775017150678,0.2227409528269337
LAS2-M -> RealSense,scene_002,rubiks_cube,5,0.053882831630768964,0.024175910887765682,0.12883775017150678,0.18764617401020345
LAS2-M -> RealSense,scene_002,rubiks_cube,6,0.07119037313450735,0.03679615954011767,0.12883775017150678,0.2856007613539914
LAS2-M -> RealSense,scene_002,rubiks_cube,7,0.04668243489322471,0.01977426087847078,0.12883775017150678,0.15348188595460258
LAS2-M -> RealSense,scene_002,rubiks_cube,8,0.05936761374454464,0.0273270756258385,0.12883775017150678,0.21210457020136664
LAS2-M -> RealSense,scene_002,rubiks_cube,9,0.06888892988895041,0.0345259744206757,0.12883775017150678,0.26798026490462046
LAS2-M -> RealSense,scene_002,rubiks_cube,10,0.057973432576602014,0.02614747677467762,0.12883775017150678,0.2029488774824965
LAS2-M -> RealSense,scene_002,scissors,0,0.11565341642885356,0.04438985618808933,0.20983996337550315,0.21154147891579086
LAS2-M -> RealSense,scene_002,scissors,1,0.119337171141702,0.04559372107117525,0.20983996337550315,0.2172785409306733
LAS2-M -> RealSense,scene_002,scissors,2,0.11635018042131329,0.04154951162586603,0.20983996337550315,0.19800571329453703
LAS2-M -> RealSense,scene_002,scissors,3,0.13023607017333969,0.05390134118222265,0.20983996337550315,0.2568688076149137
LAS2-M -> RealSense,scene_002,scissors,4,0.12158889394426635,0.049170955461425414,0.20983996337550315,0.2343259819076277
LAS2-M -> RealSense,scene_002,scissors,5,0.11894408523536341,0.04820012848456062,0.20983996337550315,0.22969947053558978
LAS2-M -> RealSense,scene_002,scissors,6,0.12672426578461785,0.052705446003398965,0.20983996337550315,0.2511697255164115
LAS2-M -> RealSense,scene_002,scissors,7,0.13055991645733592,0.0579774068550656,0.20983996337550315,0.27629344726541216
LAS2-M -> RealSense,scene_002,scissors,8,0.12868547921041357,0.05654500725597086,0.20983996337550315,0.2694672947249092
LAS2-M -> RealSense,scene_002,scissors,9,0.12145877569520322,0.05420405112142156,0.20983996337550315,0.2583113828724075
LAS2-M -> RealSense,scene_002,scissors,10,0.12104621570941052,0.054520013969578215,0.20983996337550315,0.25981711535097857
LAS2-M -> RealSense,scene_002,wood_block,0,0.03202908919219783,0.017299064578656462,0.24655690811826406,0.07016256291776157
LAS2-M -> RealSense,scene_002,wood_block,1,0.040127580557380645,0.020535766021948412,0.24655690811826406,0.08329016687740981
LAS2-M -> RealSense,scene_002,wood_block,2,0.03990278505199981,0.020180458683748764,0.24655690811826406,0.08184909049098295
LAS2-M -> RealSense,scene_002,wood_block,3,0.03419176275622428,0.01786701089973692,0.24655690811826406,0.07246607298939192
LAS2-M -> RealSense,scene_002,wood_block,4,0.037010170171049676,0.019494971622304198,0.24655690811826406,0.07906885177580664
LAS2-M -> RealSense,scene_002,wood_block,5,0.03918327833953427,0.02060657334384816,0.24655690811826406,0.08357735137546406
LAS2-M -> RealSense,scene_002,wood_block,6,0.0365298440040464,0.019048069737719865,0.24655690811826406,0.07725628084443378
LAS2-M -> RealSense,scene_002,wood_block,7,0.03985491567069958,0.020868415920235136,0.24655690811826406,0.08463934788728508
LAS2-M -> RealSense,scene_002,wood_block,8,0.03822712208072062,0.020423240613493453,0.24655690811826406,0.08283377971181077
LAS2-M -> RealSense,scene_002,wood_block,9,0.038390058945944355,0.020447432871839973,0.24655690811826406,0.08293190009517848
LAS2-M -> RealSense,scene_002,wood_block,10,0.04097848083381024,0.02173755340717796,0.24655690811826406,0.08816444679275129
LAS2-M -> RealSense,scene_004,chips_box,0,0.023902982433758973,0.014372496953772719,0.2694943619712671,0.053331345593437995
LAS2-M -> RealSense,scene_004,chips_box,1,0.026233762841042285,0.015991785468105063,0.2694943619712671,0.05933996300007966
LAS2-M -> RealSense,scene_004,chips_box,2,0.028464590402939173,0.017375609440492122,0.2694943619712671,0.06447485325256887
LAS2-M -> RealSense,scene_004,chips_box,3,0.02810855775132726,0.015519180019654882,0.2694943619712671,0.057586288284982766
LAS2-M -> RealSense,scene_004,chips_box,4,0.03962477110225099,0.02174503675121509,0.2694943619712671,0.080688280794288
LAS2-M -> RealSense,scene_004,chips_box,5,0.030181299713801228,0.015862238322171065,0.2694943619712671,0.05885925852453367
LAS2-M -> RealSense,scene_004,chips_box,6,0.03402676047925978,0.019576173370935337,0.2694943619712671,0.07264038189052173
LAS2-M -> RealSense,scene_004,chips_box,7,0.03876828990607427,0.02140999810316898,0.2694943619712671,0.07944506870778865
LAS2-M -> RealSense,scene_004,chips_box,8,0.034585288388293396,0.019048325761374104,0.2694943619712671,0.07068172269743067
LAS2-M -> RealSense,scene_004,chips_box,9,0.046282858529678485,0.025176470590385077,0.2694943619712671,0.09342114026515085
LAS2-M -> RealSense,scene_004,chips_box,10,0.03875156249227279,0.020154962863262613,0.2694943619712671,0.07478806872186622
LAS2-M -> RealSense,scene_004,scissors,0,0.027670053396040648,0.015840959764437976,0.20983996337550315,0.07549067160334465
LAS2-M -> RealSense,scene_004,scissors,1,0.030927825371526465,0.01670006217655494,0.20983996337550315,0.07958475548659248
LAS2-M -> RealSense,scene_004,scissors,2,0.04137110507802295,0.023178747527936323,0.20983996337550315,0.11045916685783326
LAS2-M -> RealSense,scene_004,scissors,3,0.033087257043503696,0.01908261592195123,0.20983996337550315,0.09093890227098156
LAS2-M -> RealSense,scene_004,scissors,4,0.03079639350156622,0.018402726710888464,0.20983996337550315,0.08769886543468969
LAS2-M -> RealSense,scene_004,scissors,5,0.028481327426553463,0.017199750844654724,0.20983996337550315,0.08196604006204584
LAS2-M -> RealSense,scene_004,scissors,6,0.034163640003027254,0.022181238279360315,0.20983996337550315,0.10570550014664064
LAS2-M -> RealSense,scene_004,scissors,7,0.027520212540913296,0.015126687648965999,0.20983996337550315,0.07208678178187243
LAS2-M -> RealSense,scene_004,scissors,8,0.02108263924584204,0.011063429732863913,0.20983996337550315,0.05272317796332338
LAS2-M -> RealSense,scene_004,scissors,9,0.018399829592961096,0.007995034925238318,0.20983996337550315,0.03810063057879691
LAS2-M -> RealSense,scene_004,scissors,10,0.02368489703092451,0.010382666718370072,0.20983996337550315,0.049478976984906164
LAS2-M -> RealSense,scene_004,wood_block,0,0.058230784644513776,0.021555209739287436,0.24655690811826406,0.08742488662677508
LAS2-M -> RealSense,scene_004,wood_block,1,0.05763838629047887,0.023367813527335076,0.24655690811826406,0.09477655161106424
LAS2-M -> RealSense,scene_004,wood_block,2,0.0572380530088846,0.023836462234812464,0.24655690811826406,0.0966773245849555
LAS2-M -> RealSense,scene_004,wood_block,3,0.058140101146029,0.026109931733674693,0.24655690811826406,0.1058981958078041
LAS2-M -> RealSense,scene_004,wood_block,4,0.05393645789512152,0.025866853313638735,0.24655690811826406,0.10491230406422594
LAS2-M -> RealSense,scene_004,wood_block,5,0.04058973266813491,0.02058778881167219,0.24655690811826406,0.0835011639657527
LAS2-M -> RealSense,scene_004,wood_block,6,0.04148145178672065,0.021839907491345716,0.24655690811826406,0.088579580503459
LAS2-M -> RealSense,scene_004,wood_block,7,0.04502777096678868,0.022803845110514337,0.24655690811826406,0.09248917535734262
LAS2-M -> RealSense,scene_004,wood_block,8,0.06107883523414609,0.03218662851134195,0.24655690811826406,0.1305444197730742
LAS2-M -> RealSense,scene_004,wood_block,9,0.061460282565858004,0.03220709819686709,0.24655690811826406,0.1306274419267886
LAS2-M -> RealSense,scene_004,wood_block,10,0.05546070793536636,0.030562021510891282,0.24655690811826406,0.12395524320994418
LAS2-M -> RealSense,scene_005,apple,0,0.02854150383300658,0.015531830448558165,0.13449611403964654,0.11548162978136095
LAS2-M -> RealSense,scene_005,apple,1,0.028481139318089252,0.01606977255783988,0.13449611403964654,0.119481314925596
LAS2-M -> RealSense,scene_005,apple,2,0.026445646632215273,0.01574063841523239,0.13449611403964654,0.11703415022528006
LAS2-M -> RealSense,scene_005,apple,3,0.029534521378337703,0.017025021750671904,0.13449611403964654,0.1265837446102963
LAS2-M -> RealSense,scene_005,apple,4,0.02937302376364834,0.01709088692681747,0.13449611403964654,0.12707346267104377
LAS2-M -> RealSense,scene_005,apple,5,0.029435994530898416,0.01807979977898733,0.13449611403964654,0.13442618701725315
LAS2-M -> RealSense,scene_005,apple,6,0.027886605324391137,0.01797322530897687,0.13449611403964654,0.13363378888165314
LAS2-M -> RealSense,scene_005,apple,7,0.03131638968778143,0.019786394376800708,0.13449611403964654,0.14711498929231598
LAS2-M -> RealSense,scene_005,apple,8,0.033353518887228026,0.02056277273214408,0.13449611403964654,0.15288748585020548
LAS2-M -> RealSense,scene_005,apple,9,0.03299472655339283,0.02014879274047211,0.13449611403964654,0.14980947876704218
LAS2-M -> RealSense,scene_005,apple,10,0.03585430320286497,0.022246286314574107,0.13449611403964654,0.16540467710477036
LAS2-M -> RealSense,scene_005,chips_box,0,0.04975315262159763,0.016501424531569855,0.2694943619712671,0.06123105660121083
LAS2-M -> RealSense,scene_005,chips_box,1,0.05218778980178367,0.017555736284502875,0.2694943619712671,0.06514324142474873
LAS2-M -> RealSense,scene_005,chips_box,2,0.050587309319665076,0.016808296953029624,0.2694943619712671,0.06236975360108531
LAS2-M -> RealSense,scene_005,chips_box,3,0.051995414879011465,0.01771438706792657,0.2694943619712671,0.06573193939328215
LAS2-M -> RealSense,scene_005,chips_box,4,0.05105088024947383,0.016936698933978523,0.2694943619712671,0.06284620876701041
LAS2-M -> RealSense,scene_005,chips_box,5,0.05194362864682992,0.017020001222330158,0.2694943619712671,0.06315531463379852
LAS2-M -> RealSense,scene_005,chips_box,6,0.04962899274102591,0.015434003450226774,0.2694943619712671,0.05727022761193169
LAS2-M -> RealSense,scene_005,chips_box,7,0.050439599524745395,0.015364883010660647,0.2694943619712671,0.05701374566158389
LAS2-M -> RealSense,scene_005,chips_box,8,0.046956971199233234,0.013487384306672005,0.2694943619712671,0.0500469999001686
LAS2-M -> RealSense,scene_005,chips_box,9,0.046922387263242805,0.0135871336718025,0.2694943619712671,0.05041713515791893
LAS2-M -> RealSense,scene_005,chips_box,10,0.04670430992988584,0.013039555741458627,0.2694943619712671,0.04838526359541754
LAS2-M -> RealSense,scene_005,lemon,0,0.03735121453793683,0.01756681768346244,0.10349089662648787,0.16974263685107854
LAS2-M -> RealSense,scene_005,lemon,1,0.03629904220842507,0.016843786097143477,0.10349089662648787,0.16275620992960274
LAS2-M -> RealSense,scene_005,lemon,2,0.03571144556448229,0.01650275390752822,0.10349089662648787,0.15946092309054785
LAS2-M -> RealSense,scene_005,lemon,3,0.03619082952926539,0.017464641257926534,0.10349089662648787,0.16875533817200075
LAS2-M -> RealSense,scene_005,lemon,4,0.03430103643136696,0.016741887384203936,0.10349089662648787,0.16177159470004002
LAS2-M -> RealSense,scene_005,lemon,5,0.040962983028848335,0.020604377964130376,0.10349089662648787,0.19909362693507487
LAS2-M -> RealSense,scene_005,lemon,6,0.03545435893066468,0.017619732285276895,0.10349089662648787,0.1702539340138177
LAS2-M -> RealSense,scene_005,lemon,7,0.04084507676407474,0.020781425104495103,0.10349089662648787,0.2008043777946767
LAS2-M -> RealSense,scene_005,lemon,8,0.03874962991075779,0.01896634893095144,0.10349089662648787,0.18326586732940833
LAS2-M -> RealSense,scene_005,lemon,9,0.04147818544353381,0.0210067278937024,0.10349089662648787,0.20298140781907048
LAS2-M -> RealSense,scene_005,lemon,10,0.047092004261332386,0.024714357108185526,0.10349089662648787,0.2388070633630981
LAS2-M -> RealSense,scene_005,orange,0,0.06528441232164917,0.03244471916345255,0.127517730652621,0.25443300313928285
LAS2-M -> RealSense,scene_005,orange,1,0.06836738203164922,0.03521029662591718,0.127517730652621,0.2761207907772115
LAS2-M -> RealSense,scene_005,orange,2,0.06881527253074826,0.03516888451685886,0.127517730652621,0.27579603508365913
LAS2-M -> RealSense,scene_005,orange,3,0.06763794355134761,0.034310545907629886,0.127517730652621,0.2690649036179712
LAS2-M -> RealSense,scene_005,orange,4,0.06471673500557817,0.031755713939185706,0.127517730652621,0.24902979198785638
LAS2-M -> RealSense,scene_005,orange,5,0.06572385147571963,0.03208698806926478,0.127517730652621,0.2516276591894106
LAS2-M -> RealSense,scene_005,orange,6,0.0646912834767942,0.031160132330532803,0.127517730652621,0.24435921319379544
LAS2-M -> RealSense,scene_005,orange,7,0.0627307952836174,0.02984882633745321,0.127517730652621,0.23407589034631002
LAS2-M -> RealSense,scene_005,orange,8,0.06133601978177343,0.028312441924661525,0.127517730652621,0.22202749201826066
LAS2-M -> RealSense,scene_005,orange,9,0.0629344892935281,0.02919165111972675,0.127517730652621,0.22892229159292007
LAS2-M -> RealSense,scene_005,orange,10,0.06075843874078291,0.027669690811204666,0.127517730652621,0.21698700776428803
LAS2-M -> RealSense,scene_005,rubiks_cube,0,0.07603742392853645,0.03746402560780104,0.12883775017150678,0.29078453759033757
LAS2-M -> RealSense,scene_005,rubiks_cube,1,0.07430463104188131,0.03612771598029992,0.12883775017150678,0.28041250279679114
LAS2-M -> RealSense,scene_005,rubiks_cube,2,0.07219198159798482,0.03477256286081411,0.12883775017150678,0.26989421046646206
LAS2-M -> RealSense,scene_005,rubiks_cube,3,0.07310423075884775,0.03561769996485177,0.12883775017150678,0.2764539113531403
LAS2-M -> RealSense,scene_005,rubiks_cube,4,0.08822369428349593,0.0486811160306436,0.12883775017150678,0.3778482313284737
LAS2-M -> RealSense,scene_005,rubiks_cube,5,0.07629589188483972,0.038544446859511194,0.12883775017150678,0.2991704435089982
LAS2-M -> RealSense,scene_005,rubiks_cube,6,0.07268196810199906,0.03563516756871515,0.12883775017150678,0.27658948965872326
LAS2-M -> RealSense,scene_005,rubiks_cube,7,0.09502747446704443,0.05560121479121923,0.12883775017150678,0.43155996373115624
LAS2-M -> RealSense,scene_005,rubiks_cube,8,0.08515128539798641,0.04615197668062676,0.12883775017150678,0.3582178097583199
LAS2-M -> RealSense,scene_005,rubiks_cube,9,0.10147219436673523,0.06142952637811736,0.12883775017150678,0.47679757133560113
LAS2-M -> RealSense,scene_005,rubiks_cube,10,0.09388604512455842,0.05472734359136578,0.12883775017150678,0.42477723740529155
LAS2-M -> RealSense,scene_005,scissors,0,0.036394677225468436,0.01390703819340635,0.20983996337550315,0.06627449781107743
LAS2-M -> RealSense,scene_005,scissors,1,0.04466777137035746,0.017927550227951568,0.20983996337550315,0.08543439457178462
LAS2-M -> RealSense,scene_005,scissors,2,0.040407830432790094,0.015217569660457503,0.20983996337550315,0.07251988332282569
LAS2-M -> RealSense,scene_005,scissors,3,0.04488379625439641,0.017561052197160823,0.20983996337550315,0.08368783483695037
LAS2-M -> RealSense,scene_005,scissors,4,0.04335501661505131,0.017904213005591963,0.20983996337550315,0.08532318018733562
LAS2-M -> RealSense,scene_005,scissors,5,0.03706203001984543,0.014487069956904101,0.20983996337550315,0.06903866033840211
LAS2-M -> RealSense,scene_005,scissors,6,0.03941531606982342,0.014956283667913253,0.20983996337550315,0.07127471539417576
LAS2-M -> RealSense,scene_005,scissors,7,0.032910924553510496,0.012750726248899337,0.20983996337550315,0.06076405105962702
LAS2-M -> RealSense,scene_005,scissors,8,0.026208002895155767,0.011126972370528045,0.20983996337550315,0.05302599272101767
LAS2-M -> RealSense,scene_005,scissors,9,0.024203486054057206,0.011309371478263582,0.20983996337550315,0.053895222322478946
LAS2-M -> RealSense,scene_005,scissors,10,0.022102623766120655,0.0106342659695677,0.20983996337550315,0.05067798239431618
LAS2-M -> RealSense,scene_005,wood_block,0,0.044098419728879804,0.02414962574304921,0.24655690811826406,0.09794747154870041
LAS2-M -> RealSense,scene_005,wood_block,1,0.04954326857578867,0.026787126726157885,0.24655690811826406,0.10864480306229793
LAS2-M -> RealSense,scene_005,wood_block,2,0.047881213311448116,0.02598616334178916,0.24655690811826406,0.10539620868917035
LAS2-M -> RealSense,scene_005,wood_block,3,0.0555922162277273,0.02978130962935856,0.24655690811826406,0.12078878607235612
LAS2-M -> RealSense,scene_005,wood_block,4,0.0486277502788638,0.02640842740111787,0.24655690811826406,0.10710885208071616
LAS2-M -> RealSense,scene_005,wood_block,5,0.049907311451773226,0.027057629696798983,0.24655690811826406,0.10974192491017311
LAS2-M -> RealSense,scene_005,wood_block,6,0.04969523194806264,0.02696712735749211,0.24655690811826406,0.10937486020289075
LAS2-M -> RealSense,scene_005,wood_block,7,0.046750113627901914,0.02553712827006998,0.24655690811826406,0.1035749858520321
LAS2-M -> RealSense,scene_005,wood_block,8,0.054748879946909274,0.02955100718944265,0.24655690811826406,0.11985471189989187
LAS2-M -> RealSense,scene_005,wood_block,9,0.0507972727198233,0.027672034641624953,0.24655690811826406,0.11223386459872266
LAS2-M -> RealSense,scene_005,wood_block,10,0.04579569346795871,0.025218296753155796,0.24655690811826406,0.1022818502455406
LAS2-M -> RealSense,scene_006,apple,0,0.134828009984394,0.0877712590093719,0.13449611403964654,0.6525932710851321
LAS2-M -> RealSense,scene_006,apple,1,0.1537799811215425,0.10769804247914058,0.13449611403964654,0.8007520756130808
LAS2-M -> RealSense,scene_006,apple,2,0.1425857863779345,0.09918829938212653,0.13449611403964654,0.7374807821799816
LAS2-M -> RealSense,scene_006,apple,3,0.1659394955336328,0.12278967542194244,0.13449611403964654,0.9129607669240667
LAS2-M -> RealSense,scene_006,apple,4,0.18477549340789734,0.1424491636253139,0.13449611403964654,1.0591321886320297
LAS2-M -> RealSense,scene_006,apple,5,0.1956482742207185,0.15462769716591873,0.13449611403964654,1.1496815225482115
LAS2-M -> RealSense,scene_006,apple,6,0.20584560937667062,0.1653211990208394,0.13449611403964654,1.2291894096814298
LAS2-M -> RealSense,scene_006,apple,7,0.23280581822061677,0.19298551193070484,0.13449611403964654,1.4348779762797972
LAS2-M -> RealSense,scene_006,apple,8,0.22818886025219695,0.18879281051973956,0.13449611403964654,1.4037045744242658
LAS2-M -> RealSense,scene_006,apple,9,0.20214011672612817,0.1624242303755626,0.13449611403964654,1.2076499870299857
LAS2-M -> RealSense,scene_006,apple,10,0.14950861456213985,0.10969959519704353,0.13449611403964654,0.8156339384252134
LAS2-M -> RealSense,scene_006,chips_box,0,0.08852784180113897,0.05213141327588466,0.2694943619712671,0.19344157293146932
LAS2-M -> RealSense,scene_006,chips_box,1,0.09149739212917397,0.05477757109656356,0.2694943619712671,0.20326054577128344
LAS2-M -> RealSense,scene_006,chips_box,2,0.08574565136334832,0.04940620776449529,0.2694943619712671,0.18332928155937775
LAS2-M -> RealSense,scene_006,chips_box,3,0.08568067680648601,0.04957866458579709,0.2694943619712671,0.18396920894056798
LAS2-M -> RealSense,scene_006,chips_box,4,0.08143580667061172,0.04612813840163197,0.2694943619712671,0.17116550440691614
LAS2-M -> RealSense,scene_006,chips_box,5,0.083779194009411,0.04805024855953289,0.2694943619712671,0.1782977877832409
LAS2-M -> RealSense,scene_006,chips_box,6,0.08289766544468835,0.045432507314377396,0.2694943619712671,0.16858425898802779
LAS2-M -> RealSense,scene_006,chips_box,7,0.09458121000721993,0.055933345197736836,0.2694943619712671,0.2075492221380881
LAS2-M -> RealSense,scene_006,chips_box,8,0.07217162019989942,0.040185724254063866,0.2694943619712671,0.14911526890625038
LAS2-M -> RealSense,scene_006,chips_box,9,0.0697030742756336,0.03875401615082925,0.2694943619712671,0.14380269727112555
LAS2-M -> RealSense,scene_006,chips_box,10,0.060343809506911816,0.031550426314191735,0.2694943619712671,0.11707267670985849
LAS2-M -> RealSense,scene_006,lemon,0,0.10924363456539217,0.0820482956444476,0.10349089662648787,0.7928068875523476
LAS2-M -> RealSense,scene_006,lemon,1,0.11692954680004716,0.08910549239886223,0.10349089662648787,0.8609983612419125
LAS2-M -> RealSense,scene_006,lemon,2,0.09850242575125533,0.07137854594310071,0.10349089662648787,0.6897084504032773
LAS2-M -> RealSense,scene_006,lemon,3,0.11602550511542127,0.08853618064772904,0.10349089662648787,0.8554972807634246
LAS2-M -> RealSense,scene_006,lemon,4,0.12403184081448017,0.09581317232856217,0.10349089662648787,0.9258125637307442
LAS2-M -> RealSense,scene_006,lemon,5,0.14579636051490544,0.11697229865542877,0.10349089662648787,1.130266549700473
LAS2-M -> RealSense,scene_006,lemon,6,0.12402513107242605,0.09581457162589062,0.10349089662648787,0.9258260847009364
LAS2-M -> RealSense,scene_006,lemon,7,0.13770385685081482,0.1092783002539134,0.10349089662648787,1.055921861884268
LAS2-M -> RealSense,scene_006,lemon,8,0.1416542969765063,0.11353272603743572,0.10349089662648787,1.0970310407802353
LAS2-M -> RealSense,scene_006,lemon,9,0.13249913765897461,0.10464944495545218,0.10349089662648787,1.011194688293654
LAS2-M -> RealSense,scene_006,lemon,10,0.11680350776818868,0.0888505746505388,0.10349089662648787,0.8585351711775394
LAS2-M -> RealSense,scene_006,orange,0,0.09807412902171038,0.06834717862282153,0.127517730652621,0.535981767186638
LAS2-M -> RealSense,scene_006,orange,1,0.09801160137907426,0.06865675343649068,0.127517730652621,0.5384094673353529
LAS2-M -> RealSense,scene_006,orange,2,0.0921209916168682,0.06271479982596018,0.127517730652621,0.49181238957902623
LAS2-M -> RealSense,scene_006,orange,3,0.09759205945378044,0.06687794406403928,0.127517730652621,0.5244599611502314
LAS2-M -> RealSense,scene_006,orange,4,0.10160615432190048,0.07097341584052172,0.127517730652621,0.5565768421166843
LAS2-M -> RealSense,scene_006,orange,5,0.0902217028661685,0.06092020511503561,0.127517730652621,0.47773909403228115
LAS2-M -> RealSense,scene_006,orange,6,0.09676241255372543,0.0665056351143036,0.127517730652621,0.5215402969762357
LAS2-M -> RealSense,scene_006,orange,7,0.0963360294050403,0.06547407470763349,0.127517730652621,0.5134507520840023
LAS2-M -> RealSense,scene_006,orange,8,0.10043561183014525,0.07189434939655412,0.127517730652621,0.5637988460789504
LAS2-M -> RealSense,scene_006,orange,9,0.08492032481789856,0.058156438391523194,0.127517730652621,0.4560655062937935
LAS2-M -> RealSense,scene_006,orange,10,0.11176989799164523,0.08457415463726929,0.127517730652621,0.6632344710373101
LAS2-M -> RealSense,scene_006,rubiks_cube,0,0.2223764325243805,0.18032262761638232,0.12883775017150678,1.3996101870479707
LAS2-M -> RealSense,scene_006,rubiks_cube,1,0.18220887169096026,0.13883489826977477,0.12883775017150678,1.0775948670708697
LAS2-M -> RealSense,scene_006,rubiks_cube,2,0.19707743361685626,0.1537651966308328,0.12883775017150678,1.1934793678571924
LAS2-M -> RealSense,scene_006,rubiks_cube,3,0.19739075841749315,0.15356169834539396,0.12883775017150678,1.1918998751606191
LAS2-M -> RealSense,scene_006,rubiks_cube,4,0.18535907631365442,0.1398664933615932,0.12883775017150678,1.0856017989712266
LAS2-M -> RealSense,scene_006,rubiks_cube,5,0.206110784765292,0.16067141616527864,0.12883775017150678,1.2470833738667073
LAS2-M -> RealSense,scene_006,rubiks_cube,6,0.21071587306870515,0.16524535947148533,0.12883775017150678,1.2825849508510767
LAS2-M -> RealSense,scene_006,rubiks_cube,7,0.2183394882441839,0.1728107465227607,0.12883775017150678,1.341305217552447
LAS2-M -> RealSense,scene_006,rubiks_cube,8,0.2291281554270577,0.18401902863699668,0.12883775017150678,1.428300543839313
LAS2-M -> RealSense,scene_006,rubiks_cube,9,0.21447375310733646,0.1712215716905418,0.12883775017150678,1.3289705188317427
LAS2-M -> RealSense,scene_006,rubiks_cube,10,0.1811532109897932,0.13844130302065324,0.12883775017150678,1.0745398987203856
LAS2-M -> RealSense,scene_006,scissors,0,0.25329152177717895,0.2017238668631135,0.20983996337550315,0.9613224460115536
LAS2-M -> RealSense,scene_006,scissors,1,0.27158635951798815,0.22041689521233213,0.20983996337550315,1.0504047544933175
LAS2-M -> RealSense,scene_006,scissors,2,0.2857876676846954,0.23432917552662677,0.20983996337550315,1.11670423382271
LAS2-M -> RealSense,scene_006,scissors,3,0.32308211560433564,0.27131544600709956,0.20983996337550315,1.292963654981142
LAS2-M -> RealSense,scene_006,scissors,4,0.3296690376930579,0.2781083198962447,0.20983996337550315,1.3253353432900534
LAS2-M -> RealSense,scene_006,scissors,5,0.3260171991928304,0.2746528079651821,0.20983996337550315,1.3088679751325445
LAS2-M -> RealSense,scene_006,scissors,6,0.3402286715455317,0.28863775196140834,0.20983996337550315,1.375513735888805
LAS2-M -> RealSense,scene_006,scissors,7,0.3282922760666347,0.2766896333146025,0.20983996337550315,1.3185745406344433
LAS2-M -> RealSense,scene_006,scissors,8,0.3393226895837028,0.28761223856518925,0.20983996337550315,1.370626614390485
LAS2-M -> RealSense,scene_006,scissors,9,0.3584442000510401,0.30544888776575296,0.20983996337550315,1.4556278168003687
LAS2-M -> RealSense,scene_006,scissors,10,0.33121604622466566,0.27648593266015464,0.20983996337550315,1.3176037977350876
LAS2-M -> RealSense,scene_006,wood_block,0,0.12236294844595759,0.07079944008536566,0.24655690811826406,0.2871525305281888
LAS2-M -> RealSense,scene_006,wood_block,1,0.11709766453307698,0.06595309812111036,0.24655690811826406,0.2674964519326108
LAS2-M -> RealSense,scene_006,wood_block,2,0.10268873496879656,0.05478595304544403,0.24655690811826406,0.22220408855534995
LAS2-M -> RealSense,scene_006,wood_block,3,0.17473888657684705,0.12057551887487139,0.24655690811826406,0.4890372766072969
LAS2-M -> RealSense,scene_006,wood_block,4,0.1365796462438721,0.08341430543397557,0.24655690811826406,0.3383166428821571
LAS2-M -> RealSense,scene_006,wood_block,5,0.16666949125138572,0.11083462484354968,0.24655690811826406,0.4495295860474795
LAS2-M -> RealSense,scene_006,wood_block,6,0.14445640850973748,0.08962069935372381,0.24655690811826406,0.3634889001395821
LAS2-M -> RealSense,scene_006,wood_block,7,0.11101829955309146,0.05987081093520324,0.24655690811826406,0.24282755406100998
LAS2-M -> RealSense,scene_006,wood_block,8,0.10156950596353981,0.05461318636773269,0.24655690811826406,0.22150337130905617
LAS2-M -> RealSense,scene_006,wood_block,9,0.08930295188950615,0.045836259395344664,0.24655690811826406,0.18590539500665193
LAS2-M -> RealSense,scene_006,wood_block,10,0.10477275603729413,0.057485807864085206,0.24655690811826406,0.23315431842011675
LAS2-M -> RealSense,scene_009,apple,0,0.026995238433457344,0.014013336452689288,0.13449611403964654,0.1041913853998671
LAS2-M -> RealSense,scene_009,apple,1,0.027621387971487638,0.01469838526204677,0.13449611403964654,0.10928483225704204
LAS2-M -> RealSense,scene_009,apple,2,0.024123260753152142,0.013676645632883748,0.13449611403964654,0.1016880356026656
LAS2-M -> RealSense,scene_009,apple,3,0.031315255986875234,0.015494896545807208,0.13449611403964654,0.11520702033993077
LAS2-M -> RealSense,scene_009,apple,4,0.03134595286614945,0.015918324774578205,0.13449611403964654,0.11835527656870315
LAS2-M -> RealSense,scene_009,apple,5,0.031991685578263894,0.016118541101530794,0.13449611403964654,0.11984391680475912
LAS2-M -> RealSense,scene_009,apple,6,0.031241999605765056,0.015144576044699256,0.13449611403964654,0.11260233169439351
LAS2-M -> RealSense,scene_009,apple,7,0.029600042158886234,0.014885474768873955,0.13449611403964654,0.11067587249759528
LAS2-M -> RealSense,scene_009,chips_box,0,0.128411360400739,0.07584848404152314,0.2694943619712671,0.28144738719843776
LAS2-M -> RealSense,scene_009,chips_box,1,0.13377835660759113,0.0761054732532358,0.2694943619712671,0.28240098492802607
LAS2-M -> RealSense,scene_009,chips_box,2,0.1466597723323877,0.08228687512673405,0.2694943619712671,0.30533802089524714
LAS2-M -> RealSense,scene_009,chips_box,3,0.15571794735698824,0.08422434451312832,0.2694943619712671,0.3125272970352832
LAS2-M -> RealSense,scene_009,chips_box,4,0.15443317473193427,0.08307438393178412,0.2694943619712671,0.3082601926219196
LAS2-M -> RealSense,scene_009,chips_box,5,0.15096450160375918,0.0854847030453339,0.2694943619712671,0.31720404991050644
LAS2-M -> RealSense,scene_009,chips_box,6,0.16202702888295686,0.09162488895659675,0.2694943619712671,0.33998814775340497
LAS2-M -> RealSense,scene_009,chips_box,7,0.16343869028601746,0.09759447524948942,0.2694943619712671,0.3621392096503107
LAS2-M -> RealSense,scene_009,lemon,0,0.050691368604734874,0.028719434990220765,0.10349089662648787,0.27750687187369677
LAS2-M -> RealSense,scene_009,lemon,1,0.04476197338079555,0.023918565880596716,0.10349089662648787,0.2311175829012472
LAS2-M -> RealSense,scene_009,lemon,2,0.035055481486062294,0.017503722536981466,0.10349089662648787,0.16913296828565202
LAS2-M -> RealSense,scene_009,lemon,3,0.032310662364424994,0.01614935306938223,0.10349089662648787,0.1560461218890329
LAS2-M -> RealSense,scene_009,lemon,4,0.03303090396523579,0.016882448372285,0.10349089662648787,0.16312979134015965
LAS2-M -> RealSense,scene_009,lemon,5,0.024842007957466924,0.012430119781918445,0.10349089662648787,0.12010833983572841
LAS2-M -> RealSense,scene_009,lemon,6,0.02880844732671884,0.014712912108341194,0.10349089662648787,0.1421662444518382
LAS2-M -> RealSense,scene_009,lemon,7,0.02746423157587742,0.014222574058774652,0.10349089662648787,0.1374282620248791
LAS2-M -> RealSense,scene_009,orange,0,0.05385915673840999,0.021979595048314777,0.127517730652621,0.17236501101318027
LAS2-M -> RealSense,scene_009,orange,1,0.054030250091511724,0.02223147779501879,0.127517730652621,0.1743402872780174
LAS2-M -> RealSense,scene_009,orange,2,0.054409746050029954,0.022598376622698688,0.127517730652621,0.17721752502215032
LAS2-M -> RealSense,scene_009,orange,3,0.058795805490450395,0.025312669382308358,0.127517730652621,0.19850313562483463
LAS2-M -> RealSense,scene_009,orange,4,0.057266081404485074,0.024326963929587386,0.127517730652621,0.1907731874233081
LAS2-M -> RealSense,scene_009,orange,5,0.06054408466886143,0.026465852001444762,0.127517730652621,0.20754644758807728
LAS2-M -> RealSense,scene_009,orange,6,0.06371578498702,0.028554491509504423,0.127517730652621,0.22392565616848603
LAS2-M -> RealSense,scene_009,orange,7,0.06349345277332126,0.028468481033914063,0.127517730652621,0.2232511580014455
LAS2-M -> RealSense,scene_009,rubiks_cube,0,0.028375630525848752,0.012686380555740555,0.12883775017150678,0.0984678833560245
LAS2-M -> RealSense,scene_009,rubiks_cube,1,0.03946121637060293,0.01816155761345205,0.12883775017150678,0.14096456659073658
LAS2-M -> RealSense,scene_009,rubiks_cube,2,0.03819510862973945,0.017781081115917693,0.12883775017150678,0.13801142205795894
LAS2-M -> RealSense,scene_009,rubiks_cube,3,0.0416071579488087,0.01973148356699434,0.12883775017150678,0.1531498612846631
LAS2-M -> RealSense,scene_009,rubiks_cube,4,0.03248802901595671,0.015590511739356853,0.12883775017150678,0.12100887914142408
LAS2-M -> RealSense,scene_009,rubiks_cube,5,0.04673701556183002,0.025384669530236124,0.12883775017150678,0.19702819628908805
LAS2-M -> RealSense,scene_009,rubiks_cube,6,0.03592039636167169,0.019273885066190644,0.12883775017150678,0.1495981188784619
LAS2-M -> RealSense,scene_009,rubiks_cube,7,0.04771214494901868,0.027285510305228796,0.12883775017150678,0.211781952641262
LAS2-M -> RealSense,scene_009,scissors,0,0.03622547547233873,0.0207788686125033,0.20983996337550315,0.09902245634364726
LAS2-M -> RealSense,scene_009,scissors,1,0.029402343405663292,0.01610739825732321,0.20983996337550315,0.07676039396032223
LAS2-M -> RealSense,scene_009,scissors,2,0.03287864178006496,0.018685342061410405,0.20983996337550315,0.08904567919683379
LAS2-M -> RealSense,scene_009,scissors,3,0.02746326637300769,0.015274592271084575,0.20983996337550315,0.07279162665383758
LAS2-M -> RealSense,scene_009,scissors,4,0.035410921313233826,0.020293415337474287,0.20983996337550315,0.09670901105315077
LAS2-M -> RealSense,scene_009,scissors,5,0.03271582680697408,0.016687999259628234,0.20983996337550315,0.07952726921594765
LAS2-M -> RealSense,scene_009,scissors,6,0.03483104541419501,0.018141862265958927,0.20983996337550315,0.08645570640657489
LAS2-M -> RealSense,scene_009,scissors,7,0.03724197072115353,0.018021470128248476,0.20983996337550315,0.08588197328265601
LAS2-M -> RealSense,scene_009,wood_block,0,0.049482536364047175,0.020463569570417922,0.24655690811826406,0.08299734826574934
LAS2-M -> RealSense,scene_009,wood_block,1,0.04540546637387833,0.018939152797987455,0.24655690811826406,0.07681452911837723
LAS2-M -> RealSense,scene_009,wood_block,2,0.045991118336863035,0.02051226651381573,0.24655690811826406,0.08319485619107768
LAS2-M -> RealSense,scene_009,wood_block,3,0.05140318192001412,0.02453122826796823,0.24655690811826406,0.09949519749899494
LAS2-M -> RealSense,scene_009,wood_block,4,0.044273085356986305,0.021205829467289942,0.24655690811826406,0.08600784958383038
LAS2-M -> RealSense,scene_009,wood_block,5,0.04760032309486812,0.02301903126993702,0.24655690811826406,0.09336194003088187
LAS2-M -> RealSense,scene_009,wood_block,6,0.05244502648725475,0.026228238580519984,0.24655690811826406,0.10637803167104645
LAS2-M -> RealSense,scene_009,wood_block,7,0.04712461844912149,0.0245980901361815,0.24655690811826406,0.09976637979408276
network -> LAS2-M,scene_001,apple,0,0.02187595669849962,0.002784473165057018,0.13449611403964654,0.020703000863178958
network -> LAS2-M,scene_001,apple,1,0.019989903736012234,0.003788947570875666,0.13449611403964654,0.02817142783589098
network -> LAS2-M,scene_001,apple,2,0.022307606348910408,0.003021464280308796,0.13449611403964654,0.02246506749940845
network -> LAS2-M,scene_001,apple,3,0.022709176259053544,0.0026845110273250607,0.13449611403964654,0.01995976646978607
network -> LAS2-M,scene_001,apple,4,0.024202167295212157,0.0021137486118581383,0.13449611403964654,0.015716057128870288
network -> LAS2-M,scene_001,apple,5,0.023136893049320453,0.0028892101569498708,0.13449611403964654,0.021481737056716705
network -> LAS2-M,scene_001,apple,6,0.024522756577854632,0.0033888862051051714,0.13449611403964654,0.025196907950115206
network -> LAS2-M,scene_001,apple,7,0.025258177336957482,0.007084638708591262,0.13449611403964654,0.05267541563693702
network -> LAS2-M,scene_001,chips_box,0,0.0043598129021677106,0.0030871688130758987,0.2694943619712671,0.011455411499128305
network -> LAS2-M,scene_001,chips_box,1,0.00857568463665716,0.005191309683846036,0.2694943619712671,0.019263147643881033
network -> LAS2-M,scene_001,chips_box,2,0.008223825286512203,0.005144504236161496,0.2694943619712671,0.019089468879909227
network -> LAS2-M,scene_001,chips_box,3,0.008910726045304511,0.005370314428611953,0.2694943619712671,0.019927372095392946
network -> LAS2-M,scene_001,chips_box,4,0.006764418254274259,0.0050672370300777715,0.2694943619712671,0.018802757107838974
network -> LAS2-M,scene_001,chips_box,5,0.006601408590037628,0.0050725134811048745,0.2694943619712671,0.01882233618544382
network -> LAS2-M,scene_001,chips_box,6,0.003744263322372739,0.002537567795666392,0.2694943619712671,0.009416032963008487
network -> LAS2-M,scene_001,chips_box,7,0.006992003481620336,0.003850974598189008,0.2694943619712671,0.014289629549280109
network -> LAS2-M,scene_001,lemon,0,0.013024975933249522,0.007459442218913627,0.10349089662648787,0.0720782451604002
network -> LAS2-M,scene_001,lemon,1,0.013983698114959288,0.007801147701771953,0.10349089662648787,0.07538003782040184
network -> LAS2-M,scene_001,lemon,2,0.013639125064132939,0.007672658904517553,0.10349089662648787,0.07413849096514429
network -> LAS2-M,scene_001,lemon,3,0.01351120698619063,0.007542036214330673,0.10349089662648787,0.07287632497330528
network -> LAS2-M,scene_001,lemon,4,0.008384748471123757,0.004909144772967138,0.10349089662648787,0.047435522669060266
network -> LAS2-M,scene_001,lemon,5,0.004883616883111062,0.0032810522134197537,0.10349089662648787,0.03170377608439802
network -> LAS2-M,scene_001,lemon,6,0.005486049418615602,0.003678528869885913,0.10349089662648787,0.0355444680623669
network -> LAS2-M,scene_001,lemon,7,0.0311909649203437,0.015527776318092466,0.10349089662648787,0.15004002114441267
network -> LAS2-M,scene_001,orange,0,0.01716176722193946,0.0075664225184524925,0.127517730652621,0.05933623880952411
network -> LAS2-M,scene_001,orange,1,0.013325851410289984,0.0049025015797506165,0.127517730652621,0.038445646379214715
network -> LAS2-M,scene_001,orange,2,0.015320198699346194,0.00556844173101579,0.127517730652621,0.04366798015081627
network -> LAS2-M,scene_001,orange,3,0.020083560067810514,0.007968070416079104,0.127517730652621,0.062485980383272514
network -> LAS2-M,scene_001,orange,4,0.017461973976010663,0.006830821492677549,0.127517730652621,0.05356762120622908
network -> LAS2-M,scene_001,orange,5,0.020576600746763773,0.009053273603118342,0.127517730652621,0.0709961944647598
network -> LAS2-M,scene_001,orange,6,0.035288340802595033,0.015105655566988912,0.127517730652621,0.11845925652597417
network -> LAS2-M,scene_001,orange,7,0.045461868246296576,0.01949918034241175,0.127517730652621,0.152913483031867
network -> LAS2-M,scene_001,rubiks_cube,0,0.003227902390626687,0.002933392510257044,0.12883775017150678,0.02276811343222121
network -> LAS2-M,scene_001,rubiks_cube,1,0.013489465619260255,0.008369724091473808,0.12883775017150678,0.064963289721624
network -> LAS2-M,scene_001,rubiks_cube,2,0.010584995226987873,0.006747761305251836,0.12883775017150678,0.052374100729555756
network -> LAS2-M,scene_001,rubiks_cube,3,0.008648088676738613,0.005494105662671415,0.12883775017150678,0.04264360139289725
network -> LAS2-M,scene_001,rubiks_cube,4,0.012264849721184178,0.008068180899958232,0.12883775017150678,0.0626228018513052
network -> LAS2-M,scene_001,rubiks_cube,5,0.025002158249682122,0.014165715653332552,0.12883775017150678,0.10995003897906766
network -> LAS2-M,scene_001,rubiks_cube,6,0.022453778977788278,0.013986981930372512,0.12883775017150678,0.10856276139371622
network -> LAS2-M,scene_001,rubiks_cube,7,0.02910561240092231,0.018488039289466116,0.12883775017150678,0.1434986195028641
network -> LAS2-M,scene_001,scissors,0,0.09588198639158133,0.022752180894824458,0.20983996337550315,0.10842634800745758
network -> LAS2-M,scene_001,scissors,1,0.0961037061992567,0.023213539030774145,0.20983996337550315,0.11062496703373
network -> LAS2-M,scene_001,scissors,2,0.08527252677182984,0.019638156354929097,0.20983996337550315,0.09358635046931993
network -> LAS2-M,scene_001,scissors,3,0.09008880386052148,0.01786013033561241,0.20983996337550315,0.08511310261550215
network -> LAS2-M,scene_001,scissors,4,0.07791977523519815,0.017649903412649187,0.20983996337550315,0.08411125854547137
network -> LAS2-M,scene_001,scissors,5,0.07197952742717591,0.017998455938863563,0.20983996337550315,0.0857722983236315
network -> LAS2-M,scene_001,scissors,6,0.06108467040108751,0.015717488169801765,0.20983996337550315,0.07490226321511374
network -> LAS2-M,scene_001,scissors,7,0.07404254276727926,0.021957307745876762,0.20983996337550315,0.10463835102079547
network -> LAS2-M,scene_001,wood_block,0,0.003325089740158529,0.002390739622918539,0.24655690811826406,0.009696502284867197
network -> LAS2-M,scene_001,wood_block,1,0.0019584357946990476,0.0019139511041258795,0.24655690811826406,0.00776271538580387
network -> LAS2-M,scene_001,wood_block,2,0.0033526990579457907,0.0021507813164238225,0.24655690811826406,0.008723265281182767
network -> LAS2-M,scene_001,wood_block,3,0.0038411549297181972,0.002874106006263723,0.24655690811826406,0.01165696807361456
network -> LAS2-M,scene_001,wood_block,4,0.003882483560694226,0.0026929954815861122,0.24655690811826406,0.01092240936236264
network -> LAS2-M,scene_001,wood_block,5,0.004533233456726492,0.003073934738243371,0.24655690811826406,0.012467445190255713
network -> LAS2-M,scene_001,wood_block,6,0.0026337850647732758,0.0021721331032531323,0.24655690811826406,0.00880986511321452
network -> LAS2-M,scene_001,wood_block,7,0.002656016370314118,0.002169682111347649,0.24655690811826406,0.008799924236180534
network -> LAS2-M,scene_002,apple,0,0.01659388652532533,0.002275519475461271,0.13449611403964654,0.016918849230026806
network -> LAS2-M,scene_002,apple,1,0.015169932870938077,0.002521855465747994,0.13449611403964654,0.018750396498478802
network -> LAS2-M,scene_002,apple,2,0.01649143030071917,0.002937229974678549,0.13449611403964654,0.021838772039262915
network -> LAS2-M,scene_002,apple,3,0.016404045219349645,0.002528671368756867,0.13449611403964654,0.018801073821444907
network -> LAS2-M,scene_002,apple,4,0.016252448403078882,0.003035995644505103,0.13449611403964654,0.022573110503476386
network -> LAS2-M,scene_002,apple,5,0.017079495808785074,0.002972538197392692,0.13449611403964654,0.022101294291048828
network -> LAS2-M,scene_002,apple,6,0.01759919486792957,0.0034141051959679395,0.13449611403964654,0.025384415158355694
network -> LAS2-M,scene_002,apple,7,0.016699038367533076,0.002656661997057268,0.13449611403964654,0.019752704500251524
network -> LAS2-M,scene_002,apple,8,0.017531843901410417,0.0033304429839397455,0.13449611403964654,0.02476237330513507
network -> LAS2-M,scene_002,apple,9,0.017503323870648794,0.0034222634279050777,0.13449611403964654,0.025445072910405937
network -> LAS2-M,scene_002,apple,10,0.018319930140543533,0.0032294260257693494,0.13449611403964654,0.024011296154009213
network -> LAS2-M,scene_002,chips_box,0,0.004044691312717822,0.004188018732910015,0.2694943619712671,0.015540283300459297
network -> LAS2-M,scene_002,chips_box,1,0.00407251428225966,0.0028675803017374664,0.2694943619712671,0.01064059478187971
network -> LAS2-M,scene_002,chips_box,2,0.006119007039613062,0.0038851889625091435,0.2694943619712671,0.014416587174923437
network -> LAS2-M,scene_002,chips_box,3,0.001862583121607772,0.0015246925888350378,0.2694943619712671,0.005657604773926949
network -> LAS2-M,scene_002,chips_box,4,0.006815996791674545,0.004439579632770545,0.2694943619712671,0.01647373844965218
network -> LAS2-M,scene_002,chips_box,5,0.00789977365709831,0.004946954772895727,0.2694943619712671,0.01835643141737845
network -> LAS2-M,scene_002,chips_box,6,0.00728159540600902,0.004476537481038382,0.2694943619712671,0.01661087619159788
network -> LAS2-M,scene_002,chips_box,7,0.005812536416471435,0.003768999537635393,0.2694943619712671,0.013985448563993468
network -> LAS2-M,scene_002,chips_box,8,0.006262301568177857,0.003830692677481374,0.2694943619712671,0.014214370384081706
network -> LAS2-M,scene_002,chips_box,9,0.007792191837494231,0.004579545795646488,0.2694943619712671,0.01699310427924555
network -> LAS2-M,scene_002,chips_box,10,0.004728140905320849,0.0032297769561923477,0.2694943619712671,0.01198458080001206
network -> LAS2-M,scene_002,lemon,0,0.013580185991405962,0.00733948638413924,0.10349089662648787,0.07091914963910692
network -> LAS2-M,scene_002,lemon,1,0.007971731667931584,0.004345398333785333,0.10349089662648787,0.04198821805040922
network -> LAS2-M,scene_002,lemon,2,0.01054974396927193,0.005489104088391514,0.10349089662648787,0.053039487214053285
network -> LAS2-M,scene_002,lemon,3,0.01209311368925069,0.006098113012168192,0.10349089662648787,0.058924148992322255
network -> LAS2-M,scene_002,lemon,4,0.008002985200839651,0.004333574629958402,0.10349089662648787,0.041873969317309495
network -> LAS2-M,scene_002,lemon,5,0.008506110551170344,0.004668529464509459,0.10349089662648787,0.04511053258489768
network -> LAS2-M,scene_002,lemon,6,0.006981209329021789,0.004302735388712579,0.10349089662648787,0.04157597942398462
network -> LAS2-M,scene_002,lemon,7,0.008240395551024612,0.004645971817778811,0.10349089662648787,0.0448925651359146
network -> LAS2-M,scene_002,lemon,8,0.007195890652948178,0.00412675859129486,0.10349089662648787,0.03987557095179945
network -> LAS2-M,scene_002,lemon,9,0.012279421355484686,0.006718878683614539,0.10349089662648787,0.06492241252739211
network -> LAS2-M,scene_002,lemon,10,0.00851710299195809,0.005011949772128312,0.10349089662648787,0.04842889505747632
network -> LAS2-M,scene_002,orange,0,0.019055302594948812,0.007552621355594304,0.127517730652621,0.05922800944575206
network -> LAS2-M,scene_002,orange,1,0.018152620217447603,0.007411558620715914,0.127517730652621,0.05812178888994035
network -> LAS2-M,scene_002,orange,2,0.01944060449174105,0.007884003096648624,0.127517730652621,0.06182672053760059
network -> LAS2-M,scene_002,orange,3,0.022212107975201477,0.00944603834707861,0.127517730652621,0.07407627393253374
network -> LAS2-M,scene_002,orange,4,0.019916456100384918,0.00841159949562164,0.127517730652621,0.06596415614183256
network -> LAS2-M,scene_002,orange,5,0.025601663237758157,0.010922833925265088,0.127517730652621,0.08565737383627584
network -> LAS2-M,scene_002,orange,6,0.021228777703145785,0.008092795571348918,0.127517730652621,0.0634640808766822
network -> LAS2-M,scene_002,orange,7,0.02157971912633212,0.008554961518575297,0.127517730652621,0.0670884078221279
network -> LAS2-M,scene_002,orange,8,0.021008915175207532,0.008794473293971107,0.127517730652621,0.06896667035213071
network -> LAS2-M,scene_002,orange,9,0.02377661945223268,0.01040724050700394,0.127517730652621,0.08161406616743323
network -> LAS2-M,scene_002,orange,10,0.025600108543372573,0.010729266873848464,0.127517730652621,0.08413941197774863
network -> LAS2-M,scene_002,rubiks_cube,0,0.04675900773165468,0.021313963281629218,0.12883775017150678,0.16543259450942294
network -> LAS2-M,scene_002,rubiks_cube,1,0.03350578949429294,0.015276044821166611,0.12883775017150678,0.11856808117831444
network -> LAS2-M,scene_002,rubiks_cube,2,0.027476869426243222,0.0119113121125187,0.12883775017150678,0.09245203441275984
network -> LAS2-M,scene_002,rubiks_cube,3,0.025981490329997883,0.012389199638425302,0.12883775017150678,0.09616125415053425
network -> LAS2-M,scene_002,rubiks_cube,4,0.03567762487107706,0.016908059974466788,0.12883775017150678,0.13123529363062492
network -> LAS2-M,scene_002,rubiks_cube,5,0.02968812242152875,0.014413447640942517,0.12883775017150678,0.11187286041362537
network -> LAS2-M,scene_002,rubiks_cube,6,0.048182956125257664,0.023321129296467413,0.12883775017150678,0.18101161550417244
network -> LAS2-M,scene_002,rubiks_cube,7,0.01889435628767225,0.009072434568110556,0.12883775017150678,0.07041751781627259
network -> LAS2-M,scene_002,rubiks_cube,8,0.03145342909642842,0.014341641062850833,0.12883775017150678,0.11131551927722633
network -> LAS2-M,scene_002,rubiks_cube,9,0.04366967316113435,0.02000380325099612,0.12883775017150678,0.15526352504888802
network -> LAS2-M,scene_002,rubiks_cube,10,0.031229657870498174,0.013850344710291831,0.12883775017150678,0.10750222424603403
network -> LAS2-M,scene_002,scissors,0,0.00740346742061952,0.003868273229171873,0.20983996337550315,0.01843439718033928
network -> LAS2-M,scene_002,scissors,1,0.001839602841519418,0.002542758582321248,0.20983996337550315,0.012117608778700785
network -> LAS2-M,scene_002,scissors,2,0.004957302518247828,0.002454758711767567,0.20983996337550315,0.011698242185521355
network -> LAS2-M,scene_002,scissors,3,0.003435547413893068,0.0022577912754279286,0.20983996337550315,0.01075958668267431
network -> LAS2-M,scene_002,scissors,4,0.006272266564696064,0.0031708058751336267,0.20983996337550315,0.015110591062482947
network -> LAS2-M,scene_002,scissors,5,0.00987811652923789,0.0035406778792533124,0.20983996337550315,0.01687322959029192
network -> LAS2-M,scene_002,scissors,6,0.003070389728545234,0.0028139482892300537,0.20983996337550315,0.013409973219422302
network -> LAS2-M,scene_002,scissors,7,0.003522861276692012,0.0029442497093219505,0.20983996337550315,0.01403092939000038
network -> LAS2-M,scene_002,scissors,8,0.010044190213448411,0.0035279309270425485,0.20983996337550315,0.016812483524548696
network -> LAS2-M,scene_002,scissors,9,0.005074985456744761,0.0025118257839115347,0.20983996337550315,0.011970197399513875
network -> LAS2-M,scene_002,scissors,10,0.005486481559362794,0.0029336951236339647,0.20983996337550315,0.013980631126894516
network -> LAS2-M,scene_002,wood_block,0,0.017106143920630482,0.0021234971521272854,0.24655690811826406,0.008612604563927788
network -> LAS2-M,scene_002,wood_block,1,0.021878918270188275,0.002673947537369883,0.24655690811826406,0.010845153590615645
network -> LAS2-M,scene_002,wood_block,2,0.0217008716672959,0.002571997278200584,0.24655690811826406,0.010431657737072586
network -> LAS2-M,scene_002,wood_block,3,0.01776729306547289,0.001691029092470947,0.24655690811826406,0.006858575188085276
network -> LAS2-M,scene_002,wood_block,4,0.017876440421750395,0.0022757316358888342,0.24655690811826406,0.009230046131164378
network -> LAS2-M,scene_002,wood_block,5,0.017574543859576127,0.001676006718196461,0.24655690811826406,0.006797646559521843
network -> LAS2-M,scene_002,wood_block,6,0.016971053498614667,0.002423538812262861,0.24655690811826406,0.009829531164871603
network -> LAS2-M,scene_002,wood_block,7,0.017919748151969634,0.002118255320546051,0.24655690811826406,0.008591344435297688
network -> LAS2-M,scene_002,wood_block,8,0.014000065883311312,0.0024815797700942716,0.24655690811826406,0.01006493709315965
network -> LAS2-M,scene_002,wood_block,9,0.014088549982375144,0.001980827705586823,0.24655690811826406,0.0080339574368636
network -> LAS2-M,scene_002,wood_block,10,0.013685034896159447,0.0019192785601309698,0.24655690811826406,0.007784322795005055
network -> LAS2-M,scene_004,chips_box,0,0.005480950189641255,0.003098096876317262,0.2694943619712671,0.011495961747235271
network -> LAS2-M,scene_004,chips_box,1,0.0034778601425545577,0.0024859713310171117,0.2694943619712671,0.00922457639867865
network -> LAS2-M,scene_004,chips_box,2,0.0025881033315079795,0.0019952958116624007,0.2694943619712671,0.007403849924975925
network -> LAS2-M,scene_004,chips_box,3,0.0037183348477426723,0.0023935519084977157,0.2694943619712671,0.008881640012761793
network -> LAS2-M,scene_004,chips_box,4,0.007807581238058513,0.004505301124366927,0.2694943619712671,0.016717608084310397
network -> LAS2-M,scene_004,chips_box,5,0.005276554829888844,0.0032003757532622482,0.2694943619712671,0.011875483144999767
network -> LAS2-M,scene_004,chips_box,6,0.008187293567441759,0.00470164053282828,0.2694943619712671,0.017446155453632678
network -> LAS2-M,scene_004,chips_box,7,0.007430007001768466,0.00407976793294144,0.2694943619712671,0.015138602170001672
network -> LAS2-M,scene_004,chips_box,8,0.00377745203139023,0.002414015032416501,0.2694943619712671,0.008957571560157085
network -> LAS2-M,scene_004,chips_box,9,0.013900395993886617,0.007432913803285209,0.2694943619712671,0.027580962172699147
network -> LAS2-M,scene_004,chips_box,10,0.0031181913101984426,0.002123676275816993,0.2694943619712671,0.00788022524954869
network -> LAS2-M,scene_004,scissors,0,0.009565323064916312,0.0030907344710006343,0.20983996337550315,0.0147290078652456
network -> LAS2-M,scene_004,scissors,1,0.0060101028997443275,0.0025806091329897084,0.20983996337550315,0.012297986958622251
network -> LAS2-M,scene_004,scissors,2,0.00588784989578065,0.0026917790947790813,0.20983996337550315,0.012827771466783058
network -> LAS2-M,scene_004,scissors,3,0.0048580059929945575,0.0025906394268310575,0.20983996337550315,0.01234578668980787
network -> LAS2-M,scene_004,scissors,4,0.005835829495366225,0.00236335050753319,0.20983996337550315,0.011262633053857506
network -> LAS2-M,scene_004,scissors,5,0.005761931111807035,0.0026578094617500506,0.20983996337550315,0.012665887941440258
network -> LAS2-M,scene_004,scissors,6,0.006399613146938105,0.003967834426794056,0.20983996337550315,0.018908859699397294
network -> LAS2-M,scene_004,scissors,7,0.005695951882552838,0.0021716315807601746,0.20983996337550315,0.01034898951480513
network -> LAS2-M,scene_004,scissors,8,0.007122295702988884,0.002994673715217008,0.20983996337550315,0.014271226829458205
network -> LAS2-M,scene_004,scissors,9,0.004886645628562979,0.0027487647313686825,0.20983996337550315,0.013099338596670644
network -> LAS2-M,scene_004,scissors,10,0.0018166853915238248,0.0014755979958050744,0.20983996337550315,0.007032016075815503
network -> LAS2-M,scene_004,wood_block,0,0.02025078758415424,0.0021391453241060387,0.24655690811826406,0.008676071339603153
network -> LAS2-M,scene_004,wood_block,1,0.019209525022011054,0.0028238200492926974,0.24655690811826406,0.011453015333637366
network -> LAS2-M,scene_004,wood_block,2,0.023207266538200114,0.0024052825480554356,0.24655690811826406,0.009755486335437465
network -> LAS2-M,scene_004,wood_block,3,0.02036369504824382,0.002666876778141305,0.24655690811826406,0.010816475589733242
network -> LAS2-M,scene_004,wood_block,4,0.02100727224535037,0.0023884172190037564,0.24655690811826406,0.009687082942564006
network -> LAS2-M,scene_004,wood_block,5,0.016716915350700665,0.0025673803740215773,0.24655690811826406,0.01041293222573225
network -> LAS2-M,scene_004,wood_block,6,0.016031045075613645,0.002756208852477009,0.24655690811826406,0.011178793867560018
network -> LAS2-M,scene_004,wood_block,7,0.018671981954620935,0.004946813524408957,0.24655690811826406,0.020063577054738848
network -> LAS2-M,scene_004,wood_block,8,0.01481204003798412,0.004586394934527826,0.24655690811826406,0.018601770153314486
network -> LAS2-M,scene_004,wood_block,9,0.015573378641074049,0.0030066611804895594,0.24655690811826406,0.01219459314053118
network -> LAS2-M,scene_004,wood_block,10,0.015776785947623977,0.0022188220782299517,0.24655690811826406,0.008999229002197198
network -> LAS2-M,scene_005,apple,0,0.019909245239861553,0.0030505447697937427,0.13449611403964654,0.022681285564090783
network -> LAS2-M,scene_005,apple,1,0.01888997841011522,0.0035174364564104846,0.13449611403964654,0.0261526995149735
network -> LAS2-M,scene_005,apple,2,0.021940377548847464,0.0023963533697937056,0.13449611403964654,0.017817268453476007
network -> LAS2-M,scene_005,apple,3,0.018314268182120664,0.0038778622924435266,0.13449611403964654,0.028832522932970516
network -> LAS2-M,scene_005,apple,4,0.020943038100964536,0.002849969202198503,0.13449611403964654,0.02118997431671813
network -> LAS2-M,scene_005,apple,5,0.018426934607862173,0.0038841354698324793,0.13449611403964654,0.02887916500462995
network -> LAS2-M,scene_005,apple,6,0.01961339241738655,0.0034183471022678226,0.13449611403964654,0.025415954406386554
network -> LAS2-M,scene_005,apple,7,0.018584368618378314,0.0039001678448324847,0.13449611403964654,0.028998368262764824
network -> LAS2-M,scene_005,apple,8,0.019027773886240797,0.0039796642083219725,0.13449611403964654,0.029589436369506214
network -> LAS2-M,scene_005,apple,9,0.01889753989817873,0.004208259937277183,0.13449611403964654,0.0312890819733028
network -> LAS2-M,scene_005,apple,10,0.017590538728457786,0.004720932001672601,0.13449611403964654,0.035100880314512084
network -> LAS2-M,scene_005,chips_box,0,0.00592004357500026,0.0038485216056297926,0.2694943619712671,0.014280527345652277
network -> LAS2-M,scene_005,chips_box,1,0.0016034211032029664,0.0023641771468123746,0.2694943619712671,0.00877264047202753
network -> LAS2-M,scene_005,chips_box,2,0.0029854332503799702,0.0024156681640941837,0.2694943619712671,0.008963705757791464
network -> LAS2-M,scene_005,chips_box,3,0.00292296885999944,0.0027575022198038967,0.2694943619712671,0.010232133242542178
network -> LAS2-M,scene_005,chips_box,4,0.002985315611633363,0.0026141881723723147,0.2694943619712671,0.00970034457585808
network -> LAS2-M,scene_005,chips_box,5,0.0023636483241468876,0.001870910711603013,0.2694943619712671,0.006942300009239101
network -> LAS2-M,scene_005,chips_box,6,0.001990311477244118,0.00301468286970324,0.2694943619712671,0.011186441332767692
network -> LAS2-M,scene_005,chips_box,7,0.0027980606160272928,0.002561745154406351,0.2694943619712671,0.009505746746121087
network -> LAS2-M,scene_005,chips_box,8,0.00609471732830124,0.003492358715428007,0.2694943619712671,0.012958930531542455
network -> LAS2-M,scene_005,chips_box,9,0.0023729845852908087,0.002675919017465571,0.2694943619712671,0.009929406307026458
network -> LAS2-M,scene_005,chips_box,10,0.0011162584765859384,0.0017181376805033035,0.2694943619712671,0.006375412338631736
network -> LAS2-M,scene_005,lemon,0,0.006837902081167072,0.004089809378650752,0.10349089662648787,0.03951854232562509
network -> LAS2-M,scene_005,lemon,1,0.002265866408483487,0.0018118581750034342,0.10349089662648787,0.017507415957006018
network -> LAS2-M,scene_005,lemon,2,0.0017580492242087909,0.0018993429561569434,0.10349089662648787,0.01835275389498189
network -> LAS2-M,scene_005,lemon,3,0.005140986644481843,0.003579870474404328,0.10349089662648787,0.03459116300175219
network -> LAS2-M,scene_005,lemon,4,0.0023297476693584546,0.0018109310036828678,0.10349089662648787,0.017498456992007264
network -> LAS2-M,scene_005,lemon,5,0.00391328245646803,0.0029651641678315847,0.10349089662648787,0.028651449204592828
network -> LAS2-M,scene_005,lemon,6,0.001583045682177605,0.0020727631245582687,0.10349089662648787,0.02002845846470092
network -> LAS2-M,scene_005,lemon,7,0.002931335202892912,0.0024255486732091933,0.10349089662648787,0.023437314317251635
network -> LAS2-M,scene_005,lemon,8,0.0051446728329180135,0.0033497012438147462,0.10349089662648787,0.032367110084128986
network -> LAS2-M,scene_005,lemon,9,0.002562033809856631,0.002240488069566656,0.10349089662648787,0.021649131881163124
network -> LAS2-M,scene_005,lemon,10,0.010392955466297468,0.006140633779664647,0.10349089662648787,0.059335013801522986
network -> LAS2-M,scene_005,orange,0,0.0052263144825121875,0.0028284564019771716,0.127517730652621,0.02218088721859665
network -> LAS2-M,scene_005,orange,1,0.00966356244371227,0.005455962984782167,0.127517730652621,0.042785916569085564
network -> LAS2-M,scene_005,orange,2,0.00891584810538215,0.004866946314109903,0.127517730652621,0.038166820325310324
network -> LAS2-M,scene_005,orange,3,0.006457703927328883,0.0034351798020021344,0.127517730652621,0.02693884046101888
network -> LAS2-M,scene_005,orange,4,0.009468569076819531,0.004991469599455173,0.127517730652621,0.039143337745342614
network -> LAS2-M,scene_005,orange,5,0.012014784829903665,0.006076043093770402,0.127517730652621,0.04764861374707592
network -> LAS2-M,scene_005,orange,6,0.015733007325652974,0.0074534340504766134,0.127517730652621,0.05845017796608205
network -> LAS2-M,scene_005,orange,7,0.013685342129403281,0.006289647584369341,0.127517730652621,0.049323710139599033
network -> LAS2-M,scene_005,orange,8,0.012694546451451601,0.004618595362734004,0.127517730652621,0.03621924056440282
network -> LAS2-M,scene_005,orange,9,0.012886663741305036,0.005562098091169043,0.127517730652621,0.04361823303083319
network -> LAS2-M,scene_005,orange,10,0.009799667381294978,0.002864253844818646,0.127517730652621,0.022461612437421258
network -> LAS2-M,scene_005,rubiks_cube,0,0.025316338097367136,0.010076867103704387,0.12883775017150678,0.07821362209670861
network -> LAS2-M,scene_005,rubiks_cube,1,0.02263935964020151,0.0077401311657087895,0.12883775017150678,0.06007657814115233
network -> LAS2-M,scene_005,rubiks_cube,2,0.017590921409906184,0.00590254259944527,0.12883775017150678,0.04581376647440597
network -> LAS2-M,scene_005,rubiks_cube,3,0.017213337937878662,0.0056561958544833965,0.12883775017150678,0.04390169687808083
network -> LAS2-M,scene_005,rubiks_cube,4,0.026350382758271017,0.011795945582619824,0.12883775017150678,0.09155659398675658
network -> LAS2-M,scene_005,rubiks_cube,5,0.012807465884103832,0.006391053340182015,0.12883775017150678,0.049605440421571674
network -> LAS2-M,scene_005,rubiks_cube,6,0.008763230906343462,0.005744832648936439,0.12883775017150678,0.044589669109317796
network -> LAS2-M,scene_005,rubiks_cube,7,0.029587333396077563,0.013248168107355017,0.12883775017150678,0.10282830994579821
network -> LAS2-M,scene_005,rubiks_cube,8,0.019653163462712276,0.009860735371664443,0.12883775017150678,0.07653607237426908
network -> LAS2-M,scene_005,rubiks_cube,9,0.03242898734653967,0.0143162029875216,0.12883775017150678,0.11111807656113286
network -> LAS2-M,scene_005,rubiks_cube,10,0.021921042227093648,0.0109035441048688,0.12883775017150678,0.08463004119797322
network -> LAS2-M,scene_005,scissors,0,0.004546714013223947,0.0035400396478513113,0.20983996337550315,0.016870188075264303
network -> LAS2-M,scene_005,scissors,1,0.011535296535543423,0.004552150817007032,0.20983996337550315,0.021693440771627836
network -> LAS2-M,scene_005,scissors,2,0.015997300973352595,0.005438701831844334,0.20983996337550315,0.025918331972408507
network -> LAS2-M,scene_005,scissors,3,0.012179527805832832,0.005173278298677666,0.20983996337550315,0.024653446442993412
network -> LAS2-M,scene_005,scissors,4,0.014503670211947668,0.005744259984277976,0.20983996337550315,0.027374480493969455
network -> LAS2-M,scene_005,scissors,5,0.010577684943167354,0.00359957907586813,0.20983996337550315,0.017153925391355396
network -> LAS2-M,scene_005,scissors,6,0.009904589192712162,0.0035344178657646013,0.20983996337550315,0.016843397267658936
network -> LAS2-M,scene_005,scissors,7,0.0031490378196942026,0.0017886765515624022,0.20983996337550315,0.008524003353744454
network -> LAS2-M,scene_005,scissors,8,0.00818889818396053,0.0043643076081354175,0.20983996337550315,0.020798267107612876
network -> LAS2-M,scene_005,scissors,9,0.003825520870276856,0.0027089909250816425,0.20983996337550315,0.012909795071942391
network -> LAS2-M,scene_005,scissors,10,0.003731465966881205,0.0023501757669872926,0.20983996337550315,0.011199848347198357
network -> LAS2-M,scene_005,wood_block,0,0.02546129149709032,0.007629747210680018,0.24655690811826406,0.03094517719625327
network -> LAS2-M,scene_005,wood_block,1,0.01391418632703515,0.004946539518729719,0.24655690811826406,0.020062465726399564
network -> LAS2-M,scene_005,wood_block,2,0.011749994588360235,0.004715851238343557,0.24655690811826406,0.019126826639477245
network -> LAS2-M,scene_005,wood_block,3,0.012735546734212464,0.005040262018354984,0.24655690811826406,0.02044259094917495
network -> LAS2-M,scene_005,wood_block,4,0.00923305128210385,0.004108509010808813,0.24655690811826406,0.016663532334847887
network -> LAS2-M,scene_005,wood_block,5,0.004634646070735977,0.0030318281681508265,0.24655690811826406,0.012296666888346007
network -> LAS2-M,scene_005,wood_block,6,0.003858134077150272,0.0024103681702984598,0.24655690811826406,0.009776112901052025
network -> LAS2-M,scene_005,wood_block,7,0.003845258761507845,0.001919128870133192,0.24655690811826406,0.00778371567351363
network -> LAS2-M,scene_005,wood_block,8,0.0046006180859033356,0.002746064054080674,0.24655690811826406,0.011137647997936
network -> LAS2-M,scene_005,wood_block,9,0.004825174910973732,0.002842936973555072,0.24655690811826406,0.011530550878710006
network -> LAS2-M,scene_005,wood_block,10,0.004996491838169721,0.002384288479398238,0.24655690811826406,0.009670337357794026
network -> LAS2-M,scene_006,apple,0,0.016046780364559886,0.004479550221507058,0.13449611403964654,0.0333061683862969
network -> LAS2-M,scene_006,apple,1,0.018614360156332558,0.004350043951329141,0.13449611403964654,0.03234326866906238
network -> LAS2-M,scene_006,apple,2,0.016839622746429545,0.0030898357199312452,0.13449611403964654,0.022973420027737224
network -> LAS2-M,scene_006,apple,3,0.023398936080072957,0.008590290167003247,0.13449611403964654,0.06387017370978477
network -> LAS2-M,scene_006,apple,4,0.04104649618778887,0.01854114990906928,0.13449611403964654,0.13785639861389418
network -> LAS2-M,scene_006,apple,5,0.0586211413845435,0.028793224743558474,0.13449611403964654,0.21408220563956856
network -> LAS2-M,scene_006,apple,6,0.06571599252589547,0.0325162330342344,0.13449611403964654,0.24176336443928276
network -> LAS2-M,scene_006,apple,7,0.08100323867332865,0.04503792043059993,0.13449611403964654,0.33486410185296306
network -> LAS2-M,scene_006,apple,8,0.10772682800579807,0.07065760869304705,0.13449611403964654,0.5253505589924978
network -> LAS2-M,scene_006,apple,9,0.07845982004296363,0.042497719250447874,0.13449611403964654,0.31597730204993485
network -> LAS2-M,scene_006,apple,10,0.028853773633415403,0.009894889934112019,0.13449611403964654,0.07357008047976182
network -> LAS2-M,scene_006,chips_box,0,0.00422231643371501,0.003201810214363035,0.2694943619712671,0.011880805932052875
network -> LAS2-M,scene_006,chips_box,1,0.008392963825054073,0.005466418523984761,0.2694943619712671,0.02028398102282963
network -> LAS2-M,scene_006,chips_box,2,0.0018660367577741116,0.002020481497596686,0.2694943619712671,0.00749730526018242
network -> LAS2-M,scene_006,chips_box,3,0.0042740783155512906,0.002987533869517884,0.2694943619712671,0.011085700820102531
network -> LAS2-M,scene_006,chips_box,4,0.0018266816404360405,0.005389097487958793,0.2694943619712671,0.019997069506535233
network -> LAS2-M,scene_006,chips_box,5,0.002143188174601727,0.004844872085370633,0.2694943619712671,0.017977638010427777
network -> LAS2-M,scene_006,chips_box,6,0.010924695103219565,0.006214682508849113,0.2694943619712671,0.02306052884888074
network -> LAS2-M,scene_006,chips_box,7,0.015225217728178619,0.007543349717484435,0.2694943619712671,0.02799075150332344
network -> LAS2-M,scene_006,chips_box,8,0.005404517157468364,0.008497142885451257,0.2694943619712671,0.03152994676139905
network -> LAS2-M,scene_006,chips_box,9,0.001261051948302303,0.009767956418970951,0.2694943619712671,0.03624549451617986
network -> LAS2-M,scene_006,chips_box,10,0.006970903338227486,0.007227031959089322,0.2694943619712671,0.02681700613781246
network -> LAS2-M,scene_006,lemon,0,0.006162716409173756,0.0038609146273527956,0.10349089662648787,0.03730680430074289
network -> LAS2-M,scene_006,lemon,1,0.031161845191868646,0.015229171697757738,0.10349089662648787,0.14715469856949642
network -> LAS2-M,scene_006,lemon,2,0.025721346503199134,0.012365314228018818,0.10349089662648787,0.11948214414111076
network -> LAS2-M,scene_006,lemon,3,0.007989361707303588,0.004501704442622034,0.10349089662648787,0.043498554842647384
network -> LAS2-M,scene_006,lemon,4,0.01839380566607431,0.009814348322081314,0.10349089662648787,0.09483296253101928
network -> LAS2-M,scene_006,lemon,5,0.012170627384455844,0.00621778052448307,0.10349089662648787,0.060080458544328294
network -> LAS2-M,scene_006,lemon,6,0.05703654687526983,0.035327726462658596,0.10349089662648787,0.34136071494443576
network -> LAS2-M,scene_006,lemon,7,0.03572174388177276,0.019307950076160537,0.10349089662648787,0.18656665180750578
network -> LAS2-M,scene_006,lemon,8,0.04030080276957773,0.02211695421243094,0.10349089662648787,0.21370917571865192
network -> LAS2-M,scene_006,lemon,9,0.05302701158409628,0.03110039791564135,0.10349089662648787,0.3005133681263458
network -> LAS2-M,scene_006,lemon,10,0.05114817654854603,0.027943207613688268,0.10349089662648787,0.2700064307543778
network -> LAS2-M,scene_006,orange,0,0.008695092971219426,0.005037891839608167,0.127517730652621,0.03950738312095752
network -> LAS2-M,scene_006,orange,1,0.007297550925401362,0.0036886729857364244,0.127517730652621,0.028926745848269275
network -> LAS2-M,scene_006,orange,2,0.00272232726821894,0.00212929323428599,0.127517730652621,0.016698017000369384
network -> LAS2-M,scene_006,orange,3,0.006489734574884405,0.004020159600685513,0.127517730652621,0.031526279366099134
network -> LAS2-M,scene_006,orange,4,0.0055573204535196,0.0035855592664805194,0.127517730652621,0.028118123245528613
network -> LAS2-M,scene_006,orange,5,0.011171361506682034,0.005312429226774155,0.127517730652621,0.04166031813447241
network -> LAS2-M,scene_006,orange,6,0.005544427570670948,0.002421687918353355,0.127517730652621,0.018990989770280853
network -> LAS2-M,scene_006,orange,7,0.009260021266552468,0.004985462340287399,0.127517730652621,0.03909622853835603
network -> LAS2-M,scene_006,orange,8,0.016025587699776193,0.007928297599986242,0.127517730652621,0.06217408010172492
network -> LAS2-M,scene_006,orange,9,0.00805037858721577,0.0035487757380795325,0.127517730652621,0.027829665097687264
network -> LAS2-M,scene_006,orange,10,0.036534737653674786,0.015700862571175624,0.127517730652621,0.12312689765431382
network -> LAS2-M,scene_006,rubiks_cube,0,0.08587997853756846,0.060333010409843096,0.12883775017150678,0.4682867430510758
network -> LAS2-M,scene_006,rubiks_cube,1,0.043289921308248075,0.023953915726169242,0.12883775017150678,0.18592311410500545
network -> LAS2-M,scene_006,rubiks_cube,2,0.057631526751771175,0.03439718687179356,0.12883775017150678,0.26698065455198156
network -> LAS2-M,scene_006,rubiks_cube,3,0.06721289021385894,0.04108779773825054,0.12883775017150678,0.3189111707054424
network -> LAS2-M,scene_006,rubiks_cube,4,0.05541338823592022,0.03159308280274753,0.12883775017150678,0.2452160392485224
network -> LAS2-M,scene_006,rubiks_cube,5,0.05267005636343313,0.030330024644384494,0.12883775017150678,0.23541256040259662
network -> LAS2-M,scene_006,rubiks_cube,6,0.04460398584323988,0.025308186831754433,0.12883775017150678,0.19643456050780592
network -> LAS2-M,scene_006,rubiks_cube,7,0.05230490262286694,0.031358481488018335,0.12883775017150678,0.24339513416117883
network -> LAS2-M,scene_006,rubiks_cube,8,0.054284939951265654,0.032232215983209446,0.12883775017150678,0.2501767994264292
network -> LAS2-M,scene_006,rubiks_cube,9,0.05389137101923846,0.0317228499476277,0.12883775017150678,0.24622325293168149
network -> LAS2-M,scene_006,rubiks_cube,10,0.029303134781669515,0.01423105525625568,0.12883775017150678,0.11045718539256952
network -> LAS2-M,scene_006,scissors,0,0.13404115473762396,0.05062055952928693,0.20983996337550315,0.2412341229716227
network -> LAS2-M,scene_006,scissors,1,0.0982480269609306,0.03376305294961589,0.20983996337550315,0.16089906043872962
network -> LAS2-M,scene_006,scissors,2,0.09623459010616621,0.03012756010189348,0.20983996337550315,0.14357398665754148
network -> LAS2-M,scene_006,scissors,3,0.11809915937267684,0.02974241942071856,0.20983996337550315,0.14173858469225556
network -> LAS2-M,scene_006,scissors,4,0.1111935583367269,0.03974422835789058,0.20983996337550315,0.18940257002794705
network -> LAS2-M,scene_006,scissors,5,0.10959129210423338,0.049495385876084416,0.20983996337550315,0.23587206688324527
network -> LAS2-M,scene_006,scissors,6,0.11172493241786483,0.04118138396252707,0.20983996337550315,0.1962513874863486
network -> LAS2-M,scene_006,scissors,7,0.07987663049356104,0.0302249148892255,0.20983996337550315,0.14403793444787638
network -> LAS2-M,scene_006,scissors,8,0.07543142680683414,0.02611291212352746,0.20983996337550315,0.12444203527046507
network -> LAS2-M,scene_006,scissors,9,0.12334664632082933,0.04806072333969422,0.20983996337550315,0.22903513023251346
network -> LAS2-M,scene_006,scissors,10,0.126657986003429,0.04213958249276376,0.20983996337550315,0.20081771753532038
network -> LAS2-M,scene_006,wood_block,0,0.049555419356238146,0.019893755566618262,0.24655690811826406,0.08068626313676831
network -> LAS2-M,scene_006,wood_block,1,0.056892079369777526,0.025079959989424586,0.24655690811826406,0.10172077586807941
network -> LAS2-M,scene_006,wood_block,2,0.04635450967220762,0.019851794023870016,0.24655690811826406,0.08051607304528599
network -> LAS2-M,scene_006,wood_block,3,0.05290327759722157,0.025671788733023653,0.24655690811826406,0.10412114967271517
network -> LAS2-M,scene_006,wood_block,4,0.021808876257875483,0.011724790474124976,0.24655690811826406,0.04755409436145685
network -> LAS2-M,scene_006,wood_block,5,0.03289824995154026,0.017899525290207784,0.24655690811826406,0.07259794676538553
network -> LAS2-M,scene_006,wood_block,6,0.03000369311348895,0.012606562938334558,0.24655690811826406,0.05113043895037678
network -> LAS2-M,scene_006,wood_block,7,0.02648266657407978,0.01065988755685071,0.24655690811826406,0.043234998517005914
network -> LAS2-M,scene_006,wood_block,8,0.025409062921008658,0.014945550610939478,0.24655690811826406,0.060617042633300144
network -> LAS2-M,scene_006,wood_block,9,0.04384908514263513,0.023291005415876122,0.24655690811826406,0.09446502875800301
network -> LAS2-M,scene_006,wood_block,10,0.028493755272050055,0.013152174072883169,0.24655690811826406,0.053343360659659826
network -> LAS2-M,scene_009,apple,0,0.006586115652413997,0.002136807406363708,0.13449611403964654,0.01588750293360761
network -> LAS2-M,scene_009,apple,1,0.00988174593168971,0.003829521561988265,0.13449611403964654,0.028473101913259777
network -> LAS2-M,scene_009,apple,2,0.008335873045191544,0.0037882464190812895,0.13449611403964654,0.028166214660778947
network -> LAS2-M,scene_009,apple,3,0.007531249097038626,0.002223561441018088,0.13449611403964654,0.016532532979820002
network -> LAS2-M,scene_009,apple,4,0.008128763366511431,0.002397849186676675,0.13449611403964654,0.017828390089916213
network -> LAS2-M,scene_009,apple,5,0.009718624050603277,0.0025388042543497773,0.13449611403964654,0.018876413437501943
network -> LAS2-M,scene_009,apple,6,0.008574108284807633,0.0024492033860986765,0.13449611403964654,0.01821021673069829
network -> LAS2-M,scene_009,apple,7,0.008588500022534485,0.002964705786675539,0.13449611403964654,0.02204305907159227
network -> LAS2-M,scene_009,chips_box,0,0.08575671152727656,0.061584064026863554,0.2694943619712671,0.228517077598193
network -> LAS2-M,scene_009,chips_box,1,0.0944829032839394,0.06503716939591811,0.2694943619712671,0.24133035259139202
network -> LAS2-M,scene_009,chips_box,2,0.10874343364603682,0.06961866687965226,0.2694943619712671,0.2583306989074408
network -> LAS2-M,scene_009,chips_box,3,0.11800257412033138,0.08021442793557934,0.2694943619712671,0.29764788899046296
network -> LAS2-M,scene_009,chips_box,4,0.1185296016348224,0.07696171869303924,0.2694943619712671,0.2855782144386558
network -> LAS2-M,scene_009,chips_box,5,0.1176392545561206,0.07561662339296708,0.2694943619712671,0.2805870328412628
network -> LAS2-M,scene_009,chips_box,6,0.12845492567776293,0.07829884872270247,0.2694943619712671,0.2905398396833642
network -> LAS2-M,scene_009,chips_box,7,0.1350759298377183,0.08208547104028238,0.2694943619712671,0.304590680264525
network -> LAS2-M,scene_009,lemon,0,0.016029020651924433,0.007831668545714956,0.10349089662648787,0.07567495114068311
network -> LAS2-M,scene_009,lemon,1,0.015291094369473809,0.007656915591242829,0.10349089662648787,0.07398636827814561
network -> LAS2-M,scene_009,lemon,2,0.013298812899004853,0.00654761482691487,0.10349089662648787,0.06326754371977339
network -> LAS2-M,scene_009,lemon,3,0.013839980438242343,0.00621843734536227,0.10349089662648787,0.06008680519800133
network -> LAS2-M,scene_009,lemon,4,0.01857267870692119,0.010043339307193632,0.10349089662648787,0.09704563043299694
network -> LAS2-M,scene_009,lemon,5,0.010955795235176211,0.006329393340618559,0.10349089662648787,0.061158938099281954
network -> LAS2-M,scene_009,lemon,6,0.007490478342398331,0.0045091010325358566,0.10349089662648787,0.04357002576574237
network -> LAS2-M,scene_009,lemon,7,0.008074437998933301,0.0044094510873892035,0.10349089662648787,0.042607139672424396
network -> LAS2-M,scene_009,orange,0,0.018959220563531217,0.002544888295309174,0.127517730652621,0.019957132880931382
network -> LAS2-M,scene_009,orange,1,0.02052761718653468,0.002280916778433008,0.127517730652621,0.017887055915750225
network -> LAS2-M,scene_009,orange,2,0.020891628618795205,0.0023084763902895366,0.127517730652621,0.018103179679210265
network -> LAS2-M,scene_009,orange,3,0.02194385840286725,0.002474750408124595,0.127517730652621,0.019407108293561282
network -> LAS2-M,scene_009,orange,4,0.022416182259780166,0.0026045275122297466,0.127517730652621,0.02042482640570904
network -> LAS2-M,scene_009,orange,5,0.020916962314713888,0.002361345410004785,0.127517730652621,0.018517781001274818
network -> LAS2-M,scene_009,orange,6,0.023355251762601018,0.0028662141303788967,0.127517730652621,0.022476985088347667
network -> LAS2-M,scene_009,orange,7,0.024716963249416073,0.0034148427684037633,0.127517730652621,0.026779356493618515
network -> LAS2-M,scene_009,rubiks_cube,0,0.00470844235016994,0.0025617258467233255,0.12883775017150678,0.019883348190364986
network -> LAS2-M,scene_009,rubiks_cube,1,0.006065762180185938,0.0041057990228237735,0.12883775017150678,0.03186798137469956
network -> LAS2-M,scene_009,rubiks_cube,2,0.012560038145854468,0.006494023249075975,0.12883775017150678,0.050404661991002124
network -> LAS2-M,scene_009,rubiks_cube,3,0.01907082591071362,0.00990434610482746,0.12883775017150678,0.07687456581353641
network -> LAS2-M,scene_009,rubiks_cube,4,0.002631572971172323,0.005204549567848689,0.12883775017150678,0.04039615377418866
network -> LAS2-M,scene_009,rubiks_cube,5,0.007906802386995858,0.006253916729669499,0.12883775017150678,0.048541027155041
network -> LAS2-M,scene_009,rubiks_cube,6,0.0075466155057680225,0.004170266112411791,0.12883775017150678,0.0323683556012147
network -> LAS2-M,scene_009,rubiks_cube,7,0.019635443036460126,0.009465895872474653,0.12883775017150678,0.07347144652769706
network -> LAS2-M,scene_009,scissors,0,0.008636604571253956,0.004394883491488023,0.20983996337550315,0.020943977595075602
network -> LAS2-M,scene_009,scissors,1,0.010744813652797369,0.0046389304968645975,0.20983996337550315,0.022106992501534858
network -> LAS2-M,scene_009,scissors,2,0.0054738145785885265,0.00243518702475978,0.20983996337550315,0.011604972597150506
network -> LAS2-M,scene_009,scissors,3,0.004519960919675047,0.0019021951954130336,0.20983996337550315,0.009064980591943323
network -> LAS2-M,scene_009,scissors,4,0.00516480316063137,0.002767861869528373,0.20983996337550315,0.013190346705195312
network -> LAS2-M,scene_009,scissors,5,0.00822634199122156,0.0035095779259422945,0.20983996337550315,0.016725021628325374
network -> LAS2-M,scene_009,scissors,6,0.0047283501920638085,0.0020795017870061097,0.20983996337550315,0.009909941621963092
network -> LAS2-M,scene_009,scissors,7,0.0027209182121723115,0.00202028834336327,0.20983996337550315,0.009627757796297442
network -> LAS2-M,scene_009,wood_block,0,0.001870831491502446,0.0013450753254424914,0.24655690811826406,0.005455435565396162
network -> LAS2-M,scene_009,wood_block,1,0.0075226404413183305,0.004252090416544149,0.24655690811826406,0.01724587823961753
network -> LAS2-M,scene_009,wood_block,2,0.005335066173989553,0.0031078643728960193,0.24655690811826406,0.012605058996786631
network -> LAS2-M,scene_009,wood_block,3,0.004035447264669822,0.0029440830440754166,0.24655690811826406,0.011940785056662257
network -> LAS2-M,scene_009,wood_block,4,0.005625336323030884,0.0029182369847570674,0.24655690811826406,0.01183595709010635
network -> LAS2-M,scene_009,wood_block,5,0.005232270947647211,0.002750293148534504,0.24655690811826406,0.011154800607798393
network -> LAS2-M,scene_009,wood_block,6,0.0028506083645869606,0.0019175190733224526,0.24655690811826406,0.007777186564988441
network -> LAS2-M,scene_009,wood_block,7,0.0066564268853503555,0.002771804116521359,0.24655690811826406,0.011242046056125221
LAS2-M -> SGBM,scene_001,apple,0,0.006598150349119142,0.0028014839185200244,0.13449611403964654,0.020829478520801036
LAS2-M -> SGBM,scene_001,apple,1,0.016710132328944586,0.008268272188004104,0.13449611403964654,0.06147591881774961
LAS2-M -> SGBM,scene_001,apple,2,0.005335703915019971,0.00273084267212291,0.13449611403964654,0.020304249618081284
LAS2-M -> SGBM,scene_001,apple,3,0.004755164985996546,0.002173970752747602,0.13449611403964654,0.016163818324942552
LAS2-M -> SGBM,scene_001,apple,4,0.0030885825354038782,0.0018419339752140536,0.13449611403964654,0.013695072072276314
LAS2-M -> SGBM,scene_001,apple,5,0.012574897219129423,0.007364727550002723,0.13449611403964654,0.05475792072201997
LAS2-M -> SGBM,scene_001,apple,6,0.006968855039863925,0.002020953387960665,0.13449611403964654,0.015026109879761522
LAS2-M -> SGBM,scene_001,apple,7,0.026895624034623613,0.01498543242888083,0.13449611403964654,0.11141907359838998
LAS2-M -> SGBM,scene_001,chips_box,0,0.003912155426662447,0.0032642272674692665,0.2694943619712671,0.012112413942883494
LAS2-M -> SGBM,scene_001,chips_box,1,0.00966400292473544,0.0058006099610703405,0.2694943619712671,0.021524049403633866
LAS2-M -> SGBM,scene_001,chips_box,2,0.006228059532404734,0.0044379783735511505,0.2694943619712671,0.01646779673269869
LAS2-M -> SGBM,scene_001,chips_box,3,0.007933541488036384,0.005343600288475841,0.2694943619712671,0.019828245197372866
LAS2-M -> SGBM,scene_001,chips_box,4,0.006588530869058622,0.004603342637514315,0.2694943619712671,0.017081406096373597
LAS2-M -> SGBM,scene_001,chips_box,5,0.006750494848840324,0.004662549155204562,0.2694943619712671,0.01730110092507862
LAS2-M -> SGBM,scene_001,chips_box,6,0.0029702004356041162,0.0020857653525152356,0.2694943619712671,0.007739550977091
LAS2-M -> SGBM,scene_001,chips_box,7,0.0076341767267570386,0.004922234695783077,0.2694943619712671,0.0182647037948344
LAS2-M -> SGBM,scene_001,lemon,0,0.017186962137040514,0.009382457692392236,0.10349089662648787,0.09065973914840789
LAS2-M -> SGBM,scene_001,lemon,1,0.015742811813447645,0.008914881506595588,0.10349089662648787,0.08614169745548303
LAS2-M -> SGBM,scene_001,lemon,2,0.012512810051443453,0.007531295987033378,0.10349089662648787,0.07277254553330238
LAS2-M -> SGBM,scene_001,lemon,3,0.01305041410084965,0.006715091535370743,0.10349089662648787,0.06488581850446598
LAS2-M -> SGBM,scene_001,lemon,4,0.005064990915189499,0.004172086868391728,0.10349089662648787,0.04031356384368118
LAS2-M -> SGBM,scene_001,lemon,5,0.0077455457598735065,0.005163636805557958,0.10349089662648787,0.04989459917614006
LAS2-M -> SGBM,scene_001,lemon,6,0.018190134478250918,0.009378056707541379,0.10349089662648787,0.09061721381531757
LAS2-M -> SGBM,scene_001,lemon,7,0.014308137231999762,0.008462711480220538,0.10349089662648787,0.08177252063786408
LAS2-M -> SGBM,scene_001,orange,0,0.02159529989381095,0.007864135174353339,0.127517730652621,0.06167091536295073
LAS2-M -> SGBM,scene_001,orange,1,0.01628214103644581,0.003931972500416811,0.127517730652621,0.030834712006663153
LAS2-M -> SGBM,scene_001,orange,2,0.017009909600978333,0.004283800492431537,0.127517730652621,0.03359376355356656
LAS2-M -> SGBM,scene_001,orange,3,0.01815636530824561,0.004580766900065438,0.127517730652621,0.03592258799322731
LAS2-M -> SGBM,scene_001,orange,4,0.006858073974610695,0.007185437653676497,0.127517730652621,0.056348537704539264
LAS2-M -> SGBM,scene_001,orange,5,0.021528956110056407,0.011087892862455376,0.127517730652621,0.0869517737314554
LAS2-M -> SGBM,scene_001,orange,6,0.05006660229793049,0.028339700444996545,0.127517730652621,0.22224125460794536
LAS2-M -> SGBM,scene_001,orange,7,0.05159691133205039,0.029628730380272642,0.127517730652621,0.23234988756964403
LAS2-M -> SGBM,scene_001,rubiks_cube,0,0.022813575583856223,0.005576810265199856,0.12883775017150678,0.04328552972848481
LAS2-M -> SGBM,scene_001,rubiks_cube,1,0.016577973719471884,0.004917143964940845,0.12883775017150678,0.038165397629151554
LAS2-M -> SGBM,scene_001,rubiks_cube,2,0.010911342664385747,0.004539277045362098,0.12883775017150678,0.035232507858290636
LAS2-M -> SGBM,scene_001,rubiks_cube,3,0.016827443618245088,0.010253130558155112,0.12883775017150678,0.07958172619830993
LAS2-M -> SGBM,scene_001,rubiks_cube,4,0.01811636770930135,0.012921880892418634,0.12883775017150678,0.1002957663822694
LAS2-M -> SGBM,scene_001,rubiks_cube,5,0.024378867515047947,0.014937379412748513,0.12883775017150678,0.11593946178712457
LAS2-M -> SGBM,scene_001,rubiks_cube,6,0.009937634510654686,0.007848535003874448,0.12883775017150678,0.06091797624086576
LAS2-M -> SGBM,scene_001,rubiks_cube,7,0.019403969358711887,0.006122987374616635,0.12883775017150678,0.04752479274487339
LAS2-M -> SGBM,scene_001,scissors,0,0.004638310949862143,0.002670098746913495,0.20983996337550315,0.012724452978174719
LAS2-M -> SGBM,scene_001,scissors,1,0.016551941705832712,0.00682724041152594,0.20983996337550315,0.032535463224937625
LAS2-M -> SGBM,scene_001,scissors,2,0.016886954067934362,0.005748017751396707,0.20983996337550315,0.02739238827024945
LAS2-M -> SGBM,scene_001,scissors,3,0.006570974271164979,0.003440983123401542,0.20983996337550315,0.016398130594618872
LAS2-M -> SGBM,scene_001,scissors,4,0.004588005392492895,0.0027052988590122655,0.20983996337550315,0.012892200396409733
LAS2-M -> SGBM,scene_001,scissors,5,0.0023305591414778557,0.0016312413220195695,0.20983996337550315,0.0077737400244418916
LAS2-M -> SGBM,scene_001,scissors,6,0.010920925756190756,0.00503698192145999,0.20983996337550315,0.02400392108554862
LAS2-M -> SGBM,scene_001,scissors,7,0.0024951906269486176,0.0028552737115983395,0.20983996337550315,0.01360691102718552
LAS2-M -> SGBM,scene_001,wood_block,0,0.0019288875653783772,0.0019539685581293387,0.24655690811826406,0.007925020527885974
LAS2-M -> SGBM,scene_001,wood_block,1,0.0013985964752169899,0.0013443222165559715,0.24655690811826406,0.0054523810621081885
LAS2-M -> SGBM,scene_001,wood_block,2,0.0021973584857018676,0.0017270343229371535,0.24655690811826406,0.007004607318115622
LAS2-M -> SGBM,scene_001,wood_block,3,0.003103840448590942,0.0023252335839963295,0.24655690811826406,0.00943081904191061
LAS2-M -> SGBM,scene_001,wood_block,4,0.0022237968038389816,0.002025121017683842,0.24655690811826406,0.008213604855526774
LAS2-M -> SGBM,scene_001,wood_block,5,0.0036095301591433145,0.002513163928169435,0.24655690811826406,0.010193037977925831
LAS2-M -> SGBM,scene_001,wood_block,6,0.0013642493733540533,0.0014426246877156724,0.24655690811826406,0.0058510820026332405
LAS2-M -> SGBM,scene_001,wood_block,7,0.0016108360163370414,0.0015315303532384475,0.24655690811826406,0.0062116708265332
LAS2-M -> SGBM,scene_002,apple,0,0.01809174061167233,0.0032847241789521527,0.13449611403964654,0.024422446718303605
LAS2-M -> SGBM,scene_002,apple,1,0.018287837020216403,0.003077386952368948,0.13449611403964654,0.022880861460888018
LAS2-M -> SGBM,scene_002,apple,2,0.02269911836426051,0.002676241703623042,0.13449611403964654,0.019898282732794377
LAS2-M -> SGBM,scene_002,apple,3,0.02160930842264573,0.002571898231910196,0.13449611403964654,0.019122472424385854
LAS2-M -> SGBM,scene_002,apple,4,0.02217057589314944,0.0025689652485904216,0.13449611403964654,0.01910066522690125
LAS2-M -> SGBM,scene_002,apple,5,0.022911527029323323,0.0027028307722587017,0.13449611403964654,0.02009597668719236
LAS2-M -> SGBM,scene_002,apple,6,0.02285311334565104,0.002806946841713088,0.13449611403964654,0.020870096223640045
LAS2-M -> SGBM,scene_002,apple,7,0.024137841638781635,0.002834155416020593,0.13449611403964654,0.021072396301242916
LAS2-M -> SGBM,scene_002,apple,8,0.023104197855010434,0.002655960107033694,0.13449611403964654,0.01974748583628799
LAS2-M -> SGBM,scene_002,apple,9,0.024438993001057188,0.0029087866545409844,0.13449611403964654,0.02162729143002256
LAS2-M -> SGBM,scene_002,apple,10,0.024759920898231785,0.0030797343614840603,0.13449611403964654,0.022898314821023166
LAS2-M -> SGBM,scene_002,chips_box,0,0.004882192981975808,0.004911224164605342,0.2694943619712671,0.018223847536851127
LAS2-M -> SGBM,scene_002,chips_box,1,0.00396730468181286,0.0029987148908579694,0.2694943619712671,0.011127189707878512
LAS2-M -> SGBM,scene_002,chips_box,2,0.006304891373870408,0.0038511060924602478,0.2694943619712671,0.01429011747886156
LAS2-M -> SGBM,scene_002,chips_box,3,0.008975177635279427,0.00348264289224183,0.2694943619712671,0.012922878485350807
LAS2-M -> SGBM,scene_002,chips_box,4,0.008723201217647872,0.005128957073024611,0.2694943619712671,0.019031778755992858
LAS2-M -> SGBM,scene_002,chips_box,5,0.005621659687136771,0.003968176260297133,0.2694943619712671,0.0147245242211049
LAS2-M -> SGBM,scene_002,chips_box,6,0.004711331785412382,0.003509684549102069,0.2694943619712671,0.013023220684209578
LAS2-M -> SGBM,scene_002,chips_box,7,0.0057923476430510835,0.0036713330966901938,0.2694943619712671,0.013623042314635226
LAS2-M -> SGBM,scene_002,chips_box,8,0.008372385941272719,0.004744691106349208,0.2694943619712671,0.017605901183398696
LAS2-M -> SGBM,scene_002,chips_box,9,0.006401413061121513,0.004048549425487403,0.2694943619712671,0.015022761128928742
LAS2-M -> SGBM,scene_002,chips_box,10,0.006040400610260935,0.0037138858591589273,0.2694943619712671,0.013780940840442867
LAS2-M -> SGBM,scene_002,lemon,0,0.009520549097519282,0.004529038251390899,0.10349089662648787,0.043762672843939004
LAS2-M -> SGBM,scene_002,lemon,1,0.011635690250464275,0.0058510412507290985,0.10349089662648787,0.05653677223269471
LAS2-M -> SGBM,scene_002,lemon,2,0.012145416463949335,0.005924165731404264,0.10349089662648787,0.057243351101550016
LAS2-M -> SGBM,scene_002,lemon,3,0.01369129108578839,0.006240854355551201,0.10349089662648787,0.06030341372029327
LAS2-M -> SGBM,scene_002,lemon,4,0.009058976522002113,0.004263669354643548,0.10349089662648787,0.0411984966178396
LAS2-M -> SGBM,scene_002,lemon,5,0.006732166410984411,0.003474118543053711,0.10349089662648787,0.03356931533400718
LAS2-M -> SGBM,scene_002,lemon,6,0.007926105783455933,0.003755812853325316,0.10349089662648787,0.03629123889882348
LAS2-M -> SGBM,scene_002,lemon,7,0.0075683512371962705,0.0036151422237470894,0.10349089662648787,0.03493198282738441
LAS2-M -> SGBM,scene_002,lemon,8,0.007092449914402575,0.00359449734237846,0.10349089662648787,0.034732497828784584
LAS2-M -> SGBM,scene_002,lemon,9,0.011186089107862026,0.005065656022143013,0.10349089662648787,0.048947841667906555
LAS2-M -> SGBM,scene_002,lemon,10,0.008612203866990594,0.003986752143360299,0.10349089662648787,0.03852273265878647
LAS2-M -> SGBM,scene_002,orange,0,0.012934187136365037,0.0039951874727874185,0.127517730652621,0.031330446772699846
LAS2-M -> SGBM,scene_002,orange,1,0.015716644661055035,0.005920320650626308,0.127517730652621,0.04642743107430466
LAS2-M -> SGBM,scene_002,orange,2,0.012428925394199016,0.004242749998653495,0.127517730652621,0.03327184366393278
LAS2-M -> SGBM,scene_002,orange,3,0.02031417772662686,0.009621449695220153,0.127517730652621,0.07545185791794354
LAS2-M -> SGBM,scene_002,orange,4,0.01539039937068861,0.0059928908670296415,0.127517730652621,0.046996530101019826
LAS2-M -> SGBM,scene_002,orange,5,0.020543371297879507,0.009535649758624892,0.127517730652621,0.07477901080753664
LAS2-M -> SGBM,scene_002,orange,6,0.015302925040664241,0.007318566413109762,0.127517730652621,0.057392539654322464
LAS2-M -> SGBM,scene_002,orange,7,0.02084035702930225,0.010467963511796243,0.127517730652621,0.08209025880732362
LAS2-M -> SGBM,scene_002,orange,8,0.01824157873936393,0.009233444073926421,0.127517730652621,0.07240909971241427
LAS2-M -> SGBM,scene_002,orange,9,0.021128888797117412,0.01084041127429172,0.127517730652621,0.08501101155746538
LAS2-M -> SGBM,scene_002,orange,10,0.02292308237440091,0.01220373481924246,0.127517730652621,0.09570225847641073
LAS2-M -> SGBM,scene_002,rubiks_cube,0,0.04916489679668868,0.020870945959436837,0.12883775017150678,0.16199402684115302
LAS2-M -> SGBM,scene_002,rubiks_cube,1,0.029629103709799723,0.012066368845272051,0.12883775017150678,0.09365553829688497
LAS2-M -> SGBM,scene_002,rubiks_cube,2,0.020190116097646385,0.009587140612334595,0.12883775017150678,0.07441251185752891
LAS2-M -> SGBM,scene_002,rubiks_cube,3,0.017716666145572713,0.0071999020705480025,0.12883775017150678,0.05588348182860696
LAS2-M -> SGBM,scene_002,rubiks_cube,4,0.017478492298323878,0.0076989123375170694,0.12883775017150678,0.05975664995134111
LAS2-M -> SGBM,scene_002,rubiks_cube,5,0.018277250145272504,0.006163660979801403,0.12883775017150678,0.04784048907712557
LAS2-M -> SGBM,scene_002,rubiks_cube,6,0.037939625564004424,0.018129471520446337,0.12883775017150678,0.1407155239540637
LAS2-M -> SGBM,scene_002,rubiks_cube,7,0.0571878103474274,0.028763656107742966,0.12883775017150678,0.2232548773123812
LAS2-M -> SGBM,scene_002,rubiks_cube,8,0.053615231625102705,0.026352955259861113,0.12883775017150678,0.2045437398959581
LAS2-M -> SGBM,scene_002,rubiks_cube,9,0.060389437165284256,0.030027972540142243,0.12883775017150678,0.23306812250423095
LAS2-M -> SGBM,scene_002,rubiks_cube,10,0.06710607064892918,0.03329318761402277,0.12883775017150678,0.25841174321736765
LAS2-M -> SGBM,scene_002,scissors,0,0.010387667667771517,0.005319220055250921,0.20983996337550315,0.025348937207600994
LAS2-M -> SGBM,scene_002,scissors,1,0.006752116626829737,0.003030654004618907,0.20983996337550315,0.014442692211090557
LAS2-M -> SGBM,scene_002,scissors,2,0.010553465609420111,0.004358765517438919,0.20983996337550315,0.02077185607223454
LAS2-M -> SGBM,scene_002,scissors,3,0.0010856809344514668,0.002398149360178703,0.20983996337550315,0.011428468255530892
LAS2-M -> SGBM,scene_002,scissors,4,0.006464985227207042,0.002955710071156459,0.20983996337550315,0.014085544162373365
LAS2-M -> SGBM,scene_002,scissors,5,0.0037317447502621015,0.002901316932151877,0.20983996337550315,0.013826331674296217
LAS2-M -> SGBM,scene_002,scissors,6,0.008837943340164297,0.003203840578856065,0.20983996337550315,0.015268019148110866
LAS2-M -> SGBM,scene_002,scissors,7,0.012331993903040628,0.004909415437239078,0.20983996337550315,0.023395998351628602
LAS2-M -> SGBM,scene_002,scissors,8,0.007487469005576103,0.0031625017193631835,0.20983996337550315,0.015071017305240228
LAS2-M -> SGBM,scene_002,scissors,9,0.0026326998756740156,0.0021703342634221256,0.20983996337550315,0.010342807101707166
LAS2-M -> SGBM,scene_002,scissors,10,0.0024277518145188488,0.0018371050228593497,0.20983996337550315,0.008754791000281953
LAS2-M -> SGBM,scene_002,wood_block,0,0.0027929787620765787,0.0021012362188247264,0.24655690811826406,0.00852231736219227
LAS2-M -> SGBM,scene_002,wood_block,1,0.006340159579517904,0.0030299230921961027,0.24655690811826406,0.012288940169312808
LAS2-M -> SGBM,scene_002,wood_block,2,0.0031601676839343234,0.0021648651122123173,0.24655690811826406,0.00878038716795521
LAS2-M -> SGBM,scene_002,wood_block,3,0.0014338522013395906,0.0016326175704187104,0.24655690811826406,0.0066216663036494814
LAS2-M -> SGBM,scene_002,wood_block,4,0.0015811729217926802,0.0026216722805268416,0.24655690811826406,0.010633132531291008
LAS2-M -> SGBM,scene_002,wood_block,5,0.0027833089942997657,0.0022416224531056524,0.24655690811826406,0.009091704102772212
LAS2-M -> SGBM,scene_002,wood_block,6,0.002495794591914439,0.002085676161281907,0.24655690811826406,0.008459207966225334
LAS2-M -> SGBM,scene_002,wood_block,7,0.0014182488458946338,0.0021209713774448247,0.24655690811826406,0.008602360378511377
LAS2-M -> SGBM,scene_002,wood_block,8,0.004730125758358066,0.0024398555786668222,0.24655690811826406,0.009895709665115184
LAS2-M -> SGBM,scene_002,wood_block,9,0.003515982915518856,0.0019409057655248693,0.24655690811826406,0.007872039685839547
LAS2-M -> SGBM,scene_002,wood_block,10,0.0037946195812146996,0.0023494060582149555,0.24655690811826406,0.009528859183649537
LAS2-M -> SGBM,scene_004,chips_box,0,0.00906293914860941,0.005085823269048149,0.2694943619712671,0.018871724186906694
LAS2-M -> SGBM,scene_004,chips_box,1,0.01101744537459758,0.0051406068828951205,0.2694943619712671,0.019075007155226503
LAS2-M -> SGBM,scene_004,chips_box,2,0.001961634660831347,0.0017893460990931408,0.2694943619712671,0.006639642054121775
LAS2-M -> SGBM,scene_004,chips_box,3,0.005570343529336322,0.003062475600394163,0.2694943619712671,0.011363783561159167
LAS2-M -> SGBM,scene_004,chips_box,4,0.005012678613996967,0.00240347171624474,0.2694943619712671,0.008918448974828621
LAS2-M -> SGBM,scene_004,chips_box,5,0.006004005565477466,0.0035162148070672526,0.2694943619712671,0.013047452203998776
LAS2-M -> SGBM,scene_004,chips_box,6,0.004134913725617328,0.0026753657267599646,0.2694943619712671,0.00992735323733862
LAS2-M -> SGBM,scene_004,chips_box,7,0.0035685030989601406,0.0023900917145263855,0.2694943619712671,0.008868800434426944
LAS2-M -> SGBM,scene_004,chips_box,8,0.005233221820942856,0.003161129029311553,0.2694943619712671,0.011729852180167635
LAS2-M -> SGBM,scene_004,chips_box,9,0.007354940175682023,0.004484016792760824,0.2694943619712671,0.016638629320337696
LAS2-M -> SGBM,scene_004,chips_box,10,0.008287532086697427,0.004619096720130867,0.2694943619712671,0.017139864026629786
LAS2-M -> SGBM,scene_004,scissors,0,0.020757935007371466,0.009210204822350155,0.20983996337550315,0.04389156705040371
LAS2-M -> SGBM,scene_004,scissors,1,0.004076490455006756,0.002257826509383937,0.20983996337550315,0.010759754591376932
LAS2-M -> SGBM,scene_004,scissors,2,0.002237437326901296,0.0016650935629592585,0.20983996337550315,0.007935064113500711
LAS2-M -> SGBM,scene_004,scissors,3,0.005274328955955707,0.0031331810776340278,0.20983996337550315,0.014931288717522705
LAS2-M -> SGBM,scene_004,scissors,4,0.006947253596039078,0.004302337901273226,0.20983996337550315,0.02050294820903254
LAS2-M -> SGBM,scene_004,scissors,5,0.021527950559955388,0.009013036258657117,0.20983996337550315,0.04295195306781732
LAS2-M -> SGBM,scene_004,scissors,6,0.029887088217984165,0.011461509587491519,0.20983996337550315,0.054620242031692724
LAS2-M -> SGBM,scene_004,scissors,7,0.017379144020870638,0.008538012812370916,0.20983996337550315,0.040688211506653596
LAS2-M -> SGBM,scene_004,scissors,8,0.04248534014170713,0.02012997342941702,0.20983996337550315,0.09593012267827629
LAS2-M -> SGBM,scene_004,scissors,9,0.024457679655075674,0.010519720705493587,0.20983996337550315,0.0501321127599933
LAS2-M -> SGBM,scene_004,scissors,10,0.01605896353761882,0.007749871888707813,0.20983996337550315,0.036932297185163054
LAS2-M -> SGBM,scene_004,wood_block,0,0.01922261300523532,0.0018840060251887247,0.24655690811826406,0.007641262374546967
LAS2-M -> SGBM,scene_004,wood_block,1,0.017797357218009506,0.0030975369138305318,0.24655690811826406,0.012563172281284287
LAS2-M -> SGBM,scene_004,wood_block,2,0.021241068511573737,0.006100326325810944,0.24655690811826406,0.024742062075522327
LAS2-M -> SGBM,scene_004,wood_block,3,0.019118264940848857,0.008911948376418531,0.24655690811826406,0.03614560404912202
LAS2-M -> SGBM,scene_004,wood_block,4,0.02259128720282248,0.011669778853386086,0.24655690811826406,0.04733097499660619
LAS2-M -> SGBM,scene_004,wood_block,5,0.028842652028897985,0.013189800268315803,0.24655690811826406,0.05349596719467764
LAS2-M -> SGBM,scene_004,wood_block,6,0.03605537371445551,0.0130684233078998,0.24655690811826406,0.05300367938436091
LAS2-M -> SGBM,scene_004,wood_block,7,0.020513036032365914,0.00636862211120261,0.24655690811826406,0.025830231891729522
LAS2-M -> SGBM,scene_004,wood_block,8,0.015986332737431865,0.00523979595062879,0.24655690811826406,0.02125187239984149
LAS2-M -> SGBM,scene_004,wood_block,9,0.012999986450007859,0.003480447202229687,0.24655690811826406,0.014116202335568904
LAS2-M -> SGBM,scene_004,wood_block,10,0.012940729822218316,0.0026159948369358795,0.24655690811826406,0.010610105621867571
LAS2-M -> SGBM,scene_005,apple,0,0.004689584065681223,0.0023642278667490462,0.13449611403964654,0.017578410228656294
LAS2-M -> SGBM,scene_005,apple,1,0.0058507343066178325,0.0027995492171866,0.13449611403964654,0.02081509370866547
LAS2-M -> SGBM,scene_005,apple,2,0.0055429018363998064,0.0027452976602572406,0.13449611403964654,0.020411724753980523
LAS2-M -> SGBM,scene_005,apple,3,0.007219024715998679,0.0029889349814130085,0.13449611403964654,0.022223206988210346
LAS2-M -> SGBM,scene_005,apple,4,0.00928536795734712,0.002815084731912351,0.13449611403964654,0.020930602731633757
LAS2-M -> SGBM,scene_005,apple,5,0.010247390149217436,0.0033510815047124243,0.13449611403964654,0.024915823989714665
LAS2-M -> SGBM,scene_005,apple,6,0.01095122128510775,0.0028676771636339865,0.13449611403964654,0.02132163582650914
LAS2-M -> SGBM,scene_005,apple,7,0.0130186333681855,0.003438107272128731,0.13449611403964654,0.025562874412232102
LAS2-M -> SGBM,scene_005,apple,8,0.013332796922204264,0.004087754374970012,0.13449611403964654,0.03039310395068389
LAS2-M -> SGBM,scene_005,apple,9,0.010037783477788529,0.002956917434483384,0.13449611403964654,0.021985151434276748
LAS2-M -> SGBM,scene_005,apple,10,0.011649213789692343,0.003977590481289193,0.13449611403964654,0.029574017879183376
LAS2-M -> SGBM,scene_005,chips_box,0,0.024126075127733262,0.00697277083019191,0.2694943619712671,0.02587353137627173
LAS2-M -> SGBM,scene_005,chips_box,1,0.026318182824269436,0.002803724961115515,0.2694943619712671,0.010403649785498823
LAS2-M -> SGBM,scene_005,chips_box,2,0.024557503872427566,0.003308506878848282,0.2694943619712671,0.01227672020537865
LAS2-M -> SGBM,scene_005,chips_box,3,0.02460340274797744,0.0021804517899737703,0.2694943619712671,0.008090899468265111
LAS2-M -> SGBM,scene_005,chips_box,4,0.025642796598991976,0.0022257152188467915,0.2694943619712671,0.008258856335866843
LAS2-M -> SGBM,scene_005,chips_box,5,0.02596670507872039,0.0015316309527337753,0.2694943619712671,0.005683350633127807
LAS2-M -> SGBM,scene_005,chips_box,6,0.02464230096093638,0.002371509767905563,0.2694943619712671,0.008799849282777977
LAS2-M -> SGBM,scene_005,chips_box,7,0.026319493113462003,0.001811453675449192,0.2694943619712671,0.006721675593503976
LAS2-M -> SGBM,scene_005,chips_box,8,0.025648104938500792,0.003106385292087632,0.2694943619712671,0.011526717180149498
LAS2-M -> SGBM,scene_005,chips_box,9,0.024538707828546173,0.002138263937425455,0.2694943619712671,0.00793435499646346
LAS2-M -> SGBM,scene_005,chips_box,10,0.025216559749637275,0.001760762560722568,0.2694943619712671,0.0065335784683699496
LAS2-M -> SGBM,scene_005,lemon,0,0.019311793113273357,0.010204029009680293,0.10349089662648787,0.09859832451261837
LAS2-M -> SGBM,scene_005,lemon,1,0.020380039831909894,0.011012112482325542,0.10349089662648787,0.10640658107417593
LAS2-M -> SGBM,scene_005,lemon,2,0.02011326013307097,0.010799377855679679,0.10349089662648787,0.10435099325360027
LAS2-M -> SGBM,scene_005,lemon,3,0.015366744237641465,0.008302527076836132,0.10349089662648787,0.08022470910461849
LAS2-M -> SGBM,scene_005,lemon,4,0.014713870826295687,0.008143420976510371,0.10349089662648787,0.0786873168748459
LAS2-M -> SGBM,scene_005,lemon,5,0.012322264479522747,0.006886958585700222,0.10349089662648787,0.06654651578250552
LAS2-M -> SGBM,scene_005,lemon,6,0.019894478158221308,0.010212490158391417,0.10349089662648787,0.09868008193270975
LAS2-M -> SGBM,scene_005,lemon,7,0.017629551547411578,0.009122748764537359,0.10349089662648787,0.08815025342241016
LAS2-M -> SGBM,scene_005,lemon,8,0.014305270501134915,0.007899843375580824,0.10349089662648787,0.07633370308977404
LAS2-M -> SGBM,scene_005,lemon,9,0.01990191807800456,0.010145394879593234,0.10349089662648787,0.09803176134621082
LAS2-M -> SGBM,scene_005,lemon,10,0.012915878332398859,0.007125940672032494,0.10349089662648787,0.0688557245547011
LAS2-M -> SGBM,scene_005,orange,0,0.017682503695142834,0.005993246582805316,0.127517730652621,0.04699931964074778
LAS2-M -> SGBM,scene_005,orange,1,0.023071022549486817,0.008715562365981398,0.127517730652621,0.06834784716898706
LAS2-M -> SGBM,scene_005,orange,2,0.023523987898250012,0.008464572154204649,0.127517730652621,0.06637957020473896
LAS2-M -> SGBM,scene_005,orange,3,0.02220707127188488,0.007726677514562073,0.127517730652621,0.06059296597436161
LAS2-M -> SGBM,scene_005,orange,4,0.017436958842565888,0.0052123512064824315,0.127517730652621,0.04087550162480324
LAS2-M -> SGBM,scene_005,orange,5,0.016546936442912736,0.00577034680225452,0.127517730652621,0.045251329150248765
LAS2-M -> SGBM,scene_005,orange,6,0.01469567928217505,0.004978895157792645,0.127517730652621,0.03904472838648582
LAS2-M -> SGBM,scene_005,orange,7,0.012152635250730747,0.0034196005598875353,0.127517730652621,0.026816667316665807
LAS2-M -> SGBM,scene_005,orange,8,0.010668809696127936,0.002884109447808636,0.127517730652621,0.022617321003503568
LAS2-M -> SGBM,scene_005,orange,9,0.01346660211358276,0.005151817163230109,0.127517730652621,0.04040079083013557
LAS2-M -> SGBM,scene_005,orange,10,0.010860289651890922,0.003126152395317334,0.127517730652621,0.024515433103444104
LAS2-M -> SGBM,scene_005,rubiks_cube,0,0.021039607801495767,0.009281711507124193,0.12883775017150678,0.0720418626898446
LAS2-M -> SGBM,scene_005,rubiks_cube,1,0.01897627657944822,0.006264560336559673,0.12883775017150678,0.048623639641490086
LAS2-M -> SGBM,scene_005,rubiks_cube,2,0.011773621298772836,0.00478343866227744,0.12883775017150678,0.03712761714567199
LAS2-M -> SGBM,scene_005,rubiks_cube,3,0.014496135971899948,0.0052392336420752465,0.12883775017150678,0.04066536116239892
LAS2-M -> SGBM,scene_005,rubiks_cube,4,0.022714149858576838,0.012008436202113209,0.12883775017150678,0.09320588248496864
LAS2-M -> SGBM,scene_005,rubiks_cube,5,0.011291545469399134,0.007940693906675577,0.12883775017150678,0.06163328602141104
LAS2-M -> SGBM,scene_005,rubiks_cube,6,0.007882869344268337,0.006631227713580954,0.12883775017150678,0.051469601919884256
LAS2-M -> SGBM,scene_005,rubiks_cube,7,0.02508844410081212,0.0144422631211131,0.12883775017150678,0.11209651753378018
LAS2-M -> SGBM,scene_005,rubiks_cube,8,0.014367444572543823,0.009270557992080783,0.12883775017150678,0.07195529244914602
LAS2-M -> SGBM,scene_005,rubiks_cube,9,0.03252083092604503,0.018667398722346407,0.12883775017150678,0.14489075366107107
LAS2-M -> SGBM,scene_005,rubiks_cube,10,0.017737061481015563,0.011278793290549495,0.12883775017150678,0.08754261290293677
LAS2-M -> SGBM,scene_005,scissors,0,0.012983943779112233,0.00769760110188159,0.20983996337550315,0.03668319884381095
LAS2-M -> SGBM,scene_005,scissors,1,0.017680748919956104,0.0069976593440118345,0.20983996337550315,0.033347600864234356
LAS2-M -> SGBM,scene_005,scissors,2,0.014871798258953437,0.007708902675128999,0.20983996337550315,0.03673705690337983
LAS2-M -> SGBM,scene_005,scissors,3,0.017375030213589226,0.007850379681229851,0.20983996337550315,0.03741127073674618
LAS2-M -> SGBM,scene_005,scissors,4,0.013805146274669382,0.007223909590581893,0.20983996337550315,0.034425804667411686
LAS2-M -> SGBM,scene_005,scissors,5,0.01996382401329666,0.00697557928222889,0.20983996337550315,0.0332423775243721
LAS2-M -> SGBM,scene_005,scissors,6,0.018186676311326522,0.006945625384870976,0.20983996337550315,0.033099631133855854
LAS2-M -> SGBM,scene_005,scissors,7,0.007222098400338242,0.003669133310678921,0.20983996337550315,0.017485388634542902
LAS2-M -> SGBM,scene_005,scissors,8,0.015052703607504336,0.006800544397217189,0.20983996337550315,0.0324082423949331
LAS2-M -> SGBM,scene_005,scissors,9,0.012805100394965307,0.006477519180020382,0.20983996337550315,0.030868853939080374
LAS2-M -> SGBM,scene_005,scissors,10,0.013618256723336305,0.00720976648855094,0.20983996337550315,0.034358405198771653
LAS2-M -> SGBM,scene_005,wood_block,0,0.014351453478384624,0.004773428221682412,0.24655690811826406,0.019360350752747023
LAS2-M -> SGBM,scene_005,wood_block,1,0.021825637133533308,0.004573258457192243,0.24655690811826406,0.01854849045640458
LAS2-M -> SGBM,scene_005,wood_block,2,0.020225558616806305,0.005033277355320747,0.24655690811826406,0.020414262142298092
LAS2-M -> SGBM,scene_005,wood_block,3,0.016746981383562464,0.0033983568527224937,0.24655690811826406,0.013783255470953708
LAS2-M -> SGBM,scene_005,wood_block,4,0.017878588281826955,0.005111231883243183,0.24655690811826406,0.020730434698635652
LAS2-M -> SGBM,scene_005,wood_block,5,0.017399857207847945,0.002659170035943022,0.24655690811826406,0.01078521813174068
LAS2-M -> SGBM,scene_005,wood_block,6,0.01985385470941266,0.006239902625457107,0.24655690811826406,0.025308163835604483
LAS2-M -> SGBM,scene_005,wood_block,7,0.02005285010258185,0.008046700572543784,0.24655690811826406,0.03263628114887004
LAS2-M -> SGBM,scene_005,wood_block,8,0.019630618712037452,0.0046070685832318966,0.24655690811826406,0.018685619552878476
LAS2-M -> SGBM,scene_005,wood_block,9,0.015893376602921908,0.004696544862510613,0.24655690811826406,0.01904852270558916
LAS2-M -> SGBM,scene_005,wood_block,10,0.014851388737991633,0.005358007599852921,0.24655690811826406,0.021731322154976435
LAS2-M -> SGBM,scene_006,apple,0,0.014141645104585767,0.005001318468570232,0.13449611403964654,0.03718559829242317
LAS2-M -> SGBM,scene_006,apple,1,0.03131737587162567,0.00880042985261921,0.13449611403964654,0.06543259569585062
LAS2-M -> SGBM,scene_006,apple,2,0.01827109231077813,0.0036294835464045524,0.13449611403964654,0.02698578745059251
LAS2-M -> SGBM,scene_006,apple,3,0.03267366697468774,0.010038817833731634,0.13449611403964654,0.07464020730571003
LAS2-M -> SGBM,scene_006,apple,4,0.040391003580870354,0.013640338600704278,0.13449611403964654,0.10141808704364055
LAS2-M -> SGBM,scene_006,apple,5,0.04076200966472803,0.014693149075937747,0.13449611403964654,0.10924590038048627
LAS2-M -> SGBM,scene_006,apple,6,0.03152246891005468,0.010831941780473326,0.13449611403964654,0.08053720999909562
LAS2-M -> SGBM,scene_006,apple,7,0.04287041536706235,0.017406419349219583,0.13449611403964654,0.12941949641822773
LAS2-M -> SGBM,scene_006,apple,8,0.058991353212313725,0.025025616970557964,0.13449611403964654,0.18606944259505487
LAS2-M -> SGBM,scene_006,apple,9,0.04380466433324749,0.01640848238159025,0.13449611403964654,0.12199967633825752
LAS2-M -> SGBM,scene_006,apple,10,0.026419812912415516,0.009843437716451088,0.13449611403964654,0.07318752505778313
LAS2-M -> SGBM,scene_006,chips_box,0,0.022891612904273172,0.0034768749090932564,0.2694943619712671,0.012901475502719249
LAS2-M -> SGBM,scene_006,chips_box,1,0.027828065162075283,0.0067076467227038675,0.2694943619712671,0.024889747873163382
LAS2-M -> SGBM,scene_006,chips_box,2,0.025258584389491856,0.003949564582218762,0.2694943619712671,0.014655462746340706
LAS2-M -> SGBM,scene_006,chips_box,3,0.024114448485707887,0.00359364291694409,0.2694943619712671,0.0133347610341742
LAS2-M -> SGBM,scene_006,chips_box,4,0.024020558100475504,0.00811942274193921,0.2694943619712671,0.03012835846563976
LAS2-M -> SGBM,scene_006,chips_box,5,0.022196403962633657,0.006276448943731006,0.2694943619712671,0.02328972264139681
LAS2-M -> SGBM,scene_006,chips_box,6,0.0347521165174029,0.009367983799884332,0.2694943619712671,0.03476133501035219
LAS2-M -> SGBM,scene_006,chips_box,7,0.03936000826898516,0.011388305372635923,0.2694943619712671,0.04225804684496561
LAS2-M -> SGBM,scene_006,chips_box,8,0.0267816048444745,0.01354786178015,0.2694943619712671,0.050271410804484454
LAS2-M -> SGBM,scene_006,chips_box,9,0.02509819139863973,0.011254771684220278,0.2694943619712671,0.041762549694528445
LAS2-M -> SGBM,scene_006,chips_box,10,0.02552520634682234,0.00904710517248256,0.2694943619712671,0.0335706658436407
LAS2-M -> SGBM,scene_006,lemon,0,0.015162353665826106,0.007864226237781782,0.10349089662648787,0.07598954588406746
LAS2-M -> SGBM,scene_006,lemon,1,0.00997627655306834,0.006323358615541608,0.10349089662648787,0.061100626447980574
LAS2-M -> SGBM,scene_006,lemon,2,0.018322172632768922,0.009778099827887873,0.10349089662648787,0.0944827047269511
LAS2-M -> SGBM,scene_006,lemon,3,0.022417552875286767,0.011241369306966325,0.10349089662648787,0.10862181769994603
LAS2-M -> SGBM,scene_006,lemon,4,0.0337080816332246,0.017766455901655397,0.10349089662648787,0.17167167819384974
LAS2-M -> SGBM,scene_006,lemon,5,0.041779633664346595,0.02192178198394799,0.10349089662648787,0.21182328783048965
LAS2-M -> SGBM,scene_006,lemon,6,0.05339528487527171,0.029918384033351092,0.10349089662648787,0.2890919395676939
LAS2-M -> SGBM,scene_006,lemon,7,0.05566541997818726,0.031376690350713235,0.10349089662648787,0.30318309506927743
LAS2-M -> SGBM,scene_006,lemon,8,0.055620826890775944,0.03149503041261608,0.10349089662648787,0.30432657788525835
LAS2-M -> SGBM,scene_006,lemon,9,0.04922395943176078,0.026450281270015565,0.10349089662648787,0.25558075282194215
LAS2-M -> SGBM,scene_006,lemon,10,0.045439838644086246,0.02470917539279254,0.10349089662648787,0.23875699407621498
LAS2-M -> SGBM,scene_006,orange,0,0.005938272641391417,0.0018812494219815142,0.127517730652621,0.014752845838406133
LAS2-M -> SGBM,scene_006,orange,1,0.007492846006856472,0.0019847335344271065,0.127517730652621,0.015564373081841009
LAS2-M -> SGBM,scene_006,orange,2,0.00715385927736196,0.0028209466263186735,0.127517730652621,0.022121995207108804
LAS2-M -> SGBM,scene_006,orange,3,0.016061696234460295,0.007534507355198297,0.127517730652621,0.05908595860856023
LAS2-M -> SGBM,scene_006,orange,4,0.015723917610934064,0.007714129733850894,0.127517730652621,0.0604945656919306
LAS2-M -> SGBM,scene_006,orange,5,0.024070985778278223,0.01193331025446674,0.127517730652621,0.09358157640818604
LAS2-M -> SGBM,scene_006,orange,6,0.029925149154586286,0.013954098435571287,0.127517730652621,0.10942869171334703
LAS2-M -> SGBM,scene_006,orange,7,0.033025910297635734,0.014772578418665002,0.127517730652621,0.11584724997112678
LAS2-M -> SGBM,scene_006,orange,8,0.029124831775656636,0.013495088826923763,0.127517730652621,0.10582911692246606
LAS2-M -> SGBM,scene_006,orange,9,0.012579718582237602,0.006440213097896504,0.127517730652621,0.05050445192943944
LAS2-M -> SGBM,scene_006,orange,10,0.020387235498955183,0.011764509488835397,0.127517730652621,0.09225783291959476
LAS2-M -> SGBM,scene_006,rubiks_cube,0,0.07753079724385267,0.0422719634633687,0.12883775017150678,0.3281023101311295
LAS2-M -> SGBM,scene_006,rubiks_cube,1,0.05153664307584873,0.022068742622854173,0.12883775017150678,0.17129096552428624
LAS2-M -> SGBM,scene_006,rubiks_cube,2,0.06119172861803148,0.026776844874183504,0.12883775017150678,0.20783384402893243
LAS2-M -> SGBM,scene_006,rubiks_cube,3,0.05572966555946117,0.024101853671555602,0.12883775017150678,0.1870713640953183
LAS2-M -> SGBM,scene_006,rubiks_cube,4,0.05476176066920396,0.02269128565986903,0.12883775017150678,0.17612295798135832
LAS2-M -> SGBM,scene_006,rubiks_cube,5,0.0739336818054316,0.034060807024,0.12883775017150678,0.26436977499730313
LAS2-M -> SGBM,scene_006,rubiks_cube,6,0.06168733652108107,0.02617890972609066,0.12883775017150678,0.20319285062989464
LAS2-M -> SGBM,scene_006,rubiks_cube,7,0.0540750518024361,0.02235780022609765,0.12883775017150678,0.17353454400077073
LAS2-M -> SGBM,scene_006,rubiks_cube,8,0.057788986579968366,0.024223026246728615,0.12883775017150678,0.18801186930448027
LAS2-M -> SGBM,scene_006,rubiks_cube,9,0.058942429124993555,0.024877273195182112,0.12883775017150678,0.19308993801945376
LAS2-M -> SGBM,scene_006,rubiks_cube,10,0.05316533105043036,0.02167483764475664,0.12883775017150678,0.16823359315032618
LAS2-M -> SGBM,scene_006,scissors,0,0.1410666480707476,0.09116855708990798,0.20983996337550315,0.4344670844550436
LAS2-M -> SGBM,scene_006,scissors,1,0.12199185159221329,0.07463676491589014,0.20983996337550315,0.35568422580368825
LAS2-M -> SGBM,scene_006,scissors,2,0.12168139502409277,0.0733206652859625,0.20983996337550315,0.3494123050086369
LAS2-M -> SGBM,scene_006,scissors,3,0.17172276319293844,0.12190861484777495,0.20983996337550315,0.5809599510347925
LAS2-M -> SGBM,scene_006,scissors,4,0.21830073427452612,0.16808515382046682,0.20983996337550315,0.801015931935152
LAS2-M -> SGBM,scene_006,scissors,5,0.2379683593681319,0.18828409049997186,0.20983996337550315,0.8972747014973615
LAS2-M -> SGBM,scene_006,scissors,6,0.2537260936943222,0.20278931108502407,0.20983996337550315,0.9663998593163013
LAS2-M -> SGBM,scene_006,scissors,7,0.22495567989239765,0.17431656296548687,0.20983996337550315,0.830711939524846
LAS2-M -> SGBM,scene_006,scissors,8,0.22001007518855623,0.16945874587651225,0.20983996337550315,0.8075618349840742
LAS2-M -> SGBM,scene_006,scissors,9,0.2560126574986745,0.20413280973847084,0.20983996337550315,0.9728023511573937
LAS2-M -> SGBM,scene_006,scissors,10,0.22619194994362155,0.1739647926494593,0.20983996337550315,0.8290355652519527
LAS2-M -> SGBM,scene_006,wood_block,0,0.05598139272207194,0.02502083999942157,0.24655690811826406,0.1014809935376867
LAS2-M -> SGBM,scene_006,wood_block,1,0.05746925842889511,0.025806568998285907,0.24655690811826406,0.10466779939464307
LAS2-M -> SGBM,scene_006,wood_block,2,0.07491176242622245,0.037272090120451434,0.24655690811826406,0.15117033387916035
LAS2-M -> SGBM,scene_006,wood_block,3,0.0547029019556013,0.022463747112835396,0.24655690811826406,0.09110978590817007
LAS2-M -> SGBM,scene_006,wood_block,4,0.061441099082404096,0.025265813963319887,0.24655690811826406,0.10247457333947758
LAS2-M -> SGBM,scene_006,wood_block,5,0.06748082817855262,0.026390824118655218,0.24655690811826406,0.10703745565302325
LAS2-M -> SGBM,scene_006,wood_block,6,0.07639815966976055,0.030159052715618785,0.24655690811826406,0.12232085868448928
LAS2-M -> SGBM,scene_006,wood_block,7,0.08169009209154703,0.03639789204553526,0.24655690811826406,0.14762470994354196
LAS2-M -> SGBM,scene_006,wood_block,8,0.054875869606800555,0.025103348424788587,0.24655690811826406,0.10181563605894772
LAS2-M -> SGBM,scene_006,wood_block,9,0.070292828419644,0.03484467860518874,0.24655690811826406,0.14132509557783335
LAS2-M -> SGBM,scene_006,wood_block,10,0.0384387987479558,0.019860140841478222,0.24655690811826406,0.0805499265587483
LAS2-M -> SGBM,scene_009,apple,0,0.010995585792246899,0.0028508657038016656,0.13449611403964654,0.021196639948729612
LAS2-M -> SGBM,scene_009,apple,1,0.012694162558778315,0.003510057845469461,0.13449611403964654,0.026097838369031033
LAS2-M -> SGBM,scene_009,apple,2,0.011446005446175743,0.0028592903844180373,0.13449611403964654,0.021259278789089626
LAS2-M -> SGBM,scene_009,apple,3,0.016617748197231982,0.002521187261678912,0.13449611403964654,0.018745428294944792
LAS2-M -> SGBM,scene_009,apple,4,0.015864085717636096,0.0037711376678484414,0.13449611403964654,0.02803900837415118
LAS2-M -> SGBM,scene_009,apple,5,0.013407077476582476,0.0026002236121521116,0.13449611403964654,0.01933307613174327
LAS2-M -> SGBM,scene_009,apple,6,0.01276369684280061,0.003004305381968215,0.13449611403964654,0.022337488361058602
LAS2-M -> SGBM,scene_009,apple,7,0.012406252864267841,0.002687319905010222,0.13449611403964654,0.019980650922137855
LAS2-M -> SGBM,scene_009,chips_box,0,0.08570327865684331,0.060544510545018984,0.2694943619712671,0.22465965559410891
LAS2-M -> SGBM,scene_009,chips_box,1,0.09317289967381663,0.06578098636824901,0.2694943619712671,0.24409039909808
LAS2-M -> SGBM,scene_009,chips_box,2,0.10786610942086787,0.07430081363324904,0.2694943619712671,0.27570451971522447
LAS2-M -> SGBM,scene_009,chips_box,3,0.11186455340038792,0.08125066115963452,0.2694943619712671,0.30149299067079294
LAS2-M -> SGBM,scene_009,chips_box,4,0.11007328760662125,0.07652663014149524,0.2694943619712671,0.2839637519008815
LAS2-M -> SGBM,scene_009,chips_box,5,0.11370218653799803,0.07825224617367563,0.2694943619712671,0.2903669138058581
LAS2-M -> SGBM,scene_009,chips_box,6,0.12690244115873622,0.08639067942457976,0.2694943619712671,0.32056581366919484
LAS2-M -> SGBM,scene_009,chips_box,7,0.12930916491300581,0.092944626225373,0.2694943619712671,0.3448852345017984
LAS2-M -> SGBM,scene_009,lemon,0,0.018777227443253816,0.010804961350649386,0.10349089662648787,0.10440494481022712
LAS2-M -> SGBM,scene_009,lemon,1,0.01770901238079102,0.010214933227397725,0.10349089662648787,0.09870368854049791
LAS2-M -> SGBM,scene_009,lemon,2,0.015775710384857117,0.009160372807690225,0.10349089662648787,0.08851380272364635
LAS2-M -> SGBM,scene_009,lemon,3,0.027675449375243168,0.015483637356971624,0.10349089662648787,0.14961352023892582
LAS2-M -> SGBM,scene_009,lemon,4,0.012561198358314428,0.007893784952335038,0.10349089662648787,0.07627516245051713
LAS2-M -> SGBM,scene_009,lemon,5,0.012446608226137778,0.007823070945692607,0.10349089662648787,0.07559187523446714
LAS2-M -> SGBM,scene_009,lemon,6,0.03928597718423377,0.020209122207084255,0.10349089662648787,0.1952743948100248
LAS2-M -> SGBM,scene_009,lemon,7,0.051699733796811774,0.028099965850359145,0.10349089662648787,0.2715211363157436
LAS2-M -> SGBM,scene_009,orange,0,0.012339544657652005,0.0031607449979334495,0.127517730652621,0.024786709908944597
LAS2-M -> SGBM,scene_009,orange,1,0.011664059093832252,0.002556737035842546,0.127517730652621,0.020050051257636575
LAS2-M -> SGBM,scene_009,orange,2,0.009716938731867464,0.0026745694756310032,0.127517730652621,0.02097409875428982
LAS2-M -> SGBM,scene_009,orange,3,0.010494286553127934,0.002166181885858439,0.127517730652621,0.016987299529031535
LAS2-M -> SGBM,scene_009,orange,4,0.012458884116742897,0.002320084989957054,0.127517730652621,0.018194214860028694
LAS2-M -> SGBM,scene_009,orange,5,0.012667633661669132,0.0026168700718580736,0.127517730652621,0.020521617334822655
LAS2-M -> SGBM,scene_009,orange,6,0.013685524500094503,0.0028292114223525565,0.127517730652621,0.022186808123646644
LAS2-M -> SGBM,scene_009,orange,7,0.01431609292569261,0.0025329033144085296,0.127517730652621,0.019863146100902385
LAS2-M -> SGBM,scene_009,rubiks_cube,0,0.013255529673895736,0.007006149988762823,0.12883775017150678,0.05437963624354156
LAS2-M -> SGBM,scene_009,rubiks_cube,1,0.02262561381307505,0.007698474346752787,0.12883775017150678,0.05975325039830872
LAS2-M -> SGBM,scene_009,rubiks_cube,2,0.02904746289179139,0.010085157761001731,0.12883775017150678,0.07827797169367308
LAS2-M -> SGBM,scene_009,rubiks_cube,3,0.007578111512944112,0.005155029810736639,0.12883775017150678,0.0400117962621541
LAS2-M -> SGBM,scene_009,rubiks_cube,4,0.016424249186096425,0.003913422087504705,0.12883775017150678,0.030374809264328343
LAS2-M -> SGBM,scene_009,rubiks_cube,5,0.024134037870382128,0.007060999850566752,0.12883775017150678,0.0548053644305901
LAS2-M -> SGBM,scene_009,rubiks_cube,6,0.013479510387251986,0.0045350437720611415,0.12883775017150678,0.03519965045977722
LAS2-M -> SGBM,scene_009,rubiks_cube,7,0.01751824385200917,0.00631908745026214,0.12883775017150678,0.0490468627545131
LAS2-M -> SGBM,scene_009,scissors,0,0.002188017931635574,0.0014265017083926349,0.20983996337550315,0.006798045927219055
LAS2-M -> SGBM,scene_009,scissors,1,0.012279561989323073,0.004535579826556052,0.20983996337550315,0.021614471112157748
LAS2-M -> SGBM,scene_009,scissors,2,0.006736116985250951,0.0030104263100105342,0.20983996337550315,0.014346296394569297
LAS2-M -> SGBM,scene_009,scissors,3,0.007681184415349971,0.002604968318213481,0.20983996337550315,0.012414071544379552
LAS2-M -> SGBM,scene_009,scissors,4,0.005615537785911768,0.0030025913016729893,0.20983996337550315,0.014308958376531598
LAS2-M -> SGBM,scene_009,scissors,5,0.00975668728062629,0.004021496370202397,0.20983996337550315,0.01916458764818803
LAS2-M -> SGBM,scene_009,scissors,6,0.006560105333514274,0.0025381215290173837,0.20983996337550315,0.012095510732030969
LAS2-M -> SGBM,scene_009,scissors,7,0.004248688117838197,0.0018707696441721264,0.20983996337550315,0.008915220981164741
LAS2-M -> SGBM,scene_009,wood_block,0,0.00469301914250012,0.0031782990406378606,0.24655690811826406,0.012890732062203467
LAS2-M -> SGBM,scene_009,wood_block,1,0.010908128491030246,0.005805597667637421,0.24655690811826406,0.02354668426022237
LAS2-M -> SGBM,scene_009,wood_block,2,0.009714343837530984,0.005374016074809651,0.24655690811826406,0.021796250268647666
LAS2-M -> SGBM,scene_009,wood_block,3,0.005336603199066563,0.003671586056184653,0.24655690811826406,0.014891434534146297
LAS2-M -> SGBM,scene_009,wood_block,4,0.005973737038396182,0.003567016851948874,0.24655690811826406,0.014467316609266978
LAS2-M -> SGBM,scene_009,wood_block,5,0.005694838791060637,0.003294961129592205,0.24655690811826406,0.013363897019716586
LAS2-M -> SGBM,scene_009,wood_block,6,0.004096323642913317,0.002854602277679357,0.24655690811826406,0.011577863704837309
LAS2-M -> SGBM,scene_009,wood_block,7,0.00977631253267759,0.004946875705897084,0.24655690811826406,0.020063829254073278
LAS2-H -> ZED,scene_001,apple,0,0.04677661542154038,0.014471386985612926,0.13449611403964654,0.10759706396682267
LAS2-H -> ZED,scene_001,apple,1,0.045893202197908885,0.014080129243871963,0.13449611403964654,0.10468800042595615
LAS2-H -> ZED,scene_001,apple,2,0.041951231153254206,0.012025509549060783,0.13449611403964654,0.08941157620000771
LAS2-H -> ZED,scene_001,apple,3,0.03140999062334431,0.005722308919391549,0.13449611403964654,0.04254627697053564
LAS2-H -> ZED,scene_001,apple,4,0.0382593169098517,0.009591408908519056,0.13449611403964654,0.0713136507846741
LAS2-H -> ZED,scene_001,apple,5,0.03283662867243627,0.008028559327165593,0.13449611403964654,0.05969361557017883
LAS2-H -> ZED,scene_001,apple,6,0.04213731985587426,0.012650703138851534,0.13449611403964654,0.09405998997950514
LAS2-H -> ZED,scene_001,apple,7,0.032392186594148865,0.00704324948837497,0.13449611403964654,0.052367680201517
LAS2-H -> ZED,scene_001,chips_box,0,0.034636951659968405,0.01784717922970532,0.2694943619712671,0.06622468499585214
LAS2-H -> ZED,scene_001,chips_box,1,0.044113726895701845,0.022084407480355776,0.2694943619712671,0.08194756772948879
LAS2-H -> ZED,scene_001,chips_box,2,0.04846134391073931,0.024199363025041654,0.2694943619712671,0.08979543337393359
LAS2-H -> ZED,scene_001,chips_box,3,0.050063675025565496,0.024968613812813595,0.2694943619712671,0.09264985593826892
LAS2-H -> ZED,scene_001,chips_box,4,0.04526043938947012,0.02376897250751653,0.2694943619712671,0.08819840360909194
LAS2-H -> ZED,scene_001,chips_box,5,0.04012290809281094,0.02076051337642694,0.2694943619712671,0.07703505640923346
LAS2-H -> ZED,scene_001,chips_box,6,0.03635477204637364,0.018905150077737146,0.2694943619712671,0.07015044745074397
LAS2-H -> ZED,scene_001,chips_box,7,0.045322618729361476,0.022166701115518786,0.2694943619712671,0.08225293083453135
LAS2-H -> ZED,scene_001,lemon,0,0.03712698971449639,0.019260669675818846,0.10349089662648787,0.18610979616239207
LAS2-H -> ZED,scene_001,lemon,1,0.0478248007056412,0.02500501850093779,0.10349089662648787,0.24161563302697203
LAS2-H -> ZED,scene_001,lemon,2,0.05054338059464645,0.02625220899689108,0.10349089662648787,0.25366684271408646
LAS2-H -> ZED,scene_001,lemon,3,0.04110203115719946,0.020292015292710252,0.10349089662648787,0.19607536463759492
LAS2-H -> ZED,scene_001,lemon,4,0.03398598988769836,0.016002825500059357,0.10349089662648787,0.15463027205006868
LAS2-H -> ZED,scene_001,lemon,5,0.024803780621988625,0.010740485693982492,0.10349089662648787,0.10378193680886062
LAS2-H -> ZED,scene_001,lemon,6,0.025828520541044793,0.01148120317483282,0.10349089662648787,0.11093925696933497
LAS2-H -> ZED,scene_001,lemon,7,0.04858880779261748,0.023911973008160812,0.10349089662648787,0.23105387804747926
LAS2-H -> ZED,scene_001,orange,0,0.06389573955459019,0.02914742478260313,0.127517730652621,0.2285754665914299
LAS2-H -> ZED,scene_001,orange,1,0.06531916511552043,0.030029279037726654,0.127517730652621,0.23549100885061452
LAS2-H -> ZED,scene_001,orange,2,0.06072171722142509,0.027076381211563638,0.127517730652621,0.21233424617102145
LAS2-H -> ZED,scene_001,orange,3,0.05718474766067102,0.024212433181503394,0.127517730652621,0.18987503194721989
LAS2-H -> ZED,scene_001,orange,4,0.03365599418732334,0.008224127930178845,0.127517730652621,0.064493995369026
LAS2-H -> ZED,scene_001,orange,5,0.07285467404470643,0.035458159224378415,0.127517730652621,0.2780645408517518
LAS2-H -> ZED,scene_001,orange,6,0.09537035358707609,0.054941618195728424,0.127517730652621,0.43085473615742353
LAS2-H -> ZED,scene_001,orange,7,0.13537606038605088,0.09402288552681591,0.127517730652621,0.7373318600136439
LAS2-H -> ZED,scene_001,rubiks_cube,0,0.057529274395544165,0.024617563515864496,0.12883775017150678,0.19107414933196196
LAS2-H -> ZED,scene_001,rubiks_cube,1,0.04826069657040305,0.018625324790424017,0.12883775017150678,0.14456418841240457
LAS2-H -> ZED,scene_001,rubiks_cube,2,0.04560202208681757,0.016514270331865318,0.12883775017150678,0.1281788164562155
LAS2-H -> ZED,scene_001,rubiks_cube,3,0.03511229448621912,0.013396453139021474,0.12883775017150678,0.1039792539157842
LAS2-H -> ZED,scene_001,rubiks_cube,4,0.02868543296087998,0.011550955770974725,0.12883775017150678,0.08965505650011953
LAS2-H -> ZED,scene_001,rubiks_cube,5,0.028190425949149108,0.013471006793664671,0.12883775017150678,0.1045579170369886
LAS2-H -> ZED,scene_001,rubiks_cube,6,0.032662786489745084,0.015238396258152051,0.12883775017150678,0.11827586431668466
LAS2-H -> ZED,scene_001,rubiks_cube,7,0.04879686785524686,0.017656387014660425,0.12883775017150678,0.13704358381884596
LAS2-H -> ZED,scene_001,scissors,0,0.07832513237919503,0.04405662973623778,0.20983996337550315,0.20995347610407075
LAS2-H -> ZED,scene_001,scissors,1,0.048677043645130896,0.02704707324716449,0.20983996337550315,0.12889381418145054
LAS2-H -> ZED,scene_001,scissors,2,0.04853684686928304,0.03210933409565573,0.20983996337550315,0.1530182029158903
LAS2-H -> ZED,scene_001,scissors,3,0.08768162528986471,0.038675810596043074,0.20983996337550315,0.18431098621016112
LAS2-H -> ZED,scene_001,scissors,4,0.108975431610684,0.0472549789249519,0.20983996337550315,0.22519532583214547
LAS2-H -> ZED,scene_001,scissors,5,0.11110965301702792,0.041997954169534626,0.20983996337550315,0.20014278259465945
LAS2-H -> ZED,scene_001,scissors,6,0.08703964201921167,0.0398353670668523,0.20983996337550315,0.18983689487005842
LAS2-H -> ZED,scene_001,scissors,7,0.07593054963285496,0.0301271836577929,0.20983996337550315,0.14357219269944824
LAS2-H -> ZED,scene_001,wood_block,0,0.03784970725536532,0.019104381225043512,0.24655690811826406,0.07748467228458211
LAS2-H -> ZED,scene_001,wood_block,1,0.04620631013320771,0.02281450068102571,0.24655690811826406,0.09253239284653283
LAS2-H -> ZED,scene_001,wood_block,2,0.053701396422265,0.02684103009140427,0.24655690811826406,0.10886342749938137
LAS2-H -> ZED,scene_001,wood_block,3,0.04067154744727698,0.02128128280500458,0.24655690811826406,0.08631387766590888
LAS2-H -> ZED,scene_001,wood_block,4,0.04593366417402943,0.023795386533057232,0.24655690811826406,0.09651072733944036
LAS2-H -> ZED,scene_001,wood_block,5,0.04489019770770741,0.02349760374574366,0.24655690811826406,0.09530296240765944
LAS2-H -> ZED,scene_001,wood_block,6,0.03778714872346744,0.020204780026952765,0.24655690811826406,0.08194773442430295
LAS2-H -> ZED,scene_001,wood_block,7,0.036663550908170216,0.019314151290678913,0.24655690811826406,0.07833547004659323
LAS2-H -> ZED,scene_002,apple,0,0.04242560664285568,0.013800135031148191,0.13449611403964654,0.10260619892021722
LAS2-H -> ZED,scene_002,apple,1,0.03494613461941042,0.0091441228854394,0.13449611403964654,0.06798800806054449
LAS2-H -> ZED,scene_002,apple,2,0.0340830822985198,0.008981019675753637,0.13449611403964654,0.06677530975434894
LAS2-H -> ZED,scene_002,apple,3,0.03854944361470218,0.011734587898489749,0.13449611403964654,0.0872485274558241
LAS2-H -> ZED,scene_002,apple,4,0.03866294521161072,0.01216104652892644,0.13449611403964654,0.09041931520297775
LAS2-H -> ZED,scene_002,apple,5,0.03337916932300641,0.010013419051562287,0.13449611403964654,0.07445136332050864
LAS2-H -> ZED,scene_002,apple,6,0.0305943542117308,0.010063566490294563,0.13449611403964654,0.07482421750362275
LAS2-H -> ZED,scene_002,apple,7,0.024328812063785916,0.010042843386082554,0.13449611403964654,0.07467013792771843
LAS2-H -> ZED,scene_002,apple,8,0.01927651474411423,0.009039115423896842,0.13449611403964654,0.06720726088214196
LAS2-H -> ZED,scene_002,apple,9,0.015478659345086358,0.007203852988911917,0.13449611403964654,0.05356179277260291
LAS2-H -> ZED,scene_002,apple,10,0.016216755875862004,0.009735892804312491,0.13449611403964654,0.07238791153060795
LAS2-H -> ZED,scene_002,chips_box,0,0.047674140810055825,0.022814287943886437,0.2694943619712671,0.0846559006912317
LAS2-H -> ZED,scene_002,chips_box,1,0.0379502200659858,0.018905464265187254,0.2694943619712671,0.07015161329127514
LAS2-H -> ZED,scene_002,chips_box,2,0.03332678382677393,0.017093940833664584,0.2694943619712671,0.06342967885720409
LAS2-H -> ZED,scene_002,chips_box,3,0.038280756959266964,0.019153667849317987,0.2694943619712671,0.07107261060756481
LAS2-H -> ZED,scene_002,chips_box,4,0.04198877316229386,0.02132151626642283,0.2694943619712671,0.07911674333541747
LAS2-H -> ZED,scene_002,chips_box,5,0.03463027872172703,0.018107872390974642,0.2694943619712671,0.06719202679611258
LAS2-H -> ZED,scene_002,chips_box,6,0.03472118406649813,0.017618369899327496,0.2694943619712671,0.06537565302091897
LAS2-H -> ZED,scene_002,chips_box,7,0.036518791540388736,0.018577308439033817,0.2694943619712671,0.06893394096687815
LAS2-H -> ZED,scene_002,chips_box,8,0.04080333877519069,0.019875180462310734,0.2694943619712671,0.07374989338155351
LAS2-H -> ZED,scene_002,chips_box,9,0.03354967664921049,0.0170035930958725,0.2694943619712671,0.06309442977395344
LAS2-H -> ZED,scene_002,chips_box,10,0.03512116530555922,0.017725988310707458,0.2694943619712671,0.06577498757691029
LAS2-H -> ZED,scene_002,lemon,0,0.0169955989993189,0.010427310414431118,0.10349089662648787,0.10075582253446543
LAS2-H -> ZED,scene_002,lemon,1,0.015377137104408516,0.009552785310979289,0.10349089662648787,0.09230556138146657
LAS2-H -> ZED,scene_002,lemon,2,0.01624448392646613,0.009503705805500645,0.10349089662648787,0.0918313215489934
LAS2-H -> ZED,scene_002,lemon,3,0.022124529092025592,0.012059902200129825,0.10349089662648787,0.11653104372702058
LAS2-H -> ZED,scene_002,lemon,4,0.01746741233485102,0.009911425918608345,0.10349089662648787,0.09577099282828684
LAS2-H -> ZED,scene_002,lemon,5,0.027960904141276874,0.0151316920302173,0.10349089662648787,0.14621278318642408
LAS2-H -> ZED,scene_002,lemon,6,0.02573885666590562,0.014314066273982143,0.10349089662648787,0.13831232253831438
LAS2-H -> ZED,scene_002,lemon,7,0.032841732472580334,0.01742323241616461,0.10349089662648787,0.16835521755162028
LAS2-H -> ZED,scene_002,lemon,8,0.024415120463386276,0.013372060516245579,0.10349089662648787,0.12921001703663934
LAS2-H -> ZED,scene_002,lemon,9,0.015948821539660794,0.009143638305798066,0.10349089662648787,0.08835210249263419
LAS2-H -> ZED,scene_002,lemon,10,0.02815066769600831,0.015125209346209657,0.10349089662648787,0.14615014304879884
LAS2-H -> ZED,scene_002,orange,0,0.04272079968149623,0.026841168089778093,0.127517730652621,0.21048969388341604
LAS2-H -> ZED,scene_002,orange,1,0.04085695396980741,0.0250907714193149,0.127517730652621,0.1967630014344141
LAS2-H -> ZED,scene_002,orange,2,0.043950756285256125,0.027770514485767325,0.127517730652621,0.21777767172957863
LAS2-H -> ZED,scene_002,orange,3,0.042365058798900054,0.026954537626526352,0.127517730652621,0.21137874308597043
LAS2-H -> ZED,scene_002,orange,4,0.039566483152394354,0.02475211596505223,0.127517730652621,0.19410724954383804
LAS2-H -> ZED,scene_002,orange,5,0.04116048874176808,0.024923279547065677,0.127517730652621,0.19544952234886248
LAS2-H -> ZED,scene_002,orange,6,0.0389947267012741,0.023314132011567387,0.127517730652621,0.18283051221385727
LAS2-H -> ZED,scene_002,orange,7,0.04515430719604306,0.027732421784095736,0.127517730652621,0.21747894698379908
LAS2-H -> ZED,scene_002,orange,8,0.04365423582149178,0.026184335340477104,0.127517730652621,0.205338780783415
LAS2-H -> ZED,scene_002,orange,9,0.040388771781069255,0.023958982875851204,0.127517730652621,0.18788746281189211
LAS2-H -> ZED,scene_002,orange,10,0.04496543786884539,0.027756238388892115,0.127517730652621,0.21766571791106143
LAS2-H -> ZED,scene_002,rubiks_cube,0,0.031631796955138895,0.015397915724305216,0.12883775017150678,0.11951400659983392
LAS2-H -> ZED,scene_002,rubiks_cube,1,0.03200471867434224,0.016462042936883903,0.12883775017150678,0.1277734430706054
LAS2-H -> ZED,scene_002,rubiks_cube,2,0.016906839757600583,0.013545479782252524,0.12883775017150678,0.10513595405244965
LAS2-H -> ZED,scene_002,rubiks_cube,3,0.02507448185297824,0.017278103772243116,0.12883775017150678,0.1341074626748975
LAS2-H -> ZED,scene_002,rubiks_cube,4,0.018881558855682625,0.013332420185929976,0.12883775017150678,0.10348224932663035
LAS2-H -> ZED,scene_002,rubiks_cube,5,0.017180655796365886,0.014190882759186205,0.12883775017150678,0.11014537851130997
LAS2-H -> ZED,scene_002,rubiks_cube,6,0.03244721182360939,0.021412244377845013,0.12883775017150678,0.16619542292023395
LAS2-H -> ZED,scene_002,rubiks_cube,7,0.03891181415427949,0.02425262594939781,0.12883775017150678,0.18824161332461253
LAS2-H -> ZED,scene_002,rubiks_cube,8,0.03743287960958407,0.023042076432260087,0.12883775017150678,0.17884569081334342
LAS2-H -> ZED,scene_002,rubiks_cube,9,0.02787313274533671,0.018741620364045107,0.12883775017150678,0.14546683979731528
LAS2-H -> ZED,scene_002,rubiks_cube,10,0.02549055239584136,0.01709306731265623,0.12883775017150678,0.13267126513698205
LAS2-H -> ZED,scene_002,scissors,0,0.04289181769952173,0.024102420836734802,0.20983996337550315,0.11486096570463153
LAS2-H -> ZED,scene_002,scissors,1,0.05734242445745265,0.03271540653696496,0.20983996337550315,0.15590646324323643
LAS2-H -> ZED,scene_002,scissors,2,0.06835868032235741,0.03876208954628181,0.20983996337550315,0.18472215169480402
LAS2-H -> ZED,scene_002,scissors,3,0.06504681484242743,0.03751327023407748,0.20983996337550315,0.17877085770811188
LAS2-H -> ZED,scene_002,scissors,4,0.053424131733723595,0.02773859363957011,0.20983996337550315,0.13218927983671355
LAS2-H -> ZED,scene_002,scissors,5,0.05089093960642104,0.028603013034806935,0.20983996337550315,0.1363087019969718
LAS2-H -> ZED,scene_002,scissors,6,0.04871642816770375,0.028439407571037943,0.20983996337550315,0.1355290341913869
LAS2-H -> ZED,scene_002,scissors,7,0.0582197629942942,0.034571099023932454,0.20983996337550315,0.16474983348175853
LAS2-H -> ZED,scene_002,scissors,8,0.06469570032228,0.037491222878928886,0.20983996337550315,0.17866579023290868
LAS2-H -> ZED,scene_002,scissors,9,0.052926462506371244,0.02981331391172278,0.20983996337550315,0.14207643497522268
LAS2-H -> ZED,scene_002,scissors,10,0.0477402959998336,0.028280211891740997,0.20983996337550315,0.1347703813745635
LAS2-H -> ZED,scene_002,wood_block,0,0.026014138305680477,0.014219783378150148,0.24655690811826406,0.05767343323160694
LAS2-H -> ZED,scene_002,wood_block,1,0.029660345697749883,0.0159434579007077,0.24655690811826406,0.06466441367386155
LAS2-H -> ZED,scene_002,wood_block,2,0.030752324583454164,0.01630452331765835,0.24655690811826406,0.06612884401453349
LAS2-H -> ZED,scene_002,wood_block,3,0.031521880467357,0.01705741784598429,0.24655690811826406,0.06918247789594478
LAS2-H -> ZED,scene_002,wood_block,4,0.027615711182062398,0.01516344216746158,0.24655690811826406,0.0615007800154123
LAS2-H -> ZED,scene_002,wood_block,5,0.024176909603702203,0.013739282699461012,0.24655690811826406,0.05572459033624317
LAS2-H -> ZED,scene_002,wood_block,6,0.03314752471379435,0.01723787579662205,0.24655690811826406,0.06991438985904905
LAS2-H -> ZED,scene_002,wood_block,7,0.03656819669758672,0.018875660791580606,0.24655690811826406,0.0765570145068767
LAS2-H -> ZED,scene_002,wood_block,8,0.03679356278345462,0.01877347299122329,0.24655690811826406,0.07614255521982115
LAS2-H -> ZED,scene_002,wood_block,9,0.03463409880576523,0.017787761414274825,0.24655690811826406,0.07214464826815035
LAS2-H -> ZED,scene_002,wood_block,10,0.036758237059263954,0.018801711995581546,0.24655690811826406,0.07625708863352178
LAS2-H -> ZED,scene_004,chips_box,0,0.021877469873906475,0.013163677068073278,0.2694943619712671,0.048845834739491736
LAS2-H -> ZED,scene_004,chips_box,1,0.019773223584928466,0.012595397971580631,0.2694943619712671,0.04673714833753563
LAS2-H -> ZED,scene_004,chips_box,2,0.021788984959611873,0.013458018632730022,0.2694943619712671,0.04993803408089438
LAS2-H -> ZED,scene_004,chips_box,3,0.022701104419098363,0.012378124071703916,0.2694943619712671,0.04593092033971251
LAS2-H -> ZED,scene_004,chips_box,4,0.02936934600574125,0.016675984755346887,0.2694943619712671,0.06187878897861635
LAS2-H -> ZED,scene_004,chips_box,5,0.018744482511864058,0.008476132124287456,0.2694943619712671,0.03145198312234511
LAS2-H -> ZED,scene_004,chips_box,6,0.02069904876805575,0.011011092670287506,0.2694943619712671,0.04085834148716434
LAS2-H -> ZED,scene_004,chips_box,7,0.031766369647113414,0.018094773294593296,0.2694943619712671,0.06714342059787701
LAS2-H -> ZED,scene_004,chips_box,8,0.02987863118209446,0.01698362266196272,0.2694943619712671,0.06302032642810346
LAS2-H -> ZED,scene_004,chips_box,9,0.04241693362550907,0.02332550489387844,0.2694943619712671,0.08655284928137144
LAS2-H -> ZED,scene_004,chips_box,10,0.03668085107905711,0.01889511003806929,0.2694943619712671,0.0701131923497674
LAS2-H -> ZED,scene_004,scissors,0,0.05298084919007018,0.030895625395543063,0.20983996337550315,0.14723422983188453
LAS2-H -> ZED,scene_004,scissors,1,0.03984735394684209,0.02156149259718201,0.20983996337550315,0.102752079491161
LAS2-H -> ZED,scene_004,scissors,2,0.0373807391678225,0.02051579594984061,0.20983996337550315,0.09776877397337383
LAS2-H -> ZED,scene_004,scissors,3,0.03487154308308427,0.01955735144057598,0.20983996337550315,0.09320127170237162
LAS2-H -> ZED,scene_004,scissors,4,0.03029221308476935,0.016221571842152536,0.20983996337550315,0.07730449234364598
LAS2-H -> ZED,scene_004,scissors,5,0.03233964393643531,0.017346833869371813,0.20983996337550315,0.082666969581624
LAS2-H -> ZED,scene_004,scissors,6,0.027703717757423887,0.017079227632940033,0.20983996337550315,0.08139168230017844
LAS2-H -> ZED,scene_004,scissors,7,0.031028555543648684,0.017287167441375508,0.20983996337550315,0.08238262704249796
LAS2-H -> ZED,scene_004,scissors,8,0.026208760243765956,0.01449413772289507,0.20983996337550315,0.06907234203504976
LAS2-H -> ZED,scene_004,scissors,9,0.029604852411067823,0.012472220215676035,0.20983996337550315,0.0594368203989691
LAS2-H -> ZED,scene_004,scissors,10,0.02870315710133268,0.011319952568574211,0.20983996337550315,0.05394564689433085
LAS2-H -> ZED,scene_004,wood_block,0,0.03571072132607658,0.016440884664782943,0.24655690811826406,0.06668190638121108
LAS2-H -> ZED,scene_004,wood_block,1,0.04179906304915103,0.019866830612969823,0.24655690811826406,0.08057705932717348
LAS2-H -> ZED,scene_004,wood_block,2,0.0399717861731982,0.020076837080572108,0.24655690811826406,0.08142881590217706
LAS2-H -> ZED,scene_004,wood_block,3,0.04129058449022807,0.021659194130900523,0.24655690811826406,0.08784663263424533
LAS2-H -> ZED,scene_004,wood_block,4,0.04205115111845324,0.022886109818129236,0.24655690811826406,0.09282282939381943
LAS2-H -> ZED,scene_004,wood_block,5,0.025902449474488654,0.014928815811617764,0.24655690811826406,0.06054916865057772
LAS2-H -> ZED,scene_004,wood_block,6,0.02429112923133858,0.01419473537058142,0.24655690811826406,0.057571842050244806
LAS2-H -> ZED,scene_004,wood_block,7,0.03312580053821943,0.01882433928456755,0.24655690811826406,0.07634886172217176
LAS2-H -> ZED,scene_004,wood_block,8,0.04707393372076994,0.02564740767513107,0.24655690811826406,0.10402226354505133
LAS2-H -> ZED,scene_004,wood_block,9,0.05886794132123414,0.03172731226668925,0.24655690811826406,0.12868149795044823
LAS2-H -> ZED,scene_004,wood_block,10,0.05704951518756606,0.03089298902245699,0.24655690811826406,0.1252976006968695
LAS2-H -> ZED,scene_005,apple,0,0.012091837176443845,0.014795375656438944,0.13449611403964654,0.11000597126603665
LAS2-H -> ZED,scene_005,apple,1,0.014738469774594913,0.015543389754930541,0.13449611403964654,0.11556757506279093
LAS2-H -> ZED,scene_005,apple,2,0.01029922232937001,0.013888231198727244,0.13449611403964654,0.10326120793819586
LAS2-H -> ZED,scene_005,apple,3,0.013807559265853383,0.014766040782345757,0.13449611403964654,0.10978786181133121
LAS2-H -> ZED,scene_005,apple,4,0.010900550059193288,0.013987356107520317,0.13449611403964654,0.1039982174012637
LAS2-H -> ZED,scene_005,apple,5,0.012360850594841799,0.01390716066266606,0.13449611403964654,0.10340195151338373
LAS2-H -> ZED,scene_005,apple,6,0.01356551006646926,0.014105110063159508,0.13449611403964654,0.10487373679065276
LAS2-H -> ZED,scene_005,apple,7,0.016094378493530324,0.014751904532782948,0.13449611403964654,0.1096827565474078
LAS2-H -> ZED,scene_005,apple,8,0.013334336538683308,0.014343457474260753,0.13449611403964654,0.10664588770224702
LAS2-H -> ZED,scene_005,apple,9,0.020140082079694848,0.01569452783363568,0.13449611403964654,0.11669131071704625
LAS2-H -> ZED,scene_005,apple,10,0.021327043245502216,0.016019952295363894,0.13449611403964654,0.11911089334998601
LAS2-H -> ZED,scene_005,chips_box,0,0.03445761789203114,0.017070943188334475,0.2694943619712671,0.06334434258092027
LAS2-H -> ZED,scene_005,chips_box,1,0.03422531588502733,0.016823389222801438,0.2694943619712671,0.06242575577367779
LAS2-H -> ZED,scene_005,chips_box,2,0.033190986980041616,0.015950794598483337,0.2694943619712671,0.05918786011628687
LAS2-H -> ZED,scene_005,chips_box,3,0.02851000930800219,0.013274976087965129,0.2694943619712671,0.04925882675564277
LAS2-H -> ZED,scene_005,chips_box,4,0.026534469614875118,0.010888130067467916,0.2694943619712671,0.04040206996474674
LAS2-H -> ZED,scene_005,chips_box,5,0.030937906917231306,0.015442653903596178,0.2694943619712671,0.05730232644066461
LAS2-H -> ZED,scene_005,chips_box,6,0.030484282839346902,0.015238201594740472,0.2694943619712671,0.056543674915043814
LAS2-H -> ZED,scene_005,chips_box,7,0.028006075070732654,0.0133305897771322,0.2694943619712671,0.04946518984524611
LAS2-H -> ZED,scene_005,chips_box,8,0.02367749962130471,0.01027837505221638,0.2694943619712671,0.0381394808300748
LAS2-H -> ZED,scene_005,chips_box,9,0.023092581147901504,0.010170370420288328,0.2694943619712671,0.037738713143737945
LAS2-H -> ZED,scene_005,chips_box,10,0.020750792001807402,0.009501226874304497,0.2694943619712671,0.035255753793162835
LAS2-H -> ZED,scene_005,lemon,0,0.02178262229131496,0.012107137445358823,0.10349089662648787,0.11698746305247561
LAS2-H -> ZED,scene_005,lemon,1,0.021232303618283398,0.012042804445435413,0.10349089662648787,0.11636583349837487
LAS2-H -> ZED,scene_005,lemon,2,0.021147682646945977,0.011960026558731846,0.10349089662648787,0.11556597680177745
LAS2-H -> ZED,scene_005,lemon,3,0.02070606852825808,0.011627010145739605,0.10349089662648787,0.11234814389233672
LAS2-H -> ZED,scene_005,lemon,4,0.01701923707208539,0.009615008963235888,0.10349089662648787,0.09290680897217181
LAS2-H -> ZED,scene_005,lemon,5,0.027732042508496677,0.015350661145414649,0.10349089662648787,0.14832861290995655
LAS2-H -> ZED,scene_005,lemon,6,0.02314564820303795,0.013061220074607575,0.10349089662648787,0.12620646356700552
LAS2-H -> ZED,scene_005,lemon,7,0.02608070282070915,0.014467965162309833,0.10349089662648787,0.1397993991155242
LAS2-H -> ZED,scene_005,lemon,8,0.022140400093476138,0.012295706595522085,0.10349089662648787,0.11880954747062335
LAS2-H -> ZED,scene_005,lemon,9,0.02445055323198356,0.013501531191122827,0.10349089662648787,0.13046105146669673
LAS2-H -> ZED,scene_005,lemon,10,0.02302232850608062,0.012578284469519939,0.10349089662648787,0.12154000863396329
LAS2-H -> ZED,scene_005,orange,0,0.056567769919643004,0.02651147559799422,0.127517730652621,0.20790422996324945
LAS2-H -> ZED,scene_005,orange,1,0.05835217245340821,0.02735482077201854,0.127517730652621,0.21451778220973453
LAS2-H -> ZED,scene_005,orange,2,0.05370123301591295,0.02422405131285044,0.127517730652621,0.1899661418759144
LAS2-H -> ZED,scene_005,orange,3,0.049242872910297324,0.021206143317971084,0.127517730652621,0.1662995664166896
LAS2-H -> ZED,scene_005,orange,4,0.04339719311544012,0.017105943895578114,0.127517730652621,0.13414561103018277
LAS2-H -> ZED,scene_005,orange,5,0.04669859343389823,0.01881210228230879,0.127517730652621,0.14752538479182956
LAS2-H -> ZED,scene_005,orange,6,0.05009794456130035,0.020800239932594358,0.127517730652621,0.16311645310923534
LAS2-H -> ZED,scene_005,orange,7,0.049817273035292195,0.020692386154001957,0.127517730652621,0.1622706587397746
LAS2-H -> ZED,scene_005,orange,8,0.045786130817336575,0.018111798460634737,0.127517730652621,0.1420335695117898
LAS2-H -> ZED,scene_005,orange,9,0.043524573481459786,0.016681869372618074,0.127517730652621,0.130819998813045
LAS2-H -> ZED,scene_005,orange,10,0.0453947951993066,0.017753354192625338,0.127517730652621,0.13922263281949673
LAS2-H -> ZED,scene_005,rubiks_cube,0,0.057814317217148026,0.02791317509330058,0.12883775017150678,0.2166536985948839
LAS2-H -> ZED,scene_005,rubiks_cube,1,0.06739716924541227,0.035072201343828824,0.12883775017150678,0.27221991456029976
LAS2-H -> ZED,scene_005,rubiks_cube,2,0.06112889017654911,0.030840279817677223,0.12883775017150678,0.23937300811775375
LAS2-H -> ZED,scene_005,rubiks_cube,3,0.064188127704546,0.03301032298891814,0.12883775017150678,0.25621623278096145
LAS2-H -> ZED,scene_005,rubiks_cube,4,0.06327800999915101,0.03185547706680275,0.12883775017150678,0.2472526648780908
LAS2-H -> ZED,scene_005,rubiks_cube,5,0.06347291024391363,0.03266762763924707,0.12883775017150678,0.25355633419366946
LAS2-H -> ZED,scene_005,rubiks_cube,6,0.08044411590277527,0.04558751060914641,0.12883775017150678,0.35383659330018596
LAS2-H -> ZED,scene_005,rubiks_cube,7,0.07127785177507971,0.03822931840008387,0.12883775017150678,0.2967245108610916
LAS2-H -> ZED,scene_005,rubiks_cube,8,0.07507343579343563,0.041293353495317535,0.12883775017150678,0.3205066328801029
LAS2-H -> ZED,scene_005,rubiks_cube,9,0.07414675791615553,0.03991469526325889,0.12883775017150678,0.3098059009112242
LAS2-H -> ZED,scene_005,rubiks_cube,10,0.08162386064568353,0.04588331341611033,0.12883775017150678,0.3561325260261933
LAS2-H -> ZED,scene_005,scissors,0,0.052331163291301476,0.022503909579298376,0.20983996337550315,0.10724320199688663
LAS2-H -> ZED,scene_005,scissors,1,0.05112470490175709,0.021318300344513527,0.20983996337550315,0.10159313793991177
LAS2-H -> ZED,scene_005,scissors,2,0.050178332430035145,0.020390566206803074,0.20983996337550315,0.09717198706480275
LAS2-H -> ZED,scene_005,scissors,3,0.057851051293128945,0.024142268626441074,0.20983996337550315,0.11505086180004288
LAS2-H -> ZED,scene_005,scissors,4,0.060145668111338396,0.024995543168882115,0.20983996337550315,0.11911717275776132
LAS2-H -> ZED,scene_005,scissors,5,0.06012633523400213,0.02531825681790467,0.20983996337550315,0.12065507642411426
LAS2-H -> ZED,scene_005,scissors,6,0.0564574859655695,0.02383979585366523,0.20983996337550315,0.11360941676778953
LAS2-H -> ZED,scene_005,scissors,7,0.05382970511125374,0.022469369640407338,0.20983996337550315,0.10707860065815483
LAS2-H -> ZED,scene_005,scissors,8,0.051852811632604745,0.021926085823810944,0.20983996337550315,0.10448956181227875
LAS2-H -> ZED,scene_005,scissors,9,0.0463872481820199,0.018769767887506162,0.20983996337550315,0.08944801355077513
LAS2-H -> ZED,scene_005,scissors,10,0.040082045610572596,0.014648699691890038,0.20983996337550315,0.06980891273640079
LAS2-H -> ZED,scene_005,wood_block,0,0.0405454678657674,0.022171852612927798,0.24655690811826406,0.08992590303855041
LAS2-H -> ZED,scene_005,wood_block,1,0.051850972892775044,0.027521211806488262,0.24655690811826406,0.11162214847895227
LAS2-H -> ZED,scene_005,wood_block,2,0.046824055149088877,0.02513828802513063,0.24655690811826406,0.10195734614368517
LAS2-H -> ZED,scene_005,wood_block,3,0.05669980277445452,0.029818361064130314,0.24655690811826406,0.1209390614593024
LAS2-H -> ZED,scene_005,wood_block,4,0.04293655408197171,0.023106768917643912,0.24655690811826406,0.09371779153947074
LAS2-H -> ZED,scene_005,wood_block,5,0.04641716672385089,0.02487814329945922,0.24655690811826406,0.10090223587459213
LAS2-H -> ZED,scene_005,wood_block,6,0.049638462980925585,0.026796339186357463,0.24655690811826406,0.10868216749986283
LAS2-H -> ZED,scene_005,wood_block,7,0.04997684123218781,0.027015582495785576,0.24655690811826406,0.10957138740086414
LAS2-H -> ZED,scene_005,wood_block,8,0.050577230504347356,0.02722234023599044,0.24655690811826406,0.11040996759633646
LAS2-H -> ZED,scene_005,wood_block,9,0.05185898567056126,0.027933215011137012,0.24655690811826406,0.1132931752929774
LAS2-H -> ZED,scene_005,wood_block,10,0.04880146085332725,0.02656422414266321,0.24655690811826406,0.10774074166245365
LAS2-H -> ZED,scene_006,apple,0,0.10241510150240635,0.06783441447479822,0.13449611403964654,0.504359660940108
LAS2-H -> ZED,scene_006,apple,1,0.13165078623162838,0.09673642523109904,0.13449611403964654,0.7192507078872423
LAS2-H -> ZED,scene_006,apple,2,0.11523506746562387,0.08020663333872957,0.13449611403964654,0.5963490760416051
LAS2-H -> ZED,scene_006,apple,3,0.1264954710282985,0.09132811021349142,0.13449611403964654,0.6790390255183869
LAS2-H -> ZED,scene_006,apple,4,0.12264140550848653,0.08804099732908463,0.13449611403964654,0.6545988183950955
LAS2-H -> ZED,scene_006,apple,5,0.14212549038932773,0.10726770337219194,0.13449611403964654,0.7975524359058563
LAS2-H -> ZED,scene_006,apple,6,0.17050337811885466,0.1344936821776626,0.13449611403964654,0.9999819187193527
LAS2-H -> ZED,scene_006,apple,7,0.20789290813305128,0.17138433927258892,0.13449611403964654,1.2742698218185586
LAS2-H -> ZED,scene_006,apple,8,0.1992437690300643,0.16220763840714442,0.13449611403964654,1.2060395912950252
LAS2-H -> ZED,scene_006,apple,9,0.1767379172135314,0.1394654879568215,0.13449611403964654,1.0369480854718978
LAS2-H -> ZED,scene_006,apple,10,0.1515623650597219,0.11314401341382381,0.13449611403964654,0.8412437357147092
LAS2-H -> ZED,scene_006,chips_box,0,0.07077129386127022,0.03907251291896721,0.2694943619712671,0.14498452818516863
LAS2-H -> ZED,scene_006,chips_box,1,0.07032752157152035,0.03928176210449674,0.2694943619712671,0.1457609792544932
LAS2-H -> ZED,scene_006,chips_box,2,0.060110797148205386,0.03171444737222657,0.2694943619712671,0.1176813019027385
LAS2-H -> ZED,scene_006,chips_box,3,0.06451216738485215,0.03550710003434031,0.2694943619712671,0.13175451899853102
LAS2-H -> ZED,scene_006,chips_box,4,0.06997358276355191,0.039656630405181255,0.2694943619712671,0.14715198535177282
LAS2-H -> ZED,scene_006,chips_box,5,0.08226285114327782,0.049190373460024375,0.2694943619712671,0.18252839540023086
LAS2-H -> ZED,scene_006,chips_box,6,0.07013898400081134,0.03955803096768731,0.2694943619712671,0.14678611707618916
LAS2-H -> ZED,scene_006,chips_box,7,0.0760179250348787,0.04464290546865267,0.2694943619712671,0.165654320714184
LAS2-H -> ZED,scene_006,chips_box,8,0.058168396207313434,0.030907361112831076,0.2694943619712671,0.11468648504092398
LAS2-H -> ZED,scene_006,chips_box,9,0.05973950016182783,0.03199050495804462,0.2694943619712671,0.11870565574746747
LAS2-H -> ZED,scene_006,chips_box,10,0.049348442617343134,0.025822239964143002,0.2694943619712671,0.09581736617887432
LAS2-H -> ZED,scene_006,lemon,0,0.1148463081137964,0.09059027481962585,0.10349089662648787,0.8753453470074566
LAS2-H -> ZED,scene_006,lemon,1,0.11899563655640963,0.09510176475913573,0.10349089662648787,0.918938456030296
LAS2-H -> ZED,scene_006,lemon,2,0.1321395249870327,0.10822024680108816,0.10349089662648787,1.0456982239864936
LAS2-H -> ZED,scene_006,lemon,3,0.11264893399055384,0.08905899398937563,0.10349089662648787,0.8605490617285996
LAS2-H -> ZED,scene_006,lemon,4,0.0793667796986344,0.05617408985980912,0.10349089662648787,0.5427925710465987
LAS2-H -> ZED,scene_006,lemon,5,0.09261171850984741,0.06858457282832166,0.10349089662648787,0.6627111665275479
LAS2-H -> ZED,scene_006,lemon,6,0.10460805481321514,0.0797434161356627,0.10349089662648787,0.7705355614365491
LAS2-H -> ZED,scene_006,lemon,7,0.13497119336131197,0.10948127079328172,0.10349089662648787,1.0578831023989859
LAS2-H -> ZED,scene_006,lemon,8,0.14060616008239338,0.11429612490616187,0.10349089662648787,1.1044075240614784
LAS2-H -> ZED,scene_006,lemon,9,0.14170295027223068,0.11527703734684201,0.10349089662648787,1.1138857726094678
LAS2-H -> ZED,scene_006,lemon,10,0.12325249144866109,0.09596371406705961,0.10349089662648787,0.9272672012245208
LAS2-H -> ZED,scene_006,orange,0,0.07969155650588688,0.05804068649018443,0.127517730652621,0.4551577744768426
LAS2-H -> ZED,scene_006,orange,1,0.07962341199214436,0.056491910226957855,0.127517730652621,0.44301219867887226
LAS2-H -> ZED,scene_006,orange,2,0.06971765787813004,0.04719680520507797,0.127517730652621,0.3701195509324874
LAS2-H -> ZED,scene_006,orange,3,0.07349606323088623,0.050389306273503943,0.127517730652621,0.39515529342952777
LAS2-H -> ZED,scene_006,orange,4,0.050063592381546625,0.02939776578453523,0.127517730652621,0.23053865242175237
LAS2-H -> ZED,scene_006,orange,5,0.04750930193753144,0.02754195574091451,0.127517730652621,0.21598530337669877
LAS2-H -> ZED,scene_006,orange,6,0.060338191521164104,0.03637626612858436,0.127517730652621,0.28526437807836474
LAS2-H -> ZED,scene_006,orange,7,0.08149892077371682,0.05402551260741706,0.127517730652621,0.4236705933435353
LAS2-H -> ZED,scene_006,orange,8,0.0745894715603068,0.04763418428558492,0.127517730652621,0.37354949811135024
LAS2-H -> ZED,scene_006,orange,9,0.045564861498181675,0.025560696049792313,0.127517730652621,0.20044817233631454
LAS2-H -> ZED,scene_006,orange,10,0.060612405486883625,0.037124917432889475,0.127517730652621,0.2911353365754585
LAS2-H -> ZED,scene_006,rubiks_cube,0,0.1663691389859101,0.13293684199562045,0.12883775017150678,1.0318159221086756
LAS2-H -> ZED,scene_006,rubiks_cube,1,0.18331921820594965,0.14890894515850775,0.12883775017150678,1.1557865995042798
LAS2-H -> ZED,scene_006,rubiks_cube,2,0.16359483653777354,0.12944668527071912,0.12883775017150678,1.004726371722587
LAS2-H -> ZED,scene_006,rubiks_cube,3,0.15149930339773515,0.11653988988870202,0.12883775017150678,0.90454769455044
LAS2-H -> ZED,scene_006,rubiks_cube,4,0.16442278285127532,0.1274521866520678,0.12883775017150678,0.9892456712602127
LAS2-H -> ZED,scene_006,rubiks_cube,5,0.14435683046248088,0.1081201618596948,0.12883775017150678,0.8391962892534753
LAS2-H -> ZED,scene_006,rubiks_cube,6,0.14928419179080882,0.11356237890824221,0.12883775017150678,0.8814371467762342
LAS2-H -> ZED,scene_006,rubiks_cube,7,0.12678341386218886,0.09240420587331226,0.12883775017150678,0.7172137494663268
LAS2-H -> ZED,scene_006,rubiks_cube,8,0.14774503567093578,0.11246099499118078,0.12883775017150678,0.8728885349323042
LAS2-H -> ZED,scene_006,rubiks_cube,9,0.1571943890875812,0.12227504518796953,0.12883775017150678,0.9490622509722416
LAS2-H -> ZED,scene_006,rubiks_cube,10,0.13389110401293794,0.10121093371012185,0.12883775017150678,0.7855689312751228
LAS2-H -> ZED,scene_006,scissors,0,0.16684879201720212,0.11899030921309903,0.20983996337550315,0.5670526590789047
LAS2-H -> ZED,scene_006,scissors,1,0.1626202693818085,0.1152326784175388,0.20983996337550315,0.5491455324519521
LAS2-H -> ZED,scene_006,scissors,2,0.14711960818296033,0.10098446190367426,0.20983996337550315,0.4812451369092416
LAS2-H -> ZED,scene_006,scissors,3,0.14092107857605315,0.09380476359055628,0.20983996337550315,0.4470300226973215
LAS2-H -> ZED,scene_006,scissors,4,0.16885134633045118,0.12133051448826783,0.20983996337550315,0.5782049926836388
LAS2-H -> ZED,scene_006,scissors,5,0.14551999328634174,0.1006786677663245,0.20983996337550315,0.4797878637929547
LAS2-H -> ZED,scene_006,scissors,6,0.15485374905001256,0.10883085223821505,0.20983996337550315,0.5186373962688179
LAS2-H -> ZED,scene_006,scissors,7,0.14960136878684108,0.10270346468992883,0.20983996337550315,0.4894371073928547
LAS2-H -> ZED,scene_006,scissors,8,0.1308079403466061,0.0849537000733069,0.20983996337550315,0.4048499566371181
LAS2-H -> ZED,scene_006,scissors,9,0.1300541548738877,0.08278037750207565,0.20983996337550315,0.39449290864553915
LAS2-H -> ZED,scene_006,scissors,10,0.12827824878306804,0.08361418359346308,0.20983996337550315,0.3984664419895922
LAS2-H -> ZED,scene_006,wood_block,0,0.12711165407469394,0.07687044741126679,0.24655690811826406,0.31177567888057284
LAS2-H -> ZED,scene_006,wood_block,1,0.13676781254516265,0.08621504717239367,0.24655690811826406,0.3496760558460587
LAS2-H -> ZED,scene_006,wood_block,2,0.1624930757193251,0.11283253509685472,0.24655690811826406,0.4576328278854519
LAS2-H -> ZED,scene_006,wood_block,3,0.15689345240246497,0.1055344608998227,0.24655690811826406,0.4280328695929371
LAS2-H -> ZED,scene_006,wood_block,4,0.16230132877203482,0.11123727794110302,0.24655690811826406,0.4511626901475691
LAS2-H -> ZED,scene_006,wood_block,5,0.1492064484613757,0.09812428682396439,0.24655690811826406,0.3979782500229029
LAS2-H -> ZED,scene_006,wood_block,6,0.1478841908616424,0.097038524347106,0.24655690811826406,0.3935745507506132
LAS2-H -> ZED,scene_006,wood_block,7,0.10497075427235941,0.05752138538589209,0.24655690811826406,0.23329861582422687
LAS2-H -> ZED,scene_006,wood_block,8,0.10091036719832619,0.05541521814408734,0.24655690811826406,0.2247562989291979
LAS2-H -> ZED,scene_006,wood_block,9,0.1136903485390739,0.06538724445126415,0.24655690811826406,0.2652014293588576
LAS2-H -> ZED,scene_006,wood_block,10,0.10444605559624805,0.05857146348374256,0.24655690811826406,0.23755758429468962
LAS2-H -> ZED,scene_009,apple,0,0.0210035818649873,0.012072440439788354,0.13449611403964654,0.08976051483710273
LAS2-H -> ZED,scene_009,apple,1,0.02510442865056719,0.014585789479591889,0.13449611403964654,0.10844766470570529
LAS2-H -> ZED,scene_009,apple,2,0.022518356193111273,0.012349780449869154,0.13449611403964654,0.09182258192403021
LAS2-H -> ZED,scene_009,apple,3,0.02893622486577819,0.016029811627870164,0.13449611403964654,0.11918419905533421
LAS2-H -> ZED,scene_009,apple,4,0.02987151776328096,0.014965704289276576,0.13449611403964654,0.1112723917425972
LAS2-H -> ZED,scene_009,apple,5,0.029504483838503785,0.015307718922109918,0.13449611403964654,0.113815324936433
LAS2-H -> ZED,scene_009,apple,6,0.030094181236669838,0.015502939960607868,0.13449611403964654,0.11526682440830921
LAS2-H -> ZED,scene_009,apple,7,0.032341895231873787,0.016070313437324613,0.13449611403964654,0.11948533645059391
LAS2-H -> ZED,scene_009,chips_box,0,0.10544536431567679,0.0703497209125999,0.2694943619712671,0.26104338657778836
LAS2-H -> ZED,scene_009,chips_box,1,0.11589191885354343,0.07452111248753433,0.2694943619712671,0.2765219722684945
LAS2-H -> ZED,scene_009,chips_box,2,0.1266766361987281,0.07949126412711321,0.2694943619712671,0.2949644792034217
LAS2-H -> ZED,scene_009,chips_box,3,0.1308071490015671,0.07788651666289832,0.2694943619712671,0.2890098185846367
LAS2-H -> ZED,scene_009,chips_box,4,0.1414232025896289,0.0892581680960231,0.2694943619712671,0.33120606844287015
LAS2-H -> ZED,scene_009,chips_box,5,0.1384099824417239,0.09150502985815144,0.2694943619712671,0.3395433922580819
LAS2-H -> ZED,scene_009,chips_box,6,0.13952933811470403,0.08893972065909034,0.2694943619712671,0.33002442057980014
LAS2-H -> ZED,scene_009,chips_box,7,0.14282407768413685,0.09164146677799812,0.2694943619712671,0.34004966229226247
LAS2-H -> ZED,scene_009,lemon,0,0.04085107433407731,0.021444726536728766,0.10349089662648787,0.2072136510144035
LAS2-H -> ZED,scene_009,lemon,1,0.03873405057661106,0.020432015809508954,0.10349089662648787,0.19742814561990665
LAS2-H -> ZED,scene_009,lemon,2,0.03823891055144478,0.019921279799001868,0.10349089662648787,0.19249306410882072
LAS2-H -> ZED,scene_009,lemon,3,0.03667116875270279,0.02002654890373745,0.10349089662648787,0.19351024637476932
LAS2-H -> ZED,scene_009,lemon,4,0.0486427161248252,0.028569283322962692,0.10349089662648787,0.27605600351568077
LAS2-H -> ZED,scene_009,lemon,5,0.03547931103659984,0.019367929018414564,0.10349089662648787,0.18714620947111843
LAS2-H -> ZED,scene_009,lemon,6,0.0487844834170948,0.028713650707864424,0.10349089662648787,0.27745098017167374
LAS2-H -> ZED,scene_009,lemon,7,0.04357163246467317,0.024269475615702973,0.10349089662648787,0.2345083133572093
LAS2-H -> ZED,scene_009,orange,0,0.02603143713651439,0.014505258139340553,0.127517730652621,0.11375091185440894
LAS2-H -> ZED,scene_009,orange,1,0.02981304031251524,0.0164607629697418,0.127517730652621,0.12908607207403644
LAS2-H -> ZED,scene_009,orange,2,0.03171051044650463,0.017209722008812035,0.127517730652621,0.1349594438415322
LAS2-H -> ZED,scene_009,orange,3,0.03670951810279345,0.02210497864681057,0.127517730652621,0.17334827504912334
LAS2-H -> ZED,scene_009,orange,4,0.03262879722853659,0.01957577196517699,0.127517730652621,0.153514118115108
LAS2-H -> ZED,scene_009,orange,5,0.030884658498550505,0.01971553880050863,0.127517730652621,0.15461017616614395
LAS2-H -> ZED,scene_009,orange,6,0.03563600013772802,0.02265990133909941,0.127517730652621,0.17770000472192107
LAS2-H -> ZED,scene_009,orange,7,0.036870529107546374,0.02153068919598905,0.127517730652621,0.16884467035131093
LAS2-H -> ZED,scene_009,rubiks_cube,0,0.037998333045920936,0.015289470789398634,0.12883775017150678,0.11867228951953548
LAS2-H -> ZED,scene_009,rubiks_cube,1,0.048732996285588547,0.023994664352078796,0.12883775017150678,0.1862393927256373
LAS2-H -> ZED,scene_009,rubiks_cube,2,0.0431840155140155,0.01981135448086098,0.12883775017150678,0.15376979537820565
LAS2-H -> ZED,scene_009,rubiks_cube,3,0.048341539781934645,0.02267762335637754,0.12883775017150678,0.1760169152766906
LAS2-H -> ZED,scene_009,rubiks_cube,4,0.03890152502150949,0.016683541976726824,0.12883775017150678,0.1294926522274563
LAS2-H -> ZED,scene_009,rubiks_cube,5,0.05370182886674036,0.02803329582510658,0.12883775017150678,0.21758603971110252
LAS2-H -> ZED,scene_009,rubiks_cube,6,0.04306835316577381,0.021751164284639395,0.12883775017150678,0.16882601765153915
LAS2-H -> ZED,scene_009,rubiks_cube,7,0.03957902263122452,0.01883419598328171,0.12883775017150678,0.14618538400592937
LAS2-H -> ZED,scene_009,scissors,0,0.05948384163717513,0.03417906040145716,0.20983996337550315,0.1628815591255829
LAS2-H -> ZED,scene_009,scissors,1,0.04847277985403222,0.028159717674928673,0.20983996337550315,0.13419616178896102
LAS2-H -> ZED,scene_009,scissors,2,0.04006495639894702,0.02153103446388872,0.20983996337550315,0.1026069301459012
LAS2-H -> ZED,scene_009,scissors,3,0.03354665399782059,0.018747880416709592,0.20983996337550315,0.08934370801028377
LAS2-H -> ZED,scene_009,scissors,4,0.04088300873886965,0.020937936840920206,0.20983996337550315,0.09978050178865268
LAS2-H -> ZED,scene_009,scissors,5,0.036442477734427416,0.01741237760970258,0.20983996337550315,0.08297932066707228
LAS2-H -> ZED,scene_009,scissors,6,0.038281512606506404,0.01902126982088623,0.20983996337550315,0.09064655518857562
LAS2-H -> ZED,scene_009,scissors,7,0.03803172254365258,0.017093016367888923,0.20983996337550315,0.08145739301956233
LAS2-H -> ZED,scene_009,wood_block,0,0.043156320889979075,0.017414984758672106,0.24655690811826406,0.0706327187973934
LAS2-H -> ZED,scene_009,wood_block,1,0.04440836730726765,0.01814916844321314,0.24655690811826406,0.07361046413880104
LAS2-H -> ZED,scene_009,wood_block,2,0.04531766966395007,0.019295287910239576,0.24655690811826406,0.0782589628394608
LAS2-H -> ZED,scene_009,wood_block,3,0.043648846372747456,0.02097178202638929,0.24655690811826406,0.0850585862162496
LAS2-H -> ZED,scene_009,wood_block,4,0.04799288249950344,0.021592569702081003,0.24655690811826406,0.08757641335980682
LAS2-H -> ZED,scene_009,wood_block,5,0.04718586705940549,0.02160711318307896,0.24655690811826406,0.08763539966487105
LAS2-H -> ZED,scene_009,wood_block,6,0.05145122878114453,0.025004547274654385,0.24655690811826406,0.10141491254692668
LAS2-H -> ZED,scene_009,wood_block,7,0.04849198694333537,0.024156836511384925,0.24655690811826406,0.09797671740674896
LAS2-H -> RealSense,scene_001,apple,0,0.0508458328011081,0.017554198065726646,0.13449611403964654,0.1305182546802211
LAS2-H -> RealSense,scene_001,apple,1,0.04847698657876736,0.017148080384009723,0.13449611403964654,0.12749870512210368
LAS2-H -> RealSense,scene_001,apple,2,0.04968942883330759,0.017823599015945418,0.13449611403964654,0.13252129359433693
LAS2-H -> RealSense,scene_001,apple,3,0.04649377608800917,0.016060412297198897,0.13449611403964654,0.11941171989894545
LAS2-H -> RealSense,scene_001,apple,4,0.04416821914631661,0.014776771814764273,0.13449611403964654,0.10986764874417414
LAS2-H -> RealSense,scene_001,apple,5,0.046573631907944536,0.016138032539767814,0.13449611403964654,0.11998883874823828
LAS2-H -> RealSense,scene_001,apple,6,0.045664206670809705,0.015522967642788927,0.13449611403964654,0.11541573341080391
LAS2-H -> RealSense,scene_001,apple,7,0.051087343763664694,0.018605198634064162,0.13449611403964654,0.1383326110714229
LAS2-H -> RealSense,scene_001,chips_box,0,0.03350786576198285,0.01663646158575215,0.2694943619712671,0.06173213221999017
LAS2-H -> RealSense,scene_001,chips_box,1,0.03580917667695903,0.01761832312035194,0.2694943619712671,0.06537547944038387
LAS2-H -> RealSense,scene_001,chips_box,2,0.03669410959039964,0.018210915705654453,0.2694943619712671,0.06757438475687318
LAS2-H -> RealSense,scene_001,chips_box,3,0.04080802388226265,0.01985633350887681,0.2694943619712671,0.07367995888164017
LAS2-H -> RealSense,scene_001,chips_box,4,0.041272812528304614,0.02091538286568357,0.2694943619712671,0.07760972330810217
LAS2-H -> RealSense,scene_001,chips_box,5,0.04095788327358531,0.020333014074716854,0.2694943619712671,0.07544875494235652
LAS2-H -> RealSense,scene_001,chips_box,6,0.04061802713546894,0.01998079243930391,0.2694943619712671,0.07414178275623524
LAS2-H -> RealSense,scene_001,chips_box,7,0.04559252587278888,0.021715918755715748,0.2694943619712671,0.08058023402371235
LAS2-H -> RealSense,scene_001,lemon,0,0.04845407607944666,0.025658741131089766,0.10349089662648787,0.2479323492934408
LAS2-H -> RealSense,scene_001,lemon,1,0.052902833768008806,0.02929938744181942,0.10349089662648787,0.28311077009569957
LAS2-H -> RealSense,scene_001,lemon,2,0.0369917635571302,0.018849124128010635,0.10349089662648787,0.18213316091017726
LAS2-H -> RealSense,scene_001,lemon,3,0.04962366577913886,0.02760600609197509,0.10349089662648787,0.26674815845502586
LAS2-H -> RealSense,scene_001,lemon,4,0.04982760525089966,0.027785721770665375,0.10349089662648787,0.2684846945615677
LAS2-H -> RealSense,scene_001,lemon,5,0.05539126081200898,0.032250777943874216,0.10349089662648787,0.3116291286978745
LAS2-H -> RealSense,scene_001,lemon,6,0.07075565315691264,0.04544878807094292,0.10349089662648787,0.4391573515395612
LAS2-H -> RealSense,scene_001,lemon,7,0.09879850349159262,0.07069599047320073,0.10349089662648787,0.6831131314704111
LAS2-H -> RealSense,scene_001,orange,0,0.06146375949154579,0.02937696955949434,0.127517730652621,0.23037556745361137
LAS2-H -> RealSense,scene_001,orange,1,0.05703822575176404,0.02824645523966298,0.127517730652621,0.22151002135233183
LAS2-H -> RealSense,scene_001,orange,2,0.06021131978581899,0.02877227905852992,0.127517730652621,0.22563355630057655
LAS2-H -> RealSense,scene_001,orange,3,0.06233518300548175,0.03116391472435459,0.127517730652621,0.24438887490281766
LAS2-H -> RealSense,scene_001,orange,4,0.05243560428998024,0.026272108711361,0.127517730652621,0.20602710365769045
LAS2-H -> RealSense,scene_001,orange,5,0.09632481891946569,0.0625250706785595,0.127517730652621,0.49032452474305666
LAS2-H -> RealSense,scene_001,orange,6,0.13695900638708688,0.10155424655456566,0.127517730652621,0.7963931449753909
LAS2-H -> RealSense,scene_001,orange,7,0.13847622498502132,0.10335356324004083,0.127517730652621,0.8105034704671205
LAS2-H -> RealSense,scene_001,rubiks_cube,0,0.06020544880756229,0.026474810734534414,0.12883775017150678,0.2054895455663543
LAS2-H -> RealSense,scene_001,rubiks_cube,1,0.05324493579772587,0.02180991854465462,0.12883775017150678,0.16928205060722964
LAS2-H -> RealSense,scene_001,rubiks_cube,2,0.04984262321645699,0.020069884303617506,0.12883775017150678,0.15577642637271136
LAS2-H -> RealSense,scene_001,rubiks_cube,3,0.04275249747792565,0.01663935385312507,0.12883775017150678,0.12914967725666604
LAS2-H -> RealSense,scene_001,rubiks_cube,4,0.04482060846106234,0.01801426273409226,0.12883775017150678,0.13982130788617433
LAS2-H -> RealSense,scene_001,rubiks_cube,5,0.06805673206125676,0.03286667916662666,0.12883775017150678,0.25510131248702383
LAS2-H -> RealSense,scene_001,rubiks_cube,6,0.05877052437603917,0.02598210180818529,0.12883775017150678,0.20166528656079702
LAS2-H -> RealSense,scene_001,rubiks_cube,7,0.06085346951408326,0.02592636485148497,0.12883775017150678,0.20123267300905365
LAS2-H -> RealSense,scene_001,scissors,0,0.07766041786114672,0.040948438018833556,0.20983996337550315,0.19514127509428408
LAS2-H -> RealSense,scene_001,scissors,1,0.051933004543395715,0.03202092108535338,0.20983996337550315,0.1525968674901681
LAS2-H -> RealSense,scene_001,scissors,2,0.047840008583814125,0.03326746598762101,0.20983996337550315,0.15853732269334103
LAS2-H -> RealSense,scene_001,scissors,3,0.08580883137074764,0.04104316010456466,0.20983996337550315,0.1955926766491042
LAS2-H -> RealSense,scene_001,scissors,4,0.10614922196765125,0.04926725394838078,0.20983996337550315,0.234784895859986
LAS2-H -> RealSense,scene_001,scissors,5,0.10595389215458319,0.03575020118051038,0.20983996337550315,0.17036888782017334
LAS2-H -> RealSense,scene_001,scissors,6,0.08963381756993424,0.0325755236123938,0.20983996337550315,0.15523984606354865
LAS2-H -> RealSense,scene_001,scissors,7,0.07650106890401435,0.021689029064017297,0.20983996337550315,0.10335985917613484
LAS2-H -> RealSense,scene_001,wood_block,0,0.036319919349761844,0.02110587607943637,0.24655690811826406,0.08560245275834119
LAS2-H -> RealSense,scene_001,wood_block,1,0.04080926222076345,0.02305310927949695,0.24655690811826406,0.09350015562508288
LAS2-H -> RealSense,scene_001,wood_block,2,0.04255365188609147,0.024239468231841216,0.24655690811826406,0.09831185999548006
LAS2-H -> RealSense,scene_001,wood_block,3,0.04112709252571567,0.023935741015820803,0.24655690811826406,0.09707998530034993
LAS2-H -> RealSense,scene_001,wood_block,4,0.04464225215819647,0.025487636016927186,0.24655690811826406,0.10337425226269356
LAS2-H -> RealSense,scene_001,wood_block,5,0.046469299396139814,0.026533160060217553,0.24655690811826406,0.10761475013099449
LAS2-H -> RealSense,scene_001,wood_block,6,0.042915214552062646,0.024839429404785986,0.24655690811826406,0.1007452177850618
LAS2-H -> RealSense,scene_001,wood_block,7,0.041150987281708656,0.02394304050411011,0.24655690811826406,0.09710959099400102
LAS2-H -> RealSense,scene_002,apple,0,0.02539807592693622,0.015106426188986163,0.13449611403964654,0.11231868144928794
LAS2-H -> RealSense,scene_002,apple,1,0.023220169900863598,0.014020962106864533,0.13449611403964654,0.10424808335154916
LAS2-H -> RealSense,scene_002,apple,2,0.025382316276387932,0.015295427185641931,0.13449611403964654,0.11372393392074637
LAS2-H -> RealSense,scene_002,apple,3,0.027103019295519233,0.01642649667815494,0.13449611403964654,0.12213361549845794
LAS2-H -> RealSense,scene_002,apple,4,0.025405269088240406,0.015108174629292663,0.13449611403964654,0.11233168138106281
LAS2-H -> RealSense,scene_002,apple,5,0.026132291159428913,0.015294677600176545,0.13449611403964654,0.11371836063358683
LAS2-H -> RealSense,scene_002,apple,6,0.025057461412089397,0.014241290874361613,0.13449611403964654,0.10588626278201309
LAS2-H -> RealSense,scene_002,apple,7,0.02709807918766402,0.014718801166706385,0.13449611403964654,0.10943662775541307
LAS2-H -> RealSense,scene_002,apple,8,0.02900960234619459,0.015364136009284983,0.13449611403964654,0.11423479495293053
LAS2-H -> RealSense,scene_002,apple,9,0.02606634345247394,0.013456075245467844,0.13449611403964654,0.10004805968967463
LAS2-H -> RealSense,scene_002,apple,10,0.025976968422274423,0.013816952550740495,0.13449611403964654,0.10273123985327604
LAS2-H -> RealSense,scene_002,chips_box,0,0.044454303687444054,0.020874959278841077,0.2694943619712671,0.07745972541372395
LAS2-H -> RealSense,scene_002,chips_box,1,0.04194021561870101,0.019954355494558734,0.2694943619712671,0.0740436844340596
LAS2-H -> RealSense,scene_002,chips_box,2,0.03714544134283302,0.018250419462804965,0.2694943619712671,0.06772096948265947
LAS2-H -> RealSense,scene_002,chips_box,3,0.04002956123894327,0.01927057428199559,0.2694943619712671,0.07150640978548627
LAS2-H -> RealSense,scene_002,chips_box,4,0.039185629138340755,0.01935611968729971,0.2694943619712671,0.07182383908040132
LAS2-H -> RealSense,scene_002,chips_box,5,0.03781464809531027,0.019065906453254015,0.2694943619712671,0.07074695854040457
LAS2-H -> RealSense,scene_002,chips_box,6,0.03773916428478499,0.018420446114699094,0.2694943619712671,0.0683518793490123
LAS2-H -> RealSense,scene_002,chips_box,7,0.038073630175556185,0.018553403726791394,0.2694943619712671,0.0688452388802461
LAS2-H -> RealSense,scene_002,chips_box,8,0.043624221769453235,0.020511845740356915,0.2694943619712671,0.07611233715733112
LAS2-H -> RealSense,scene_002,chips_box,9,0.037753411477716735,0.018071163542396542,0.2694943619712671,0.06705581300555465
LAS2-H -> RealSense,scene_002,chips_box,10,0.037916224853936135,0.01811736923628456,0.2694943619712671,0.06722726629144173
LAS2-H -> RealSense,scene_002,lemon,0,0.02733371978162055,0.013944706976671719,0.10349089662648787,0.1347433197627032
LAS2-H -> RealSense,scene_002,lemon,1,0.02590689260970266,0.013204714214975776,0.10349089662648787,0.12759300233559007
LAS2-H -> RealSense,scene_002,lemon,2,0.02710016027833114,0.01377000670583627,0.10349089662648787,0.13305524596558493
LAS2-H -> RealSense,scene_002,lemon,3,0.02554374566232139,0.012814625306991682,0.10349089662648787,0.12382369584874053
LAS2-H -> RealSense,scene_002,lemon,4,0.03181450248588996,0.015948110061387112,0.10349089662648787,0.15410157396689603
LAS2-H -> RealSense,scene_002,lemon,5,0.03012640973040867,0.014768545579333792,0.10349089662648787,0.14270381319272357
LAS2-H -> RealSense,scene_002,lemon,6,0.025870618036054262,0.01274757301540468,0.10349089662648787,0.1231757906341495
LAS2-H -> RealSense,scene_002,lemon,7,0.02910228894499059,0.01394949601157629,0.10349089662648787,0.13478959470147253
LAS2-H -> RealSense,scene_002,lemon,8,0.02400052173358545,0.011847032535331268,0.10349089662648787,0.11447415107522695
LAS2-H -> RealSense,scene_002,lemon,9,0.023342344723812407,0.01152842896133325,0.10349089662648787,0.11139558489806936
LAS2-H -> RealSense,scene_002,lemon,10,0.03012164532402731,0.01483150951000182,0.10349089662648787,0.1433122138609995
LAS2-H -> RealSense,scene_002,orange,0,0.06469214805372231,0.02965996323792164,0.127517730652621,0.23259481709818217
LAS2-H -> RealSense,scene_002,orange,1,0.06583543351866784,0.03029070388156871,0.127517730652621,0.23754111468690972
LAS2-H -> RealSense,scene_002,orange,2,0.06916544742221169,0.03271899078686866,0.127517730652621,0.25658385402105766
LAS2-H -> RealSense,scene_002,orange,3,0.06859327816571144,0.032305381621876995,0.127517730652621,0.25334031162993403
LAS2-H -> RealSense,scene_002,orange,4,0.06345736874568901,0.02865061260325135,0.127517730652621,0.22467944227536693
LAS2-H -> RealSense,scene_002,orange,5,0.06623822637415483,0.030606343157097305,0.127517730652621,0.24001637262879114
LAS2-H -> RealSense,scene_002,orange,6,0.0618460715478368,0.02734475684653041,0.127517730652621,0.21443886043598098
LAS2-H -> RealSense,scene_002,orange,7,0.06824050682117574,0.03195366640093369,0.127517730652621,0.2505821444390401
LAS2-H -> RealSense,scene_002,orange,8,0.06954479459530424,0.03281485057471288,0.127517730652621,0.2573355909548442
LAS2-H -> RealSense,scene_002,orange,9,0.0684629365467028,0.03194126171986679,0.127517730652621,0.25048486635070355
LAS2-H -> RealSense,scene_002,orange,10,0.07291102356904745,0.035355615633839155,0.127517730652621,0.27726038922503715
LAS2-H -> RealSense,scene_002,rubiks_cube,0,0.02900952664620543,0.013636446152506388,0.12883775017150678,0.10584200775280354
LAS2-H -> RealSense,scene_002,rubiks_cube,1,0.03659013995319874,0.016869171818551642,0.12883775017150678,0.13093345542044676
LAS2-H -> RealSense,scene_002,rubiks_cube,2,0.031302474096460815,0.014413511260282843,0.12883775017150678,0.11187335420787621
LAS2-H -> RealSense,scene_002,rubiks_cube,3,0.039043991967684155,0.01813219842963975,0.12883775017150678,0.1407366894058803
LAS2-H -> RealSense,scene_002,rubiks_cube,4,0.03185045316724004,0.014658096123094353,0.12883775017150678,0.11377174860304318
LAS2-H -> RealSense,scene_002,rubiks_cube,5,0.04647599856848078,0.022020275927874877,0.12883775017150678,0.17091478156488943
LAS2-H -> RealSense,scene_002,rubiks_cube,6,0.04783095979339979,0.02284281038825772,0.12883775017150678,0.17729904750626063
LAS2-H -> RealSense,scene_002,rubiks_cube,7,0.050626491600893095,0.024615425839573605,0.12883775017150678,0.19105755732932264
LAS2-H -> RealSense,scene_002,rubiks_cube,8,0.05125782486428902,0.024639232133757037,0.12883775017150678,0.19124233464925985
LAS2-H -> RealSense,scene_002,rubiks_cube,9,0.04358908795319743,0.020509772074386718,0.12883775017150678,0.1591907034008622
LAS2-H -> RealSense,scene_002,rubiks_cube,10,0.04676881918315984,0.02171683839658555,0.12883775017150678,0.16855959039704155
LAS2-H -> RealSense,scene_002,scissors,0,0.03864870855317637,0.023696975672799596,0.20983996337550315,0.11292880198608535
LAS2-H -> RealSense,scene_002,scissors,1,0.05604257961022929,0.03269603685718538,0.20983996337550315,0.15581415632768042
LAS2-H -> RealSense,scene_002,scissors,2,0.05662598097140793,0.03408679980364704,0.20983996337550315,0.16244188788124023
LAS2-H -> RealSense,scene_002,scissors,3,0.06190364009003409,0.03791494192772535,0.20983996337550315,0.18068503881635525
LAS2-H -> RealSense,scene_002,scissors,4,0.059341651778129036,0.03475775170706342,0.20983996337550315,0.16563933365192848
LAS2-H -> RealSense,scene_002,scissors,5,0.051633034819618284,0.031479180100076706,0.20983996337550315,0.15001518106322548
LAS2-H -> RealSense,scene_002,scissors,6,0.04302615574055187,0.025077455237699973,0.20983996337550315,0.11950752770969808
LAS2-H -> RealSense,scene_002,scissors,7,0.05257023802430002,0.03186725236048891,0.20983996337550315,0.15186455357630468
LAS2-H -> RealSense,scene_002,scissors,8,0.057421087338090905,0.03385299475703364,0.20983996337550315,0.16132768140287268
LAS2-H -> RealSense,scene_002,scissors,9,0.04901536984940384,0.029019034000280754,0.20983996337550315,0.13829126508353393
LAS2-H -> RealSense,scene_002,scissors,10,0.044118910920767286,0.026573769065957726,0.20983996337550315,0.12663826584073815
LAS2-H -> RealSense,scene_002,wood_block,0,0.024756928087469227,0.015737243375203585,0.24655690811826406,0.06382803668050145
LAS2-H -> RealSense,scene_002,wood_block,1,0.02940538192028987,0.01798256108623974,0.24655690811826406,0.07293472822758705
LAS2-H -> RealSense,scene_002,wood_block,2,0.025727369517573886,0.01622982792205312,0.24655690811826406,0.06582589003861244
LAS2-H -> RealSense,scene_002,wood_block,3,0.027994455742810974,0.017338226604592017,0.24655690811826406,0.07032139856440577
LAS2-H -> RealSense,scene_002,wood_block,4,0.02821462089575206,0.017473167830061306,0.24655690811826406,0.07086870111820223
LAS2-H -> RealSense,scene_002,wood_block,5,0.029995343163190694,0.018237347056159835,0.24655690811826406,0.07396810414012844
LAS2-H -> RealSense,scene_002,wood_block,6,0.02961808190069161,0.017901299727869413,0.24655690811826406,0.07260514363395097
LAS2-H -> RealSense,scene_002,wood_block,7,0.03382624987677642,0.019923725181913505,0.24655690811826406,0.08080781566402855
LAS2-H -> RealSense,scene_002,wood_block,8,0.03346823754151006,0.019720158331292773,0.24655690811826406,0.07998217726608478
LAS2-H -> RealSense,scene_002,wood_block,9,0.031185787961155353,0.018703915472765682,0.24655690811826406,0.07586043974802814
LAS2-H -> RealSense,scene_002,wood_block,10,0.034418164378732144,0.020024281325253426,0.24655690811826406,0.08121565718064785
LAS2-H -> RealSense,scene_004,chips_box,0,0.02522661036805265,0.015506858422708093,0.2694943619712671,0.05754056711717554
LAS2-H -> RealSense,scene_004,chips_box,1,0.02410429573344591,0.01522310741875544,0.2694943619712671,0.05648766566915599
LAS2-H -> RealSense,scene_004,chips_box,2,0.025924646414320785,0.015782395814163394,0.2694943619712671,0.05856299070125289
LAS2-H -> RealSense,scene_004,chips_box,3,0.025334381385694077,0.013821098893722805,0.2694943619712671,0.05128529885607173
LAS2-H -> RealSense,scene_004,chips_box,4,0.035519739070179225,0.019996750974749813,0.2694943619712671,0.07420099933994843
LAS2-H -> RealSense,scene_004,chips_box,5,0.025571437250986078,0.013089701505956437,0.2694943619712671,0.04857133711521591
LAS2-H -> RealSense,scene_004,chips_box,6,0.029635438616409937,0.016594503737189997,0.2694943619712671,0.06157644121311624
LAS2-H -> RealSense,scene_004,chips_box,7,0.035082682560545926,0.019706365868462354,0.2694943619712671,0.07312348104174218
LAS2-H -> RealSense,scene_004,chips_box,8,0.03228760213667575,0.018099957624171523,0.2694943619712671,0.06716265784477266
LAS2-H -> RealSense,scene_004,chips_box,9,0.03772727924056386,0.02056163707471559,0.2694943619712671,0.07629709550995292
LAS2-H -> RealSense,scene_004,chips_box,10,0.03838685548451595,0.01986399275665333,0.2694943619712671,0.07370837969059697
LAS2-H -> RealSense,scene_004,scissors,0,0.04026369608581065,0.02386571638581742,0.20983996337550315,0.11373294200928896
LAS2-H -> RealSense,scene_004,scissors,1,0.03229929633481377,0.017243611639011492,0.20983996337550315,0.08217506027750537
LAS2-H -> RealSense,scene_004,scissors,2,0.0367565401304852,0.020938827525604366,0.20983996337550315,0.09978474637900542
LAS2-H -> RealSense,scene_004,scissors,3,0.03338045127576044,0.018614575522381892,0.20983996337550315,0.08870843867367435
LAS2-H -> RealSense,scene_004,scissors,4,0.028375808184050312,0.01641141310225124,0.20983996337550315,0.07820918779366846
LAS2-H -> RealSense,scene_004,scissors,5,0.029311186670999967,0.016981494040089615,0.20983996337550315,0.08092592929832758
LAS2-H -> RealSense,scene_004,scissors,6,0.0313501376298367,0.02145102735482368,0.20983996337550315,0.10222565334915554
LAS2-H -> RealSense,scene_004,scissors,7,0.027899186828558725,0.016010424547035777,0.20983996337550315,0.07629826220654423
LAS2-H -> RealSense,scene_004,scissors,8,0.023082148420281775,0.013127404333754823,0.20983996337550315,0.0625591242134544
LAS2-H -> RealSense,scene_004,scissors,9,0.01991358966717164,0.008709080622449619,0.20983996337550315,0.04150344139578859
LAS2-H -> RealSense,scene_004,scissors,10,0.02002323464661462,0.009773388064478104,0.20983996337550315,0.0465754373345409
LAS2-H -> RealSense,scene_004,wood_block,0,0.04102826453661619,0.019161267522518257,0.24655690811826406,0.07771539507352729
LAS2-H -> RealSense,scene_004,wood_block,1,0.04550841032778228,0.022471183102384436,0.24655690811826406,0.09113994523165361
LAS2-H -> RealSense,scene_004,wood_block,2,0.04327338758966061,0.022592647858912948,0.24655690811826406,0.0916325891306039
LAS2-H -> RealSense,scene_004,wood_block,3,0.04405090460513802,0.0235747118694683,0.24655690811826406,0.09561570206810185
LAS2-H -> RealSense,scene_004,wood_block,4,0.047672385516972844,0.025971597807816514,0.24655690811826406,0.10533713294035517
LAS2-H -> RealSense,scene_004,wood_block,5,0.035914715982370976,0.020231937035623853,0.24655690811826406,0.0820578794162983
LAS2-H -> RealSense,scene_004,wood_block,6,0.03799341698334054,0.021329714549081443,0.24655690811826406,0.08651030998024352
LAS2-H -> RealSense,scene_004,wood_block,7,0.04556284971735053,0.024867757833925825,0.24655690811826406,0.10086011389304776
LAS2-H -> RealSense,scene_004,wood_block,8,0.05616945521558441,0.030373671690312597,0.24655690811826406,0.12319132293686734
LAS2-H -> RealSense,scene_004,wood_block,9,0.06359126114783152,0.03413107814973044,0.24655690811826406,0.1384308329067748
LAS2-H -> RealSense,scene_004,wood_block,10,0.061181649276235005,0.033048233235466816,0.24655690811826406,0.13403896685634467
LAS2-H -> RealSense,scene_005,apple,0,0.028077801369543545,0.016884487351956592,0.13449611403964654,0.12553884900332074
LAS2-H -> RealSense,scene_005,apple,1,0.028045663952795393,0.0172592099588425,0.13449611403964654,0.12832497118656425
LAS2-H -> RealSense,scene_005,apple,2,0.02251459617472534,0.015509800978950243,0.13449611403964654,0.11531783717095566
LAS2-H -> RealSense,scene_005,apple,3,0.026086953728134046,0.01674848254968795,0.13449611403964654,0.12452763166637558
LAS2-H -> RealSense,scene_005,apple,4,0.025577230500073038,0.016317787229604967,0.13449611403964654,0.12132534345784025
LAS2-H -> RealSense,scene_005,apple,5,0.02362234952925473,0.01587970806339356,0.13449611403964654,0.11806815517891146
LAS2-H -> RealSense,scene_005,apple,6,0.0238739371527663,0.01629622516821977,0.13449611403964654,0.12116502610191396
LAS2-H -> RealSense,scene_005,apple,7,0.02612183441785381,0.016902834704102584,0.13449611403964654,0.12567526448474187
LAS2-H -> RealSense,scene_005,apple,8,0.023589991946832266,0.016349257355379898,0.13449611403964654,0.1215593288484193
LAS2-H -> RealSense,scene_005,apple,9,0.026781413281827964,0.017190952750019074,0.13449611403964654,0.12781746798239504
LAS2-H -> RealSense,scene_005,apple,10,0.027746062949227622,0.01812497313806087,0.13449611403964654,0.13476205812695838
LAS2-H -> RealSense,scene_005,chips_box,0,0.03141202883930712,0.015886351512121373,0.2694943619712671,0.05894873419954939
LAS2-H -> RealSense,scene_005,chips_box,1,0.03373023884965647,0.016862554401122196,0.2694943619712671,0.06257108415099254
LAS2-H -> RealSense,scene_005,chips_box,2,0.03240677341464309,0.016296397850130994,0.2694943619712671,0.06047027377837493
LAS2-H -> RealSense,scene_005,chips_box,3,0.032918273592830845,0.015946701828563302,0.2694943619712671,0.05917267326825748
LAS2-H -> RealSense,scene_005,chips_box,4,0.03061646551549376,0.01493970526684939,0.2694943619712671,0.05543605868994851
LAS2-H -> RealSense,scene_005,chips_box,5,0.030826690619763664,0.014865855304007605,0.2694943619712671,0.055162027120970236
LAS2-H -> RealSense,scene_005,chips_box,6,0.031129773397893395,0.015012365439958883,0.2694943619712671,0.05570567536236424
LAS2-H -> RealSense,scene_005,chips_box,7,0.0295677586844217,0.014212255763641515,0.2694943619712671,0.05273674617785434
LAS2-H -> RealSense,scene_005,chips_box,8,0.027605692528839234,0.013051355319171981,0.2694943619712671,0.048429047731111674
LAS2-H -> RealSense,scene_005,chips_box,9,0.026463171960132904,0.012354087766258511,0.2694943619712671,0.04584172995639767
LAS2-H -> RealSense,scene_005,chips_box,10,0.025535572985079556,0.011710747033587232,0.2694943619712671,0.04345451588644295
LAS2-H -> RealSense,scene_005,lemon,0,0.03632250527184484,0.017210431306087032,0.10349089662648787,0.16629898732254414
LAS2-H -> RealSense,scene_005,lemon,1,0.03758581709896335,0.01783336190481384,0.10349089662648787,0.17231816986934384
LAS2-H -> RealSense,scene_005,lemon,2,0.03918466642962394,0.01887032775065038,0.10349089662648787,0.18233804485003016
LAS2-H -> RealSense,scene_005,lemon,3,0.03670999855586958,0.018026352466090797,0.10349089662648787,0.17418297699313834
LAS2-H -> RealSense,scene_005,lemon,4,0.03289631348908672,0.01584848946591698,0.10349089662648787,0.15313897147027572
LAS2-H -> RealSense,scene_005,lemon,5,0.03785720961737682,0.018559887299251242,0.10349089662648787,0.17933835636033083
LAS2-H -> RealSense,scene_005,lemon,6,0.03505373602040037,0.017241860304175738,0.10349089662648787,0.16660267585084182
LAS2-H -> RealSense,scene_005,lemon,7,0.04028565555018964,0.020426343057479455,0.10349089662648787,0.1973733316003705
LAS2-H -> RealSense,scene_005,lemon,8,0.038225468928943074,0.018712086253883257,0.10349089662648787,0.18080900701264202
LAS2-H -> RealSense,scene_005,lemon,9,0.04091191381746617,0.0207240716251248,0.10349089662648787,0.20025018915355108
LAS2-H -> RealSense,scene_005,lemon,10,0.03894600745465148,0.01961184906095313,0.10349089662648787,0.18950313216180595
LAS2-H -> RealSense,scene_005,orange,0,0.059736198505062114,0.028399120699000222,0.127517730652621,0.2227072310153012
LAS2-H -> RealSense,scene_005,orange,1,0.06109015691220866,0.029313553716395113,0.127517730652621,0.2298782574499384
LAS2-H -> RealSense,scene_005,orange,2,0.05855962000298546,0.027265879151168498,0.127517730652621,0.21382029786465678
LAS2-H -> RealSense,scene_005,orange,3,0.05679010124124596,0.026040312756301916,0.127517730652621,0.20420934895116627
LAS2-H -> RealSense,scene_005,orange,4,0.05306385022073996,0.023180049966179197,0.127517730652621,0.18177903455108854
LAS2-H -> RealSense,scene_005,orange,5,0.05264228274758062,0.022722241148667187,0.127517730652621,0.17818887642038
LAS2-H -> RealSense,scene_005,orange,6,0.055790391339181594,0.02487848965884843,0.127517730652621,0.1950982779533732
LAS2-H -> RealSense,scene_005,orange,7,0.0558303019756404,0.025122196805377146,0.127517730652621,0.19700944077976174
LAS2-H -> RealSense,scene_005,orange,8,0.055491760238816246,0.024459484183885993,0.127517730652621,0.19181241744740266
LAS2-H -> RealSense,scene_005,orange,9,0.05475596671472339,0.023769529136321427,0.127517730652621,0.18640175773731013
LAS2-H -> RealSense,scene_005,orange,10,0.05822414240356706,0.026200292685200025,0.127517730652621,0.20546391902608332
LAS2-H -> RealSense,scene_005,rubiks_cube,0,0.06594829730730753,0.03228526430503256,0.12883775017150678,0.25058854460012636
LAS2-H -> RealSense,scene_005,rubiks_cube,1,0.07478817823204803,0.038858075036622156,0.12883775017150678,0.30160473141524824
LAS2-H -> RealSense,scene_005,rubiks_cube,2,0.06675696827435437,0.03298590833147276,0.12883775017150678,0.2560267335277311
LAS2-H -> RealSense,scene_005,rubiks_cube,3,0.06870907260911048,0.034612522741917846,0.12883775017150678,0.2686520270327773
LAS2-H -> RealSense,scene_005,rubiks_cube,4,0.06794672528856506,0.033863313802896415,0.12883775017150678,0.26283689181018843
LAS2-H -> RealSense,scene_005,rubiks_cube,5,0.06896550806791754,0.03484550742510002,0.12883775017150678,0.27046038431060954
LAS2-H -> RealSense,scene_005,rubiks_cube,6,0.0864985357713298,0.04870658129151612,0.12883775017150678,0.3780458850506058
LAS2-H -> RealSense,scene_005,rubiks_cube,7,0.07400048781982538,0.03881666280733375,0.12883775017150678,0.3012833021040931
LAS2-H -> RealSense,scene_005,rubiks_cube,8,0.07604200690379294,0.0405485942389312,0.12883775017150678,0.31472603476041416
LAS2-H -> RealSense,scene_005,rubiks_cube,9,0.07414191335404671,0.039181762263286055,0.12883775017150678,0.3041170946491064
LAS2-H -> RealSense,scene_005,rubiks_cube,10,0.08310516190327755,0.04647166592377923,0.12883775017150678,0.360699141842487
LAS2-H -> RealSense,scene_005,scissors,0,0.05102844274756287,0.022157825606124327,0.20983996337550315,0.10559392619828796
LAS2-H -> RealSense,scene_005,scissors,1,0.046168079894172556,0.019898965211675237,0.20983996337550315,0.09482924458991902
LAS2-H -> RealSense,scene_005,scissors,2,0.045552613649594585,0.019404104622128167,0.20983996337550315,0.09247096839892707
LAS2-H -> RealSense,scene_005,scissors,3,0.05091852467893208,0.022121181736555036,0.20983996337550315,0.10541929850116184
LAS2-H -> RealSense,scene_005,scissors,4,0.05195694849150349,0.022544708049885013,0.20983996337550315,0.10743762859671227
LAS2-H -> RealSense,scene_005,scissors,5,0.05067460850696498,0.02250446040133761,0.20983996337550315,0.10724582695940746
LAS2-H -> RealSense,scene_005,scissors,6,0.05074040442452958,0.021924122806587648,0.20983996337550315,0.10448020698209426
LAS2-H -> RealSense,scene_005,scissors,7,0.047427699758154085,0.020657496312713946,0.20983996337550315,0.09844405222158704
LAS2-H -> RealSense,scene_005,scissors,8,0.04273414550403809,0.018920518363977328,0.20983996337550315,0.0901664204454685
LAS2-H -> RealSense,scene_005,scissors,9,0.033379768548024547,0.014790466499786114,0.20983996337550315,0.07048450763079366
LAS2-H -> RealSense,scene_005,scissors,10,0.03778271108152597,0.01550185045651343,0.20983996337550315,0.07387463382641406
LAS2-H -> RealSense,scene_005,wood_block,0,0.043277060734229794,0.023744913603907427,0.24655690811826406,0.09630601626671068
LAS2-H -> RealSense,scene_005,wood_block,1,0.05587743016694243,0.02969595183428079,0.24655690811826406,0.12044258690994275
LAS2-H -> RealSense,scene_005,wood_block,2,0.05099627780963664,0.027428516101846923,0.24655690811826406,0.11124618779162536
LAS2-H -> RealSense,scene_005,wood_block,3,0.061430854598087406,0.03238452896106321,0.24655690811826406,0.13134707604919174
LAS2-H -> RealSense,scene_005,wood_block,4,0.04942743556418731,0.026787145112568134,0.24655690811826406,0.10864487763498133
LAS2-H -> RealSense,scene_005,wood_block,5,0.05185660953020317,0.028001928719336835,0.24655690811826406,0.11357186838952964
LAS2-H -> RealSense,scene_005,wood_block,6,0.05526285920500222,0.029725894733566727,0.24655690811826406,0.12056403108084214
LAS2-H -> RealSense,scene_005,wood_block,7,0.053479364227530066,0.028880015540954686,0.24655690811826406,0.11713326453259233
LAS2-H -> RealSense,scene_005,wood_block,8,0.053478186836220284,0.028877017981244753,0.24655690811826406,0.11712110685373105
LAS2-H -> RealSense,scene_005,wood_block,9,0.05553965731762601,0.030011158799438022,0.24655690811826406,0.12172102184637552
LAS2-H -> RealSense,scene_005,wood_block,10,0.05347750294598017,0.029100914351303415,0.24655690811826406,0.11802919891153406
LAS2-H -> RealSense,scene_006,apple,0,0.11416066703396381,0.06854387382001491,0.13449611403964654,0.5096346040139841
LAS2-H -> RealSense,scene_006,apple,1,0.13396925348081817,0.08814451356438376,0.13449611403964654,0.6553684780691929
LAS2-H -> RealSense,scene_006,apple,2,0.12848593137641973,0.08477756880919593,0.13449611403964654,0.6303347082890837
LAS2-H -> RealSense,scene_006,apple,3,0.14496148989288993,0.1010116401686694,0.13449611403964654,0.7510376109371707
LAS2-H -> RealSense,scene_006,apple,4,0.14112992726163082,0.09906030625346988,0.13449611403964654,0.7365291329106286
LAS2-H -> RealSense,scene_006,apple,5,0.1635364535763596,0.12218546257977102,0.13449611403964654,0.9084683483401862
LAS2-H -> RealSense,scene_006,apple,6,0.19253312966378863,0.1500157095199113,0.13449611403964654,1.1153906608460815
LAS2-H -> RealSense,scene_006,apple,7,0.23048433009929417,0.1884264374937895,0.13449611403964654,1.400980532703313
LAS2-H -> RealSense,scene_006,apple,8,0.21136732018153978,0.1697083294201832,0.13449611403964654,1.261808421990221
LAS2-H -> RealSense,scene_006,apple,9,0.17472626473429875,0.13312634479369792,0.13449611403964654,0.9898155477893968
LAS2-H -> RealSense,scene_006,apple,10,0.14234843335843705,0.09935666445963987,0.13449611403964654,0.7387326033103951
LAS2-H -> RealSense,scene_006,chips_box,0,0.07691469139786676,0.044313813186232745,0.2694943619712671,0.16443317352575038
LAS2-H -> RealSense,scene_006,chips_box,1,0.07959374824482687,0.04706368114613071,0.2694943619712671,0.1746369786806469
LAS2-H -> RealSense,scene_006,chips_box,2,0.076219263632315,0.04368539137091235,0.2694943619712671,0.16210131837774772
LAS2-H -> RealSense,scene_006,chips_box,3,0.0742847722206518,0.041991937712947035,0.2694943619712671,0.15581749987565277
LAS2-H -> RealSense,scene_006,chips_box,4,0.07187874629323837,0.04143048321614683,0.2694943619712671,0.15373413719343063
LAS2-H -> RealSense,scene_006,chips_box,5,0.08434659491300858,0.05118899521252093,0.2694943619712671,0.18994458673676667
LAS2-H -> RealSense,scene_006,chips_box,6,0.07150423673339865,0.04020466946364864,0.2694943619712671,0.14918556800062174
LAS2-H -> RealSense,scene_006,chips_box,7,0.07660252210248833,0.044410747320481316,0.2694943619712671,0.16479286243923832
LAS2-H -> RealSense,scene_006,chips_box,8,0.07073102296031919,0.04026385512324606,0.2694943619712671,0.14940518543218692
LAS2-H -> RealSense,scene_006,chips_box,9,0.06788472748182674,0.037996950939501166,0.2694943619712671,0.14099349114974183
LAS2-H -> RealSense,scene_006,chips_box,10,0.061367185576915936,0.03317566348078666,0.2694943619712671,0.12310336749947956
LAS2-H -> RealSense,scene_006,lemon,0,0.11801926341149917,0.08930474215463159,0.10349089662648787,0.8629236489944042
LAS2-H -> RealSense,scene_006,lemon,1,0.12239992569779824,0.09384687847282593,0.10349089662648787,0.9068128843402675
LAS2-H -> RealSense,scene_006,lemon,2,0.13358517142249546,0.10496258591444246,0.10349089662648787,1.0142204709392566
LAS2-H -> RealSense,scene_006,lemon,3,0.12110088984373822,0.09276060575775416,0.10349089662648787,0.8963165725826038
LAS2-H -> RealSense,scene_006,lemon,4,0.10643538157483486,0.07822758724196174,0.10349089662648787,0.7558885833629918
LAS2-H -> RealSense,scene_006,lemon,5,0.1148922015581688,0.08636162643373628,0.10349089662648787,0.8344852470012569
LAS2-H -> RealSense,scene_006,lemon,6,0.13246046493232513,0.10327392064102363,0.10349089662648787,0.9979034292625047
LAS2-H -> RealSense,scene_006,lemon,7,0.1656685894996556,0.1361057932079179,0.10349089662648787,1.3151474926257662
LAS2-H -> RealSense,scene_006,lemon,8,0.1709635578139239,0.1415426957230005,0.10349089662648787,1.367682572447377
LAS2-H -> RealSense,scene_006,lemon,9,0.1559737571967082,0.12683493854478317,0.10349089662648787,1.2255661384647867
LAS2-H -> RealSense,scene_006,lemon,10,0.11946892202810756,0.09086326716358953,0.10349089662648787,0.8779831862074488
LAS2-H -> RealSense,scene_006,orange,0,0.09256296373090997,0.06357848910320217,0.127517730652621,0.49858548123319646
LAS2-H -> RealSense,scene_006,orange,1,0.09532841970173626,0.06627066290476342,0.127517730652621,0.5196976339337113
LAS2-H -> RealSense,scene_006,orange,2,0.09403073108079052,0.0645559925432747,0.127517730652621,0.5062511088684263
LAS2-H -> RealSense,scene_006,orange,3,0.09832789071146097,0.0680195832400537,0.127517730652621,0.533412748893329
LAS2-H -> RealSense,scene_006,orange,4,0.09109049422940646,0.06114230777790621,0.127517730652621,0.4794808334886995
LAS2-H -> RealSense,scene_006,orange,5,0.09264781184857704,0.06312184039940193,0.127517730652621,0.4950044207684033
LAS2-H -> RealSense,scene_006,orange,6,0.11040605157707578,0.07947917708387835,0.127517730652621,0.6232794190824531
LAS2-H -> RealSense,scene_006,orange,7,0.1329995986267784,0.10104854838532679,0.127517730652621,0.792427436311578
LAS2-H -> RealSense,scene_006,orange,8,0.12221118782883425,0.09294835195715322,0.127517730652621,0.7289053175699904
LAS2-H -> RealSense,scene_006,orange,9,0.08426199922167084,0.05766363087091221,0.127517730652621,0.4522008866986294
LAS2-H -> RealSense,scene_006,orange,10,0.08724540271095625,0.06074892789964593,0.127517730652621,0.4763959301090126
LAS2-H -> RealSense,scene_006,rubiks_cube,0,0.1786125643066605,0.13904831970997772,0.12883775017150678,1.0792513803204324
LAS2-H -> RealSense,scene_006,rubiks_cube,1,0.1813390562445685,0.13906450124691844,0.12883775017150678,1.0793769765600374
LAS2-H -> RealSense,scene_006,rubiks_cube,2,0.17318214532730905,0.131747727219916,0.12883775017150678,1.022586369635728
LAS2-H -> RealSense,scene_006,rubiks_cube,3,0.16561559973423273,0.12363412511292979,0.12883775017150678,0.959611021989673
LAS2-H -> RealSense,scene_006,rubiks_cube,4,0.17449987094861427,0.13035265932310408,0.12883775017150678,1.0117582707675403
LAS2-H -> RealSense,scene_006,rubiks_cube,5,0.17127592582077378,0.12702936997773415,0.12883775017150678,0.9859638949658361
LAS2-H -> RealSense,scene_006,rubiks_cube,6,0.18054927264827295,0.13547889963688656,0.12883775017150678,1.0515466115834775
LAS2-H -> RealSense,scene_006,rubiks_cube,7,0.16851930115630742,0.12368756029204504,0.12883775017150678,0.9600257698337181
LAS2-H -> RealSense,scene_006,rubiks_cube,8,0.19711965087352454,0.1522744922787278,0.12883775017150678,1.1819089674883518
LAS2-H -> RealSense,scene_006,rubiks_cube,9,0.19918001101800142,0.15604688887651413,0.12883775017150678,1.2111891791713763
LAS2-H -> RealSense,scene_006,rubiks_cube,10,0.17469512971057286,0.13179076647371107,0.12883775017150678,1.022920427423432
LAS2-H -> RealSense,scene_006,scissors,0,0.14939433047611,0.1040795503586145,0.20983996337550315,0.4959948938437759
LAS2-H -> RealSense,scene_006,scissors,1,0.15644000721424392,0.10939903849597452,0.20983996337550315,0.5213451086064469
LAS2-H -> RealSense,scene_006,scissors,2,0.1492399974864295,0.10204885537629073,0.20983996337550315,0.4863175428298992
LAS2-H -> RealSense,scene_006,scissors,3,0.16167722776700347,0.11363753027576538,0.20983996337550315,0.5415437957945789
LAS2-H -> RealSense,scene_006,scissors,4,0.170899081963774,0.12223451945411767,0.20983996337550315,0.5825130613246543
LAS2-H -> RealSense,scene_006,scissors,5,0.1291121005728931,0.08360967449200545,0.20983996337550315,0.398444953702113
LAS2-H -> RealSense,scene_006,scissors,6,0.14838644244593213,0.10229417142528614,0.20983996337550315,0.48748660541001615
LAS2-H -> RealSense,scene_006,scissors,7,0.14355296482472493,0.09776138449610779,0.20983996337550315,0.465885443952191
LAS2-H -> RealSense,scene_006,scissors,8,0.13418712679801512,0.08835401074838166,0.20983996337550315,0.4210542611955877
LAS2-H -> RealSense,scene_006,scissors,9,0.13959142907644123,0.09166867815076606,0.20983996337550315,0.4368504296139594
LAS2-H -> RealSense,scene_006,scissors,10,0.12250483644810092,0.07413556036042698,0.20983996337550315,0.35329571721170827
LAS2-H -> RealSense,scene_006,wood_block,0,0.13294515452042002,0.08110493682297698,0.24655690811826406,0.3289501699302378
LAS2-H -> RealSense,scene_006,wood_block,1,0.13179431169053057,0.0802760566251527,0.24655690811826406,0.3255883489042104
LAS2-H -> RealSense,scene_006,wood_block,2,0.16721776552656553,0.1154413098656473,0.24655690811826406,0.4682136499305647
LAS2-H -> RealSense,scene_006,wood_block,3,0.1705589634213971,0.11745559467932286,0.24655690811826406,0.4763833046729473
LAS2-H -> RealSense,scene_006,wood_block,4,0.17890120536496792,0.12615360069348472,0.24655690811826406,0.5116611887141835
LAS2-H -> RealSense,scene_006,wood_block,5,0.16355279754746163,0.11107955637042168,0.24655690811826406,0.45052299373068466
LAS2-H -> RealSense,scene_006,wood_block,6,0.1600391577774068,0.1084795174360637,0.24655690811826406,0.4399776029963442
LAS2-H -> RealSense,scene_006,wood_block,7,0.11132906169381802,0.06282506276994682,0.24655690811826406,0.25480958229656253
LAS2-H -> RealSense,scene_006,wood_block,8,0.11208601740647692,0.06436358880960874,0.24655690811826406,0.2610496266392826
LAS2-H -> RealSense,scene_006,wood_block,9,0.11997118367827969,0.07058924267181074,0.24655690811826406,0.28629999950336715
LAS2-H -> RealSense,scene_006,wood_block,10,0.09904656907249716,0.054305950663687895,0.24655690811826406,0.22025726668197582
LAS2-H -> RealSense,scene_009,apple,0,0.04189103588380221,0.01690596221746164,0.13449611403964654,0.12569851804400928
LAS2-H -> RealSense,scene_009,apple,1,0.041477906971142904,0.0176855008039176,0.13449611403964654,0.13149451142286755
LAS2-H -> RealSense,scene_009,apple,2,0.03904408021224127,0.016680498525343843,0.13449611403964654,0.12402215963226115
LAS2-H -> RealSense,scene_009,apple,3,0.040904276018553835,0.018157981236705895,0.13449611403964654,0.13500747859044698
LAS2-H -> RealSense,scene_009,apple,4,0.04145935879250504,0.018496224805637063,0.13449611403964654,0.13752237332436815
LAS2-H -> RealSense,scene_009,apple,5,0.041506733288869266,0.018376361529372314,0.13449611403964654,0.13663117080063267
LAS2-H -> RealSense,scene_009,apple,6,0.04220124829088037,0.017630458647123422,0.13449611403964654,0.1310852642324398
LAS2-H -> RealSense,scene_009,apple,7,0.04331277693504722,0.018565712741062116,0.13449611403964654,0.13803902717657215
LAS2-H -> RealSense,scene_009,chips_box,0,0.12703394372052831,0.07268005938941857,0.2694943619712671,0.2696904634953646
LAS2-H -> RealSense,scene_009,chips_box,1,0.13306130105169878,0.0747722906326809,0.2694943619712671,0.27745400714784885
LAS2-H -> RealSense,scene_009,chips_box,2,0.1471276022979404,0.08196640293518376,0.2694943619712671,0.30414885987085266
LAS2-H -> RealSense,scene_009,chips_box,3,0.15794661343251992,0.08423207798350357,0.2694943619712671,0.3125559932585314
LAS2-H -> RealSense,scene_009,chips_box,4,0.16037860140891158,0.09149151746317963,0.2694943619712671,0.3394932524522879
LAS2-H -> RealSense,scene_009,chips_box,5,0.15640572840843744,0.09279227816726673,0.2694943619712671,0.3443199237584052
LAS2-H -> RealSense,scene_009,chips_box,6,0.16072529431528365,0.09176512196666844,0.2694943619712671,0.3405085037602837
LAS2-H -> RealSense,scene_009,chips_box,7,0.16297952695581538,0.09349211584997011,0.2694943619712671,0.34691677839233626
LAS2-H -> RealSense,scene_009,lemon,0,0.05650664517265694,0.033258762230259954,0.10349089662648787,0.32136896398042775
LAS2-H -> RealSense,scene_009,lemon,1,0.05116734975603817,0.02858295213069667,0.10349089662648787,0.2761880809077949
LAS2-H -> RealSense,scene_009,lemon,2,0.04272000411485494,0.022796166627611084,0.10349089662648787,0.22027219176470583
LAS2-H -> RealSense,scene_009,lemon,3,0.039026289435547236,0.02043962971051707,0.10349089662648787,0.1975017163517904
LAS2-H -> RealSense,scene_009,lemon,4,0.04914007932904594,0.02707154841991561,0.10349089662648787,0.2615838619856619
LAS2-H -> RealSense,scene_009,lemon,5,0.044468098456581014,0.024006895649776018,0.10349089662648787,0.23197108569288014
LAS2-H -> RealSense,scene_009,lemon,6,0.057451014788474294,0.033946388372482185,0.10349089662648787,0.3280132792258929
LAS2-H -> RealSense,scene_009,lemon,7,0.039845822711100154,0.021463082522682204,0.10349089662648787,0.20739101913615904
LAS2-H -> RealSense,scene_009,orange,0,0.05405985464343628,0.022141262334884098,0.127517730652621,0.1736328134257697
LAS2-H -> RealSense,scene_009,orange,1,0.051907742716145414,0.02083200677802521,0.127517730652621,0.1633655701949008
LAS2-H -> RealSense,scene_009,orange,2,0.05370647628034745,0.022025954221463896,0.127517730652621,0.17272856181440502
LAS2-H -> RealSense,scene_009,orange,3,0.05647527286168573,0.023821042614827235,0.127517730652621,0.1868057288418943
LAS2-H -> RealSense,scene_009,orange,4,0.05618972613983626,0.023628281766099962,0.127517730652621,0.1852940892625139
LAS2-H -> RealSense,scene_009,orange,5,0.059322375140328155,0.025693635703489755,0.127517730652621,0.20149069131008446
LAS2-H -> RealSense,scene_009,orange,6,0.060802561028926755,0.02661662828225514,0.127517730652621,0.20872884222479737
LAS2-H -> RealSense,scene_009,orange,7,0.06095725723322124,0.026825694259291426,0.127517730652621,0.21036834738197285
LAS2-H -> RealSense,scene_009,rubiks_cube,0,0.03690832259504997,0.013996685260793356,0.12883775017150678,0.10863807573604156
LAS2-H -> RealSense,scene_009,rubiks_cube,1,0.04776481678416794,0.022999967340078534,0.12883775017150678,0.17851885266128398
LAS2-H -> RealSense,scene_009,rubiks_cube,2,0.04608488882428208,0.02241920569111857,0.12883775017150678,0.1740111548150637
LAS2-H -> RealSense,scene_009,rubiks_cube,3,0.04343199227073141,0.019591175884686854,0.12883775017150678,0.15206083510933238
LAS2-H -> RealSense,scene_009,rubiks_cube,4,0.04141139619768649,0.018463424962238906,0.12883775017150678,0.14330757047263465
LAS2-H -> RealSense,scene_009,rubiks_cube,5,0.05104414333495479,0.02658997363122337,0.12883775017150678,0.20638340545241762
LAS2-H -> RealSense,scene_009,rubiks_cube,6,0.04193034688537508,0.021719194909638008,0.12883775017150678,0.1685778809450317
LAS2-H -> RealSense,scene_009,rubiks_cube,7,0.039671647887243915,0.020684251484589994,0.12883775017150678,0.16054496028575044
LAS2-H -> RealSense,scene_009,scissors,0,0.053941640735701485,0.031873664281804576,0.20983996337550315,0.1518951098212283
LAS2-H -> RealSense,scene_009,scissors,1,0.044336646574129716,0.02427010729542603,0.20983996337550315,0.1156600816403847
LAS2-H -> RealSense,scene_009,scissors,2,0.038331936928175235,0.02134871617795516,0.20983996337550315,0.10173808570368548
LAS2-H -> RealSense,scene_009,scissors,3,0.023990457122596412,0.013340974547378419,0.20983996337550315,0.0635769008570836
LAS2-H -> RealSense,scene_009,scissors,4,0.033956317026413683,0.018160017105217058,0.20983996337550315,0.08654222395531103
LAS2-H -> RealSense,scene_009,scissors,5,0.03970220725601746,0.0206564497941355,0.20983996337550315,0.09843906499912661
LAS2-H -> RealSense,scene_009,scissors,6,0.03719834636903596,0.019279941690339142,0.20983996337550315,0.09187926541827587
LAS2-H -> RealSense,scene_009,scissors,7,0.03686527723651219,0.017242695543832648,0.20983996337550315,0.08217069459251332
LAS2-H -> RealSense,scene_009,wood_block,0,0.05000826943604223,0.020726401509401447,0.24655690811826406,0.08406335749254194
LAS2-H -> RealSense,scene_009,wood_block,1,0.047013954821751004,0.020037788123305474,0.24655690811826406,0.0812704388460862
LAS2-H -> RealSense,scene_009,wood_block,2,0.04859856249289086,0.021823394197248634,0.24655690811826406,0.08851260491464621
LAS2-H -> RealSense,scene_009,wood_block,3,0.047198519220231785,0.022814612249150174,0.24655690811826406,0.09253284535108976
LAS2-H -> RealSense,scene_009,wood_block,4,0.049000588698343436,0.02332717443400298,0.24655690811826406,0.0946117251876545
LAS2-H -> RealSense,scene_009,wood_block,5,0.051464354001007184,0.024297511668153,0.24655690811826406,0.09854727597613448
LAS2-H -> RealSense,scene_009,wood_block,6,0.05335682267532276,0.02675292196962929,0.24655690811826406,0.1085060734002915
LAS2-H -> RealSense,scene_009,wood_block,7,0.050174835034471996,0.02592469998639981,0.24655690811826406,0.10514692199970609
network -> LAS2-H,scene_001,apple,0,0.010393597008651436,0.0026285230758709755,0.13449611403964654,0.01954348714562968
network -> LAS2-H,scene_001,apple,1,0.010223446150362175,0.002630373142358346,0.13449611403964654,0.019557242684223347
network -> LAS2-H,scene_001,apple,2,0.01130986557724815,0.0024997408765059462,0.13449611403964654,0.018585971010055182
network -> LAS2-H,scene_001,apple,3,0.011278827964681437,0.002455236277402184,0.13449611403964654,0.01825507223709403
network -> LAS2-H,scene_001,apple,4,0.009030826488192782,0.0024461876526167964,0.13449611403964654,0.018187794272596702
network -> LAS2-H,scene_001,apple,5,0.00817598201055677,0.002400200901225441,0.13449611403964654,0.017845875461635373
network -> LAS2-H,scene_001,apple,6,0.0081534120914589,0.0021975260881843357,0.13449611403964654,0.01633895599047979
network -> LAS2-H,scene_001,apple,7,0.010892801078229982,0.002983940569817283,0.13449611403964654,0.022186072743616087
network -> LAS2-H,scene_001,chips_box,0,0.0028541991865373047,0.00243664027194679,0.2694943619712671,0.009041525967829263
network -> LAS2-H,scene_001,chips_box,1,0.003331799132929257,0.002366482198080046,0.2694943619712671,0.008781193716892509
network -> LAS2-H,scene_001,chips_box,2,0.007108609520655255,0.0041860161812058575,0.2694943619712671,0.015532852526436755
network -> LAS2-H,scene_001,chips_box,3,0.004443768068556024,0.0026878788105022013,0.2694943619712671,0.00997378494615326
network -> LAS2-H,scene_001,chips_box,4,0.005058596589408839,0.003425844740305034,0.2694943619712671,0.012712120265693313
network -> LAS2-H,scene_001,chips_box,5,0.006232017218493615,0.0038337368484929594,0.2694943619712671,0.01422566624566975
network -> LAS2-H,scene_001,chips_box,6,0.005415488306151379,0.003080771522182709,0.2694943619712671,0.011431673373972752
network -> LAS2-H,scene_001,chips_box,7,0.002913757573786761,0.0024587892725625128,0.2694943619712671,0.009123713218255244
network -> LAS2-H,scene_001,lemon,0,0.01160744431546123,0.006925760292709727,0.10349089662648787,0.06692144447936998
network -> LAS2-H,scene_001,lemon,1,0.013864943729888484,0.00791136344405028,0.10349089662648787,0.07644501788986736
network -> LAS2-H,scene_001,lemon,2,0.007373503578802288,0.004310427686447643,0.10349089662648787,0.04165030767879554
network -> LAS2-H,scene_001,lemon,3,0.007794440186012914,0.004493833831228814,0.10349089662648787,0.0434225035990136
network -> LAS2-H,scene_001,lemon,4,0.0098650853797862,0.005626920993428922,0.10349089662648787,0.05437116864237067
network -> LAS2-H,scene_001,lemon,5,0.007630999838277555,0.004553562890120373,0.10349089662648787,0.04399964671824977
network -> LAS2-H,scene_001,lemon,6,0.028900681758983422,0.014961564850775887,0.10349089662648787,0.1445688977338183
network -> LAS2-H,scene_001,lemon,7,0.054976326819422966,0.031457899390983105,0.10349089662648787,0.3039677924959792
network -> LAS2-H,scene_001,orange,0,0.012828942977700989,0.005678905151670131,0.127517730652621,0.04453423945522047
network -> LAS2-H,scene_001,orange,1,0.010979661785681443,0.0043116221495245995,0.127517730652621,0.03381194228801137
network -> LAS2-H,scene_001,orange,2,0.014819788556463735,0.005754410700470212,0.127517730652621,0.04512635749569729
network -> LAS2-H,scene_001,orange,3,0.014363623660161333,0.005298482044612006,0.127517730652621,0.04155094368049829
network -> LAS2-H,scene_001,orange,4,0.010003517136763597,0.0026698628532310846,0.127517730652621,0.020937189201588165
network -> LAS2-H,scene_001,orange,5,0.02167214886789696,0.009772365169611167,0.127517730652621,0.07663534411722457
network -> LAS2-H,scene_001,orange,6,0.035728637268588846,0.015148132993046428,0.127517730652621,0.11879236648519413
network -> LAS2-H,scene_001,orange,7,0.04160517982190857,0.017599942033240213,0.127517730652621,0.1380195674998743
network -> LAS2-H,scene_001,rubiks_cube,0,0.022942185716982276,0.005389037074765566,0.12883775017150678,0.041828090506018344
network -> LAS2-H,scene_001,rubiks_cube,1,0.022631949990505558,0.0050197581565539755,0.12883775017150678,0.03896185822766815
network -> LAS2-H,scene_001,rubiks_cube,2,0.021168646147111423,0.0034279038244144477,0.12883775017150678,0.02660636203171257
network -> LAS2-H,scene_001,rubiks_cube,3,0.0157824793161414,0.0018463805801249029,0.12883775017150678,0.014331052643088149
network -> LAS2-H,scene_001,rubiks_cube,4,0.020289265313082318,0.003803526055418234,0.12883775017150678,0.029521829202660246
network -> LAS2-H,scene_001,rubiks_cube,5,0.04892517593204633,0.022661651646661837,0.12883775017150678,0.1758929476531141
network -> LAS2-H,scene_001,rubiks_cube,6,0.03324627036083571,0.011887433609087726,0.12883775017150678,0.09226669662628664
network -> LAS2-H,scene_001,rubiks_cube,7,0.0332347087365647,0.011624004014750616,0.12883775017150678,0.09022203507339212
network -> LAS2-H,scene_001,scissors,0,0.026394933595575865,0.008108052966869145,0.20983996337550315,0.03863922217885635
network -> LAS2-H,scene_001,scissors,1,0.03882584611330612,0.013753213782325911,0.20983996337550315,0.0655414419688727
network -> LAS2-H,scene_001,scissors,2,0.04128471923121964,0.015896832883453255,0.20983996337550315,0.07575693699014942
network -> LAS2-H,scene_001,scissors,3,0.019110904312981437,0.006128445542596142,0.20983996337550315,0.029205330786440564
network -> LAS2-H,scene_001,scissors,4,0.01874204072413493,0.007059318101904759,0.20983996337550315,0.033641437924158864
network -> LAS2-H,scene_001,scissors,5,0.027201851333893523,0.009332133196219694,0.20983996337550315,0.04447262116377749
network -> LAS2-H,scene_001,scissors,6,0.005482575969282252,0.0027463506927236396,0.20983996337550315,0.013087834407448483
network -> LAS2-H,scene_001,scissors,7,0.015039834952999681,0.004773284975297219,0.20983996337550315,0.022747263669482966
network -> LAS2-H,scene_001,wood_block,0,0.0017090182313036822,0.0014053999925863086,0.24655690811826406,0.005700103896144703
network -> LAS2-H,scene_001,wood_block,1,0.0017696188109372667,0.0012944208458959463,0.24655690811826406,0.005249988149896256
network -> LAS2-H,scene_001,wood_block,2,0.0021658100196196043,0.0015819614762137507,0.24655690811826406,0.0064162123393230715
network -> LAS2-H,scene_001,wood_block,3,0.003011369674939001,0.0020984001417959433,0.24655690811826406,0.00851081463428078
network -> LAS2-H,scene_001,wood_block,4,0.001471182513620378,0.0013070805544979419,0.24655690811826406,0.00530133414015309
network -> LAS2-H,scene_001,wood_block,5,0.002146319858795911,0.0015858752336563335,0.24655690811826406,0.006432085986800454
network -> LAS2-H,scene_001,wood_block,6,0.0017006501887247185,0.001331210685968633,0.24655690811826406,0.005399202545686132
network -> LAS2-H,scene_001,wood_block,7,0.0016660993793277297,0.001495053014408164,0.24655690811826406,0.006063723891650375
network -> LAS2-H,scene_002,apple,0,0.01558296711136912,0.0023409081900783385,0.13449611403964654,0.01740502472352688
network -> LAS2-H,scene_002,apple,1,0.014408063884036752,0.0025072101730416996,0.13449611403964654,0.01864150641781835
network -> LAS2-H,scene_002,apple,2,0.015575989563988573,0.0024869828445835147,0.13449611403964654,0.01849111301349871
network -> LAS2-H,scene_002,apple,3,0.015052216821713628,0.002094838141252152,0.13449611403964654,0.015575454772132962
network -> LAS2-H,scene_002,apple,4,0.014767244361924977,0.0021664820430526187,0.13449611403964654,0.016108138577252774
network -> LAS2-H,scene_002,apple,5,0.0157932369568098,0.0021614873744540786,0.13449611403964654,0.01607100242180171
network -> LAS2-H,scene_002,apple,6,0.01573075264575061,0.0025485532572465095,0.13449611403964654,0.0189488988246549
network -> LAS2-H,scene_002,apple,7,0.01588842432846137,0.002064917161953394,0.13449611403964654,0.015352987532001865
network -> LAS2-H,scene_002,apple,8,0.015688713966035234,0.0025005819940795643,0.13449611403964654,0.01859222485299796
network -> LAS2-H,scene_002,apple,9,0.014541240142794684,0.002264649967999932,0.13449611403964654,0.01683803271321551
network -> LAS2-H,scene_002,apple,10,0.015426050180245572,0.0021431906318996603,0.13449611403964654,0.01593496323074356
network -> LAS2-H,scene_002,chips_box,0,0.004113980119066642,0.0020088148293047653,0.2694943619712671,0.007454014305200718
network -> LAS2-H,scene_002,chips_box,1,0.0070926888648995875,0.002787988680174381,0.2694943619712671,0.010345257911078787
network -> LAS2-H,scene_002,chips_box,2,0.0034662173839784265,0.001977351005403482,0.2694943619712671,0.007337262979973966
network -> LAS2-H,scene_002,chips_box,3,0.0024283923141800792,0.001729878634797435,0.2694943619712671,0.006418978943173108
network -> LAS2-H,scene_002,chips_box,4,0.0034767197257575093,0.0022863959517996683,0.2694943619712671,0.008484021465515627
network -> LAS2-H,scene_002,chips_box,5,0.004906907522288741,0.0028621959789029406,0.2694943619712671,0.01062061542945415
network -> LAS2-H,scene_002,chips_box,6,0.005298903289543285,0.003067261998572267,0.2694943619712671,0.011381544222803784
network -> LAS2-H,scene_002,chips_box,7,0.0033955484887555425,0.0022228307509743086,0.2694943619712671,0.008248153077173845
network -> LAS2-H,scene_002,chips_box,8,0.005484118500591818,0.003161687935587666,0.2694943619712671,0.011731926087287714
network -> LAS2-H,scene_002,chips_box,9,0.005359532830359826,0.003097782508277242,0.2694943619712671,0.011494795236597643
network -> LAS2-H,scene_002,chips_box,10,0.0026186068510144116,0.0019027775822047046,0.2694943619712671,0.007060546900820043
network -> LAS2-H,scene_002,lemon,0,0.01096347621011886,0.006387189192232982,0.10349089662648787,0.06171740124433533
network -> LAS2-H,scene_002,lemon,1,0.0028170692324154165,0.0032473725408984125,0.10349089662648787,0.03137833999659509
network -> LAS2-H,scene_002,lemon,2,0.0016190933178701142,0.0032140991430496977,0.10349089662648787,0.03105682961323449
network -> LAS2-H,scene_002,lemon,3,0.008567113685975052,0.005576720083884064,0.10349089662648787,0.053886093034937875
network -> LAS2-H,scene_002,lemon,4,0.011697888746961479,0.006914423406904645,0.10349089662648787,0.06681189971577596
network -> LAS2-H,scene_002,lemon,5,0.013020105029370727,0.007242587110040673,0.10349089662648787,0.06998284241540696
network -> LAS2-H,scene_002,lemon,6,0.009099133802144159,0.005411583317863011,0.10349089662648787,0.05229042837839274
network -> LAS2-H,scene_002,lemon,7,0.012638841852831722,0.006609766770418769,0.10349089662648787,0.06386809841134412
network -> LAS2-H,scene_002,lemon,8,0.009441673581398547,0.0055910385614751515,0.10349089662648787,0.054024447982646606
network -> LAS2-H,scene_002,lemon,9,0.007804260615608264,0.004635514721030605,0.10349089662648787,0.0447915214974007
network -> LAS2-H,scene_002,lemon,10,0.0043573004700685975,0.0033278943747105734,0.10349089662648787,0.03215639716333097
network -> LAS2-H,scene_002,orange,0,0.012094783321328585,0.005095822285801191,0.127517730652621,0.03996167638587482
network -> LAS2-H,scene_002,orange,1,0.01252749587291115,0.005244676584821739,0.127517730652621,0.04112899875162529
network -> LAS2-H,scene_002,orange,2,0.016956124032969498,0.007246287049166129,0.127517730652621,0.05682572150618168
network -> LAS2-H,scene_002,orange,3,0.014917541290522,0.006340844028278061,0.127517730652621,0.049725195044064495
network -> LAS2-H,scene_002,orange,4,0.01258544600288598,0.004959154776758705,0.127517730652621,0.03888992339636475
network -> LAS2-H,scene_002,orange,5,0.016044123370691245,0.006493689720064344,0.127517730652621,0.050923818098317704
network -> LAS2-H,scene_002,orange,6,0.012558149832878538,0.003847745479180231,0.127517730652621,0.030174199771968294
network -> LAS2-H,scene_002,orange,7,0.014901021143068191,0.005732895749547365,0.127517730652621,0.044957636245619076
network -> LAS2-H,scene_002,orange,8,0.014997298039226913,0.005986076047369868,0.127517730652621,0.04694308796693466
network -> LAS2-H,scene_002,orange,9,0.01828529842459772,0.0077500732359736205,0.127517730652621,0.060776436314461064
network -> LAS2-H,scene_002,orange,10,0.018621304025652145,0.007810814539254712,0.127517730652621,0.06125277245195524
network -> LAS2-H,scene_002,rubiks_cube,0,0.0028245635406519407,0.0019332860505268399,0.12883775017150678,0.015005586855974123
network -> LAS2-H,scene_002,rubiks_cube,1,0.01216904404560689,0.005881308502451553,0.12883775017150678,0.04564895377808482
network -> LAS2-H,scene_002,rubiks_cube,2,0.008997019193375238,0.004591030527904462,0.12883775017150678,0.035634202877595694
network -> LAS2-H,scene_002,rubiks_cube,3,0.01171496769875019,0.005444878190337994,0.12883775017150678,0.04226151250770724
network -> LAS2-H,scene_002,rubiks_cube,4,0.00910228241075797,0.004501538412212221,0.12883775017150678,0.034939591899267444
network -> LAS2-H,scene_002,rubiks_cube,5,0.023202924420596606,0.010101550210473816,0.12883775017150678,0.07840520497312932
network -> LAS2-H,scene_002,rubiks_cube,6,0.02596028147635967,0.011387772319469393,0.12883775017150678,0.08838847546088138
network -> LAS2-H,scene_002,rubiks_cube,7,0.025053315285742304,0.010756949831130843,0.12883775017150678,0.08349222038425354
network -> LAS2-H,scene_002,rubiks_cube,8,0.025469420398936078,0.010678060630663162,0.12883775017150678,0.08287990605586248
network -> LAS2-H,scene_002,rubiks_cube,9,0.019385279771101934,0.00855242847188562,0.12883775017150678,0.06638138635998193
network -> LAS2-H,scene_002,rubiks_cube,10,0.021016065805845877,0.00866706879208389,0.12883775017150678,0.06727119016395756
network -> LAS2-H,scene_002,scissors,0,0.09033641733459358,0.023444641974550692,0.20983996337550315,0.11172629654246134
network -> LAS2-H,scene_002,scissors,1,0.068480206893305,0.016467679860686726,0.20983996337550315,0.07847732908348941
network -> LAS2-H,scene_002,scissors,2,0.07189255084081637,0.016417020584610472,0.20983996337550315,0.07823591045540092
network -> LAS2-H,scene_002,scissors,3,0.07384571811852234,0.01704376401440022,0.20983996337550315,0.08122267913238647
network -> LAS2-H,scene_002,scissors,4,0.07323295839116804,0.016021227680620732,0.20983996337550315,0.07634974493371963
network -> LAS2-H,scene_002,scissors,5,0.08366950196163263,0.02026283378265962,0.20983996337550315,0.0965632735381287
network -> LAS2-H,scene_002,scissors,6,0.09240411229464511,0.02263159227317394,0.20983996337550315,0.10785167853215498
network -> LAS2-H,scene_002,scissors,7,0.08984161567549233,0.02259608480672041,0.20983996337550315,0.10768246640553071
network -> LAS2-H,scene_002,scissors,8,0.06908435679284448,0.01604559695144723,0.20983996337550315,0.0764658775827846
network -> LAS2-H,scene_002,scissors,9,0.0789155980576354,0.01910392928935058,0.20983996337550315,0.09104047190079136
network -> LAS2-H,scene_002,scissors,10,0.08901907344581575,0.02746159938677333,0.20983996337550315,0.13086925362082488
network -> LAS2-H,scene_002,wood_block,0,0.0029811290743255456,0.001924496743934308,0.24655690811826406,0.007805487011587602
network -> LAS2-H,scene_002,wood_block,1,0.0014600158646045096,0.001352809432395968,0.24655690811826406,0.005486804010971277
network -> LAS2-H,scene_002,wood_block,2,0.003892705775977615,0.002283078608548997,0.24655690811826406,0.009259844414717798
network -> LAS2-H,scene_002,wood_block,3,0.001891962728260476,0.0014695447531436776,0.24655690811826406,0.005960265986296325
network -> LAS2-H,scene_002,wood_block,4,0.005042218183247307,0.002957635575719797,0.24655690811826406,0.011995752211092503
network -> LAS2-H,scene_002,wood_block,5,0.0028245841709941613,0.001879715570649338,0.24655690811826406,0.0076238608968429685
network -> LAS2-H,scene_002,wood_block,6,0.004068978942897673,0.0025504181700792285,0.24655690811826406,0.010344135921983128
network -> LAS2-H,scene_002,wood_block,7,0.0018837674750743017,0.0013492048944051338,0.24655690811826406,0.005472184513921513
network -> LAS2-H,scene_002,wood_block,8,0.002378217119599553,0.0016470009684586041,0.24655690811826406,0.006680003334843086
network -> LAS2-H,scene_002,wood_block,9,0.004228551989020423,0.002622013460650755,0.24655690811826406,0.010634516309691366
network -> LAS2-H,scene_002,wood_block,10,0.0019253974955823242,0.0016146110145869477,0.24655690811826406,0.006548634256122646
network -> LAS2-H,scene_004,chips_box,0,0.0029085717470134892,0.0022506833280906916,0.2694943619712671,0.008351504319525077
network -> LAS2-H,scene_004,chips_box,1,0.0014357682515611836,0.001594062199833579,0.2694943619712671,0.005915011312939951
network -> LAS2-H,scene_004,chips_box,2,0.0025060813543414224,0.0019862768180752615,0.2694943619712671,0.00737038357146423
network -> LAS2-H,scene_004,chips_box,3,0.001710853930965183,0.0017821270245256854,0.2694943619712671,0.006612854575101248
network -> LAS2-H,scene_004,chips_box,4,0.004160571024280632,0.002670368922494724,0.2694943619712671,0.009908811831764529
network -> LAS2-H,scene_004,chips_box,5,0.002386033626742304,0.0022805703308108704,0.2694943619712671,0.008462404608872745
network -> LAS2-H,scene_004,chips_box,6,0.0021732018938038647,0.0017672000626433953,0.2694943619712671,0.006557465802686478
network -> LAS2-H,scene_004,chips_box,7,0.004329093078253367,0.002579565927006433,0.2694943619712671,0.009571873445283655
network -> LAS2-H,scene_004,chips_box,8,0.00248400676153638,0.0019219487942380667,0.2694943619712671,0.00713168461180268
network -> LAS2-H,scene_004,chips_box,9,0.0038722647839059543,0.0024917598582055236,0.2694943619712671,0.009246055613108484
network -> LAS2-H,scene_004,chips_box,10,0.002655566814174431,0.001981998889019974,0.2694943619712671,0.007354509662177239
network -> LAS2-H,scene_004,scissors,0,0.007165234913467324,0.0059484229303629005,0.20983996337550315,0.028347426460985186
network -> LAS2-H,scene_004,scissors,1,0.004171338018707312,0.0021238785274315278,0.20983996337550315,0.010121420597233437
network -> LAS2-H,scene_004,scissors,2,0.0018146872034377304,0.0014545209004518359,0.20983996337550315,0.006931572409060178
network -> LAS2-H,scene_004,scissors,3,0.004332129868664367,0.002184704424680104,0.20983996337550315,0.010411288629376247
network -> LAS2-H,scene_004,scissors,4,0.006475201634864732,0.00261969592893799,0.20983996337550315,0.012484256510520412
network -> LAS2-H,scene_004,scissors,5,0.003920588599882528,0.0023275846205815355,0.20983996337550315,0.01109218941492276
network -> LAS2-H,scene_004,scissors,6,0.009597652339305469,0.004524464707566771,0.20983996337550315,0.02156150160715745
network -> LAS2-H,scene_004,scissors,7,0.007256653867264475,0.002641018860282733,0.20983996337550315,0.012585871717660846
network -> LAS2-H,scene_004,scissors,8,0.007549125553436254,0.002900359094031031,0.20983996337550315,0.013821767061791343
network -> LAS2-H,scene_004,scissors,9,0.004361958790777368,0.002389678062305907,0.20983996337550315,0.01138809797650241
network -> LAS2-H,scene_004,scissors,10,0.004436028512909653,0.0023761331621835885,0.20983996337550315,0.011323549260879159
network -> LAS2-H,scene_004,wood_block,0,0.0018921403957518899,0.0013146894248459253,0.24655690811826406,0.005332194643742525
network -> LAS2-H,scene_004,wood_block,1,0.0029032871918686642,0.0019094573223658678,0.24655690811826406,0.00774448924160735
network -> LAS2-H,scene_004,wood_block,2,0.0022585807866640226,0.0015008102462390482,0.24655690811826406,0.00608707441090706
network -> LAS2-H,scene_004,wood_block,3,0.0018860978755859323,0.0014542477280786149,0.24655690811826406,0.005898223412913124
network -> LAS2-H,scene_004,wood_block,4,0.0022655074084319943,0.0012877572015511057,0.24655690811826406,0.005222961349488602
network -> LAS2-H,scene_004,wood_block,5,0.00133492365811271,0.0011413625468865063,0.24655690811826406,0.004629205304355284
network -> LAS2-H,scene_004,wood_block,6,0.0016144111068886083,0.0011131921360856803,0.24655690811826406,0.0045149500964366575
network -> LAS2-H,scene_004,wood_block,7,0.004893831111237332,0.0028476156583204923,0.24655690811826406,0.01154952696338404
network -> LAS2-H,scene_004,wood_block,8,0.001950606479466767,0.0015054273875097209,0.24655690811826406,0.00610580088385771
network -> LAS2-H,scene_004,wood_block,9,0.005245360473426711,0.0034584846054099543,0.24655690811826406,0.014027125144475974
network -> LAS2-H,scene_004,wood_block,10,0.0035586183312593623,0.0020034102436239528,0.24655690811826406,0.008125549021984785
network -> LAS2-H,scene_005,apple,0,0.023192669055824802,0.0026247161084730387,0.13449611403964654,0.019515181737513466
network -> LAS2-H,scene_005,apple,1,0.02117382554955771,0.0029632171444828968,0.13449611403964654,0.022031990780115807
network -> LAS2-H,scene_005,apple,2,0.026141558935990867,0.002942261890850892,0.13449611403964654,0.021876185136349566
network -> LAS2-H,scene_005,apple,3,0.020917911737505773,0.002895430428952258,0.13449611403964654,0.021527985768412222
network -> LAS2-H,scene_005,apple,4,0.023622772440704695,0.0023655773413698827,0.13449611403964654,0.01758844378710125
network -> LAS2-H,scene_005,apple,5,0.022249942661522068,0.002410865056740363,0.13449611403964654,0.017925165154063057
network -> LAS2-H,scene_005,apple,6,0.021244982632234774,0.0025920043296142775,0.13449611403964654,0.019271964458766524
network -> LAS2-H,scene_005,apple,7,0.020307341169347636,0.0029000392003176597,0.13449611403964654,0.021562252716556488
network -> LAS2-H,scene_005,apple,8,0.025455852182098834,0.002304814516412943,0.13449611403964654,0.01713666251898946
network -> LAS2-H,scene_005,apple,9,0.02178697603078232,0.002435445038570782,0.13449611403964654,0.018107921228511223
network -> LAS2-H,scene_005,apple,10,0.021786941755817198,0.002526356231166351,0.13449611403964654,0.018783860405228035
network -> LAS2-H,scene_005,chips_box,0,0.027077231112748384,0.003843000179722099,0.2694943619712671,0.01426003925132887
network -> LAS2-H,scene_005,chips_box,1,0.02634254136424676,0.0015408786732915047,0.2694943619712671,0.005717665713005862
network -> LAS2-H,scene_005,chips_box,2,0.027349166763392736,0.0020027517705241793,0.2694943619712671,0.007431516399358694
network -> LAS2-H,scene_005,chips_box,3,0.027768297590175166,0.002305618498829798,0.2694943619712671,0.008555349662846075
network -> LAS2-H,scene_005,chips_box,4,0.029188399757551085,0.002822724368155291,0.2694943619712671,0.010474149987806587
network -> LAS2-H,scene_005,chips_box,5,0.027930467323924183,0.0021482833607855477,0.2694943619712671,0.007971533597480578
network -> LAS2-H,scene_005,chips_box,6,0.027941367822847382,0.0024889155925091355,0.2694943619712671,0.00923550153073146
network -> LAS2-H,scene_005,chips_box,7,0.026254635605230087,0.002971646308238858,0.2694943619712671,0.011026747596878071
network -> LAS2-H,scene_005,chips_box,8,0.027266552168078627,0.00326329860510548,0.2694943619712671,0.012108967999313491
network -> LAS2-H,scene_005,chips_box,9,0.026327503899510794,0.002246978309906643,0.2694943619712671,0.00833775628354782
network -> LAS2-H,scene_005,chips_box,10,0.024641882707415578,0.0019413250596836736,0.2694943619712671,0.007203583204796892
network -> LAS2-H,scene_005,lemon,0,0.005934502973962302,0.003819065369851063,0.10349089662648787,0.03690242808152071
network -> LAS2-H,scene_005,lemon,1,0.002152470260739701,0.0021155611566483095,0.10349089662648787,0.020442002394506692
network -> LAS2-H,scene_005,lemon,2,0.005036256564908029,0.003563004654341449,0.10349089662648787,0.03442819388453843
network -> LAS2-H,scene_005,lemon,3,0.005825776796135912,0.00403963033365114,0.10349089662648787,0.03903367798841953
network -> LAS2-H,scene_005,lemon,4,0.0030211239738604434,0.0018232812153111376,0.10349089662648787,0.017617793204474756
network -> LAS2-H,scene_005,lemon,5,0.0026433125546211347,0.002288100633343706,0.10349089662648787,0.02210919711713156
network -> LAS2-H,scene_005,lemon,6,0.0026779780155818575,0.002503742196418385,0.10349089662648787,0.02419287375057457
network -> LAS2-H,scene_005,lemon,7,0.003157080281699877,0.0026165516864304532,0.10349089662648787,0.025282916389003075
network -> LAS2-H,scene_005,lemon,8,0.004936705294607948,0.0034461541270136595,0.10349089662648787,0.03329910397289607
network -> LAS2-H,scene_005,lemon,9,0.002895612702761503,0.002648036581645676,0.10349089662648787,0.02558714503366209
network -> LAS2-H,scene_005,lemon,10,0.0029335475813952096,0.002467200116338993,0.10349089662648787,0.023839779118384096
network -> LAS2-H,scene_005,orange,0,0.0029069231155666344,0.002046438143349484,0.127517730652621,0.01604826350716916
network -> LAS2-H,scene_005,orange,1,0.0025960827989664186,0.0018473851499096726,0.127517730652621,0.014487280635053407
network -> LAS2-H,scene_005,orange,2,0.004024820533354418,0.00218513285341433,0.127517730652621,0.01713591390178505
network -> LAS2-H,scene_005,orange,3,0.006900477000276003,0.004028942789433138,0.127517730652621,0.031595157542511736
network -> LAS2-H,scene_005,orange,4,0.005189954108876669,0.002684307825868407,0.127517730652621,0.021050467351719872
network -> LAS2-H,scene_005,orange,5,0.0022409119870073794,0.001778593707605847,0.127517730652621,0.013947814931329235
network -> LAS2-H,scene_005,orange,6,0.00615187464923065,0.003230533676057374,0.127517730652621,0.025333995982549845
network -> LAS2-H,scene_005,orange,7,0.00672573921470195,0.002987502768220466,0.127517730652621,0.023428136251568876
network -> LAS2-H,scene_005,orange,8,0.005642216621575292,0.002114671743197337,0.127517730652621,0.016583354584297345
network -> LAS2-H,scene_005,orange,9,0.004249191159783631,0.0019014256851216272,0.127517730652621,0.014911069036363417
network -> LAS2-H,scene_005,orange,10,0.004949176717033917,0.0019716794183607654,0.127517730652621,0.015462002093904416
network -> LAS2-H,scene_005,rubiks_cube,0,0.009984744866142061,0.004232287133066392,0.12883775017150678,0.03284974417383444
network -> LAS2-H,scene_005,rubiks_cube,1,0.014236363946986852,0.00665173765404929,0.12883775017150678,0.05162879393030848
network -> LAS2-H,scene_005,rubiks_cube,2,0.006109311812049447,0.0028544316761848383,0.12883775017150678,0.022155243105262734
network -> LAS2-H,scene_005,rubiks_cube,3,0.006202300651333502,0.002992251365491688,0.12883775017150678,0.023224958224654268
network -> LAS2-H,scene_005,rubiks_cube,4,0.009075330749129347,0.003899084462999804,0.12883775017150678,0.030263524920370034
network -> LAS2-H,scene_005,rubiks_cube,5,0.0056211338866917,0.00271774698216371,0.12883775017150678,0.02109433747908426
network -> LAS2-H,scene_005,rubiks_cube,6,0.019395915261935556,0.009256827601569668,0.12883775017150678,0.07184872127343984
network -> LAS2-H,scene_005,rubiks_cube,7,0.008656706783944807,0.00449630776175371,0.12883775017150678,0.03489899315820322
network -> LAS2-H,scene_005,rubiks_cube,8,0.010071740078383759,0.0051553700412490695,0.12883775017150678,0.04001443702941353
network -> LAS2-H,scene_005,rubiks_cube,9,0.0057783149395302874,0.002888040931437677,0.12883775017150678,0.02241610807075692
network -> LAS2-H,scene_005,rubiks_cube,10,0.011262315915483073,0.0057346351740715975,0.12883775017150678,0.044510519365929174
network -> LAS2-H,scene_005,scissors,0,0.023194297865871426,0.014021835831448578,0.20983996337550315,0.06682157014275145
network -> LAS2-H,scene_005,scissors,1,0.023282382870705453,0.014025710193716588,0.20983996337550315,0.06684003355746848
network -> LAS2-H,scene_005,scissors,2,0.0275236841189817,0.014966048217232773,0.20983996337550315,0.07132124871014879
network -> LAS2-H,scene_005,scissors,3,0.02734312542748851,0.014856784856026213,0.20983996337550315,0.07080055017661428
network -> LAS2-H,scene_005,scissors,4,0.035562023964113114,0.01717862629754895,0.20983996337550315,0.08186537026223287
network -> LAS2-H,scene_005,scissors,5,0.0344273608385146,0.017304545146309684,0.20983996337550315,0.08246544112926503
network -> LAS2-H,scene_005,scissors,6,0.031356353143337956,0.015836569141366143,0.20983996337550315,0.07546974792893485
network -> LAS2-H,scene_005,scissors,7,0.031020394286694227,0.016047922894787868,0.20983996337550315,0.07647696195062009
network -> LAS2-H,scene_005,scissors,8,0.034589319118948574,0.01697317333536293,0.20983996337550315,0.08088627667643021
network -> LAS2-H,scene_005,scissors,9,0.025525655164194427,0.01371243129750565,0.20983996337550315,0.06534709154979984
network -> LAS2-H,scene_005,scissors,10,0.035332253707912424,0.015219439937506494,0.20983996337550315,0.07252879619632654
network -> LAS2-H,scene_005,wood_block,0,0.023371712956093915,0.0055110536419020984,0.24655690811826406,0.02235205528801754
network -> LAS2-H,scene_005,wood_block,1,0.01882873023432554,0.007426595730719964,0.24655690811826406,0.030121223483049624
network -> LAS2-H,scene_005,wood_block,2,0.013983652624754359,0.005611423326220591,0.24655690811826406,0.022759140553178105
network -> LAS2-H,scene_005,wood_block,3,0.018124637698698265,0.008209601428023922,0.24655690811826406,0.033296984013467944
network -> LAS2-H,scene_005,wood_block,4,0.009842905262328066,0.004417303668564452,0.24655690811826406,0.017915959858020438
network -> LAS2-H,scene_005,wood_block,5,0.0059635423474867725,0.0034340110437874882,0.24655690811826406,0.013927863834747322
network -> LAS2-H,scene_005,wood_block,6,0.0041798204052266846,0.0027971351892357144,0.24655690811826406,0.01134478530974291
network -> LAS2-H,scene_005,wood_block,7,0.006955935444898268,0.0041761395048192755,0.24655690811826406,0.016937832067622047
network -> LAS2-H,scene_005,wood_block,8,0.005954644969545984,0.0029683313010664403,0.24655690811826406,0.012039132562623813
network -> LAS2-H,scene_005,wood_block,9,0.009157941997897778,0.005105211285581808,0.24655690811826406,0.020706016004763617
network -> LAS2-H,scene_005,wood_block,10,0.005632259466513602,0.0033717523078670105,0.24655690811826406,0.01367535119417424
network -> LAS2-H,scene_006,apple,0,0.031892176504729704,0.009756196866895984,0.13449611403964654,0.0725388754653541
network -> LAS2-H,scene_006,apple,1,0.01853332759106116,0.0030510849626416946,0.13449611403964654,0.02268530198383502
network -> LAS2-H,scene_006,apple,2,0.02262253143322778,0.0038196722280922765,0.13449611403964654,0.028399870549169325
network -> LAS2-H,scene_006,apple,3,0.021181862846431712,0.004276875894123832,0.13449611403964654,0.03179925252608489
network -> LAS2-H,scene_006,apple,4,0.034342138735004586,0.007371825433513436,0.13449611403964654,0.05481069461486733
network -> LAS2-H,scene_006,apple,5,0.03547372644391113,0.01508454914560928,0.13449611403964654,0.1121560221521544
network -> LAS2-H,scene_006,apple,6,0.048693456898991364,0.025750649548379134,0.13449611403964654,0.19146017513032682
network -> LAS2-H,scene_006,apple,7,0.07604336418513108,0.04649211542206395,0.13449611403964654,0.3456762729097071
network -> LAS2-H,scene_006,apple,8,0.09223703667676156,0.06104798922756728,0.13449611403964654,0.453901509820363
network -> LAS2-H,scene_006,apple,9,0.05741766453432366,0.028263661958149458,0.13449611403964654,0.21014482210109017
network -> LAS2-H,scene_006,apple,10,0.037272111549277474,0.011674053865919682,0.13449611403964654,0.08679844729549899
network -> LAS2-H,scene_006,chips_box,0,0.025617112570909092,0.00363302386662665,0.2694943619712671,0.01348089006408971
network -> LAS2-H,scene_006,chips_box,1,0.020265740140438793,0.005411199411079646,0.2694943619712671,0.020079082068724604
network -> LAS2-H,scene_006,chips_box,2,0.025336811970842296,0.003536329788202603,0.2694943619712671,0.013122091914411327
network -> LAS2-H,scene_006,chips_box,3,0.023341028564425135,0.00464272249370489,0.2694943619712671,0.017227531068720044
network -> LAS2-H,scene_006,chips_box,4,0.02793448180965473,0.007431240842907536,0.2694943619712671,0.02757475439764428
network -> LAS2-H,scene_006,chips_box,5,0.023489458073722314,0.0039908899147506425,0.2694943619712671,0.014808806705856587
network -> LAS2-H,scene_006,chips_box,6,0.024257494322109625,0.005668922909736667,0.2694943619712671,0.021035404482194976
network -> LAS2-H,scene_006,chips_box,7,0.01522493285298608,0.004088871069639847,0.2694943619712671,0.015172380749382037
network -> LAS2-H,scene_006,chips_box,8,0.027761876688466424,0.00456601338325121,0.2694943619712671,0.016942890195743795
network -> LAS2-H,scene_006,chips_box,9,0.024151809180403584,0.004940531379636072,0.2694943619712671,0.018332596435404542
network -> LAS2-H,scene_006,chips_box,10,0.02295690172041877,0.003687660571771895,0.2694943619712671,0.013683627905228925
network -> LAS2-H,scene_006,lemon,0,0.0337076533857275,0.01783776194319164,0.10349089662648787,0.17236068605696253
network -> LAS2-H,scene_006,lemon,1,0.03471638592458919,0.018501344225168286,0.10349089662648787,0.17877267303946595
network -> LAS2-H,scene_006,lemon,2,0.05467812238468392,0.03185657211158223,0.10349089662648787,0.3078200416656621
network -> LAS2-H,scene_006,lemon,3,0.019233800724781824,0.010913116254987087,0.10349089662648787,0.1054500116505314
network -> LAS2-H,scene_006,lemon,4,0.03532538417587089,0.01562155251110174,0.10349089662648787,0.1509461510173398
network -> LAS2-H,scene_006,lemon,5,0.0364967672552396,0.01697993429608162,0.10349089662648787,0.16407176717546873
network -> LAS2-H,scene_006,lemon,6,0.05711466462291359,0.03155173720746677,0.10349089662648787,0.304874517817167
network -> LAS2-H,scene_006,lemon,7,0.04053112974719598,0.021651513595258513,0.10349089662648787,0.20921176935399108
network -> LAS2-H,scene_006,lemon,8,0.036665649163329705,0.01932853473832936,0.10349089662648787,0.1867655549269088
network -> LAS2-H,scene_006,lemon,9,0.04662264845245078,0.02491095848153151,0.10349089662648787,0.2407067606287962
network -> LAS2-H,scene_006,lemon,10,0.05227610723175482,0.02903639613908374,0.10349089662648787,0.28056956781309833
network -> LAS2-H,scene_006,orange,0,0.0026180911592130897,0.0019521280179572828,0.127517730652621,0.015308679098714487
network -> LAS2-H,scene_006,orange,1,0.0056820414654487564,0.003142825848907997,0.127517730652621,0.024646187105301965
network -> LAS2-H,scene_006,orange,2,0.0044228270286237326,0.002765173247200134,0.127517730652621,0.021684617762944
network -> LAS2-H,scene_006,orange,3,0.011662639263511295,0.005175309170154795,0.127517730652621,0.04058501624572646
network -> LAS2-H,scene_006,orange,4,0.008186071827312432,0.004528422689966369,0.127517730652621,0.035512102252686154
network -> LAS2-H,scene_006,orange,5,0.013903899728083726,0.006550922714567604,0.127517730652621,0.05137264191450662
network -> LAS2-H,scene_006,orange,6,0.019406889033455884,0.009586080778748226,0.127517730652621,0.07517449322292494
network -> LAS2-H,scene_006,orange,7,0.048899165420877105,0.019154458615976082,0.127517730652621,0.15021015915156094
network -> LAS2-H,scene_006,orange,8,0.039695608848085984,0.01588069457230186,0.127517730652621,0.12453714860691371
network -> LAS2-H,scene_006,orange,9,0.007881178555534003,0.0030449741415553245,0.127517730652621,0.02387882944568962
network -> LAS2-H,scene_006,orange,10,0.012116954711633442,0.0058261490337772,0.127517730652621,0.04568893285631451
network -> LAS2-H,scene_006,rubiks_cube,0,0.0404889692162605,0.014552847986651343,0.12883775017150678,0.11295484411423531
network -> LAS2-H,scene_006,rubiks_cube,1,0.0398538301976904,0.012255572766375327,0.12883775017150678,0.09512408242196796
network -> LAS2-H,scene_006,rubiks_cube,2,0.033442731220564924,0.00877781421209652,0.12883775017150678,0.06813076292011955
network -> LAS2-H,scene_006,rubiks_cube,3,0.03452998070277929,0.009518123417854928,0.12883775017150678,0.07387682108065804
network -> LAS2-H,scene_006,rubiks_cube,4,0.04097918572127436,0.013837790846990905,0.12883775017150678,0.10740478492189018
network -> LAS2-H,scene_006,rubiks_cube,5,0.013380889192538744,0.004204102793941367,0.12883775017150678,0.03263098578130192
network -> LAS2-H,scene_006,rubiks_cube,6,0.01346243849529844,0.0030939171160247235,0.12883775017150678,0.024014057307785566
network -> LAS2-H,scene_006,rubiks_cube,7,0.009528356216958682,0.006149068943073294,0.12883775017150678,0.04772723006174626
network -> LAS2-H,scene_006,rubiks_cube,8,0.027774786141999415,0.005897525934638982,0.12883775017150678,0.045774828625835894
network -> LAS2-H,scene_006,rubiks_cube,9,0.04302325536379906,0.01422590427596932,0.12883775017150678,0.1104172050275018
network -> LAS2-H,scene_006,rubiks_cube,10,0.013349117609334476,0.011542589672677534,0.12883775017150678,0.08959012135272636
network -> LAS2-H,scene_006,scissors,0,0.03254075474249051,0.021067164320045285,0.20983996337550315,0.10039634005437821
network -> LAS2-H,scene_006,scissors,1,0.021478627387264786,0.019468180957339605,0.20983996337550315,0.09277632651175126
network -> LAS2-H,scene_006,scissors,2,0.04288634497624867,0.02652704312221548,0.20983996337550315,0.12641559165136732
network -> LAS2-H,scene_006,scissors,3,0.045447262078322656,0.02561401010536542,0.20983996337550315,0.12206449950398542
network -> LAS2-H,scene_006,scissors,4,0.05024674176885063,0.028569079575614494,0.20983996337550315,0.13614699085936682
network -> LAS2-H,scene_006,scissors,5,0.0917438561772447,0.050495430693339824,0.20983996337550315,0.24063781693947195
network -> LAS2-H,scene_006,scissors,6,0.08245641357175154,0.044401733969706515,0.20983996337550315,0.21159808291736484
network -> LAS2-H,scene_006,scissors,7,0.11173266370443766,0.06794391928430105,0.20983996337550315,0.32378922580498726
network -> LAS2-H,scene_006,scissors,8,0.13352660813545444,0.0868789249730238,0.20983996337550315,0.41402468612499815
network -> LAS2-H,scene_006,scissors,9,0.09582891222589134,0.053284435191516946,0.20983996337550315,0.25392891961273284
network -> LAS2-H,scene_006,scissors,10,0.0838057851537642,0.04685501792456532,0.20983996337550315,0.22328929709504136
network -> LAS2-H,scene_006,wood_block,0,0.024791337814156156,0.008294853312093967,0.24655690811826406,0.03364275361579096
network -> LAS2-H,scene_006,wood_block,1,0.02833267989989831,0.009979220100016374,0.24655690811826406,0.04047430743749317
network -> LAS2-H,scene_006,wood_block,2,0.055662540400195124,0.02829397811543425,0.24655690811826406,0.11475637949622038
network -> LAS2-H,scene_006,wood_block,3,0.04819148283926972,0.021477542355016983,0.24655690811826406,0.08710987868453889
network -> LAS2-H,scene_006,wood_block,4,0.062181204848694265,0.029640058013623048,0.24655690811826406,0.12021588946680752
network -> LAS2-H,scene_006,wood_block,5,0.04729825800376952,0.01889844225439423,0.24655690811826406,0.07664941290279872
network -> LAS2-H,scene_006,wood_block,6,0.03130111026681525,0.01695683866185238,0.24655690811826406,0.06877454292912703
network -> LAS2-H,scene_006,wood_block,7,0.013267629456492546,0.007260256021591095,0.24655690811826406,0.02944657311369521
network -> LAS2-H,scene_006,wood_block,8,0.01728073195471346,0.006654300751420252,0.24655690811826406,0.02698890411226456
network -> LAS2-H,scene_006,wood_block,9,0.0215294818631079,0.01111692736541602,0.24655690811826406,0.04508868743634492
network -> LAS2-H,scene_006,wood_block,10,0.03217916752683561,0.01006133011416011,0.24655690811826406,0.040807334059097096
network -> LAS2-H,scene_009,apple,0,0.0185857364758918,0.00383325857745307,0.13449611403964654,0.028500887217627037
network -> LAS2-H,scene_009,apple,1,0.025032769809450118,0.002299837082139888,0.13449611403964654,0.017099654503489565
network -> LAS2-H,scene_009,apple,2,0.025449226517854875,0.0024593306926398175,0.13449611403964654,0.018285514865618052
network -> LAS2-H,scene_009,apple,3,0.02151382215552169,0.0025546386246223375,0.13449611403964654,0.01899414449899486
network -> LAS2-H,scene_009,apple,4,0.02137401473136815,0.0025343180546730437,0.13449611403964654,0.01884305782935841
network -> LAS2-H,scene_009,apple,5,0.02009392651646815,0.0028653863005156234,0.13449611403964654,0.021304602894853673
network -> LAS2-H,scene_009,apple,6,0.020598203445975162,0.002753003590095878,0.13449611403964654,0.020469019567988054
network -> LAS2-H,scene_009,apple,7,0.024209875609470247,0.0026775877910573563,0.13449611403964654,0.019908291106968797
network -> LAS2-H,scene_009,chips_box,0,0.08426462494001902,0.0616083840781552,0.2694943619712671,0.22860732086381738
network -> LAS2-H,scene_009,chips_box,1,0.09454596542449643,0.06688420650205737,0.2694943619712671,0.24818406594045342
network -> LAS2-H,scene_009,chips_box,2,0.11029336523202149,0.07267081504024628,0.2694943619712671,0.2696561609255272
network -> LAS2-H,scene_009,chips_box,3,0.11859024394004389,0.08077699658268343,0.2694943619712671,0.2997353858975933
network -> LAS2-H,scene_009,chips_box,4,0.12903676419047488,0.08387300489137718,0.2694943619712671,0.3112235976955969
network -> LAS2-H,scene_009,chips_box,5,0.12670473324403153,0.08185507737998565,0.2694943619712671,0.3037357693913941
network -> LAS2-H,scene_009,chips_box,6,0.12941900070907497,0.08040590112459359,0.2694943619712671,0.2983583795091279
network -> LAS2-H,scene_009,chips_box,7,0.13453098581028466,0.08041372113626374,0.2694943619712671,0.2983873968570715
network -> LAS2-H,scene_009,lemon,0,0.02198018097810022,0.010792422537500748,0.10349089662648787,0.10428378620055836
network -> LAS2-H,scene_009,lemon,1,0.021852823653100505,0.010787035514482806,0.10349089662648787,0.10423173309063716
network -> LAS2-H,scene_009,lemon,2,0.020790657987593705,0.01017568062533821,0.10349089662648787,0.09832440298651161
network -> LAS2-H,scene_009,lemon,3,0.017149807713308422,0.008564761506385734,0.10349089662648787,0.08275859795955845
network -> LAS2-H,scene_009,lemon,4,0.03600340546312966,0.01776055498763305,0.10349089662648787,0.17161465951670324
network -> LAS2-H,scene_009,lemon,5,0.03381034902617752,0.016647383658103164,0.10349089662648787,0.160858434903562
network -> LAS2-H,scene_009,lemon,6,0.04240085001424376,0.02133580016145407,0.10349089662648787,0.20616112969295988
network -> LAS2-H,scene_009,lemon,7,0.020830282516939167,0.011081883739483723,0.10349089662648787,0.10708075879832876
network -> LAS2-H,scene_009,orange,0,0.014951812658486824,0.0022348427131348584,0.127517730652621,0.017525740943609893
network -> LAS2-H,scene_009,orange,1,0.015870690531720102,0.0022540738940509844,0.127517730652621,0.01767655276262285
network -> LAS2-H,scene_009,orange,2,0.016152052339789176,0.00211762664566677,0.127517730652621,0.0166065270674831
network -> LAS2-H,scene_009,orange,3,0.01753224008290266,0.0020835595832967855,0.127517730652621,0.016339371573140207
network -> LAS2-H,scene_009,orange,4,0.018963753177837474,0.002277422456674162,0.127517730652621,0.017859653281301173
network -> LAS2-H,scene_009,orange,5,0.016992467975652965,0.00203863956850945,0.127517730652621,0.0159871067190102
network -> LAS2-H,scene_009,orange,6,0.01857391028622235,0.002091986466743521,0.127517730652621,0.016405455586740576
network -> LAS2-H,scene_009,orange,7,0.021283290550550147,0.002502135427214336,0.127517730652621,0.019621862892389128
network -> LAS2-H,scene_009,rubiks_cube,0,0.020536965601650494,0.0034422203511268556,0.12883775017150678,0.02671748262092924
network -> LAS2-H,scene_009,rubiks_cube,1,0.020308747869119372,0.003633891293592272,0.12883775017150678,0.02820517502637925
network -> LAS2-H,scene_009,rubiks_cube,2,0.021081374246016762,0.0072544879809004065,0.12883775017150678,0.05630716130360353
network -> LAS2-H,scene_009,rubiks_cube,3,0.020771428626985996,0.007137473698642944,0.12883775017150678,0.055398931517677476
network -> LAS2-H,scene_009,rubiks_cube,4,0.02067471729673114,0.004466035456979217,0.12883775017150678,0.034664028602130206
network -> LAS2-H,scene_009,rubiks_cube,5,0.02343977322715111,0.007350651081591897,0.12883775017150678,0.05705355046798649
network -> LAS2-H,scene_009,rubiks_cube,6,0.019849123273748725,0.005846987822158352,0.12883775017150678,0.04538256694466439
network -> LAS2-H,scene_009,rubiks_cube,7,0.021646222905265602,0.005018335062018522,0.12883775017150678,0.03895081259443132
network -> LAS2-H,scene_009,scissors,0,0.011027209141153748,0.006724588301807088,0.20983996337550315,0.032046270851532756
network -> LAS2-H,scene_009,scissors,1,0.0072177713494161804,0.00466695838522155,0.20983996337550315,0.022240560425900138
network -> LAS2-H,scene_009,scissors,2,0.0010477091729612547,0.0010858640070127415,0.20983996337550315,0.005174724535524323
network -> LAS2-H,scene_009,scissors,3,0.008107444652348403,0.002822134880737183,0.20983996337550315,0.013448986719879692
network -> LAS2-H,scene_009,scissors,4,0.0038712316167572192,0.001643948697477348,0.20983996337550315,0.007834297485725084
network -> LAS2-H,scene_009,scissors,5,0.0017998515402436904,0.0013849340121056782,0.20983996337550315,0.006599953554258751
network -> LAS2-H,scene_009,scissors,6,0.003362166173595269,0.0019338306637956854,0.20983996337550315,0.009215740570518237
network -> LAS2-H,scene_009,scissors,7,0.0018383007655477053,0.0015146374883908663,0.20983996337550315,0.007218060201814189
network -> LAS2-H,scene_009,wood_block,0,0.0012373816015951108,0.0014030392946655476,0.24655690811826406,0.00569052923876123
network -> LAS2-H,scene_009,wood_block,1,0.005606718006335957,0.0028884615772876957,0.24655690811826406,0.011715192242361384
network -> LAS2-H,scene_009,wood_block,2,0.002680478864021894,0.0016409339089608105,0.24655690811826406,0.006655396198323984
network -> LAS2-H,scene_009,wood_block,3,0.0044632758406885535,0.0030996178712536693,0.24655690811826406,0.01257161235071499
network -> LAS2-H,scene_009,wood_block,4,0.001644335716128255,0.001460137587100415,0.24655690811826406,0.00592211184932625
network -> LAS2-H,scene_009,wood_block,5,0.0015400064398023382,0.0014365607774758848,0.24655690811826406,0.005826487639059867
network -> LAS2-H,scene_009,wood_block,6,0.0042809411000904254,0.0026408473163820386,0.24655690811826406,0.010710903768777485
network -> LAS2-H,scene_009,wood_block,7,0.003975502428650464,0.001821741893686089,0.24655690811826406,0.007388727850254628
LAS2-H -> SGBM,scene_001,apple,0,0.019562861043538025,0.0024568654124887683,0.13449611403964654,0.018267185115582875
LAS2-H -> SGBM,scene_001,apple,1,0.007353058371625061,0.009317253860939777,0.13449611403964654,0.06927526440052575
LAS2-H -> SGBM,scene_001,apple,2,0.022194262273766793,0.0024665610454638782,0.13449611403964654,0.018339273688879887
LAS2-H -> SGBM,scene_001,apple,3,0.021666591668550266,0.0030465236882380865,0.13449611403964654,0.022651388183156262
LAS2-H -> SGBM,scene_001,apple,4,0.022795245601029294,0.0032608852151577517,0.13449611403964654,0.02424520023081495
LAS2-H -> SGBM,scene_001,apple,5,0.00709899280102347,0.007722087305274123,0.13449611403964654,0.05741494734188245
LAS2-H -> SGBM,scene_001,apple,6,0.02387168904308949,0.002793086764083655,0.13449611403964654,0.020767044341967484
LAS2-H -> SGBM,scene_001,apple,7,0.03679798076562609,0.017377736917448542,0.13449611403964654,0.12920623797596087
LAS2-H -> SGBM,scene_001,chips_box,0,0.0017029883323497075,0.0027062320353124373,0.2694943619712671,0.01004188739058285
LAS2-H -> SGBM,scene_001,chips_box,1,0.0039035159465017487,0.002655373054854337,0.2694943619712671,0.0098531673740078
LAS2-H -> SGBM,scene_001,chips_box,2,0.004350772161661172,0.002956783772221538,0.2694943619712671,0.010971597886477433
LAS2-H -> SGBM,scene_001,chips_box,3,0.00447466949642313,0.003039836442960471,0.2694943619712671,0.011279777508980213
LAS2-H -> SGBM,scene_001,chips_box,4,0.0041608185189730106,0.002658303493250994,0.2694943619712671,0.009864041213353535
LAS2-H -> SGBM,scene_001,chips_box,5,0.0048005151752866645,0.0028457769889705005,0.2694943619712671,0.010559690259026314
LAS2-H -> SGBM,scene_001,chips_box,6,0.0030354982621200463,0.0022163797584226603,0.2694943619712671,0.008224215683810729
LAS2-H -> SGBM,scene_001,chips_box,7,0.0031432705836867453,0.002144053784698339,0.2694943619712671,0.00795583910926839
LAS2-H -> SGBM,scene_001,lemon,0,0.015958672489920583,0.008760825644896249,0.10349089662648787,0.08465310409393022
LAS2-H -> SGBM,scene_001,lemon,1,0.013888899597255937,0.007921988796078864,0.10349089662648787,0.07654768732626169
LAS2-H -> SGBM,scene_001,lemon,2,0.006698097120424769,0.005258248881196316,0.10349089662648787,0.05080880592013828
LAS2-H -> SGBM,scene_001,lemon,3,0.004977547401195211,0.0029448717577856844,0.10349089662648787,0.028455370025579255
LAS2-H -> SGBM,scene_001,lemon,4,0.006932336621098851,0.0039760533536093556,0.10349089662648787,0.03841935361676738
LAS2-H -> SGBM,scene_001,lemon,5,0.006777781095405661,0.0036963190352033394,0.10349089662648787,0.0357163688371919
LAS2-H -> SGBM,scene_001,lemon,6,0.012882262423546688,0.006373557035590184,0.10349089662648787,0.0615856780001934
LAS2-H -> SGBM,scene_001,lemon,7,0.016234966886360735,0.007496698085739013,0.10349089662648787,0.07243823688952636
LAS2-H -> SGBM,scene_001,orange,0,0.018228944841231925,0.005331306897743392,0.127517730652621,0.04180835771196977
LAS2-H -> SGBM,scene_001,orange,1,0.014420782269818619,0.003402691725924439,0.127517730652621,0.026684067450932946
LAS2-H -> SGBM,scene_001,orange,2,0.01653509509188103,0.004513279267021127,0.127517730652621,0.03539334682261584
LAS2-H -> SGBM,scene_001,orange,3,0.014989337852486224,0.0025457427165998876,0.127517730652621,0.019963833292602297
LAS2-H -> SGBM,scene_001,orange,4,0.018380215825885213,0.009914272261386537,0.127517730652621,0.07774818615926145
LAS2-H -> SGBM,scene_001,orange,5,0.027493459063676475,0.011678851827002661,0.127517730652621,0.0915861015345211
LAS2-H -> SGBM,scene_001,orange,6,0.05599514740324085,0.030820202535205597,0.127517730652621,0.24169346786106813
LAS2-H -> SGBM,scene_001,orange,7,0.06552283984760396,0.03785369538424233,0.127517730652621,0.2968504473104367
LAS2-H -> SGBM,scene_001,rubiks_cube,0,0.03667380147574078,0.009287468149823334,0.12883775017150678,0.07208654402502375
LAS2-H -> SGBM,scene_001,rubiks_cube,1,0.02576765051664106,0.0038494439437375214,0.12883775017150678,0.029878230088721685
LAS2-H -> SGBM,scene_001,rubiks_cube,2,0.02055402291217858,0.0032577214906960696,0.12883775017150678,0.025285457766527606
LAS2-H -> SGBM,scene_001,rubiks_cube,3,0.011529649758555995,0.010897046812992351,0.12883775017150678,0.08457961116587626
LAS2-H -> SGBM,scene_001,rubiks_cube,4,0.0043980169701729735,0.009548846897867102,0.12883775017150678,0.07411528752369416
LAS2-H -> SGBM,scene_001,rubiks_cube,5,0.006033248196609845,0.008992573387845548,0.12883775017150678,0.06979765927202838
LAS2-H -> SGBM,scene_001,rubiks_cube,6,0.005599361716315564,0.00687029799965547,0.12883775017150678,0.05332519382331528
LAS2-H -> SGBM,scene_001,rubiks_cube,7,0.024772635393016607,0.010417437871472,0.12883775017150678,0.08085703031607173
LAS2-H -> SGBM,scene_001,scissors,0,0.06692883773377263,0.022385583494166573,0.20983996337550315,0.10667931472189668
LAS2-H -> SGBM,scene_001,scissors,1,0.052453213779494856,0.01868759756585838,0.20983996337550315,0.08905642788555683
LAS2-H -> SGBM,scene_001,scissors,2,0.041447800520640406,0.0165594037688111,0.20983996337550315,0.07891444271355727
LAS2-H -> SGBM,scene_001,scissors,3,0.06837098843575741,0.01916810694385697,0.20983996337550315,0.09134631285441154
LAS2-H -> SGBM,scene_001,scissors,4,0.0794783230668883,0.01870202168546506,0.20983996337550315,0.08912516655370492
LAS2-H -> SGBM,scene_001,scissors,5,0.08611373069986976,0.020098563620061037,0.20983996337550315,0.09578043808602454
LAS2-H -> SGBM,scene_001,scissors,6,0.06621253676439638,0.016972444223043715,0.20983996337550315,0.08088280206507646
LAS2-H -> SGBM,scene_001,scissors,7,0.058161027927555696,0.017584615760134526,0.20983996337550315,0.0838001278558523
LAS2-H -> SGBM,scene_001,wood_block,0,0.0008876063804998115,0.001079085468618259,0.24655690811826406,0.004376618269809996
LAS2-H -> SGBM,scene_001,wood_block,1,0.0011400261171300259,0.0011522321082959438,0.24655690811826406,0.004673290710407763
LAS2-H -> SGBM,scene_001,wood_block,2,0.0019139301245770354,0.001441077339782399,0.24655690811826406,0.005844806177935881
LAS2-H -> SGBM,scene_001,wood_block,3,0.002403918230611828,0.0016469145239411116,0.24655690811826406,0.006679652728088028
LAS2-H -> SGBM,scene_001,wood_block,4,0.0007843418626350913,0.0011689288699481214,0.24655690811826406,0.004741010417714317
LAS2-H -> SGBM,scene_001,wood_block,5,0.0013634903308775439,0.0012262159343157059,0.24655690811826406,0.004973358660579635
LAS2-H -> SGBM,scene_001,wood_block,6,0.0021734342086527753,0.001335481475537994,0.24655690811826406,0.005416524265048838
LAS2-H -> SGBM,scene_001,wood_block,7,0.0013621707107211232,0.0011454137985374016,0.24655690811826406,0.004645636608924337
LAS2-H -> SGBM,scene_002,apple,0,0.018447954405905374,0.0031061390399707346,0.13449611403964654,0.023094637805335494
LAS2-H -> SGBM,scene_002,apple,1,0.017919917711371736,0.003436423613055319,0.13449611403964654,0.025550356139228944
LAS2-H -> SGBM,scene_002,apple,2,0.0216520961943525,0.0024583394865280916,0.13449611403964654,0.01827814509052229
LAS2-H -> SGBM,scene_002,apple,3,0.01963753445527062,0.002725894879709712,0.13449611403964654,0.020267461994524075
LAS2-H -> SGBM,scene_002,apple,4,0.01991368045656638,0.00291337786567042,0.13449611403964654,0.021661427815019393
LAS2-H -> SGBM,scene_002,apple,5,0.0207383304271046,0.002792462076480211,0.13449611403964654,0.02076239969027695
LAS2-H -> SGBM,scene_002,apple,6,0.020916608389631636,0.002934985344612728,0.13449611403964654,0.021822082857706638
LAS2-H -> SGBM,scene_002,apple,7,0.020780168886706186,0.002772212682617226,0.13449611403964654,0.020611842226163038
LAS2-H -> SGBM,scene_002,apple,8,0.020752391359245594,0.0027126337183392807,0.13449611403964654,0.020168863150497086
LAS2-H -> SGBM,scene_002,apple,9,0.02057033616790222,0.002769856894649778,0.13449611403964654,0.020594326567928086
LAS2-H -> SGBM,scene_002,apple,10,0.021342947197826017,0.0026174924128315982,0.13449611403964654,0.019461472411463267
LAS2-H -> SGBM,scene_002,chips_box,0,0.0009706608084221718,0.001934918742819271,0.2694943619712671,0.007179811587396281
LAS2-H -> SGBM,scene_002,chips_box,1,0.004683214388107896,0.002714206061145614,0.2694943619712671,0.010071476231606645
LAS2-H -> SGBM,scene_002,chips_box,2,0.0007022765688871295,0.001743312559049865,0.2694943619712671,0.006468827571375067
LAS2-H -> SGBM,scene_002,chips_box,3,0.009382662050810462,0.004196751095216563,0.2694943619712671,0.015572686064816495
LAS2-H -> SGBM,scene_002,chips_box,4,0.004555170815214715,0.0025882734818979862,0.2694943619712671,0.009604184157937755
LAS2-H -> SGBM,scene_002,chips_box,5,0.0029373769179774465,0.0021424362624706764,0.2694943619712671,0.007949837045938268
LAS2-H -> SGBM,scene_002,chips_box,6,0.002754862784106432,0.0021446500336846177,0.2694943619712671,0.00795805158221928
LAS2-H -> SGBM,scene_002,chips_box,7,0.0036645707907448396,0.0024497454804368432,0.2694943619712671,0.009090154845977928
LAS2-H -> SGBM,scene_002,chips_box,8,0.005424943608468878,0.0032211113978789082,0.2694943619712671,0.011952425922076753
LAS2-H -> SGBM,scene_002,chips_box,9,0.003682778868481634,0.0025031728039268454,0.2694943619712671,0.009288405091731487
LAS2-H -> SGBM,scene_002,chips_box,10,0.00395410672462628,0.002500112275830216,0.2694943619712671,0.009277048534680562
LAS2-H -> SGBM,scene_002,lemon,0,0.010394122281606782,0.004644210038678612,0.10349089662648787,0.044875541618314224
LAS2-H -> SGBM,scene_002,lemon,1,0.008436927974035962,0.004747035258998212,0.10349089662648787,0.0458691093974273
LAS2-H -> SGBM,scene_002,lemon,2,0.005995526050535996,0.003936076338246757,0.10349089662648787,0.03803306828476488
LAS2-H -> SGBM,scene_002,lemon,3,0.010447948160015116,0.005683858368874394,0.10349089662648787,0.05492133660207988
LAS2-H -> SGBM,scene_002,lemon,4,0.012411111903374777,0.0062099830192818275,0.10349089662648787,0.06000511370284543
LAS2-H -> SGBM,scene_002,lemon,5,0.011501060051436671,0.00592423161340658,0.10349089662648787,0.05724398769862729
LAS2-H -> SGBM,scene_002,lemon,6,0.007024164766957629,0.003821376744438732,0.10349089662648787,0.03692476216754193
LAS2-H -> SGBM,scene_002,lemon,7,0.011241258427612217,0.005562061473882504,0.10349089662648787,0.05374445149467308
LAS2-H -> SGBM,scene_002,lemon,8,0.007949763904081149,0.004676703187190419,0.10349089662648787,0.04518951269761678
LAS2-H -> SGBM,scene_002,lemon,9,0.007813250113099822,0.004474686300129046,0.10349089662648787,0.04323748702534457
LAS2-H -> SGBM,scene_002,lemon,10,0.005818383200191311,0.0037523584843936484,0.10349089662648787,0.03625786041777567
LAS2-H -> SGBM,scene_002,orange,0,0.0126483380346329,0.0020297630816851447,0.127517730652621,0.015917496894722417
LAS2-H -> SGBM,scene_002,orange,1,0.01410675882758572,0.0033958602425387518,0.127517730652621,0.026630494639130822
LAS2-H -> SGBM,scene_002,orange,2,0.013234399305810482,0.0035393868332794422,0.127517730652621,0.027756036867698865
LAS2-H -> SGBM,scene_002,orange,3,0.015302012898929525,0.005346426037797604,0.127517730652621,0.0419269227144744
LAS2-H -> SGBM,scene_002,orange,4,0.010797618141745445,0.002393342599205325,0.127517730652621,0.018768704453541275
LAS2-H -> SGBM,scene_002,orange,5,0.01279135182237197,0.0037951862060490054,0.127517730652621,0.02976202749708359
LAS2-H -> SGBM,scene_002,orange,6,0.008527230156653192,0.002878496110836182,0.127517730652621,0.022573300952772386
LAS2-H -> SGBM,scene_002,orange,7,0.015947754122056568,0.00639949030577363,0.127517730652621,0.0501851018914921
LAS2-H -> SGBM,scene_002,orange,8,0.012593419522683983,0.005183457179817335,0.127517730652621,0.04064891331808526
LAS2-H -> SGBM,scene_002,orange,9,0.015081787590542734,0.006985078043161734,0.127517730652621,0.054777308280291
LAS2-H -> SGBM,scene_002,orange,10,0.017564911720183773,0.007896200052251523,0.127517730652621,0.06192236963314579
LAS2-H -> SGBM,scene_002,rubiks_cube,0,0.0214007512525034,0.002202924646110135,0.12883775017150678,0.017098440815503504
LAS2-H -> SGBM,scene_002,rubiks_cube,1,0.019544163332537952,0.004866245351139471,0.12883775017150678,0.03777033784478231
LAS2-H -> SGBM,scene_002,rubiks_cube,2,0.01877706356962279,0.003526321787892478,0.12883775017150678,0.027370252765189503
LAS2-H -> SGBM,scene_002,rubiks_cube,3,0.021575526412076544,0.002626375275605788,0.12883775017150678,0.02038513767983063
LAS2-H -> SGBM,scene_002,rubiks_cube,4,0.025355063743503152,0.006400858855480685,0.12883775017150678,0.049681547892290595
LAS2-H -> SGBM,scene_002,rubiks_cube,5,0.017543807424979227,0.007545240450838863,0.12883775017150678,0.0585638948273682
LAS2-H -> SGBM,scene_002,rubiks_cube,6,0.03496943504326575,0.017044570625562836,0.12883775017150678,0.13229484838778519
LAS2-H -> SGBM,scene_002,rubiks_cube,7,0.041334571135785494,0.0195695470808496,0.12883775017150678,0.1518929588167981
LAS2-H -> SGBM,scene_002,rubiks_cube,8,0.04393055450474185,0.020169707504577035,0.12883775017150678,0.15655122413832467
LAS2-H -> SGBM,scene_002,rubiks_cube,9,0.059814948584292184,0.02696584194200851,0.12883775017150678,0.2093007826208701
LAS2-H -> SGBM,scene_002,rubiks_cube,10,0.06192833657060012,0.026582621725575194,0.12883775017150678,0.20632634216437984
LAS2-H -> SGBM,scene_002,scissors,0,0.09315815021583687,0.028258906802332992,0.20983996337550315,0.13466885119382344
LAS2-H -> SGBM,scene_002,scissors,1,0.07530813801376525,0.023096292884377968,0.20983996337550315,0.11006622624617864
LAS2-H -> SGBM,scene_002,scissors,2,0.07791419749189882,0.02515767560772713,0.20983996337550315,0.11988982080933805
LAS2-H -> SGBM,scene_002,scissors,3,0.0774650098288648,0.023572124721229507,0.20983996337550315,0.11233382022206992
LAS2-H -> SGBM,scene_002,scissors,4,0.06274857758679453,0.018380503304117113,0.20983996337550315,0.08759295897905625
LAS2-H -> SGBM,scene_002,scissors,5,0.07771466329749778,0.022466777725778778,0.20983996337550315,0.10706624879444467
LAS2-H -> SGBM,scene_002,scissors,6,0.08128705018128259,0.02245235016193938,0.20983996337550315,0.10699749371267991
LAS2-H -> SGBM,scene_002,scissors,7,0.07744089374311768,0.02477172071685655,0.20983996337550315,0.11805053869804677
LAS2-H -> SGBM,scene_002,scissors,8,0.0708075422922943,0.021126202895517934,0.20983996337550315,0.1006776905394
LAS2-H -> SGBM,scene_002,scissors,9,0.08129445350722328,0.027924266967102564,0.20983996337550315,0.1330741128520539
LAS2-H -> SGBM,scene_002,scissors,10,0.0859929962291008,0.025938887050327927,0.20983996337550315,0.12361271243605282
LAS2-H -> SGBM,scene_002,wood_block,0,0.01848896617203691,0.0025364747195841903,0.24655690811826406,0.010287583255901064
LAS2-H -> SGBM,scene_002,wood_block,1,0.016159711906466628,0.001963131766550182,0.24655690811826406,0.007962185207191769
LAS2-H -> SGBM,scene_002,wood_block,2,0.019566648965142847,0.0031320360719222055,0.24655690811826406,0.012703095994454497
LAS2-H -> SGBM,scene_002,wood_block,3,0.019348099197896165,0.0021847095639593423,0.24655690811826406,0.008860873461762505
LAS2-H -> SGBM,scene_002,wood_block,4,0.01655900763305056,0.0028869137687504284,0.24655690811826406,0.011708914549519273
LAS2-H -> SGBM,scene_002,wood_block,5,0.017549369179187334,0.0019581587114788127,0.24655690811826406,0.00794201519812845
LAS2-H -> SGBM,scene_002,wood_block,6,0.018321008694860377,0.002990961510857081,0.24655690811826406,0.012130917497644923
LAS2-H -> SGBM,scene_002,wood_block,7,0.015309226519453505,0.0019461486911204323,0.24655690811826406,0.007893304251637265
LAS2-H -> SGBM,scene_002,wood_block,8,0.017347773070119903,0.002399301122289171,0.24655690811826406,0.009731226517240055
LAS2-H -> SGBM,scene_002,wood_block,9,0.01756293138623006,0.0032261730838485957,0.24655690811826406,0.013084902420584875
LAS2-H -> SGBM,scene_002,wood_block,10,0.01641817883210808,0.0022618167844444307,0.24655690811826406,0.009173609458792866
LAS2-H -> SGBM,scene_004,chips_box,0,0.005548749376763435,0.0033088335108321775,0.2694943619712671,0.012277932223253555
LAS2-H -> SGBM,scene_004,chips_box,1,0.011749987997720188,0.005832496491995178,0.2694943619712671,0.021642369247847293
LAS2-H -> SGBM,scene_004,chips_box,2,0.004607590551264128,0.0026750706978258118,0.2694943619712671,0.009926258487407696
LAS2-H -> SGBM,scene_004,chips_box,3,0.006733824977732695,0.0039656133475256174,0.2694943619712671,0.01471501414173712
LAS2-H -> SGBM,scene_004,chips_box,4,0.006181348874745366,0.003684664320627173,0.2694943619712671,0.013672509857627463
LAS2-H -> SGBM,scene_004,chips_box,5,0.011573749910980306,0.006368752780192782,0.2694943619712671,0.023632230127589107
LAS2-H -> SGBM,scene_004,chips_box,6,0.002979443517497959,0.002285269159736485,0.2694943619712671,0.00847984033142829
LAS2-H -> SGBM,scene_004,chips_box,7,0.0049208879560669145,0.003646307689059342,0.2694943619712671,0.013530181716558893
LAS2-H -> SGBM,scene_004,chips_box,8,0.006725127140012322,0.003962194571732793,0.2694943619712671,0.014702328251880956
LAS2-H -> SGBM,scene_004,chips_box,9,0.005747556925308592,0.003874339935108007,0.2694943619712671,0.01437633020137572
LAS2-H -> SGBM,scene_004,chips_box,10,0.008746512508631765,0.004899120354260555,0.2694943619712671,0.01817893449950129
LAS2-H -> SGBM,scene_004,scissors,0,0.00747210995258493,0.00358442180607132,0.20983996337550315,0.0170816928692324
LAS2-H -> SGBM,scene_004,scissors,1,0.0028025252350436583,0.001872545509076915,0.20983996337550315,0.008923683930148441
LAS2-H -> SGBM,scene_004,scissors,2,0.003860944878786557,0.0023895839366443726,0.20983996337550315,0.011387649417228854
LAS2-H -> SGBM,scene_004,scissors,3,0.00613736293450649,0.002728569843190682,0.20983996337550315,0.013003099120390034
LAS2-H -> SGBM,scene_004,scissors,4,0.009592300757189922,0.005432740792943585,0.20983996337550315,0.025889924424080446
LAS2-H -> SGBM,scene_004,scissors,5,0.021603194050586555,0.008749009163934328,0.20983996337550315,0.04169372231674576
LAS2-H -> SGBM,scene_004,scissors,6,0.03374483848021698,0.012968104862769692,0.20983996337550315,0.06179997677355484
LAS2-H -> SGBM,scene_004,scissors,7,0.017139710400633515,0.009151310469462819,0.20983996337550315,0.04361090386337319
LAS2-H -> SGBM,scene_004,scissors,8,0.04028316521491343,0.01921672062728125,0.20983996337550315,0.09157798313609801
LAS2-H -> SGBM,scene_004,scissors,9,0.02351020593504277,0.01024421999667126,0.20983996337550315,0.04881920408239633
LAS2-H -> SGBM,scene_004,scissors,10,0.020006254181396,0.008192229035772776,0.20983996337550315,0.03904036630578798
LAS2-H -> SGBM,scene_004,wood_block,0,0.0035031883479965577,0.0024202129231466396,0.24655690811826406,0.00981604182830584
LAS2-H -> SGBM,scene_004,wood_block,1,0.0037765941825300365,0.002924342299321361,0.24655690811826406,0.011860719383772709
LAS2-H -> SGBM,scene_004,wood_block,2,0.010162666315770497,0.0063658162851738765,0.24655690811826406,0.025818851857602118
LAS2-H -> SGBM,scene_004,wood_block,3,0.019939051718552234,0.011707172098561092,0.24655690811826406,0.04748263671827683
LAS2-H -> SGBM,scene_004,wood_block,4,0.020187274742289027,0.011688084479259285,0.24655690811826406,0.04740522002998574
LAS2-H -> SGBM,scene_004,wood_block,5,0.02359320244183502,0.013457886726440122,0.24655690811826406,0.05458328800905015
LAS2-H -> SGBM,scene_004,wood_block,6,0.025961538782010133,0.013727787718541634,0.24655690811826406,0.05567796831698154
LAS2-H -> SGBM,scene_004,wood_block,7,0.007267268804425583,0.004373652753635464,0.24655690811826406,0.01773891791155001
LAS2-H -> SGBM,scene_004,wood_block,8,0.004830409937584899,0.003139619673433802,0.24655690811826406,0.012733854011212067
LAS2-H -> SGBM,scene_004,wood_block,9,0.005804467997617269,0.0033505497908732497,0.24655690811826406,0.013589356779515248
LAS2-H -> SGBM,scene_004,wood_block,10,0.002505749800224578,0.002104044279316019,0.24655690811826406,0.00853370645898426
LAS2-H -> SGBM,scene_005,apple,0,0.008926347075514643,0.0027663735177740063,0.13449611403964654,0.020568427106812465
LAS2-H -> SGBM,scene_005,apple,1,0.008651237657230405,0.0024656024256355827,0.13449611403964654,0.0183321461979844
LAS2-H -> SGBM,scene_005,apple,2,0.007824888269765696,0.003449690529918838,0.13449611403964654,0.025648997776262474
LAS2-H -> SGBM,scene_005,apple,3,0.0064347446453291305,0.002540464783808289,0.13449611403964654,0.018888759738139464
LAS2-H -> SGBM,scene_005,apple,4,0.00894051454750152,0.0028881772407093227,0.13449611403964654,0.021474057160178996
LAS2-H -> SGBM,scene_005,apple,5,0.008246958762612807,0.0027619948703142333,0.13449611403964654,0.020535871166508627
LAS2-H -> SGBM,scene_005,apple,6,0.008164138380682305,0.002537262110338223,0.13449611403964654,0.018864947351492203
LAS2-H -> SGBM,scene_005,apple,7,0.00893562600343735,0.002604666645328548,0.13449611403964654,0.019366110790091293
LAS2-H -> SGBM,scene_005,apple,8,0.009942142119362599,0.002614606820987211,0.13449611403964654,0.01944001757713596
LAS2-H -> SGBM,scene_005,apple,9,0.00775281494899113,0.0025076511626331605,0.13449611403964654,0.018644785245571924
LAS2-H -> SGBM,scene_005,apple,10,0.006399337375720602,0.0021765443462103806,0.13449611403964654,0.016182953401678076
LAS2-H -> SGBM,scene_005,chips_box,0,0.011924986204580568,0.00668964990053983,0.2694943619712671,0.024822967915199154
LAS2-H -> SGBM,scene_005,chips_box,1,0.0037958164857740074,0.00244954923060222,0.2694943619712671,0.009089426630986016
LAS2-H -> SGBM,scene_005,chips_box,2,0.004880691064951291,0.002760887572950993,0.2694943619712671,0.010244695112565483
LAS2-H -> SGBM,scene_005,chips_box,3,0.0015062928047484504,0.001607910007713872,0.2694943619712671,0.00596639571957095
LAS2-H -> SGBM,scene_005,chips_box,4,0.004302489033279758,0.0028312524657409426,0.2694943619712671,0.010505794796711944
LAS2-H -> SGBM,scene_005,chips_box,5,0.0021554619978506654,0.0017931074523492522,0.2694943619712671,0.006653599129990072
LAS2-H -> SGBM,scene_005,chips_box,6,0.002428045124904045,0.0016963491943535994,0.2694943619712671,0.006294562832206711
LAS2-H -> SGBM,scene_005,chips_box,7,0.0021213956338324235,0.001993151936546127,0.2694943619712671,0.007395894748843141
LAS2-H -> SGBM,scene_005,chips_box,8,0.00327773207122452,0.0021701240562536353,0.2694943619712671,0.008052576834557337
LAS2-H -> SGBM,scene_005,chips_box,9,0.002700382441094279,0.0018835678694321238,0.2694943619712671,0.006989266326962884
LAS2-H -> SGBM,scene_005,chips_box,10,0.0029600908326441484,0.002184741293722923,0.2694943619712671,0.008106816327221924
LAS2-H -> SGBM,scene_005,lemon,0,0.019060940974109417,0.010075866216328049,0.10349089662648787,0.09735992773058255
LAS2-H -> SGBM,scene_005,lemon,1,0.020752952862244062,0.01112191993220858,0.10349089662648787,0.10746761594257935
LAS2-H -> SGBM,scene_005,lemon,2,0.021218718666559746,0.011282397615624655,0.10349089662648787,0.10901826134857347
LAS2-H -> SGBM,scene_005,lemon,3,0.014607789089293267,0.007953947052724357,0.10349089662648787,0.07685648991361228
LAS2-H -> SGBM,scene_005,lemon,4,0.015180279031279624,0.008382603499937946,0.10349089662648787,0.08099846240768262
LAS2-H -> SGBM,scene_005,lemon,5,0.01259456861410892,0.007054880216691376,0.10349089662648787,0.06816908971378766
LAS2-H -> SGBM,scene_005,lemon,6,0.019520332777828477,0.009963663440251205,0.10349089662648787,0.0962757475781794
LAS2-H -> SGBM,scene_005,lemon,7,0.017325799483780407,0.008933664463450714,0.10349089662648787,0.08632319126283612
LAS2-H -> SGBM,scene_005,lemon,8,0.01426484363139805,0.00778032938530614,0.10349089662648787,0.07517887697298017
LAS2-H -> SGBM,scene_005,lemon,9,0.01989599690208201,0.010027881953770192,0.10349089662648787,0.09689627088614493
LAS2-H -> SGBM,scene_005,lemon,10,0.017469172675084924,0.008948284710612655,0.10349089662648787,0.08646446211504168
LAS2-H -> SGBM,scene_005,orange,0,0.013272128111787893,0.003020994568342935,0.127517730652621,0.02369078051249684
LAS2-H -> SGBM,scene_005,orange,1,0.014491332072309971,0.003951280114301967,0.127517730652621,0.030986123216589348
LAS2-H -> SGBM,scene_005,orange,2,0.013717699205190462,0.002584804858196002,0.127517730652621,0.020270160431551516
LAS2-H -> SGBM,scene_005,orange,3,0.012147548300139635,0.0020449650293673854,0.127517730652621,0.016036711278513905
LAS2-H -> SGBM,scene_005,orange,4,0.009397841890722708,0.002792519759350354,0.127517730652621,0.0218990703885535
LAS2-H -> SGBM,scene_005,orange,5,0.009959274827754796,0.002658275087897645,0.127517730652621,0.02084631740459072
LAS2-H -> SGBM,scene_005,orange,6,0.009999569127552633,0.0018968024577792168,0.127517730652621,0.014874813471598036
LAS2-H -> SGBM,scene_005,orange,7,0.009510816577365641,0.002150158236488431,0.127517730652621,0.016861641322223737
LAS2-H -> SGBM,scene_005,orange,8,0.010024976163405227,0.0020337768184316867,0.127517730652621,0.01594897280576632
LAS2-H -> SGBM,scene_005,orange,9,0.009968493494517507,0.001806811066651865,0.127517730652621,0.01416909677897195
LAS2-H -> SGBM,scene_005,orange,10,0.012539573323377257,0.0021961020229224327,0.127517730652621,0.017221934641426226
LAS2-H -> SGBM,scene_005,rubiks_cube,0,0.005951146183477773,0.003138046732610082,0.12883775017150678,0.024356578164650994
LAS2-H -> SGBM,scene_005,rubiks_cube,1,0.011175635347227564,0.0062891478403783495,0.12883775017150678,0.048814480476462335
LAS2-H -> SGBM,scene_005,rubiks_cube,2,0.004348878911353329,0.0025130053576825954,0.12883775017150678,0.019505194357533583
LAS2-H -> SGBM,scene_005,rubiks_cube,3,0.004386579480155792,0.002692856276438282,0.12883775017150678,0.0209011432817912
LAS2-H -> SGBM,scene_005,rubiks_cube,4,0.007838200387392942,0.0033359457029000106,0.12883775017150678,0.025892610655333957
LAS2-H -> SGBM,scene_005,rubiks_cube,5,0.004498844653952763,0.0026140018421506933,0.12883775017150678,0.020289098798069474
LAS2-H -> SGBM,scene_005,rubiks_cube,6,0.019619900360557205,0.011365004556436097,0.12883775017150678,0.08821175890845022
LAS2-H -> SGBM,scene_005,rubiks_cube,7,0.0041693735195384675,0.0026956969026822033,0.12883775017150678,0.020923191371269165
LAS2-H -> SGBM,scene_005,rubiks_cube,8,0.00492422634796559,0.0030621827857678506,0.12883775017150678,0.023767744948134543
LAS2-H -> SGBM,scene_005,rubiks_cube,9,0.0052822215105470935,0.0032693052301231724,0.12883775017150678,0.02537536727994027
LAS2-H -> SGBM,scene_005,rubiks_cube,10,0.0069297921230831025,0.00409781367454139,0.12883775017150678,0.031806001494798265
LAS2-H -> SGBM,scene_005,scissors,0,0.028312383831152,0.014934875134082627,0.20983996337550315,0.07117269224526625
LAS2-H -> SGBM,scene_005,scissors,1,0.02270897956414947,0.013413616305704307,0.20983996337550315,0.06392307780620887
LAS2-H -> SGBM,scene_005,scissors,2,0.02133304715425427,0.012477861963957448,0.20983996337550315,0.059463706356203655
LAS2-H -> SGBM,scene_005,scissors,3,0.02875035335081139,0.012764791649196446,0.20983996337550315,0.060831080237820016
LAS2-H -> SGBM,scene_005,scissors,4,0.029585584560182825,0.012691476716653648,0.20983996337550315,0.06048169525240805
LAS2-H -> SGBM,scene_005,scissors,5,0.04353928771791506,0.017254754277344284,0.20983996337550315,0.08222816092694102
LAS2-H -> SGBM,scene_005,scissors,6,0.038705859133677266,0.015176577631404821,0.20983996337550315,0.07232453431306948
LAS2-H -> SGBM,scene_005,scissors,7,0.033817188165189374,0.013439992364602379,0.20983996337550315,0.06404877387703248
LAS2-H -> SGBM,scene_005,scissors,8,0.03973548467530435,0.015167663626074175,0.20983996337550315,0.07228205429550155
LAS2-H -> SGBM,scene_005,scissors,9,0.03597610899263912,0.013927479613534422,0.20983996337550315,0.06637191214435909
LAS2-H -> SGBM,scene_005,scissors,10,0.043270512275641416,0.015996453394280765,0.20983996337550315,0.07623168216845105
LAS2-H -> SGBM,scene_005,wood_block,0,0.01638564912288388,0.004816333064091174,0.24655690811826406,0.019534366734437474
LAS2-H -> SGBM,scene_005,wood_block,1,0.018817240260643894,0.002212414266431036,0.24655690811826406,0.008973239822466561
LAS2-H -> SGBM,scene_005,wood_block,2,0.01862513553060199,0.003344604482028986,0.24655690811826406,0.013565243446452959
LAS2-H -> SGBM,scene_005,wood_block,3,0.014264927406077151,0.0022106361574380255,0.24655690811826406,0.008966028063499509
LAS2-H -> SGBM,scene_005,wood_block,4,0.017511670256363666,0.004664229235536111,0.24655690811826406,0.018917455086266965
LAS2-H -> SGBM,scene_005,wood_block,5,0.01806768728469083,0.002951785064691695,0.24655690811826406,0.011972023364585003
LAS2-H -> SGBM,scene_005,wood_block,6,0.019617169194609475,0.003401649987051464,0.24655690811826406,0.013796611958728087
LAS2-H -> SGBM,scene_005,wood_block,7,0.019495781921763766,0.004264343042201784,0.24655690811826406,0.01729557315894122
LAS2-H -> SGBM,scene_005,wood_block,8,0.017583593847734648,0.005140940767764872,0.24655690811826406,0.020850929738699335
LAS2-H -> SGBM,scene_005,wood_block,9,0.016885845592299668,0.0024787103657937493,0.24655690811826406,0.010053299194540538
LAS2-H -> SGBM,scene_005,wood_block,10,0.017708756615034054,0.0016820123214256683,0.24655690811826406,0.006822004438094553
LAS2-H -> SGBM,scene_006,apple,0,0.018708783927381213,0.009683208853905051,0.13449611403964654,0.07199619797974721
LAS2-H -> SGBM,scene_006,apple,1,0.011126043313202147,0.005584685316925205,0.13449611403964654,0.04152302359664429
LAS2-H -> SGBM,scene_006,apple,2,0.006934466349951931,0.0028107253931785804,0.13449611403964654,0.020898190354778873
LAS2-H -> SGBM,scene_006,apple,3,0.007804867651389156,0.005010562641006583,0.13449611403964654,0.037254330184808004
LAS2-H -> SGBM,scene_006,apple,4,0.01642801286264564,0.009714194296049954,0.13449611403964654,0.07222657967044624
LAS2-H -> SGBM,scene_006,apple,5,0.003513401337109113,0.003980012736643647,0.13449611403964654,0.02959202773301261
LAS2-H -> SGBM,scene_006,apple,6,0.010966489392809246,0.004163856723650621,0.13449611403964654,0.03095893701749038
LAS2-H -> SGBM,scene_006,apple,7,0.025026941423235118,0.011916181793482248,0.13449611403964654,0.0885987069482886
LAS2-H -> SGBM,scene_006,apple,8,0.03107965696295882,0.014493082441925449,0.13449611403964654,0.1077583731352506
LAS2-H -> SGBM,scene_006,apple,9,0.017184669120005696,0.006775612743037065,0.13449611403964654,0.05037775843129387
LAS2-H -> SGBM,scene_006,apple,10,0.027835807289797933,0.012086634754492913,0.13449611403964654,0.08986605182459052
LAS2-H -> SGBM,scene_006,chips_box,0,0.0028011683623227783,0.002239728433680508,0.2694943619712671,0.008310854510267281
LAS2-H -> SGBM,scene_006,chips_box,1,0.00593447598407917,0.00642279421131009,0.2694943619712671,0.0238327591135093
LAS2-H -> SGBM,scene_006,chips_box,2,0.004341887041322961,0.003982677911766223,0.2694943619712671,0.014778334814257997
LAS2-H -> SGBM,scene_006,chips_box,3,0.0032175672653757827,0.003642624328881522,0.2694943619712671,0.01351651404592238
LAS2-H -> SGBM,scene_006,chips_box,4,0.008932631372482814,0.009743795030597309,0.2694943619712671,0.03615583999355122
LAS2-H -> SGBM,scene_006,chips_box,5,0.007720030014162244,0.004864926975946123,0.2694943619712671,0.018052054745638098
LAS2-H -> SGBM,scene_006,chips_box,6,0.011597827740865783,0.008468276634393717,0.2694943619712671,0.031422834127033006
LAS2-H -> SGBM,scene_006,chips_box,7,0.015201044092965622,0.010198508123479078,0.2694943619712671,0.037843122389946034
LAS2-H -> SGBM,scene_006,chips_box,8,0.005770916866062504,0.00948986807422228,0.2694943619712671,0.035213605230205405
LAS2-H -> SGBM,scene_006,chips_box,9,0.0006712152713328635,0.005839713052732957,0.2694943619712671,0.021669147398918773
LAS2-H -> SGBM,scene_006,chips_box,10,0.004468368694898601,0.0051774764682587645,0.2694943619712671,0.019211817384182515
LAS2-H -> SGBM,scene_006,lemon,0,0.02288054673893943,0.011754201011219956,0.10349089662648787,0.1135771492408883
LAS2-H -> SGBM,scene_006,lemon,1,0.02048008990936456,0.01070150488567124,0.10349089662648787,0.10340527751242087
LAS2-H -> SGBM,scene_006,lemon,2,0.03950397954784135,0.018912284167804303,0.10349089662648787,0.182743456519284
LAS2-H -> SGBM,scene_006,lemon,3,0.026463715345938325,0.014087488091148813,0.10349089662648787,0.13612296878625366
LAS2-H -> SGBM,scene_006,lemon,4,0.04354698217920305,0.022894896895417675,0.10349089662648787,0.2212261913050028
LAS2-H -> SGBM,scene_006,lemon,5,0.050441196858274175,0.02823522914815125,0.10349089662648787,0.27282814304001896
LAS2-H -> SGBM,scene_006,lemon,6,0.059702867062095266,0.03601277578391225,0.10349089662648787,0.3479801311789485
LAS2-H -> SGBM,scene_006,lemon,7,0.05223459791072089,0.02937319599728795,0.10349089662648787,0.2838239589642328
LAS2-H -> SGBM,scene_006,lemon,8,0.050163647163535156,0.02767334619665956,0.10349089662648787,0.26739884471709885
LAS2-H -> SGBM,scene_006,lemon,9,0.048456191368264935,0.026314232471363525,0.10349089662648787,0.25426615604979264
LAS2-H -> SGBM,scene_006,lemon,10,0.047945254251190485,0.02616116776221848,0.10349089662648787,0.2527871398837865
LAS2-H -> SGBM,scene_006,orange,0,0.004282510871667306,0.002606416851318819,0.127517730652621,0.020439642691094634
LAS2-H -> SGBM,scene_006,orange,1,0.007810206433374431,0.0034399057213391412,0.127517730652621,0.026975901341202525
LAS2-H -> SGBM,scene_006,orange,2,0.008167930470554264,0.003802461938858862,0.127517730652621,0.029819084133620485
LAS2-H -> SGBM,scene_006,orange,3,0.013289446328155078,0.0072644313836999095,0.127517730652621,0.05696801022509881
LAS2-H -> SGBM,scene_006,orange,4,0.02324228368224787,0.011259938023083468,0.127517730652621,0.08830095991715353
LAS2-H -> SGBM,scene_006,orange,5,0.021205668931252985,0.010647052179744678,0.127517730652621,0.08349468050642288
LAS2-H -> SGBM,scene_006,orange,6,0.014004516488832336,0.0072354006067552185,0.127517730652621,0.05674034951630079
LAS2-H -> SGBM,scene_006,orange,7,0.009823741329144792,0.00523529251654861,0.127517730652621,0.041055408449907224
LAS2-H -> SGBM,scene_006,orange,8,0.015426715951045373,0.006983184941690659,0.127517730652621,0.054762462490130004
LAS2-H -> SGBM,scene_006,orange,9,0.012445838426007085,0.006239349722946699,0.127517730652621,0.04892927196096126
LAS2-H -> SGBM,scene_006,orange,10,0.013752739934723875,0.006177409922670803,0.127517730652621,0.048443537154053265
LAS2-H -> SGBM,scene_006,rubiks_cube,0,0.035985073294144694,0.011526737455342271,0.12883775017150678,0.08946708119319113
LAS2-H -> SGBM,scene_006,rubiks_cube,1,0.04478630055518825,0.01783155291454055,0.12883775017150678,0.13840316903084282
LAS2-H -> SGBM,scene_006,rubiks_cube,2,0.03182812527381289,0.011312150896378534,0.12883775017150678,0.08780152464103089
LAS2-H -> SGBM,scene_006,rubiks_cube,3,0.01848644165908939,0.004406248823207402,0.12883775017150678,0.0341999826707768
LAS2-H -> SGBM,scene_006,rubiks_cube,4,0.035564253766962324,0.012363403780644865,0.12883775017150678,0.09596103443429349
LAS2-H -> SGBM,scene_006,rubiks_cube,5,0.03227767923033044,0.01018272580766265,0.12883775017150678,0.07903526562756309
LAS2-H -> SGBM,scene_006,rubiks_cube,6,0.02464472545780418,0.005991875621532028,0.12883775017150678,0.04650714261585395
LAS2-H -> SGBM,scene_006,rubiks_cube,7,0.019975918479468353,0.010502136566690225,0.12883775017150678,0.08151443620142347
LAS2-H -> SGBM,scene_006,rubiks_cube,8,0.018176803485145363,0.006147995874478168,0.12883775017150678,0.04771890122494418
LAS2-H -> SGBM,scene_006,rubiks_cube,9,0.035491084339993095,0.01155459758329652,0.12883775017150678,0.08968332315579264
LAS2-H -> SGBM,scene_006,rubiks_cube,10,0.03932150748105267,0.012269120193393757,0.12883775017150678,0.09522923348988396
LAS2-H -> SGBM,scene_006,scissors,0,0.03780251686830221,0.013703920335791316,0.20983996337550315,0.06530653225128766
LAS2-H -> SGBM,scene_006,scissors,1,0.009384413708553151,0.005459576825017379,0.20983996337550315,0.026017812513851848
LAS2-H -> SGBM,scene_006,scissors,2,0.015913021484677114,0.005436142515659883,0.20983996337550315,0.025906135457772875
LAS2-H -> SGBM,scene_006,scissors,3,0.010491594284902683,0.0050829031842799105,0.20983996337550315,0.024222760538630993
LAS2-H -> SGBM,scene_006,scissors,4,0.05932480393808423,0.027856723326192864,0.20983996337550315,0.13275223116744442
LAS2-H -> SGBM,scene_006,scissors,5,0.04079896903757539,0.018553429271920444,0.20983996337550315,0.08841704398660977
LAS2-H -> SGBM,scene_006,scissors,6,0.06039843796820656,0.030189964409596533,0.20983996337550315,0.14387137666228228
LAS2-H -> SGBM,scene_006,scissors,7,0.03967679687187597,0.017059175618588156,0.20983996337550315,0.08129612369432797
LAS2-H -> SGBM,scene_006,scissors,8,0.015766205958560733,0.007441059053805849,0.20983996337550315,0.03546063835557514
LAS2-H -> SGBM,scene_006,scissors,9,0.03743502386268005,0.013519719425254586,0.20983996337550315,0.0644287160928512
LAS2-H -> SGBM,scene_006,scissors,10,0.01778453137546753,0.006031690056583334,0.20983996337550315,0.02874423898840366
LAS2-H -> SGBM,scene_006,wood_block,0,0.03362990860800457,0.01518156896607296,0.24655690811826406,0.0615742997506723
LAS2-H -> SGBM,scene_006,wood_block,1,0.02411036393381585,0.008477673858694992,0.24655690811826406,0.03438424793447106
LAS2-H -> SGBM,scene_006,wood_block,2,0.021343750772102554,0.007530452070846921,0.24655690811826406,0.030542450131775853
LAS2-H -> SGBM,scene_006,wood_block,3,0.017237980915539988,0.00759068553696229,0.24655690811826406,0.03078674856403263
LAS2-H -> SGBM,scene_006,wood_block,4,0.03319341609763484,0.02005807624970191,0.24655690811826406,0.08135272462161476
LAS2-H -> SGBM,scene_006,wood_block,5,0.030271108565047763,0.01767235520921236,0.24655690811826406,0.07167657699834391
LAS2-H -> SGBM,scene_006,wood_block,6,0.039973501067933834,0.016918292587940434,0.24655690811826406,0.06861820549690446
LAS2-H -> SGBM,scene_006,wood_block,7,0.06895108581990153,0.0328715535504874,0.24655690811826406,0.13332237900517538
LAS2-H -> SGBM,scene_006,wood_block,8,0.03399100580195407,0.01633386666150924,0.24655690811826406,0.0662478564732589
LAS2-H -> SGBM,scene_006,wood_block,9,0.041679937882449905,0.02105056927356923,0.24655690811826406,0.08537813616429707
LAS2-H -> SGBM,scene_006,wood_block,10,0.03390752105391389,0.01968543519461728,0.24655690811826406,0.07984134512740935
LAS2-H -> SGBM,scene_009,apple,0,0.022722067197684142,0.0021966729012647154,0.13449611403964654,0.01633261241002981
LAS2-H -> SGBM,scene_009,apple,1,0.024401470598853676,0.002197595379992247,0.13449611403964654,0.016339471186092733
LAS2-H -> SGBM,scene_009,apple,2,0.02370615552901135,0.002105005074368712,0.13449611403964654,0.015651047536943723
LAS2-H -> SGBM,scene_009,apple,3,0.02200249958601161,0.002824341536615242,0.13449611403964654,0.020999428546929523
LAS2-H -> SGBM,scene_009,apple,4,0.025539115322695767,0.0025823619860881482,0.13449611403964654,0.019200272100998575
LAS2-H -> SGBM,scene_009,apple,5,0.021257081660573673,0.0027082315429900828,0.13449611403964654,0.020136132276593173
LAS2-H -> SGBM,scene_009,apple,6,0.022493273985644355,0.0025457646947563977,0.13449611403964654,0.018928165419009515
LAS2-H -> SGBM,scene_009,apple,7,0.02364021376118023,0.002149819486282007,0.13449611403964654,0.01598424981742065
LAS2-H -> SGBM,scene_009,chips_box,0,0.0843448863508561,0.05813140477988975,0.2694943619712671,0.21570545800912747
LAS2-H -> SGBM,scene_009,chips_box,1,0.09327945678992572,0.06561070836690598,0.2694943619712671,0.24345855656119905
LAS2-H -> SGBM,scene_009,chips_box,2,0.1095057837393246,0.07532502370954149,0.2694943619712671,0.2795050076690379
LAS2-H -> SGBM,scene_009,chips_box,3,0.11221068988229582,0.07977160025372922,0.2694943619712671,0.2960047092274023
LAS2-H -> SGBM,scene_009,chips_box,4,0.12141656336521024,0.08779326941251492,0.2694943619712671,0.3257703380892074
LAS2-H -> SGBM,scene_009,chips_box,5,0.12281483836810958,0.08763249406493787,0.2694943619712671,0.3251737566008192
LAS2-H -> SGBM,scene_009,chips_box,6,0.12792019930061968,0.08819683246097632,0.2694943619712671,0.32726782043173014
LAS2-H -> SGBM,scene_009,chips_box,7,0.12873344128020928,0.08962611699978947,0.2694943619712671,0.3325713990608279
LAS2-H -> SGBM,scene_009,lemon,0,0.023974429364229177,0.012352467843968647,0.10349089662648787,0.11935801357051058
LAS2-H -> SGBM,scene_009,lemon,1,0.023825493153686123,0.012143863521911642,0.10349089662648787,0.11734233558474642
LAS2-H -> SGBM,scene_009,lemon,2,0.023129691360372736,0.011677996134837885,0.10349089662648787,0.11284080547669129
LAS2-H -> SGBM,scene_009,lemon,3,0.024885913474957163,0.012588736486774122,0.10349089662648787,0.12164100319092327
LAS2-H -> SGBM,scene_009,lemon,4,0.023003129375682406,0.011420617793219949,0.10349089662648787,0.11035383947284219
LAS2-H -> SGBM,scene_009,lemon,5,0.02446750423268238,0.0118919564770443,0.10349089662648787,0.11490823700140429
LAS2-H -> SGBM,scene_009,lemon,6,0.038428354371681676,0.02039185550381743,0.10349089662648787,0.19704008921107613
LAS2-H -> SGBM,scene_009,lemon,7,0.04180325704582046,0.021995113516592567,0.10349089662648787,0.2125318673774351
LAS2-H -> SGBM,scene_009,orange,0,0.014459970599308772,0.0031204897389812115,0.127517730652621,0.02447102628795937
LAS2-H -> SGBM,scene_009,orange,1,0.011086714198691831,0.0033417105760126624,0.127517730652621,0.026205850424957957
LAS2-H -> SGBM,scene_009,orange,2,0.011759863033427255,0.003080489642491462,0.127517730652621,0.02415734366292336
LAS2-H -> SGBM,scene_009,orange,3,0.011079385805858703,0.002731323495132474,0.127517730652621,0.021419166426142278
LAS2-H -> SGBM,scene_009,orange,4,0.012968798149101722,0.0025978039759030932,0.127517730652621,0.020372100119785953
LAS2-H -> SGBM,scene_009,orange,5,0.011784957403980953,0.0027860601430755834,0.127517730652621,0.021848413776004712
LAS2-H -> SGBM,scene_009,orange,6,0.012543857486318926,0.003562239383942694,0.127517730652621,0.02793524763741924
LAS2-H -> SGBM,scene_009,orange,7,0.012538435774129046,0.003169013262549126,0.127517730652621,0.024851550026262877
LAS2-H -> SGBM,scene_009,rubiks_cube,0,0.021192435841433824,0.009121325843919684,0.12883775017150678,0.07079699724480999
LAS2-H -> SGBM,scene_009,rubiks_cube,1,0.02589893769492548,0.008068125605472654,0.12883775017150678,0.06262237267208168
LAS2-H -> SGBM,scene_009,rubiks_cube,2,0.026605684509815257,0.00853174380085065,0.12883775017150678,0.06622083814327188
LAS2-H -> SGBM,scene_009,rubiks_cube,3,0.0146061208718777,0.007291110405760186,0.12883775017150678,0.05659141358844263
LAS2-H -> SGBM,scene_009,rubiks_cube,4,0.020066800612581436,0.0041077857605016,0.12883775017150678,0.03188340183706546
LAS2-H -> SGBM,scene_009,rubiks_cube,5,0.026148805004772045,0.006149404812419773,0.12883775017150678,0.04772983697894276
LAS2-H -> SGBM,scene_009,rubiks_cube,6,0.01878680139490778,0.00558622372574096,0.12883775017150678,0.04335859418768697
LAS2-H -> SGBM,scene_009,rubiks_cube,7,0.017552986835780313,0.0037199905246998247,0.12883775017150678,0.028873451451518144
LAS2-H -> SGBM,scene_009,scissors,0,0.016704908738353307,0.008310536665382149,0.20983996337550315,0.03960416563031256
LAS2-H -> SGBM,scene_009,scissors,1,0.004888472364738145,0.004684175792442169,0.20983996337550315,0.02232261060806591
LAS2-H -> SGBM,scene_009,scissors,2,0.0012315506420234221,0.0011013120839427515,0.20983996337550315,0.005248342909648636
LAS2-H -> SGBM,scene_009,scissors,3,0.01143646708082799,0.003948224059490017,0.20983996337550315,0.018815405778663682
LAS2-H -> SGBM,scene_009,scissors,4,0.0056576995614993604,0.002737054159283659,0.20983996337550315,0.013043531438221668
LAS2-H -> SGBM,scene_009,scissors,5,0.003320111572948243,0.0016106293765906937,0.20983996337550315,0.007675513046618838
LAS2-H -> SGBM,scene_009,scissors,6,0.004185554069436587,0.001891458373036381,0.20983996337550315,0.009013813873249994
LAS2-H -> SGBM,scene_009,scissors,7,0.00449937430880809,0.0024205085278562934,0.20983996337550315,0.011535021684715301
LAS2-H -> SGBM,scene_009,wood_block,0,0.004538944742752042,0.0030678166199601,0.24655690811826406,0.012442630966513353
LAS2-H -> SGBM,scene_009,wood_block,1,0.009052845746744951,0.0044560172340246075,0.24655690811826406,0.01807297661230901
LAS2-H -> SGBM,scene_009,wood_block,2,0.006954039148069593,0.0037276484926396618,0.24655690811826406,0.01511881585914295
LAS2-H -> SGBM,scene_009,wood_block,3,0.007683605079907902,0.00494696321328409,0.24655690811826406,0.02006418417167698
LAS2-H -> SGBM,scene_009,wood_block,4,0.0032026941943780044,0.0021503149792305083,0.24655690811826406,0.008721373883383884
LAS2-H -> SGBM,scene_009,wood_block,5,0.004746509478361356,0.002792971910604726,0.24655690811826406,0.011327899639563304
LAS2-H -> SGBM,scene_009,wood_block,6,0.0015226764462819183,0.0011786642130880009,0.24655690811826406,0.004780495594642354
LAS2-H -> SGBM,scene_009,wood_block,7,0.006679546526774774,0.0032858493634406356,0.24655690811826406,0.013326940982990173
